week,n_events,n_material_conflict,n_severe_root,n_coerce_protest_root,mean_goldstein,mean_tone,tone_neg_share,distinct_actors,country,material_conflict_share,severe_root_share,coerce_protest_share,baseline_mean_material_conflict_share,baseline_std_material_conflict_share,baseline_mean_severe_root_share,baseline_std_severe_root_share,baseline_mean_mean_goldstein,baseline_std_mean_goldstein,escalation_quad,label_quad_1,label_quad_2,label_quad_4,label_quad_8,n_events_lag1,n_events_lag2,n_events_delta,material_conflict_share_lag1,material_conflict_share_lag2,material_conflict_share_delta,severe_root_share_lag1,severe_root_share_lag2,severe_root_share_delta,coerce_protest_share_lag1,coerce_protest_share_lag2,coerce_protest_share_delta,mean_goldstein_lag1,mean_goldstein_lag2,mean_goldstein_delta,distinct_actors_lag1,distinct_actors_lag2,distinct_actors_delta,mean_tone_lag1,mean_tone_lag2,mean_tone_delta,tone_neg_share_lag1,tone_neg_share_lag2,tone_neg_share_delta,radio_n_clips,radio_mean_relevance,radio_conflict_clip_share,radio_actor_hits_per_clip,radio_location_hits_per_clip,radio_violence_hits_per_clip,radio_diplomacy_hits_per_clip,radio_violence_to_diplomacy_ratio,radio_n_stations,radio_commentary_share,radio_mean_text_len,radio_n_clips_lag1,radio_n_clips_delta,radio_mean_relevance_lag1,radio_mean_relevance_delta,radio_conflict_clip_share_lag1,radio_conflict_clip_share_delta,radio_actor_hits_per_clip_lag1,radio_actor_hits_per_clip_delta,radio_location_hits_per_clip_lag1,radio_location_hits_per_clip_delta,radio_violence_hits_per_clip_lag1,radio_violence_hits_per_clip_delta,radio_diplomacy_hits_per_clip_lag1,radio_diplomacy_hits_per_clip_delta,radio_violence_to_diplomacy_ratio_lag1,radio_violence_to_diplomacy_ratio_delta,radio_n_stations_lag1,radio_n_stations_delta,radio_commentary_share_lag1,radio_commentary_share_delta,radio_mean_text_len_lag1,radio_mean_text_len_delta
2023-08-07,168,18,14,3,1.5910714285714287,-2.0072447621480007,0.8035714285714286,42,CG,0.10714285714285714,0.08333333333333333,0.017857142857142856,,,,,,,0,0,0,0,0,,,,,,,,,,,,,,,,,,,,,,,,,,,,,,,,,,,,,,,,,,,,,,,,,,,,,,,,,
2023-08-14,240,40,22,19,0.63,-3.5348770455935314,0.8458333333333333,56,CG,0.16666666666666666,0.09166666666666666,0.07916666666666666,,,,,,,0,0,0,0,0,168.0,,72.0,0.10714285714285714,,0.05952380952380952,0.08333333333333333,,0.008333333333333331,0.017857142857142856,,0.06130952380952381,1.5910714285714287,,-0.9610714285714287,42.0,,14.0,-2.0072447621480007,,-1.5276322834455307,0.8035714285714286,,0.04226190476190472,,,,,,,,,,,,,,,,,,,,,,,,,,,,,,,,,
2023-08-21,308,59,40,24,0.2896103896103896,-4.567001871903557,0.8701298701298701,64,CG,0.19155844155844157,0.12987012987012986,0.07792207792207792,,,,,,,0,0,0,0,0,240.0,168.0,68.0,0.16666666666666666,0.10714285714285714,0.02489177489177491,0.09166666666666666,0.08333333333333333,0.0382034632034632,0.07916666666666666,0.017857142857142856,-0.0012445887445887427,0.63,1.5910714285714287,-0.3403896103896104,56.0,42.0,8.0,-3.5348770455935314,-2.0072447621480007,-1.0321248263100253,0.8458333333333333,0.8035714285714286,0.02429653679653676,,,,,,,,,,,,,,,,,,,,,,,,,,,,,,,,,
2023-08-28,237,79,71,10,-1.3240506329113924,-3.9085593808760577,0.7721518987341772,69,CG,0.3333333333333333,0.29957805907172996,0.04219409282700422,,,,,,,0,0,0,0,1,308.0,240.0,-71.0,0.19155844155844157,0.16666666666666666,0.14177489177489175,0.12987012987012986,0.09166666666666666,0.1697079292016001,0.07792207792207792,0.07916666666666666,-0.0357279850950737,0.2896103896103896,0.63,-1.613661022521782,64.0,56.0,5.0,-4.567001871903557,-3.5348770455935314,0.6584424910274991,0.8701298701298701,0.8458333333333333,-0.09797797139569286,,,,,,,,,,,,,,,,,,,,,,,,,,,,,,,,,
2023-09-04,269,58,37,17,-0.2788104089219331,-4.848532121421916,0.8401486988847584,59,CG,0.21561338289962825,0.137546468401487,0.06319702602230483,0.19967532467532467,0.09588565433392901,0.15111204723546495,0.10102983561489477,0.29665779631760647,1.2128986155261279,0,0,0,0,0,237.0,308.0,32.0,0.3333333333333333,0.19155844155844157,-0.11771995043370506,0.29957805907172996,0.12987012987012986,-0.16203159067024298,0.04219409282700422,0.07792207792207792,0.02100293319530061,-1.3240506329113924,0.2896103896103896,1.0452402239894591,69.0,64.0,-10.0,-3.9085593808760577,-4.567001871903557,-0.939972740545858,0.7721518987341772,0.8701298701298701,0.06799680015058118,,,,,,,,,,,,,,,,,,,,,,,,,,,,,,,,,
2023-09-11,304,70,22,57,-0.2944078947368421,-4.096294692362095,0.805921052631579,77,CG,0.23026315789473684,0.07236842105263158,0.1875,0.2028629363201854,0.08334475610544761,0.14839893146866937,0.0877044796410062,0.18156415526969855,1.081468917587196,0,0,0,0,0,269.0,237.0,35.0,0.21561338289962825,0.3333333333333333,0.014649774995108583,0.137546468401487,0.29957805907172996,-0.0651780473488554,0.06319702602230483,0.04219409282700422,0.12430297397769517,-0.2788104089219331,-1.3240506329113924,-0.015597485814908996,59.0,69.0,18.0,-4.848532121421916,-3.9085593808760577,0.7522374290598206,0.8401486988847584,0.7721518987341772,-0.03422764625317942,,,,,,,,,,,,,,,,,,,,,,,,,,,,,,,,,
2023-09-18,191,27,14,16,0.5795811518324607,-3.561217099114631,0.7853403141361257,53,CG,0.14136125654450263,0.07329842931937172,0.08376963350785341,0.20742963991594396,0.07538041779275519,0.13572717973266304,0.08436290862478373,0.10223548026860844,0.9866196064493897,0,0,0,0,0,304.0,269.0,-113.0,0.23026315789473684,0.21561338289962825,-0.08890190135023421,0.07236842105263158,0.137546468401487,0.0009300082667401399,0.1875,0.06319702602230483,-0.10373036649214659,-0.2944078947368421,-0.2788104089219331,0.8739890465693028,77.0,59.0,-24.0,-4.096294692362095,-4.848532121421916,0.5350775932474643,0.805921052631579,0.8401486988847584,-0.020580738495453277,,,,,,,,,,,,,,,,,,,,,,,,,,,,,,,,,
2023-09-25,232,43,23,20,0.05215517241379307,-2.4523602791948083,0.8663793103448276,52,CG,0.1853448275862069,0.09913793103448276,0.08620689655172414,0.19799129943430951,0.07320347477754106,0.12680878681647859,0.0805461425839054,0.17042771906344448,0.918549477826274,0,0,0,1,0,191.0,304.0,41.0,0.14136125654450263,0.23026315789473684,0.04398357104170428,0.07329842931937172,0.07236842105263158,0.02583950171511104,0.08376963350785341,0.1875,0.0024372630438707354,0.5795811518324607,-0.2944078947368421,-0.5274259794186676,53.0,77.0,-1.0,-3.561217099114631,-4.096294692362095,1.1088568199198225,0.7853403141361257,0.805921052631579,0.08103899620870192,,,,,,,,,,,,,,,,,,,,,,,,,,,,,,,,,
2023-10-02,464,105,76,27,-0.3584051724137931,-3.610779624795459,0.8836206896551724,82,CG,0.22629310344827586,0.16379310344827586,0.05818965517241379,0.19641049045329667,0.06792057747416232,0.12334992984372911,0.07521023224281333,0.15564365073223804,0.8514390092383217,0,0,0,0,0,232.0,191.0,232.0,0.1853448275862069,0.14136125654450263,0.04094827586206895,0.09913793103448276,0.07329842931937172,0.0646551724137931,0.08620689655172414,0.08376963350785341,-0.028017241379310352,0.05215517241379307,0.5795811518324607,-0.4105603448275862,52.0,53.0,30.0,-2.4523602791948083,-3.561217099114631,-1.1584193456006506,0.8663793103448276,0.7853403141361257,0.01724137931034475,,,,,,,,,,,,,,,,,,,,,,,,,,,,,,,,,
2023-10-09,258,60,35,22,-0.5348837209302325,-3.949605946178577,0.8062015503875969,70,CG,0.23255813953488372,0.13565891472868216,0.08527131782945736,0.19973078078607212,0.06430997737455693,0.12784361579978987,0.07163271302980892,0.09852711482712348,0.8146720359815631,0,0,1,0,0,464.0,232.0,-206.0,0.22629310344827586,0.1853448275862069,0.006265036086607861,0.16379310344827586,0.09913793103448276,-0.028134188719593695,0.05818965517241379,0.08620689655172414,0.02708166265704357,-0.3584051724137931,0.05215517241379307,-0.1764785485164394,82.0,52.0,-12.0,-3.610779624795459,-2.4523602791948083,-0.33882632138311797,0.8836206896551724,0.8663793103448276,-0.07741913926757549,,,,,,,,,,,,,,,,,,,,,,,,,,,,,,,,,
2023-10-16,210,42,39,3,-0.7233333333333334,-4.635396934585493,0.8523809523809524,57,CG,0.2,0.18571428571428572,0.014285714285714285,0.2030135166609533,0.06151427788508313,0.12862514569267908,0.06758117392004374,0.03518603125138788,0.7937682678809219,0,1,0,0,0,258.0,464.0,-48.0,0.23255813953488372,0.22629310344827586,-0.03255813953488371,0.13565891472868216,0.16379310344827586,0.05005537098560356,0.08527131782945736,0.05818965517241379,-0.07098560354374307,-0.5348837209302325,-0.3584051724137931,-0.18844961240310087,70.0,82.0,-13.0,-3.949605946178577,-3.610779624795459,-0.6857909884069158,0.8062015503875969,0.8836206896551724,0.04617940199335546,,,,,,,,,,,,,,,,,,,,,,,,,,,,,,,,,
2023-10-23,286,82,72,6,-1.2241258741258743,-4.847027157143102,0.8601398601398601,57,CG,0.2867132867132867,0.2517482517482518,0.02097902097902098,0.20273956060086665,0.058364640978098584,0.13381506751282515,0.0663835953761288,-0.03377027461995041,0.7869980623221688,1,0,0,0,0,210.0,258.0,76.0,0.2,0.23255813953488372,0.08671328671328671,0.18571428571428572,0.13565891472868216,0.06603396603396605,0.014285714285714285,0.08527131782945736,0.006693306693306695,-0.7233333333333334,-0.5348837209302325,-0.5007925407925409,57.0,70.0,0.0,-4.635396934585493,-3.949605946178577,-0.21163022255760922,0.8523809523809524,0.8062015503875969,0.0077589077589077515,,,,,,,,,,,,,,,,,,,,,,,,,,,,,,,,,
2023-10-30,265,52,37,8,-0.23698113207547175,-3.3060349599598844,0.8264150943396227,63,CG,0.19622641509433963,0.13962264150943396,0.03018867924528302,0.20973737111023497,0.060699159511274706,0.14364283286577736,0.07186922064197308,-0.1329665745787774,0.8253113507892494,0,0,0,0,1,286.0,210.0,-21.0,0.2867132867132867,0.2,-0.09048687161894708,0.2517482517482518,0.18571428571428572,-0.11212561023881781,0.02097902097902098,0.014285714285714285,0.00920965826626204,-1.2241258741258743,-0.7233333333333334,0.9871447420504025,57.0,57.0,6.0,-4.847027157143102,-4.635396934585493,1.5409921971832174,0.8601398601398601,0.8523809523809524,-0.03372476580023742,,,,,,,,,,,,,,,,,,,,,,,,,,,,,,,,,
2023-11-06,286,57,39,16,-0.06713286713286715,-2.6229288394615464,0.7902097902097902,63,CG,0.1993006993006993,0.13636363636363635,0.055944055944055944,0.20869806680131994,0.05823570751465222,0.1433335873768279,0.06881857328332633,-0.14096769438621543,0.79070189696625,0,0,0,0,0,265.0,286.0,21.0,0.19622641509433963,0.2867132867132867,0.003074284206359662,0.13962264150943396,0.2517482517482518,-0.0032590051457976055,0.03018867924528302,0.02097902097902098,0.025755376698772925,-0.23698113207547175,-1.2241258741258743,0.1698482649426046,63.0,57.0,0.0,-3.3060349599598844,-4.847027157143102,0.683106120498338,0.8264150943396227,0.8601398601398601,-0.03620530412983247,,,,,,,,,,,,,,,,,,,,,,,,,,,,,,,,,
2023-11-13,299,53,37,18,-0.09698996655518395,-3.307330863127216,0.8461538461538461,62,CG,0.17725752508361203,0.12374581939799331,0.06020066889632107,0.20802682626556132,0.05600739935918587,0.14283573373302846,0.06614498210321366,-0.1356937781538334,0.7599380572638739,0,0,0,0,0,286.0,265.0,13.0,0.1993006993006993,0.19622641509433963,-0.022043174217087264,0.13636363636363635,0.13962264150943396,-0.012617816965643042,0.055944055944055944,0.03018867924528302,0.004256612952265128,-0.06713286713286715,-0.23698113207547175,-0.029857099422316805,63.0,63.0,-1.0,-2.6229288394615464,-3.3060349599598844,-0.6844020236656694,0.7902097902097902,0.8264150943396227,0.05594405594405594,,,,,,,,,,,,,,,,,,,,,,,,,,,,,,,,,
2023-11-20,384,46,36,10,0.6825520833333334,-3.3549859819912036,0.8515625,70,CG,0.11979166666666667,0.09375,0.026041666666666668,0.20597553952009803,0.054551684152524524,0.14156307277735947,0.0639291976594563,-0.1331135240472568,0.7323628189817886,0,0,0,0,0,299.0,286.0,85.0,0.17725752508361203,0.1993006993006993,-0.05746585841694536,0.12374581939799331,0.13636363636363635,-0.029995819397993312,0.06020066889632107,0.055944055944055944,-0.0341590022296544,-0.09698996655518395,-0.06713286713286715,0.7795420498885174,62.0,63.0,8.0,-3.307330863127216,-2.6229288394615464,-0.04765511886398777,0.8461538461538461,0.7902097902097902,0.005408653846153855,,,,,,,,,,,,,,,,,,,,,,,,,,,,,,,,,
2023-11-27,245,46,29,10,0.12653061224489795,-3.109395343074983,0.8367346938775511,72,CG,0.18775510204081633,0.11836734693877551,0.04081632653061224,0.20058904746675857,0.05693612714146765,0.1385747557287745,0.06290755211431714,-0.0821344235859699,0.7363288515737789,0,0,0,1,0,384.0,299.0,-139.0,0.11979166666666667,0.17725752508361203,0.06796343537414966,0.09375,0.12374581939799331,0.024617346938775514,0.026041666666666668,0.06020066889632107,0.014774659863945574,0.6825520833333334,-0.09698996655518395,-0.5560214710884355,70.0,62.0,2.0,-3.3549859819912036,-3.307330863127216,0.24559063891622035,0.8515625,0.8461538461538461,-0.014827806122448939,,,,,,,,,,,,,,,,,,,,,,,,,,,,,,,,,
2023-12-04,300,51,31,9,0.8456666666666667,-3.1655723130535103,0.76,63,CG,0.17,0.10333333333333333,0.03,0.19983410950052669,0.055215973645867424,0.13738608462348045,0.06110683324222908,-0.06986000971356589,0.7147413221345893,0,0,0,0,0,245.0,384.0,55.0,0.18775510204081633,0.11979166666666667,-0.017755102040816317,0.11836734693877551,0.09375,-0.015034013605442181,0.04081632653061224,0.026041666666666668,-0.010816326530612243,0.12653061224489795,0.6825520833333334,0.7191360544217688,72.0,70.0,-9.0,-3.109395343074983,-3.3549859819912036,-0.05617696997852706,0.8367346938775511,0.8515625,-0.07673469387755105,,,,,,,,,,,,,,,,,,,,,,,,,,,,,,,,,
2023-12-11,576,126,74,23,-0.15850694444444444,-3.445384304605145,0.8194444444444444,86,CG,0.21875,0.1284722222222222,0.03993055555555555,0.19817665897271963,0.054026946141678515,0.13549426510736115,0.05982321471157274,-0.018997416581330757,0.7262030811163359,0,0,1,0,0,300.0,245.0,276.0,0.17,0.18775510204081633,0.04874999999999999,0.10333333333333333,0.11836734693877551,0.025138888888888877,0.03,0.04081632653061224,0.009930555555555554,0.8456666666666667,0.12653061224489795,-1.004173611111111,63.0,72.0,23.0,-3.1655723130535103,-3.109395343074983,-0.2798119915516346,0.76,0.8367346938775511,0.05944444444444441,,,,,,,,,,,,,,,,,,,,,,,,,,,,,,,,,
2023-12-18,832,114,64,54,-0.3918269230769231,-4.085599962294221,0.9290865384615384,91,CG,0.13701923076923078,0.07692307692307693,0.06490384615384616,0.19925946639520808,0.05271646951927736,0.13512468390288015,0.058160029795418386,-0.02634002331096832,0.7064679005114523,0,1,0,0,1,576.0,300.0,256.0,0.21875,0.17,-0.08173076923076922,0.1284722222222222,0.10333333333333333,-0.05154914529914528,0.03993055555555555,0.03,0.024973290598290607,-0.15850694444444444,0.8456666666666667,-0.23331997863247864,86.0,63.0,5.0,-3.445384304605145,-3.1655723130535103,-0.6402156576890765,0.8194444444444444,0.76,0.10964209401709402,,,,,,,,,,,,,,,,,,,,,,,,,,,,,,,,,
2023-12-25,517,144,52,100,-1.9311411992263057,-6.234905296154258,0.9535783365570599,67,CG,0.27852998065764023,0.10058027079303675,0.19342359767891681,0.1961474546139092,0.05316440510768287,0.13221460355389,0.058085535334471715,-0.04461436829926606,0.6924649236931016,1,0,0,0,0,832.0,576.0,-315.0,0.13701923076923078,0.21875,0.14151074988840945,0.07692307692307693,0.1284722222222222,0.02365719386995982,0.06490384615384616,0.03993055555555555,0.12851975152507067,-0.3918269230769231,-0.15850694444444444,-1.5393142761493825,91.0,86.0,-24.0,-4.085599962294221,-3.445384304605145,-2.1493053338600365,0.9290865384615384,0.8194444444444444,0.02449179809552149,,,,,,,,,,,,,,,,,,,,,,,,,,,,,,,,,
2024-01-01,334,70,56,11,-1.254191616766467,-3.294524084369025,0.9011976047904192,71,CG,0.20958083832335328,0.16766467065868262,0.03293413173652695,0.20007043204456307,0.0548481181288924,0.13070820675575412,0.057034084562826715,-0.13444897929579175,0.7905742792482356,0,0,0,0,0,517.0,832.0,-183.0,0.27852998065764023,0.13701923076923078,-0.06894914233428695,0.10058027079303675,0.07692307692307693,0.06708439986564588,0.19342359767891681,0.06490384615384616,-0.16048946594238986,-1.9311411992263057,-0.3918269230769231,0.6769495824598386,67.0,91.0,4.0,-6.234905296154258,-4.085599962294221,2.940381211785233,0.9535783365570599,0.9290865384615384,-0.05238073176664071,,,,,,,,,,,,,,,,,,,,,,,,,,,,,,,,,
2024-01-08,314,32,13,12,1.2547770700636942,-2.4052943644216427,0.7547770700636943,81,CG,0.10191082802547771,0.041401273885350316,0.03821656050955414,0.20050272323905355,0.053564672885665805,0.13238804602406906,0.056214485230071144,-0.1853463719080952,0.8076121597973412,0,0,0,0,0,334.0,517.0,-20.0,0.20958083832335328,0.27852998065764023,-0.10767001029787557,0.16766467065868262,0.10058027079303675,-0.12626339677333231,0.03293413173652695,0.19342359767891681,0.00528242877302719,-1.254191616766467,-1.9311411992263057,2.508968686830161,71.0,67.0,10.0,-3.294524084369025,-6.234905296154258,0.8892297199473824,0.9011976047904192,0.9535783365570599,-0.1464205347267249,,,,,,,,,,,,,,,,,,,,,,,,,,,,,,,,,
2024-01-15,421,48,35,22,0.7180522565320665,-2.752519350714839,0.7672209026128266,78,CG,0.11401425178147269,0.0831353919239905,0.052256532066508314,0.19621611909933287,0.056226164721334994,0.12843209940934217,0.05810652022336989,-0.12273230921366955,0.8442524655343003,0,0,0,1,0,314.0,334.0,107.0,0.10191082802547771,0.20958083832335328,0.012103423755994977,0.041401273885350316,0.16766467065868262,0.04173411803864018,0.03821656050955414,0.03293413173652695,0.014039971556954176,1.2547770700636942,-1.254191616766467,-0.5367248135316277,81.0,71.0,-3.0,-2.4052943644216427,-3.294524084369025,-0.3472249862931962,0.7547770700636943,0.9011976047904192,0.012443832549132283,,,,,,,,,,,,,,,,,,,,,,,,,,,,,,,,,
2024-01-22,460,54,30,23,0.5715217391304347,-2.1935916106013287,0.6565217391304348,67,CG,0.11739130434782609,0.06521739130434782,0.05,0.192791041294422,0.057493286709510615,0.1265447365974525,0.05757656136270258,-0.08769961897426388,0.8433430552448313,0,0,0,0,0,421.0,314.0,39.0,0.11401425178147269,0.10191082802547771,0.0033770525663534,0.0831353919239905,0.041401273885350316,-0.017918000619642674,0.052256532066508314,0.03821656050955414,-0.0022565320665083113,0.7180522565320665,1.2547770700636942,-0.1465305174016318,78.0,81.0,-11.0,-2.752519350714839,-2.4052943644216427,0.5589277401135102,0.7672209026128266,0.7547770700636943,-0.11069916348239184,,,,,,,,,,,,,,,,,,,,,,,,,,,,,,,,,
2024-01-29,287,51,48,1,0.5829268292682926,-3.400789316362934,0.7839721254355401,59,CG,0.17770034843205576,0.1672473867595819,0.003484320557491289,0.18977505181655818,0.058267954994425324,0.12409164278572832,0.05768339997043921,-0.06133076465007594,0.8360478103878823,0,0,1,0,0,460.0,421.0,-173.0,0.11739130434782609,0.11401425178147269,0.06030904408422967,0.06521739130434782,0.0831353919239905,0.10202999545523407,0.05,0.052256532066508314,-0.046515679442508714,0.5715217391304347,0.7180522565320665,0.011405090137857954,67.0,78.0,-8.0,-2.1935916106013287,-2.752519350714839,-1.2071977057616055,0.6565217391304348,0.7672209026128266,0.1274503863051053,,,,,,,,,,,,,,,,,,,,,,,,,,,,,,,,,
2024-02-05,393,74,67,14,0.04045801526717558,-4.619353575912518,0.8880407124681934,82,CG,0.18829516539440203,0.17048346055979643,0.035623409669211195,0.18931064014792345,0.05713979374490379,0.125751479092415,0.05714815060484072,-0.03655162642244638,0.8288432008396406,0,1,0,0,0,287.0,460.0,106.0,0.17770034843205576,0.11739130434782609,0.010594816962346265,0.1672473867595819,0.06521739130434782,0.0032360738002145395,0.003484320557491289,0.05,0.03213908911171991,0.5829268292682926,0.5715217391304347,-0.542468814001117,59.0,67.0,23.0,-3.400789316362934,-2.1935916106013287,-1.2185642595495838,0.7839721254355401,0.6565217391304348,0.10406858703265331,,,,,,,,,,,,,,,,,,,,,,,,,,,,,,,,,
2024-02-12,582,196,145,60,-2.2403780068728523,-5.568948284765177,0.9278350515463918,76,CG,0.33676975945017185,0.24914089347079038,0.10309278350515463,0.18927302997186712,0.05603051837616452,0.12740821914676245,0.05669575307640902,-0.0336994174709789,0.812882741254763,1,0,0,0,0,393.0,287.0,189.0,0.18829516539440203,0.17770034843205576,0.14847459405576982,0.17048346055979643,0.1672473867595819,0.07865743291099395,0.035623409669211195,0.003484320557491289,0.06746937383594344,0.04045801526717558,0.5829268292682926,-2.280836022140028,82.0,59.0,-6.0,-4.619353575912518,-3.400789316362934,-0.9495947088526586,0.8880407124681934,0.7839721254355401,0.039794339078198404,,,,,,,,,,,,,,,,,,,,,,,,,,,,,,,,,
2024-02-19,428,88,58,24,-0.4436915887850467,-3.702741794604444,0.8130841121495327,88,CG,0.205607476635514,0.13551401869158877,0.056074766355140186,0.194540770310378,0.06164510267477903,0.13175581465833489,0.06020465664560394,-0.11250936709247437,0.9001184962165187,0,0,0,0,0,582.0,393.0,-154.0,0.33676975945017185,0.18829516539440203,-0.13116228281465783,0.24914089347079038,0.17048346055979643,-0.11362687477920161,0.10309278350515463,0.035623409669211195,-0.04701801715001445,-2.2403780068728523,0.04045801526717558,1.7966864180878055,76.0,82.0,12.0,-5.568948284765177,-4.619353575912518,1.8662064901607325,0.9278350515463918,0.8880407124681934,-0.1147509393968591,,,,,,,,,,,,,,,,,,,,,,,,,,,,,,,,,
2024-02-26,351,88,48,22,0.22051282051282048,-3.8163201465406047,0.8888888888888888,67,CG,0.25071225071225073,0.13675213675213677,0.06267806267806268,0.1949223808733137,0.06056916155432375,0.13188540790086087,0.059123918132269186,-0.12392944370256308,0.8860356900434363,0,0,0,0,0,428.0,582.0,-77.0,0.205607476635514,0.33676975945017185,0.045104774076736714,0.13551401869158877,0.24914089347079038,0.0012381180605479936,0.056074766355140186,0.10309278350515463,0.006603296322922496,-0.4436915887850467,-2.2403780068728523,0.6642044092978672,88.0,76.0,-21.0,-3.702741794604444,-5.568948284765177,-0.11357835193616062,0.8130841121495327,0.9278350515463918,0.07580477673935615,,,,,,,,,,,,,,,,,,,,,,,,,,,,,,,,,
2024-03-04,234,46,40,11,-0.5354700854700855,-3.921818921795587,0.8547008547008547,57,CG,0.19658119658119658,0.17094017094017094,0.04700854700854701,0.1967820432012783,0.06038103508394507,0.1320476321959034,0.05810239208583006,-0.11244803489538362,0.8728934173550756,0,0,0,0,0,351.0,428.0,-117.0,0.25071225071225073,0.205607476635514,-0.05413105413105415,0.13675213675213677,0.13551401869158877,0.03418803418803418,0.06267806267806268,0.056074766355140186,-0.015669515669515674,0.22051282051282048,-0.4436915887850467,-0.755982905982906,67.0,88.0,-10.0,-3.8163201465406047,-3.702741794604444,-0.1054987752549823,0.8888888888888888,0.8130841121495327,-0.03418803418803418,,,,,,,,,,,,,,,,,,,,,,,,,,,,,,,,,
2024-03-11,284,57,47,10,0.8140845070422534,-4.2923130854571765,0.9014084507042254,63,CG,0.2007042253521127,0.16549295774647887,0.035211267605633804,0.19677556427804985,0.05936616645153605,0.13330223021991203,0.057551306409871474,-0.12609390749456756,0.8615783921396142,0,0,0,0,0,234.0,351.0,50.0,0.19658119658119658,0.25071225071225073,0.0041230287709161095,0.17094017094017094,0.13675213675213677,-0.005447213193692069,0.04700854700854701,0.06267806267806268,-0.011797279402913204,-0.5354700854700855,0.22051282051282048,1.349554592512339,57.0,67.0,6.0,-3.921818921795587,-3.8163201465406047,-0.3704941636615895,0.8547008547008547,0.8888888888888888,0.04670759600337071,,,,,,,,,,,,,,,,,,,,,,,,,,,,,,,,,
2024-03-18,309,49,14,35,1.9220064724919093,-4.9928863844533495,0.8220064724919094,61,CG,0.15857605177993528,0.045307443365695796,0.11326860841423948,0.19689833493661432,0.058404927882033636,0.13430819045511724,0.05690071897934071,-0.0967133320402919,0.8637097825447536,0,0,0,0,0,284.0,234.0,25.0,0.2007042253521127,0.19658119658119658,-0.04212817357217741,0.16549295774647887,0.17094017094017094,-0.12018551438078308,0.035211267605633804,0.04700854700854701,0.07805734080860569,0.8140845070422534,-0.5354700854700855,1.107921965449656,63.0,57.0,-2.0,-4.2923130854571765,-3.921818921795587,-0.700573298996173,0.9014084507042254,0.8547008547008547,-0.07940197821231598,,,,,,,,,,,,,,,,,,,,,,,,,,,,,,,,,
2024-03-25,288,34,34,0,0.9416666666666667,-5.190791495251254,0.90625,56,CG,0.11805555555555555,0.11805555555555555,0.0,0.19573705362883617,0.05787089565989526,0.13161119811907418,0.05810807417030569,-0.03554000463022519,0.9198772011121132,0,0,0,0,1,309.0,284.0,-21.0,0.15857605177993528,0.2007042253521127,-0.040520496224379726,0.045307443365695796,0.16549295774647887,0.07274811218985976,0.11326860841423948,0.035211267605633804,-0.11326860841423948,1.9220064724919093,0.8140845070422534,-0.9803398058252426,61.0,63.0,-5.0,-4.9928863844533495,-4.2923130854571765,-0.19790511079790463,0.8220064724919094,0.9014084507042254,0.08424352750809061,,,,,,,,,,,,,,,,,,,,,,,,,,,,,,,,,
2024-04-01,210,45,27,13,0.7257142857142858,-3.08119434142098,0.780952380952381,53,CG,0.21428571428571427,0.12857142857142856,0.06190476190476191,0.19345230368550437,0.058523818100734606,0.13121250274955892,0.057268081954432025,-0.006798631945022491,0.9212050194820469,0,0,0,0,0,288.0,309.0,-78.0,0.11805555555555555,0.15857605177993528,0.09623015873015872,0.11805555555555555,0.045307443365695796,0.010515873015873006,0.0,0.11326860841423948,0.06190476190476191,0.9416666666666667,1.9220064724919093,-0.2159523809523809,56.0,61.0,-3.0,-5.190791495251254,-4.9928863844533495,2.1095971538302742,0.90625,0.8220064724919094,-0.12529761904761905,,,,,,,,,,,,,,,,,,,,,,,,,,,,,,,,,
2024-04-08,213,28,23,5,0.8990610328638498,-1.16757639675483,0.6103286384976526,48,CG,0.13145539906103287,0.107981220657277,0.023474178403755867,0.19404754398836752,0.05776419115667884,0.1311370434873266,0.056421385164959,0.014130308559529172,0.9159639916597921,0,0,0,0,1,210.0,288.0,3.0,0.21428571428571427,0.11805555555555555,-0.0828303152246814,0.12857142857142856,0.11805555555555555,-0.02059020791415156,0.06190476190476191,0.0,-0.03843058350100604,0.7257142857142858,0.9416666666666667,0.173346747149564,53.0,56.0,-5.0,-3.08119434142098,-5.190791495251254,1.9136179446661499,0.780952380952381,0.90625,-0.17062374245472833,,,,,,,,,,,,,,,,,,,,,,,,,,,,,,,,,
2024-04-15,217,46,36,8,0.41658986175115204,-3.7558351217021517,0.783410138248848,59,CG,0.2119815668202765,0.16589861751152074,0.03686635944700461,0.19230887329594157,0.05788086533022429,0.1304938261864919,0.05574328142444935,0.03871171756798252,0.9147522802740338,0,0,0,0,0,213.0,210.0,4.0,0.13145539906103287,0.21428571428571427,0.08052616775924362,0.107981220657277,0.12857142857142856,0.05791739685424374,0.023474178403755867,0.06190476190476191,0.013392181043248741,0.8990610328638498,0.7257142857142858,-0.4824711711126977,48.0,53.0,11.0,-1.16757639675483,-3.08119434142098,-2.5882587249473215,0.6103286384976526,0.780952380952381,0.17308149975119536,,,,,,,,,,,,,,,,,,,,,,,,,,,,,,,,,
2024-04-22,323,53,16,27,1.0492260061919505,-2.173151563356744,0.7832817337461301,62,CG,0.16408668730650156,0.04953560371517028,0.08359133126934984,0.1928405677155182,0.05716286795135897,0.13145071243851972,0.05527094643900517,0.04892464038374386,0.9040947490731646,0,0,0,1,0,217.0,213.0,106.0,0.2119815668202765,0.13145539906103287,-0.04789487951377494,0.16589861751152074,0.107981220657277,-0.11636301379635046,0.03686635944700461,0.023474178403755867,0.04672497182234523,0.41658986175115204,0.8990610328638498,0.6326361444407984,59.0,48.0,3.0,-3.7558351217021517,-1.16757639675483,1.5826835583454075,0.783410138248848,0.6103286384976526,-0.00012840450271789372,,,,,,,,,,,,,,,,,,,,,,,,,,,,,,,,,
2024-04-29,337,73,31,19,-0.005341246290801203,-3.7218151695904624,0.7922848664688428,73,CG,0.2166172106824926,0.09198813056379822,0.05637982195845697,0.19208388665212298,0.05657771338730985,0.1292950516826421,0.05611501089857628,0.07524836053659141,0.9064366604796541,0,0,0,0,1,323.0,217.0,14.0,0.16408668730650156,0.2119815668202765,0.05253052337599104,0.04953560371517028,0.16589861751152074,0.042452526848627936,0.08359133126934984,0.03686635944700461,-0.02721150931089287,1.0492260061919505,0.41658986175115204,-1.0545672524827516,62.0,59.0,11.0,-2.173151563356744,-3.7558351217021517,-1.5486636062337182,0.7832817337461301,0.783410138248848,0.009003132722712692,,,,,,,,,,,,,,,,,,,,,,,,,,,,,,,,,
2024-05-06,378,87,42,37,0.33941798941798945,-3.354272098435025,0.798941798941799,80,CG,0.23015873015873015,0.1111111111111111,0.09788359788359788,0.1927129462426453,0.05596635365962582,0.1283384639616461,0.05569305295479401,0.07318196036153006,0.8945234349321478,0,0,1,1,1,337.0,323.0,41.0,0.2166172106824926,0.16408668730650156,0.013541519476237551,0.09198813056379822,0.04953560371517028,0.019122980547312887,0.05637982195845697,0.08359133126934984,0.04150377592514091,-0.005341246290801203,1.0492260061919505,0.34475923570879063,73.0,62.0,7.0,-3.7218151695904624,-2.173151563356744,0.3675430711554375,0.7922848664688428,0.7832817337461301,0.0066569324729561785,,,,,,,,,,,,,,,,,,,,,,,,,,,,,,,,,
2024-05-13,325,59,46,19,-0.6683076923076924,-3.8952303716760373,0.84,65,CG,0.18153846153846154,0.14153846153846153,0.05846153846153846,0.19364909084054743,0.05556054130614149,0.12790778014038273,0.05504184323143703,0.07983786108794154,0.8839835863572976,0,1,0,0,0,378.0,337.0,-53.0,0.23015873015873015,0.2166172106824926,-0.04862026862026861,0.1111111111111111,0.09198813056379822,0.030427350427350425,0.09788359788359788,0.05637982195845697,-0.03942205942205942,0.33941798941798945,-0.005341246290801203,-1.0077256817256819,80.0,73.0,-15.0,-3.354272098435025,-3.7218151695904624,-0.5409582732410123,0.798941798941799,0.7922848664688428,0.041058201058201016,,,,,,,,,,,,,,,,,,,,,,,,,,,,,,,,,
2024-05-20,507,148,111,35,-1.4642998027613412,-4.270691238270115,0.8994082840236687,98,CG,0.29191321499013806,0.21893491124260356,0.06903353057199212,0.1933537096380575,0.054894231561447585,0.12824023578423832,0.05439113889795493,0.06159040856609681,0.8806492246578078,1,0,1,0,1,325.0,378.0,182.0,0.18153846153846154,0.23015873015873015,0.11037475345167652,0.14153846153846153,0.1111111111111111,0.07739644970414203,0.05846153846153846,0.09788359788359788,0.010571992110453655,-0.6683076923076924,0.33941798941798945,-0.7959921104536488,65.0,80.0,33.0,-3.8952303716760373,-3.354272098435025,-0.37546086659407774,0.84,0.798941798941799,0.05940828402366871,,,,,,,,,,,,,,,,,,,,,,,,,,,,,,,,,
2024-05-27,421,96,74,19,-0.35843230403800475,-2.14868355645371,0.6959619952494062,73,CG,0.22802850356294538,0.17577197149643706,0.04513064133016627,0.19570036452739278,0.05631309627582744,0.1303996328189613,0.05551653631212456,0.025259689248776862,0.9011459712792269,0,1,0,1,1,507.0,325.0,-86.0,0.29191321499013806,0.18153846153846154,-0.06388471142719268,0.21893491124260356,0.14153846153846153,-0.0431629397461665,0.06903353057199212,0.05846153846153846,-0.023902889241825848,-1.4642998027613412,-0.6683076923076924,1.1058674987233363,98.0,65.0,-25.0,-4.270691238270115,-3.8952303716760373,2.122007681816405,0.8994082840236687,0.84,-0.20344628877426252,,,,,,,,,,,,,,,,,,,,,,,,,,,,,,,,,
2024-06-03,271,74,49,17,-0.7730627306273062,-4.696738985081334,0.8450184501845018,72,CG,0.2730627306273063,0.18081180811808117,0.06273062730627306,0.19645218171426607,0.055856653485666936,0.13145480348587935,0.0552863307664904,0.01633661963745636,0.8922740124590574,1,0,0,1,0,421.0,507.0,-150.0,0.22802850356294538,0.29191321499013806,0.045034227064360915,0.17577197149643706,0.21893491124260356,0.005039836621644117,0.04513064133016627,0.06903353057199212,0.01759998597610679,-0.35843230403800475,-1.4642998027613412,-0.4146304265893015,73.0,98.0,-1.0,-2.14868355645371,-4.270691238270115,-2.548055428627624,0.6959619952494062,0.8994082840236687,0.14905645493509567,,,,,,,,,,,,,,,,,,,,,,,,,,,,,,,,,
2024-06-10,366,85,80,5,-1.3265027322404372,-4.013436221847367,0.8360655737704918,70,CG,0.23224043715846995,0.2185792349726776,0.01366120218579235,0.19819333055319885,0.05639857058604635,0.13257655359115667,0.05514400581083992,-0.0016042746867427904,0.8898315905844305,0,0,1,0,0,271.0,421.0,95.0,0.2730627306273063,0.22802850356294538,-0.04082229346883634,0.18081180811808117,0.17577197149643706,0.037767426854596414,0.06273062730627306,0.04513064133016627,-0.04906942512048071,-0.7730627306273062,-0.35843230403800475,-0.553440001613131,72.0,73.0,-2.0,-4.696738985081334,-2.14868355645371,0.683302763233967,0.8450184501845018,0.6959619952494062,-0.008952876414009991,,,,,,,,,,,,,,,,,,,,,,,,,,,,,,,,,
2024-06-17,266,45,29,15,-0.5887218045112782,-4.061625117698959,0.9060150375939849,57,CG,0.16917293233082706,0.10902255639097744,0.05639097744360902,0.19894993292220484,0.05598453362010984,0.1344877242885238,0.05600104191512377,-0.031046462632380444,0.9015612616748229,0,1,1,1,0,366.0,271.0,-100.0,0.23224043715846995,0.2730627306273063,-0.0630675048276429,0.2185792349726776,0.18081180811808117,-0.10955667858170015,0.01366120218579235,0.06273062730627306,0.04272977525781667,-1.3265027322404372,-0.7730627306273062,0.737780927729159,70.0,72.0,-13.0,-4.013436221847367,-4.696738985081334,-0.048188895851592584,0.8360655737704918,0.8450184501845018,0.0699494638234931,,,,,,,,,,,,,,,,,,,,,,,,,,,,,,,,,
2024-06-24,217,71,65,3,-1.3861751152073734,-3.6972867462491252,0.8986175115207373,53,CG,0.3271889400921659,0.2995391705069124,0.013824884792626729,0.19830260682239229,0.05553281042964204,0.13393413368205537,0.055502454821347164,-0.04316983962974779,0.8952715299449254,1,1,0,1,0,266.0,366.0,-49.0,0.16917293233082706,0.23224043715846995,0.15801600776133887,0.10902255639097744,0.2185792349726776,0.19051661411593498,0.05639097744360902,0.01366120218579235,-0.04256609265098229,-0.5887218045112782,-1.3265027322404372,-0.7974533106960952,57.0,70.0,-4.0,-4.061625117698959,-4.013436221847367,0.36433837144983405,0.9060150375939849,0.8360655737704918,-0.007397526073247618,,,,,,,,,,,,,,,,,,,,,,,,,,,,,,,,,
2024-07-01,389,115,91,24,-0.9221079691516709,-4.811319322765299,0.884318766066838,59,CG,0.29562982005141386,0.23393316195372751,0.061696658097686374,0.20104486923238746,0.05805421628258074,0.13745764510386085,0.05997554376338073,-0.07174441996118662,0.9068973314805809,1,0,1,0,0,217.0,266.0,172.0,0.3271889400921659,0.16917293233082706,-0.031559120040752064,0.2995391705069124,0.10902255639097744,-0.06560600855318491,0.013824884792626729,0.05639097744360902,0.047871773305059644,-1.3861751152073734,-0.5887218045112782,0.46406714605570243,53.0,57.0,6.0,-3.6972867462491252,-4.061625117698959,-1.1140325765161738,0.8986175115207373,0.9060150375939849,-0.014298745453899309,,,,,,,,,,,,,,,,,,,,,,,,,,,,,,,,,
2024-07-08,278,61,50,10,-0.7593525179856115,-4.1374407751402735,0.762589928057554,66,CG,0.21942446043165467,0.17985611510791366,0.03597122302158273,0.20301538904111718,0.059033593879723054,0.13946755170489974,0.06094620014338087,-0.08946032723598839,0.9055542632911912,0,1,1,0,1,389.0,217.0,-111.0,0.29562982005141386,0.3271889400921659,-0.07620535961975919,0.23393316195372751,0.2995391705069124,-0.05407704684581385,0.061696658097686374,0.013824884792626729,-0.025725435076103642,-0.9221079691516709,-1.3861751152073734,0.16275545116605938,59.0,53.0,7.0,-4.811319322765299,-3.6972867462491252,0.6738785476250255,0.884318766066838,0.8986175115207373,-0.12172883800928402,,,,,,,,,,,,,,,,,,,,,,,,,,,,,,,,,
2024-07-15,206,90,83,7,-3.15,-5.2848487530653765,0.883495145631068,51,CG,0.4368932038834951,0.4029126213592233,0.03398058252427184,0.20335026804908732,0.05846243937868112,0.14029180810087963,0.06058337801158669,-0.10313159643496028,0.9011675053287511,1,1,0,0,0,278.0,389.0,-72.0,0.21942446043165467,0.29562982005141386,0.21746874345184045,0.17985611510791366,0.23393316195372751,0.22305650625130963,0.03597122302158273,0.061696658097686374,-0.0019906404973108888,-0.7593525179856115,-0.9221079691516709,-2.3906474820143884,66.0,59.0,-15.0,-4.1374407751402735,-4.811319322765299,-1.147407977925103,0.762589928057554,0.884318766066838,0.12090521757351402,,,,,,,,,,,,,,,,,,,,,,,,,,,,,,,,,
2024-07-22,246,69,47,19,-0.790650406504065,-3.9870077467528904,0.9024390243902439,56,CG,0.2804878048780488,0.1910569105691057,0.07723577235772358,0.2080211267657755,0.06662545081054015,0.1455442243660465,0.0705325067491311,-0.16406896450626107,0.9905541307873214,1,0,0,0,0,206.0,278.0,40.0,0.4368932038834951,0.21942446043165467,-0.1564053990054463,0.4029126213592233,0.17985611510791366,-0.21185571079011759,0.03398058252427184,0.03597122302158273,0.04325518983345174,-3.15,-0.7593525179856115,2.359349593495935,51.0,66.0,5.0,-5.2848487530653765,-4.1374407751402735,1.2978410063124861,0.883495145631068,0.762589928057554,0.018943878759175914,,,,,,,,,,,,,,,,,,,,,,,,,,,,,,,,,
2024-07-29,121,23,5,18,-0.24545454545454545,-4.152546294902461,0.7355371900826446,40,CG,0.19008264462809918,0.04132231404958678,0.1487603305785124,0.2094420420228789,0.06673185663800221,0.14643662997787119,0.07011386164466143,-0.176354875133669,0.9845159520782824,0,0,0,0,0,246.0,206.0,-125.0,0.2804878048780488,0.4368932038834951,-0.09040516024994963,0.1910569105691057,0.4029126213592233,-0.14973459651951893,0.07723577235772358,0.03398058252427184,0.07152455822078882,-0.790650406504065,-3.15,0.5451958610495196,56.0,51.0,-16.0,-3.9870077467528904,-5.2848487530653765,-0.16553854814957036,0.9024390243902439,0.883495145631068,-0.1669018343075993,,,,,,,,,,,,,,,,,,,,,,,,,,,,,,,,,
2024-08-05,267,33,17,14,0.7052434456928839,-3.670206453188485,0.9101123595505618,52,CG,0.12359550561797752,0.06367041198501873,0.052434456928838954,0.2090697459191331,0.06612890165768079,0.14441520082540418,0.07093689794691026,-0.17768371494753202,0.9748631471263105,0,0,0,1,0,121.0,246.0,146.0,0.19008264462809918,0.2804878048780488,-0.06648713901012165,0.04132231404958678,0.1910569105691057,0.02234809793543195,0.1487603305785124,0.07723577235772358,-0.09632587364967345,-0.24545454545454545,-0.790650406504065,0.9506979911474294,40.0,56.0,12.0,-4.152546294902461,-3.9870077467528904,0.4823398417139759,0.7355371900826446,0.9024390243902439,0.17457516946791718,,,,,,,,,,,,,,,,,,,,,,,,,,,,,,,,,
2024-08-12,433,40,31,12,1.1533487297921479,-3.5200347148619033,0.8637413394919169,91,CG,0.09237875288683603,0.07159353348729793,0.02771362586605081,0.20745702440401698,0.0665340590868475,0.1428917142435101,0.0711216354252686,-0.16102471191658077,0.9730317176191269,0,0,0,0,0,267.0,121.0,166.0,0.12359550561797752,0.19008264462809918,-0.031216752731141495,0.06367041198501873,0.04132231404958678,0.007923121502279196,0.052434456928838954,0.1487603305785124,-0.024720831062788145,0.7052434456928839,-0.24545454545454545,0.448105284099264,52.0,40.0,39.0,-3.670206453188485,-4.152546294902461,0.15017173832658148,0.9101123595505618,0.7355371900826446,-0.04637102005864491,,,,,,,,,,,,,,,,,,,,,,,,,,,,,,,,,
2024-08-19,393,46,36,6,0.5608142493638677,-3.0805797976391247,0.8015267175572519,87,CG,0.11704834605597965,0.0916030534351145,0.015267175572519083,0.20532594530184697,0.06773845103007957,0.14157137756283952,0.07111248308870591,-0.13668446299604875,0.9802647215541299,0,0,1,0,0,433.0,267.0,-40.0,0.09237875288683603,0.12359550561797752,0.02466959316914362,0.07159353348729793,0.06367041198501873,0.02000951994781658,0.02771362586605081,0.052434456928838954,-0.012446450293531726,1.1533487297921479,0.7052434456928839,-0.5925344804282802,91.0,52.0,-4.0,-3.5200347148619033,-3.670206453188485,0.43945491722277863,0.8637413394919169,0.9101123595505618,-0.06221462193466498,,,,,,,,,,,,,,,,,,,,,,,,,,,,,,,,,
2024-08-26,340,43,30,14,0.7391176470588234,-3.486940393382894,0.9058823529411765,69,CG,0.1264705882352941,0.08823529411764706,0.041176470588235294,0.2037208980428312,0.06815581623118369,0.14066286257869906,0.0707724123315337,-0.12400266822586846,0.9756893280913388,0,1,0,0,1,393.0,433.0,-53.0,0.11704834605597965,0.09237875288683603,0.009422242179314463,0.0916030534351145,0.07159353348729793,-0.003367759317467439,0.015267175572519083,0.02771362586605081,0.025909295015716212,0.5608142493638677,1.1533487297921479,0.17830339769495573,87.0,91.0,-18.0,-3.0805797976391247,-3.5200347148619033,-0.40636059574376926,0.8015267175572519,0.8637413394919169,0.10435563538392456,,,,,,,,,,,,,,,,,,,,,,,,,,,,,,,,,
2024-09-02,677,184,122,62,-0.7998522895125554,-7.462373984698023,0.9202363367799113,79,CG,0.2717872968980798,0.18020679468242246,0.0915805022156573,0.20234142822483947,0.0683177963432729,0.1397266559990374,0.07047516927649948,-0.10858980545292753,0.9736345723959258,1,0,0,0,0,340.0,393.0,337.0,0.1264705882352941,0.11704834605597965,0.14531670866278568,0.08823529411764706,0.0916030534351145,0.09197150056477539,0.041176470588235294,0.015267175572519083,0.05040403162742201,0.7391176470588234,0.5608142493638677,-1.538969936571379,69.0,87.0,10.0,-3.486940393382894,-3.0805797976391247,-3.975433591315129,0.9058823529411765,0.8015267175572519,0.014353983838734874,,,,,,,,,,,,,,,,,,,,,,,,,,,,,,,,,
2024-09-09,385,82,42,40,-0.40831168831168835,-5.4166633919962015,0.8181818181818182,69,CG,0.21298701298701297,0.10909090909090909,0.1038961038961039,0.2035597767980542,0.06832704844386525,0.14043683387067574,0.0700485947625202,-0.12071721745397364,0.9692365923386014,0,0,0,0,0,677.0,340.0,-292.0,0.2717872968980798,0.1264705882352941,-0.058800283911066814,0.18020679468242246,0.08823529411764706,-0.07111588559151337,0.0915805022156573,0.041176470588235294,0.012315601680446597,-0.7998522895125554,0.7391176470588234,0.39154060120086703,79.0,69.0,-10.0,-7.462373984698023,-3.486940393382894,2.0457105927018215,0.9202363367799113,0.9058823529411765,-0.10205451859809311,,,,,,,,,,,,,,,,,,,,,,,,,,,,,,,,,
2024-09-16,386,62,35,31,-0.14378238341968913,-4.521865708536338,0.9430051813471503,58,CG,0.16062176165803108,0.09067357512953368,0.08031088082901554,0.20372231535303625,0.06773634791428805,0.13989638689171424,0.06955330422982808,-0.1256757428135894,0.9614388026721362,0,0,0,0,0,385.0,677.0,1.0,0.21298701298701297,0.2717872968980798,-0.0523652513289819,0.10909090909090909,0.18020679468242246,-0.018417333961375404,0.1038961038961039,0.0915805022156573,-0.023585223067088365,-0.40831168831168835,-0.7998522895125554,0.2645293048919992,69.0,79.0,-11.0,-5.4166633919962015,-7.462373984698023,0.8947976834598634,0.8181818181818182,0.9202363367799113,0.12482336316533205,,,,,,,,,,,,,,,,,,,,,,,,,,,,,,,,,
2024-09-23,184,19,10,8,1.6929347826086956,-4.084763298856523,0.8206521739130435,53,CG,0.10326086956521739,0.05434782608695652,0.043478260869565216,0.20299179749379886,0.06738391080402918,0.13906210194659255,0.06924824916451273,-0.12598263502725213,0.9531174155769598,0,0,0,1,0,386.0,385.0,-202.0,0.16062176165803108,0.21298701298701297,-0.057360892092813684,0.09067357512953368,0.10909090909090909,-0.03632574904257716,0.08031088082901554,0.1038961038961039,-0.03683261995945032,-0.14378238341968913,-0.40831168831168835,1.8367171660283848,58.0,69.0,-5.0,-4.521865708536338,-5.4166633919962015,0.43710240967981484,0.9430051813471503,0.8181818181818182,-0.12235300743410682,,,,,,,,,,,,,,,,,,,,,,,,,,,,,,,,,
2024-09-30,423,49,47,2,0.6439716312056737,-4.468008171613773,0.91725768321513,68,CG,0.11583924349881797,0.1111111111111111,0.004728132387706856,0.20132961536165583,0.06803971799472516,0.13765019734893197,0.06952446963152849,-0.09566734473331964,0.9737436270277916,0,0,0,0,1,184.0,386.0,239.0,0.10326086956521739,0.16062176165803108,0.012578373933600576,0.05434782608695652,0.09067357512953368,0.056763285024154585,0.043478260869565216,0.08031088082901554,-0.03875012848185836,1.6929347826086956,-0.14378238341968913,-1.0489631514030218,53.0,58.0,15.0,-4.084763298856523,-4.521865708536338,-0.38324487275724994,0.8206521739130435,0.9430051813471503,0.09660550930208656,,,,,,,,,,,,,,,,,,,,,,,,,,,,,,,,,
2024-10-07,227,35,8,29,0.024229074889867825,-4.498275519037816,0.9118942731277533,52,CG,0.15418502202643172,0.03524229074889868,0.1277533039647577,0.19992813385570768,0.06835246652090006,0.13721513036142668,0.06902635216509853,-0.08354211561956566,0.9702278078037518,0,0,1,0,0,423.0,184.0,-196.0,0.11583924349881797,0.10326086956521739,0.038345778527613755,0.1111111111111111,0.05434782608695652,-0.07586882036221243,0.004728132387706856,0.043478260869565216,0.12302517157705084,0.6439716312056737,1.6929347826086956,-0.6197425563158059,68.0,53.0,-16.0,-4.468008171613773,-4.084763298856523,-0.03026734742404269,0.91725768321513,0.8206521739130435,-0.00536341008737673,,,,,,,,,,,,,,,,,,,,,,,,,,,,,,,,,
2024-10-14,176,33,29,4,-0.11022727272727274,-3.602562875098522,0.7840909090909091,52,CG,0.1875,0.16477272727272727,0.022727272727272728,0.19919034172942907,0.06803835275007143,0.1355704071418698,0.06967241622198488,-0.08180387061134899,0.962339594800007,0,1,0,0,0,227.0,423.0,-51.0,0.15418502202643172,0.11583924349881797,0.03331497797356828,0.03524229074889868,0.1111111111111111,0.1295304365238286,0.1277533039647577,0.004728132387706856,-0.10502603123748497,0.024229074889867825,0.6439716312056737,-0.13445634761714056,52.0,68.0,0.0,-4.498275519037816,-4.468008171613773,0.895712643939294,0.9118942731277533,0.91725768321513,-0.12780336403684422,,,,,,,,,,,,,,,,,,,,,,,,,,,,,,,,,
2024-10-21,187,52,43,9,-1.3529411764705883,-4.2394055240206185,0.946524064171123,57,CG,0.27807486631016043,0.22994652406417113,0.0481283422459893,0.19900478074959685,0.0675034956036349,0.13603393603283578,0.06920612268932112,-0.08225503572430015,0.9545539602268117,1,0,0,0,0,176.0,227.0,11.0,0.1875,0.15418502202643172,0.09057486631016043,0.16477272727272727,0.03524229074889868,0.06517379679144386,0.022727272727272728,0.1277533039647577,0.025401069518716575,-0.11022727272727274,0.024229074889867825,-1.2427139037433155,52.0,52.0,5.0,-3.602562875098522,-4.498275519037816,-0.6368426489220966,0.7840909090909091,0.9118942731277533,0.16243315508021394,,,,,,,,,,,,,,,,,,,,,,,,,,,,,,,,,
2024-10-28,141,18,15,3,0.727659574468085,-0.44897360800459996,0.624113475177305,44,CG,0.1276595744680851,0.10638297872340426,0.02127659574468085,0.20024025083648064,0.0676910756661672,0.1375013202208254,0.06965105637831445,-0.10210950667346091,0.9601765443840077,0,0,0,1,0,187.0,176.0,-46.0,0.27807486631016043,0.1875,-0.15041529184207533,0.22994652406417113,0.16477272727272727,-0.12356354534076687,0.0481283422459893,0.022727272727272728,-0.026851746501308452,-1.3529411764705883,-0.11022727272727274,2.0806007509386735,57.0,52.0,-13.0,-4.2394055240206185,-3.602562875098522,3.7904319160160185,0.946524064171123,0.7840909090909091,-0.322410588993818,,,,,,,,,,,,,,,,,,,,,,,,,,,,,,,,,
2024-11-04,97,10,10,0,0.8030927835051546,-1.693753899850617,0.6082474226804123,34,CG,0.10309278350515463,0.10309278350515463,0.0,0.19912362504619763,0.06776084527956569,0.13702257650548047,0.06921247197352241,-0.08934382850205252,0.9581890547345725,0,0,0,0,1,141.0,187.0,-44.0,0.1276595744680851,0.27807486631016043,-0.024566790962930463,0.10638297872340426,0.22994652406417113,-0.0032901952182496225,0.02127659574468085,0.0481283422459893,-0.02127659574468085,0.727659574468085,-1.3529411764705883,0.07543320903706952,44.0,57.0,-10.0,-0.44897360800459996,-4.2394055240206185,-1.2447802918460171,0.624113475177305,0.946524064171123,-0.015866052496892658,,,,,,,,,,,,,,,,,,,,,,,,,,,,,,,,,
2024-11-11,101,12,10,1,1.3633663366336632,-0.6480653844147772,0.38613861386138615,26,CG,0.1188118811881188,0.09900990099009901,0.009900990099009901,0.19766861229557575,0.06826872853434715,0.13650848873274823,0.06880487792068371,-0.07582206165345846,0.9571147083564527,0,0,1,0,1,97.0,141.0,4.0,0.10309278350515463,0.1276595744680851,0.015719097682964173,0.10309278350515463,0.10638297872340426,-0.004082882515055619,0.0,0.02127659574468085,0.009900990099009901,0.8030927835051546,0.727659574468085,0.5602735531285087,34.0,44.0,-8.0,-1.693753899850617,-0.44897360800459996,1.0456885154358397,0.6082474226804123,0.624113475177305,-0.22210880881902617,,,,,,,,,,,,,,,,,,,,,,,,,,,,,,,,,
2024-11-18,236,41,19,22,0.5588983050847458,-2.6614851098138383,0.7457627118644068,58,CG,0.17372881355932204,0.08050847457627118,0.09322033898305085,0.19649164615964357,0.06843110077973308,0.13594880831867887,0.06843514808072063,-0.0543416377984268,0.9659726264304844,0,1,0,0,0,101.0,97.0,135.0,0.1188118811881188,0.10309278350515463,0.054916932371203236,0.09900990099009901,0.10309278350515463,-0.018501426413827834,0.009900990099009901,0.0,0.08331934888404095,1.3633663366336632,0.8030927835051546,-0.8044680315489174,26.0,34.0,32.0,-0.6480653844147772,-1.693753899850617,-2.013419725399061,0.38613861386138615,0.6082474226804123,0.35962409800302064,,,,,,,,,,,,,,,,,,,,,,,,,,,,,,,,,
2024-11-25,222,65,22,43,-0.7243243243243244,-4.636017568765431,0.8378378378378378,60,CG,0.2927927927927928,0.0990990990990991,0.19369369369369369,0.19615689862140354,0.06797457308906567,0.13513350929305523,0.06825444238805393,-0.0453234033442625,0.961616630695525,1,0,0,0,1,236.0,101.0,-14.0,0.17372881355932204,0.1188118811881188,0.11906397923347076,0.08050847457627118,0.09900990099009901,0.01859062452282792,0.09322033898305085,0.009900990099009901,0.10047335471064284,0.5588983050847458,1.3633663366336632,-1.28322262940907,58.0,26.0,2.0,-2.6614851098138383,-0.6480653844147772,-1.9745324589515927,0.7457627118644068,0.38613861386138615,0.09207512597343104,,,,,,,,,,,,,,,,,,,,,,,,,,,,,,,,,
2024-12-02,449,74,51,9,-0.29487750556792874,-4.460380072040239,0.8708240534521158,72,CG,0.16481069042316257,0.11358574610244988,0.0200445434298441,0.197557418826786,0.06846848876167101,0.13461127146415727,0.0678894513234633,-0.055163996401944554,0.958013408322652,0,0,0,1,0,222.0,236.0,227.0,0.2927927927927928,0.17372881355932204,-0.12798210236963023,0.0990990990990991,0.08050847457627118,0.014486647003350783,0.19369369369369369,0.09322033898305085,-0.17364915026384958,-0.7243243243243244,0.5588983050847458,0.4294468187563956,60.0,58.0,12.0,-4.636017568765431,-2.6614851098138383,0.1756374967251917,0.8378378378378378,0.7457627118644068,0.03298621561427795,,,,,,,,,,,,,,,,,,,,,,,,,,,,,,,,,
2024-12-09,391,69,54,14,0.03913043478260868,-3.3657301020301755,0.7877237851662404,74,CG,0.17647058823529413,0.13810741687979539,0.03580562659846547,0.19708960842101997,0.06808312670421371,0.13431090681613292,0.0674425396074287,-0.05858847510431575,0.9514774219444719,0,0,0,1,0,449.0,222.0,-58.0,0.16481069042316257,0.2927927927927928,0.011659897812131559,0.11358574610244988,0.0990990990990991,0.024521670777345503,0.0200445434298441,0.19369369369369369,0.015761083168621372,-0.29487750556792874,-0.7243243243243244,0.33400794035053744,72.0,60.0,2.0,-4.460380072040239,-4.636017568765431,1.0946499700100638,0.8708240534521158,0.8378378378378378,-0.08310026828587536,,,,,,,,,,,,,,,,,,,,,,,,,,,,,,,,,
2024-12-16,267,37,28,5,0.6138576779026217,-4.396716756104469,0.8726591760299626,52,CG,0.13857677902621723,0.10486891385767791,0.018726591760299626,0.19679919968600973,0.06763934757600885,0.13436437878886054,0.06696059019432385,-0.05721215242985203,0.9447278906877661,0,0,1,0,0,391.0,449.0,-124.0,0.17647058823529413,0.16481069042316257,-0.037893809209076895,0.13810741687979539,0.11358574610244988,-0.03323850302211748,0.03580562659846547,0.0200445434298441,-0.017079034838165846,0.03913043478260868,-0.29487750556792874,0.574727243120013,74.0,72.0,-22.0,-3.3657301020301755,-4.460380072040239,-1.0309866540742938,0.7877237851662404,0.8708240534521158,0.08493539086372215,,,,,,,,,,,,,,,,,,,,,,,,,,,,,,,,,
2024-12-23,111,25,17,6,-0.3036036036036036,-3.5550275076337714,0.7297297297297297,43,CG,0.22522522522522523,0.15315315315315314,0.05405405405405406,0.19599055495462372,0.06751092377433407,0.13395471955370522,0.06657817009995484,-0.04789173811967879,0.9413792337958591,0,1,1,1,0,267.0,391.0,-156.0,0.13857677902621723,0.17647058823529413,0.086648446199008,0.10486891385767791,0.13810741687979539,0.048284239295475234,0.018726591760299626,0.03580562659846547,0.03532746229375443,0.6138576779026217,0.03913043478260868,-0.9174612815062253,52.0,74.0,-9.0,-4.396716756104469,-3.3657301020301755,0.8416892484706979,0.8726591760299626,0.7877237851662404,-0.14292944630023285,,,,,,,,,,,,,,,,,,,,,,,,,,,,,,,,,
2024-12-30,131,40,36,6,-0.33587786259541985,-4.227228978167482,0.9236641221374046,44,CG,0.3053435114503817,0.2748091603053435,0.04580152671755725,0.19639102988983745,0.06712772041275003,0.13421771179479355,0.06615237827646588,-0.05139464038658187,0.9352979918323386,1,1,0,0,0,111.0,267.0,20.0,0.22522522522522523,0.13857677902621723,0.08011828622515646,0.15315315315315314,0.10486891385767791,0.12165600715219038,0.05405405405405406,0.018726591760299626,-0.008252527336496805,-0.3036036036036036,0.6138576779026217,-0.03227425899181624,43.0,52.0,1.0,-3.5550275076337714,-4.396716756104469,-0.6722014705337109,0.7297297297297297,0.8726591760299626,0.19393439240767485,,,,,,,,,,,,,,,,,,,,,,,,,,,,,,,,,
2025-01-06,130,37,34,3,-1.620769230769231,-4.414110214020038,0.8769230769230769,40,CG,0.2846153846153846,0.26153846153846155,0.023076923076923078,0.19786336072173671,0.06785880286147712,0.1361175962341253,0.06770005592827823,-0.05523900825426887,0.9294582680500637,1,0,1,0,0,131.0,111.0,-1.0,0.3053435114503817,0.22522522522522523,-0.020728126834997085,0.2748091603053435,0.15315315315315314,-0.013270698766881972,0.04580152671755725,0.05405405405405406,-0.022724603640634174,-0.33587786259541985,-0.3036036036036036,-1.284891368173811,44.0,43.0,-4.0,-4.227228978167482,-3.5550275076337714,-0.18688123585255578,0.9236641221374046,0.7297297297297297,-0.04674104521432765,,,,,,,,,,,,,,,,,,,,,,,,,,,,,,,,,
2025-01-13,311,75,38,34,-0.21768488745980707,-5.552725602516158,0.9196141479099679,66,CG,0.24115755627009647,0.12218649517684887,0.10932475884244373,0.199020054373652,0.06813908850773354,0.13778987443818314,0.06878298989132041,-0.07611274455446837,0.9406895937467717,0,1,0,0,0,130.0,131.0,181.0,0.2846153846153846,0.3053435114503817,-0.043457828345288135,0.26153846153846155,0.2748091603053435,-0.13935196636161268,0.023076923076923078,0.04580152671755725,0.08624783576552066,-1.620769230769231,-0.33587786259541985,1.4030843433094238,40.0,44.0,26.0,-4.414110214020038,-4.227228978167482,-1.1386153884961203,0.8769230769230769,0.9236641221374046,0.042691070986890955,,,,,,,,,,,,,,,,,,,,,,,,,,,,,,,,,
2025-01-20,627,215,199,8,-1.929665071770335,-5.48015548668039,0.9218500797448166,92,CG,0.34290271132376393,0.31738437001594894,0.012759170653907496,0.1995744951880789,0.06785567278004048,0.13758456681632347,0.0683463375885405,-0.07797553590848598,0.934538391751133,1,0,0,0,0,311.0,130.0,316.0,0.24115755627009647,0.2846153846153846,0.10174515505366746,0.12218649517684887,0.26153846153846155,0.19519787483910006,0.10932475884244373,0.023076923076923078,-0.09656558818853624,-0.21768488745980707,-1.620769230769231,-1.7119801843105278,66.0,40.0,26.0,-5.552725602516158,-4.414110214020038,0.07257011583576833,0.9196141479099679,0.8769230769230769,0.0022359318348487145,,,,,,,,,,,,,,,,,,,,,,,,,,,,,,,,,
2025-01-27,1820,391,283,127,-0.7803296703296704,-5.482467632456026,0.9472527472527472,144,CG,0.21483516483516482,0.1554945054945055,0.06978021978021978,0.20143590059243846,0.06935848999913041,0.13991962919553938,0.07091968818642008,-0.10202345195863986,0.9520502480586615,0,0,0,0,1,627.0,311.0,1193.0,0.34290271132376393,0.24115755627009647,-0.1280675464885991,0.31738437001594894,0.12218649517684887,-0.16188986452144344,0.012759170653907496,0.10932475884244373,0.057021049126312284,-1.929665071770335,-0.21768488745980707,1.1493354014406645,92.0,66.0,52.0,-5.48015548668039,-5.552725602516158,-0.0023121457756358765,0.9218500797448166,0.9196141479099679,0.025402667507930632,,,,,,,,,,,,,,,,,,,,,,,,,,,,,,,,,
2025-02-03,1103,200,168,42,-0.600543970988214,-4.850915206797332,0.9238440616500453,120,CG,0.1813236627379873,0.15231187669990934,0.038077969174977334,0.20160768603144777,0.06892333862358793,0.14011930709680817,0.07047973199677846,-0.11071968552749922,0.9489609896019435,0,0,0,0,1,1820.0,627.0,-717.0,0.21483516483516482,0.34290271132376393,-0.033511502097177515,0.1554945054945055,0.31738437001594894,-0.0031826287945961595,0.06978021978021978,0.012759170653907496,-0.03170225060524245,-0.7803296703296704,-1.929665071770335,0.17978569934145638,144.0,92.0,-24.0,-5.482467632456026,-5.48015548668039,0.6315524256586942,0.9472527472527472,0.9218500797448166,-0.02340868560270193,,,,,,,,,,,,,,,,,,,,,,,,,,,,,,,,,
2025-02-10,1009,223,194,45,-1.101982160555005,-5.466925761781616,0.9554013875123885,118,CG,0.22101090188305253,0.19226957383548068,0.044598612487611496,0.20135092624292295,0.06851811310401652,0.14027364342089807,0.07003991617579414,-0.11691999293839435,0.9444674708534545,0,0,0,0,1,1103.0,1820.0,-94.0,0.1813236627379873,0.21483516483516482,0.03968723914506522,0.15231187669990934,0.1554945054945055,0.039957697135571346,0.038077969174977334,0.06978021978021978,0.006520643312634161,-0.600543970988214,-0.7803296703296704,-0.5014381895667911,120.0,144.0,-2.0,-4.850915206797332,-5.482467632456026,-0.6160105549842845,0.9238440616500453,0.9472527472527472,0.031557325862343166,,,,,,,,,,,,,,,,,,,,,,,,,,,,,,,,,
2025-02-17,853,190,147,40,-0.8181711606096131,-4.862507843124386,0.9519343493552169,105,CG,0.2227432590855803,0.17233294255568582,0.04689331770222743,0.2015966759384246,0.06811854572182548,0.14092359255108036,0.06983758653839246,-0.129233270033602,0.9449109850492228,0,0,0,0,0,1009.0,1103.0,-156.0,0.22101090188305253,0.1813236627379873,0.0017323572025277623,0.19226957383548068,0.15231187669990934,-0.019936631279794864,0.044598612487611496,0.038077969174977334,0.002294705214615937,-1.101982160555005,-0.600543970988214,0.28381099994539194,118.0,120.0,-13.0,-5.466925761781616,-4.850915206797332,0.60441791865723,0.9554013875123885,0.9238440616500453,-0.0034670381571715314,,,,,,,,,,,,,,,,,,,,,,,,,,,,,,,,,
2025-02-24,878,204,153,48,-0.9412300683371299,-5.4219188754164644,0.8826879271070615,103,CG,0.23234624145785876,0.17425968109339407,0.05466970387243736,0.20185774486616723,0.06773223223586664,0.14131136230422364,0.06948742320187366,-0.13773867609009594,0.9421017761117491,0,0,0,1,0,853.0,1009.0,25.0,0.2227432590855803,0.22101090188305253,0.009602982372278468,0.17233294255568582,0.19226957383548068,0.0019267385377082502,0.04689331770222743,0.044598612487611496,0.007776386170209926,-0.8181711606096131,-1.101982160555005,-0.12305890772751671,105.0,118.0,-2.0,-4.862507843124386,-5.466925761781616,-0.5594110322920782,0.9519343493552169,0.9554013875123885,-0.06924642224815547,,,,,,,,,,,,,,,,,,,,,,,,,,,,,,,,,
2025-03-03,306,64,45,16,-0.615032679738562,-4.814050523979752,0.9607843137254902,74,CG,0.20915032679738563,0.14705882352941177,0.05228758169934641,0.20222955580021224,0.06739698450596644,0.14171317106994522,0.0691529447742181,-0.14753735160530368,0.9404634121053522,0,0,0,1,0,878.0,853.0,-572.0,0.23234624145785876,0.2227432590855803,-0.023195914660473133,0.17425968109339407,0.17233294255568582,-0.0272008575639823,0.05466970387243736,0.04689331770222743,-0.0023821221730909517,-0.9412300683371299,-0.8181711606096131,0.32619738859856784,103.0,105.0,-29.0,-5.4219188754164644,-4.862507843124386,0.6078683514367125,0.8826879271070615,0.9519343493552169,0.07809638661842877,,,,,,,,,,,,,,,,,,,,,,,,,,,,,,,,,
2025-03-10,477,102,76,20,-0.06121593291404614,-3.9231225377182564,0.8951781970649895,81,CG,0.2138364779874214,0.15932914046121593,0.041928721174004195,0.2023129385833107,0.06698907402342859,0.1417775765212641,0.06873249162049969,-0.1531698254382345,0.9361187679810398,0,0,1,1,0,306.0,878.0,171.0,0.20915032679738563,0.23234624145785876,0.004686151190035764,0.14705882352941177,0.17425968109339407,0.012270316931804165,0.05228758169934641,0.05466970387243736,-0.010358860525342212,-0.615032679738562,-0.9412300683371299,0.5538167468245159,74.0,103.0,7.0,-4.814050523979752,-5.4219188754164644,0.8909279862614956,0.9607843137254902,0.8826879271070615,-0.06560611666050076,,,,,,,,,,,,,,,,,,,,,,,,,,,,,,,,,
2025-03-17,605,128,108,18,-0.11636363636363639,-4.2832230490808,0.9338842975206612,76,CG,0.2115702479338843,0.17851239669421487,0.02975206611570248,0.20245012357621678,0.06659617253212505,0.14198652371102544,0.06834402109424727,-0.15207513624151797,0.9305164997550311,0,1,1,0,0,477.0,306.0,128.0,0.2138364779874214,0.20915032679738563,-0.0022662300535370994,0.15932914046121593,0.14705882352941177,0.019183256232998935,0.041928721174004195,0.05228758169934641,-0.012176655058301716,-0.06121593291404614,-0.615032679738562,-0.05514770344959025,81.0,74.0,-5.0,-3.9231225377182564,-4.814050523979752,-0.36010051136254395,0.8951781970649895,0.9607843137254902,0.03870610045567169,,,,,,,,,,,,,,,,,,,,,,,,,,,,,,,,,
2025-03-24,439,131,97,17,-1.020728929384966,-4.401512815734286,0.8724373576309795,79,CG,0.2984054669703872,0.22095671981776766,0.0387243735763098,0.20255741915689524,0.0662059704886892,0.14241623986376883,0.06805141411042831,-0.15165500094883702,0.9249692381102371,1,1,1,0,0,605.0,477.0,-166.0,0.2115702479338843,0.2138364779874214,0.08683521903650293,0.17851239669421487,0.15932914046121593,0.042444323123552785,0.02975206611570248,0.041928721174004195,0.008972307460607318,-0.11636363636363639,-0.06121593291404614,-0.9043652930213295,76.0,81.0,3.0,-4.2832230490808,-3.9231225377182564,-0.11828976665348545,0.9338842975206612,0.8951781970649895,-0.06144693988968164,,,,,,,,,,,,,,,,,,,,,,,,,,,,,,,,,
2025-03-31,525,152,113,31,-0.6264761904761904,-4.675326576680505,0.84,82,CG,0.2895238095238095,0.21523809523809523,0.05904761904761905,0.20367193134077305,0.06662197030603079,0.14332950125858276,0.06817800713591965,-0.16176051174460596,0.9242754029282221,1,1,0,0,0,439.0,605.0,86.0,0.2984054669703872,0.2115702479338843,-0.008881657446577707,0.22095671981776766,0.17851239669421487,-0.005718624579672427,0.0387243735763098,0.02975206611570248,0.020323245471309252,-1.020728929384966,-0.11636363636363639,0.39425273890877555,79.0,76.0,3.0,-4.401512815734286,-4.2832230490808,-0.27381376094621945,0.8724373576309795,0.9338842975206612,-0.032437357630979546,,,,,,,,,,,,,,,,,,,,,,,,,,,,,,,,,
2025-04-07,484,135,102,39,-1.499793388429752,-5.389818652039735,0.9276859504132231,81,CG,0.27892561983471076,0.21074380165289255,0.08057851239669421,0.2046587345382792,0.06686998969829892,0.14415603682156566,0.06821749304444032,-0.16710207127025636,0.9202357198941269,1,0,0,0,0,525.0,439.0,-41.0,0.2895238095238095,0.2984054669703872,-0.010598189689098758,0.21523809523809523,0.22095671981776766,-0.004494293585202674,0.05904761904761905,0.0387243735763098,0.02153089334907516,-0.6264761904761904,-1.020728929384966,-0.8733171979535617,82.0,79.0,-1.0,-4.675326576680505,-4.401512815734286,-0.7144920753592299,0.84,0.8724373576309795,0.08768595041322313,,,,,,,,,,,,,,,,,,,,,,,,,,,,,,,,,
2025-04-14,302,78,71,16,-0.9599337748344372,-4.28550410580017,0.8675496688741722,49,CG,0.2582781456953642,0.23509933774834438,0.052980132450331126,0.20550267641664777,0.06695427400283879,0.1449127159673762,0.0681947356630462,-0.18224629078343246,0.9258955818062264,0,0,0,0,0,484.0,525.0,-182.0,0.27892561983471076,0.2895238095238095,-0.020647474139346533,0.21074380165289255,0.21523809523809523,0.024355536095451824,0.08057851239669421,0.05904761904761905,-0.027598379946363084,-1.499793388429752,-0.6264761904761904,0.5398596135953149,81.0,82.0,-32.0,-5.389818652039735,-4.675326576680505,1.1043145462395652,0.9276859504132231,0.84,-0.06013628153905093,,,,,,,,,,,,,,,,,,,,,,,,,,,,,,,,,
2025-04-21,456,52,31,19,1.1640350877192982,-2.3829846946895894,0.7280701754385965,85,CG,0.11403508771929824,0.06798245614035088,0.041666666666666664,0.20609565921753223,0.06680739475286278,0.14592604879637586,0.06847674200885531,-0.19098435240198305,0.9243031220945916,0,0,0,0,0,302.0,484.0,154.0,0.2582781456953642,0.27892561983471076,-0.14424305797606599,0.23509933774834438,0.21074380165289255,-0.16711688160799348,0.052980132450331126,0.08057851239669421,-0.011313465783664461,-0.9599337748344372,-1.499793388429752,2.1239688625537356,49.0,81.0,36.0,-4.28550410580017,-5.389818652039735,1.9025194111105805,0.8675496688741722,0.9276859504132231,-0.13947949343557564,,,,,,,,,,,,,,,,,,,,,,,,,,,,,,,,,
2025-04-28,376,81,69,12,-0.37632978723404253,-3.7239161655676662,0.9335106382978723,69,CG,0.2154255319148936,0.18351063829787234,0.031914893617021274,0.20507276397866295,0.06713603864390319,0.14506000887797557,0.06858484048394022,-0.17592858084507992,0.9301278626200833,0,0,0,0,0,456.0,302.0,-80.0,0.11403508771929824,0.2582781456953642,0.10139044419559537,0.06798245614035088,0.23509933774834438,0.11552818215752146,0.041666666666666664,0.052980132450331126,-0.00975177304964539,1.1640350877192982,-0.9599337748344372,-1.5403648749533407,85.0,49.0,-16.0,-2.3829846946895894,-4.28550410580017,-1.3409314708780768,0.7280701754385965,0.8675496688741722,0.20544046285927575,,,,,,,,,,,,,,,,,,,,,,,,,,,,,,,,,
2025-05-05,357,70,54,13,-0.4064425770308123,-2.785500920326745,0.7086834733893558,86,CG,0.19607843137254902,0.15126050420168066,0.036414565826330535,0.20518653065928086,0.06677083910666326,0.1454825432672052,0.06832175144320507,-0.17813079190429928,0.9251845890952749,0,0,0,0,0,376.0,456.0,-19.0,0.2154255319148936,0.11403508771929824,-0.019347100542344592,0.18351063829787234,0.06798245614035088,-0.03225013409619168,0.031914893617021274,0.041666666666666664,0.004499672209309261,-0.37632978723404253,1.1640350877192982,-0.03011278979676979,69.0,85.0,17.0,-3.7239161655676662,-2.3829846946895894,0.9384152452409213,0.9335106382978723,0.7280701754385965,-0.2248271649085165,,,,,,,,,,,,,,,,,,,,,,,,,,,,,,,,,
2025-05-12,268,62,46,20,-0.7574626865671642,-4.04103339365914,0.7835820895522388,61,CG,0.23134328358208955,0.17164179104477612,0.07462686567164178,0.20508752958007725,0.06640974224436809,0.14554534719040602,0.0679479905158547,-0.18061244174263094,0.9203949631906323,0,0,0,0,0,357.0,376.0,-89.0,0.19607843137254902,0.2154255319148936,0.03526485220954054,0.15126050420168066,0.18351063829787234,0.020381286843095453,0.036414565826330535,0.031914893617021274,0.03821229984531125,-0.4064425770308123,-0.37632978723404253,-0.3510201095363519,86.0,69.0,-25.0,-2.785500920326745,-3.7239161655676662,-1.2555324733323947,0.7086834733893558,0.9335106382978723,0.07489861616288307,,,,,,,,,,,,,,,,,,,,,,,,,,,,,,,,,
2025-05-19,313,75,44,29,-0.7083067092651757,-3.5730892938594243,0.7507987220447284,76,CG,0.23961661341853036,0.14057507987220447,0.0926517571884984,0.2053698495155828,0.06610392458643763,0.1458259541135713,0.06763185819254285,-0.18681513254719584,0.917331461913549,0,0,0,0,0,268.0,357.0,45.0,0.23134328358208955,0.19607843137254902,0.008273329836440801,0.17164179104477612,0.15126050420168066,-0.03106671117257165,0.07462686567164178,0.036414565826330535,0.018024891516856614,-0.7574626865671642,-0.4064425770308123,0.04915597730198851,61.0,86.0,15.0,-4.04103339365914,-2.785500920326745,0.4679440997997153,0.7835820895522388,0.7086834733893558,-0.03278336750751043,,,,,,,,,,,,,,,,,,,,,,,,,,,,,,,,,
2025-05-26,281,40,28,11,0.4619217081850534,-3.204446657632843,0.8256227758007118,69,CG,0.1423487544483986,0.099644128113879,0.03914590747330961,0.20573417679114606,0.06584238410207016,0.14577009374930142,0.06726944350025513,-0.19236291527823815,0.9139703376056484,0,0,0,0,0,313.0,268.0,-32.0,0.23961661341853036,0.23134328358208955,-0.09726785897013177,0.14057507987220447,0.17164179104477612,-0.040930951758325465,0.0926517571884984,0.07462686567164178,-0.05350584971518879,-0.7083067092651757,-0.7574626865671642,1.170228417450229,76.0,61.0,-7.0,-3.5730892938594243,-4.04103339365914,0.3686426362265811,0.7507987220447284,0.7835820895522388,0.07482405375598333,,,,,,,,,,,,,,,,,,,,,,,,,,,,,,,,,
2025-06-02,217,31,13,11,0.7714285714285715,-2.28985513004872,0.6405529953917051,50,CG,0.14285714285714285,0.059907834101382486,0.05069124423963134,0.20506696181911713,0.06581331088910765,0.14528455726892858,0.06707781806265267,-0.18547570871546668,0.9115708182669083,0,0,0,0,1,281.0,313.0,-64.0,0.1423487544483986,0.23961661341853036,0.0005083884087442592,0.099644128113879,0.14057507987220447,-0.039736294012496516,0.03914590747330961,0.0926517571884984,0.011545336766321732,0.4619217081850534,-0.7083067092651757,0.30950686324351806,69.0,76.0,-19.0,-3.204446657632843,-3.5730892938594243,0.9145915275841232,0.8256227758007118,0.7507987220447284,-0.18506978040900668,,,,,,,,,,,,,,,,,,,,,,,,,,,,,,,,,
2025-06-09,171,33,24,4,-0.16783625730994153,-2.4645409183802403,0.6549707602339181,48,CG,0.19298245614035087,0.14035087719298245,0.023391812865497075,0.20441894287159657,0.0657731817137612,0.14439521640259997,0.06729041703871808,-0.1755079557972996,0.9120047042076993,0,0,0,0,0,217.0,281.0,-46.0,0.14285714285714285,0.1423487544483986,0.05012531328320802,0.059907834101382486,0.099644128113879,0.08044304309159997,0.05069124423963134,0.03914590747330961,-0.027299431374134264,0.7714285714285715,0.4619217081850534,-0.939264828738513,50.0,69.0,-2.0,-2.28985513004872,-3.204446657632843,-0.17468578833152026,0.6405529953917051,0.8256227758007118,0.014417764842213021,,,,,,,,,,,,,,,,,,,,,,,,,,,,,,,,,
2025-06-16,15,1,1,0,3.1533333333333333,1.75545374928688,0.13333333333333333,6,CG,0.06666666666666667,0.06666666666666667,0.0,0.20430104094653215,0.06544001952777223,0.14435352218394412,0.06694028818129602,-0.17542886612217223,0.9072425793959062,0,0,0,0,0,171.0,217.0,-156.0,0.19298245614035087,0.14285714285714285,-0.12631578947368421,0.14035087719298245,0.059907834101382486,-0.07368421052631578,0.023391812865497075,0.05069124423963134,-0.023391812865497075,-0.16783625730994153,0.7714285714285715,3.321169590643275,48.0,50.0,-42.0,-2.4645409183802403,-2.28985513004872,4.2199946676671205,0.6549707602339181,0.6405529953917051,-0.5216374269005848,,,,,,,,,,,,,,,,,,,,,,,,,,,,,,,,,
2025-06-23,8,0,0,0,1.9375,2.4914085342768475,0.0,4,CG,0.0,0.0,0.0,0.2028966085559213,0.06656985740647221,0.1435607991684617,0.06705512986627177,-0.14146190490323848,0.9631570898808197,0,0,0,0,1,15.0,171.0,-7.0,0.06666666666666667,0.19298245614035087,-0.06666666666666667,0.06666666666666667,0.14035087719298245,-0.06666666666666667,0.0,0.023391812865497075,0.0,3.1533333333333333,-0.16783625730994153,-1.2158333333333333,6.0,48.0,-2.0,1.75545374928688,-2.4645409183802403,0.7359547849899675,0.13333333333333333,0.6549707602339181,-0.13333333333333333,,,,,,,,,,,,,,,,,,,,,,,,,,,,,,,,,
2025-06-30,270,27,19,6,1.8192592592592591,-0.6833379263490561,0.5962962962962963,64,CG,0.1,0.07037037037037037,0.022222222222222223,0.20084714786343724,0.06929758064113792,0.14211069008595198,0.06825458024948189,-0.12046228970219568,0.9807461156078257,0,0,0,1,0,8.0,15.0,262.0,0.0,0.06666666666666667,0.1,0.0,0.06666666666666667,0.07037037037037037,0.0,0.0,0.022222222222222223,1.9375,3.1533333333333333,-0.11824074074074087,4.0,6.0,60.0,2.4914085342768475,1.75545374928688,-3.1747464606259035,0.0,0.13333333333333333,0.5962962962962963,,,,,,,,,,,,,,,,,,,,,,,,,,,,,,,,,
2025-07-07,300,39,30,12,1.4146666666666667,-2.077897082107988,0.87,57,CG,0.13,0.1,0.04,0.19983867638480288,0.06968033827472564,0.14139328688879615,0.0682868728819375,-0.10106507421258111,0.9948730335319356,0,0,0,0,0,270.0,8.0,30.0,0.1,0.0,0.03,0.07037037037037037,0.0,0.02962962962962963,0.022222222222222223,0.0,0.017777777777777778,1.8192592592592591,1.9375,-0.4045925925925924,64.0,4.0,-7.0,-0.6833379263490561,2.4914085342768475,-1.394559155758932,0.5962962962962963,0.0,0.27370370370370367,,,,,,,,,,,,,,,,,,,,,,,,,,,,,,,,,
2025-07-14,279,57,45,11,0.5469534050179211,-2.091914126877834,0.6594982078853047,55,CG,0.20430107526881722,0.16129032258064516,0.03942652329749104,0.19914720434138897,0.06967845821291192,0.1409834523651447,0.06806930612198415,-0.08605782925338065,1.001309935458725,0,0,1,0,0,300.0,270.0,-21.0,0.13,0.1,0.07430107526881721,0.1,0.07037037037037037,0.06129032258064515,0.04,0.022222222222222223,-0.000573476702508964,1.4146666666666667,1.8192592592592591,-0.8677132616487456,57.0,64.0,-2.0,-2.077897082107988,-0.6833379263490561,-0.014017044769845999,0.87,0.5962962962962963,-0.21050179211469533,,,,,,,,,,,,,,,,,,,,,,,,,,,,,,,,,
2025-07-21,377,63,40,8,-0.11220159151193637,-4.639900177971094,0.8938992042440318,60,CG,0.16710875331564987,0.10610079575596817,0.021220159151193633,0.1991977324877363,0.06933453526793291,0.14118253932804178,0.06776132909097164,-0.07985183676052475,0.9983101238651734,0,1,0,1,0,279.0,300.0,98.0,0.20430107526881722,0.13,-0.03719232195316735,0.16129032258064516,0.1,-0.05518952682467698,0.03942652329749104,0.04,-0.018206364146297404,0.5469534050179211,1.4146666666666667,-0.6591549965298575,55.0,57.0,5.0,-2.091914126877834,-2.077897082107988,-2.5479860510932597,0.6594982078853047,0.87,0.23440099635872713,,,,,,,,,,,,,,,,,,,,,,,,,,,,,,,,,
2025-07-28,595,178,166,12,-1.3608403361344539,-4.620943564194653,0.8890756302521008,87,CG,0.2991596638655462,0.27899159663865547,0.020168067226890758,0.19888618900062868,0.06906623428975596,0.14084193987588572,0.06751689328525864,-0.08016591204937341,0.9934095071675805,1,0,0,0,0,377.0,279.0,218.0,0.16710875331564987,0.20430107526881722,0.13205091054989634,0.10610079575596817,0.16129032258064516,0.1728908008826873,0.021220159151193633,0.03942652329749104,-0.0010520919243028753,-0.11220159151193637,0.5469534050179211,-1.2486387446225176,60.0,55.0,27.0,-4.639900177971094,-2.091914126877834,0.018956613776440534,0.8938992042440318,0.6594982078853047,-0.004823573991931007,,,,,,,,,,,,,,,,,,,,,,,,,,,,,,,,,
2025-08-04,309,72,51,20,-0.270873786407767,-2.573512751287305,0.7216828478964401,69,CG,0.23300970873786409,0.1650485436893204,0.06472491909385113,0.19985035702817597,0.06942991511440233,0.14217030196014313,0.06854039731093894,-0.09248008920403764,0.9965198000250644,0,0,1,0,1,595.0,377.0,-286.0,0.2991596638655462,0.16710875331564987,-0.06614995512768213,0.27899159663865547,0.10610079575596817,-0.11394305294933507,0.020168067226890758,0.021220159151193633,0.04455685186696037,-1.3608403361344539,-0.11220159151193637,1.0899665497266868,87.0,60.0,-18.0,-4.620943564194653,-4.639900177971094,2.0474308129073484,0.8890756302521008,0.8938992042440318,-0.16739278235566069,,,,,,,,,,,,,,,,,,,,,,,,,,,,,,,,,
2025-08-11,261,53,40,13,0.6302681992337165,-4.705385302671493,0.8850574712643678,49,CG,0.20306513409961685,0.1532567049808429,0.04980842911877394,0.20016616037779203,0.06917104784164484,0.14238818997661148,0.06824661118627265,-0.09417907679645411,0.9918700652644892,0,1,0,0,0,309.0,595.0,-48.0,0.23300970873786409,0.2991596638655462,-0.029944574638247234,0.1650485436893204,0.27899159663865547,-0.011791838708477498,0.06472491909385113,0.020168067226890758,-0.014916489975077184,-0.270873786407767,-1.3608403361344539,0.9011419856414835,69.0,87.0,-20.0,-2.573512751287305,-4.620943564194653,-2.131872551384188,0.7216828478964401,0.8890756302521008,0.16337462336792774,,,,,,,,,,,,,,,,,,,,,,,,,,,,,,,,,
2025-08-18,511,150,125,27,-2.005675146771037,-4.897250453987731,0.8864970645792564,74,CG,0.29354207436399216,0.2446183953033268,0.05283757338551859,0.2001935091864885,0.06884144973393355,0.14249072313702876,0.06792905289308232,-0.08734466853201854,0.9896402435784257,1,0,0,0,0,261.0,309.0,250.0,0.20306513409961685,0.23300970873786409,0.0904769402643753,0.1532567049808429,0.1650485436893204,0.0913616903224839,0.04980842911877394,0.06472491909385113,0.0030291442667446447,0.6302681992337165,-0.270873786407767,-2.635943346004754,49.0,69.0,25.0,-4.705385302671493,-2.573512751287305,-0.19186515131623771,0.8850574712643678,0.7216828478964401,0.001439593314888521,,,,,,,,,,,,,,,,,,,,,,,,,,,,,,,,,
2025-08-25,287,46,39,7,0.662369337979094,-3.6219229156583492,0.759581881533101,57,CG,0.1602787456445993,0.13588850174216027,0.024390243902439025,0.2010659256834745,0.06910770660863759,0.143445187362882,0.0683249718184001,-0.10527299075855141,1.0022678040340178,0,0,0,0,0,511.0,261.0,-224.0,0.29354207436399216,0.20306513409961685,-0.13326332871939287,0.2446183953033268,0.1532567049808429,-0.10872989356116652,0.05283757338551859,0.04980842911877394,-0.028447329483079563,-2.005675146771037,0.6302681992337165,2.6680444847501312,74.0,49.0,-17.0,-4.897250453987731,-4.705385302671493,1.2753275383293814,0.8864970645792564,0.8850574712643678,-0.12691518304615534,,,,,,,,,,,,,,,,,,,,,,,,,,,,,,,,,
2025-09-01,448,82,44,37,-0.05223214285714285,-4.339316043824668,0.875,71,CG,0.18303571428571427,0.09821428571428571,0.08258928571428571,0.2006882666090405,0.06889589548383904,0.14337521805157902,0.06800883414330719,-0.09816519141838803,1.0003043373509228,0,0,0,1,1,287.0,511.0,161.0,0.1602787456445993,0.29354207436399216,0.022756968641114983,0.13588850174216027,0.2446183953033268,-0.03767421602787456,0.024390243902439025,0.05283757338551859,0.05819904181184669,0.662369337979094,-2.005675146771037,-0.7146014808362369,57.0,74.0,14.0,-3.6219229156583492,-4.897250453987731,-0.7173931281663184,0.759581881533101,0.8864970645792564,0.11541811846689898,,,,,,,,,,,,,,,,,,,,,,,,,,,,,,,,,
2025-09-08,407,60,47,14,0.4238329238329238,-4.264410768366539,0.8132678132678133,75,CG,0.14742014742014742,0.11547911547911548,0.0343980343980344,0.20052631658772557,0.06859703225723064,0.1429608975714204,0.0678313104745005,-0.09774378730314726,0.9956722491387545,0,0,0,0,0,448.0,287.0,-41.0,0.18303571428571427,0.1602787456445993,-0.035615566865566856,0.09821428571428571,0.13588850174216027,0.017264829764829764,0.08258928571428571,0.024390243902439025,-0.048191251316251314,-0.05223214285714285,0.662369337979094,0.47606506669006665,71.0,57.0,4.0,-4.339316043824668,-3.6219229156583492,0.07490527545812853,0.875,0.759581881533101,-0.06173218673218672,,,,,,,,,,,,,,,,,,,,,,,,,,,,,,,,,
2025-09-15,301,43,28,7,0.32126245847176077,-3.1290318944143896,0.7342192691029901,72,CG,0.14285714285714285,0.09302325581395349,0.023255813953488372,0.20004353323165666,0.06846912734647205,0.14271106318876306,0.0675702654304499,-0.09300218083827388,0.9923413040516573,0,0,1,0,0,407.0,448.0,-106.0,0.14742014742014742,0.18303571428571427,-0.004563004563004569,0.11547911547911548,0.09821428571428571,-0.02245585966516199,0.0343980343980344,0.08258928571428571,-0.011142220444546026,0.4238329238329238,-0.05223214285714285,-0.10257046536116304,75.0,71.0,-3.0,-4.264410768366539,-4.339316043824668,1.1353788739521495,0.8132678132678133,0.875,-0.07904854416482321,,,,,,,,,,,,,,,,,,,,,,,,,,,,,,,,,
2025-09-22,252,34,32,5,0.21547619047619043,-1.8498135797731525,0.6984126984126984,59,CG,0.1349206349206349,0.12698412698412698,0.01984126984126984,0.19952834052557997,0.06837298468280674,0.1422634252844855,0.06742756248024266,-0.08927006697061592,0.9886026265520361,0,1,0,0,0,301.0,407.0,-49.0,0.14285714285714285,0.14742014742014742,-0.007936507936507936,0.09302325581395349,0.11547911547911548,0.03396087117017349,0.023255813953488372,0.0343980343980344,-0.0034145441122185316,0.32126245847176077,0.4238329238329238,-0.10578626799557034,72.0,75.0,-13.0,-3.1290318944143896,-4.264410768366539,1.279218314641237,0.7342192691029901,0.8132678132678133,-0.035806570690291695,,,,,,,,,,,,,,,,,,,,,,,,,,,,,,,,,
2025-09-29,561,195,110,83,-1.5572192513368985,-6.020443874555963,0.8698752228163993,80,CG,0.34759358288770054,0.19607843137254902,0.14795008912655971,0.1989514860112501,0.06833753273174928,0.1421270029782323,0.06713867271741353,-0.08654911824341228,0.9845605776013348,1,0,0,1,0,252.0,301.0,309.0,0.1349206349206349,0.14285714285714285,0.21267294796706562,0.12698412698412698,0.09302325581395349,0.06909430438842204,0.01984126984126984,0.023255813953488372,0.1281088192852899,0.21547619047619043,0.32126245847176077,-1.772695441813089,59.0,72.0,21.0,-1.8498135797731525,-3.1290318944143896,-4.170630294782811,0.6984126984126984,0.7342192691029901,0.1714625244037009,,,,,,,,,,,,,,,,,,,,,,,,,,,,,,,,,
2025-10-06,279,41,18,23,0.15627240143369173,-2.9631910861148683,0.6953405017921147,68,CG,0.14695340501792115,0.06451612903225806,0.08243727598566308,0.20026690279776738,0.06945392787020734,0.14260444924720853,0.06703069328007284,-0.0995638981822927,0.9898711953074335,0,0,0,0,0,561.0,252.0,-282.0,0.34759358288770054,0.1349206349206349,-0.2006401778697794,0.19607843137254902,0.12698412698412698,-0.13156230234029095,0.14795008912655971,0.01984126984126984,-0.06551281314089663,-1.5572192513368985,0.21547619047619043,1.7134916527705903,80.0,59.0,-12.0,-6.020443874555963,-1.8498135797731525,3.0572527884410947,0.8698752228163993,0.6984126984126984,-0.17453472102428458,,,,,,,,,,,,,,,,,,,,,,,,,,,,,,,,,
2025-10-13,216,38,25,10,1.0856481481481481,-2.1165665450347366,0.7916666666666666,64,CG,0.17592592592592593,0.11574074074074074,0.046296296296296294,0.19979924053654063,0.0693259827648822,0.14191946398216512,0.06713301066488589,-0.09731972011548581,0.9857727582811294,0,0,1,0,0,279.0,561.0,-63.0,0.14695340501792115,0.34759358288770054,0.028972520908004784,0.06451612903225806,0.19607843137254902,0.05122461170848268,0.08243727598566308,0.14795008912655971,-0.03614097968936679,0.15627240143369173,-1.5572192513368985,0.9293757467144564,68.0,80.0,-4.0,-2.9631910861148683,-6.020443874555963,0.8466245410801316,0.6953405017921147,0.8698752228163993,0.09632616487455192,,,,,,,,,,,,,,,,,,,,,,,,,,,,,,,,,
2025-10-20,160,11,8,3,1.3175,-1.463852759919366,0.54375,46,CG,0.06875,0.05,0.01875,0.19959164649644837,0.06905714404310383,0.14169182291050056,0.06688248484844078,-0.08703304300014986,0.9876196812590395,0,1,0,0,0,216.0,279.0,-56.0,0.17592592592592593,0.14695340501792115,-0.10717592592592592,0.11574074074074074,0.06451612903225806,-0.06574074074074074,0.046296296296296294,0.08243727598566308,-0.027546296296296294,1.0856481481481481,0.15627240143369173,0.23185185185185175,64.0,68.0,-18.0,-2.1165665450347366,-2.9631910861148683,0.6527137851153706,0.7916666666666666,0.6953405017921147,-0.24791666666666667,,,,,,,,,,,,,,,,,,,,,,,,,,,,,,,,,
2025-10-27,164,46,30,15,-1.095121951219512,-1.317420424968321,0.6097560975609756,43,CG,0.2804878048780488,0.18292682926829268,0.09146341463414634,0.19846370126803067,0.06982121993339202,0.1409013761612721,0.06713304931892099,-0.07492499952601064,0.9919259583610118,1,0,0,0,0,160.0,216.0,4.0,0.06875,0.17592592592592593,0.2117378048780488,0.05,0.11574074074074074,0.1329268292682927,0.01875,0.046296296296296294,0.07271341463414634,1.3175,1.0856481481481481,-2.4126219512195117,46.0,64.0,-3.0,-1.463852759919366,-2.1165665450347366,0.14643233495104502,0.54375,0.7916666666666666,0.06600609756097564,,,,,,,,,,,,,,,,,,,,,,,,,,,,,,,,,
2025-11-03,215,40,22,18,0.34093023255813953,-3.0539846520156813,0.7348837209302326,59,CG,0.18604651162790697,0.10232558139534884,0.08372093023255814,0.19916476198264624,0.06993197225788805,0.14126056806816972,0.06695587644207916,-0.08364463159176708,0.9921344691618371,0,0,0,0,1,164.0,160.0,51.0,0.2804878048780488,0.06875,-0.09444129325014183,0.18292682926829268,0.05,-0.08060124787294384,0.09146341463414634,0.01875,-0.007742484401588201,-1.095121951219512,1.3175,1.4360521837776516,43.0,46.0,16.0,-1.317420424968321,-1.463852759919366,-1.7365642270473602,0.6097560975609756,0.54375,0.12512762336925698,,,,,,,,,,,,,,,,,,,,,,,,,,,,,,,,,
2025-11-10,205,24,21,1,1.371219512195122,-0.9364525789597652,0.4975609756097561,48,CG,0.11707317073170732,0.1024390243902439,0.004878048780487805,0.19905359036947048,0.06964294752676037,0.14093061055399328,0.06676540480076197,-0.08004653952270006,0.9886583740341794,0,0,0,0,0,215.0,164.0,-10.0,0.18604651162790697,0.2804878048780488,-0.06897334089619965,0.10232558139534884,0.18292682926829268,0.00011344299489506049,0.08372093023255814,0.09146341463414634,-0.07884288145207033,0.34093023255813953,-1.095121951219512,1.0302892796369825,59.0,43.0,-11.0,-3.0539846520156813,-1.317420424968321,2.117532073055916,0.7348837209302326,0.6097560975609756,-0.23732274532047648,,,,,,,,,,,,,,,,,,,,,,,,,,,,,,,,,
2025-11-17,376,51,44,6,0.9095744680851063,-1.810140202030489,0.5771276595744681,67,CG,0.1356382978723404,0.11702127659574468,0.015957446808510637,0.1983646792800775,0.0697532399095013,0.14060715184673486,0.06657547057550073,-0.06785102648305451,0.9934087170833841,0,0,0,0,0,205.0,215.0,171.0,0.11707317073170732,0.18604651162790697,0.01856512714063309,0.1024390243902439,0.10232558139534884,0.014582252205500787,0.004878048780487805,0.08372093023255814,0.011079398028022831,1.371219512195122,0.34093023255813953,-0.4616450441100157,48.0,59.0,19.0,-0.9364525789597652,-3.0539846520156813,-0.8736876230707239,0.4975609756097561,0.7348837209302326,0.079566683964712,,,,,,,,,,,,,,,,,,,,,,,,,,,,,,,,,
2025-11-24,224,37,32,2,0.8138392857142857,-1.984796701653335,0.6116071428571429,46,CG,0.16517857142857142,0.14285714285714285,0.008928571428571428,0.19784195943501304,0.06969516572875561,0.14041060288630997,0.066330105529647,-0.05970581402831983,0.9932417978139422,0,0,0,0,0,376.0,205.0,-152.0,0.1356382978723404,0.11707317073170732,0.02954027355623101,0.11702127659574468,0.1024390243902439,0.025835866261398166,0.015957446808510637,0.004878048780487805,-0.007028875379939209,0.9095744680851063,1.371219512195122,-0.09573518237082068,67.0,48.0,-21.0,-1.810140202030489,-0.9364525789597652,-0.1746564996228459,0.5771276595744681,0.4975609756097561,0.034479483282674805,,,,,,,,,,,,,,,,,,,,,,,,,,,,,,,,,
2025-12-01,321,50,48,3,0.6956386292834892,-1.7040337759334803,0.7320872274143302,55,CG,0.1557632398753894,0.14953271028037382,0.009345794392523364,0.19757201407958788,0.06946765425813065,0.14043082222491188,0.06605352634667633,-0.05248643303871151,0.9922775048192316,0,0,0,1,0,224.0,376.0,97.0,0.16517857142857142,0.1356382978723404,-0.009415331553182027,0.14285714285714285,0.11702127659574468,0.006675567423230971,0.008928571428571428,0.015957446808510637,0.0004172229639519357,0.8138392857142857,0.9095744680851063,-0.11820065643079647,46.0,67.0,9.0,-1.984796701653335,-1.810140202030489,0.28076292571985473,0.6116071428571429,0.5771276595744681,0.12048008455718728,,,,,,,,,,,,,,,,,,,,,,,,,,,,,,,,,
2025-12-08,766,161,151,6,-0.3621409921671019,-4.375023110088246,0.9190600522193212,73,CG,0.21018276762402088,0.19712793733681463,0.007832898172323759,0.19722931920906167,0.06928347831886612,0.14050542786471074,0.06578517294160109,-0.046354260396726264,0.9904872374147766,0,0,0,0,0,321.0,224.0,445.0,0.1557632398753894,0.16517857142857142,0.054419527748631485,0.14953271028037382,0.14285714285714285,0.047595227056440814,0.009345794392523364,0.008928571428571428,-0.0015128962201996048,0.6956386292834892,0.8138392857142857,-1.057779621450591,55.0,46.0,18.0,-1.7040337759334803,-1.984796701653335,-2.6709893341547657,0.7320872274143302,0.6116071428571429,0.186972824804991,,,,,,,,,,,,,,,,,,,,,,,,,,,,,,,,,
2025-12-15,366,47,38,5,0.9508196721311475,-3.2857130027323533,0.8469945355191257,61,CG,0.1284153005464481,0.10382513661202186,0.01366120218579235,0.1973346317978012,0.06900883004725598,0.14096577347017503,0.06571363665084254,-0.04892163219973745,0.9868303771700435,0,0,1,0,0,766.0,321.0,-400.0,0.21018276762402088,0.1557632398753894,-0.08176746707757279,0.19712793733681463,0.14953271028037382,-0.09330280072479277,0.007832898172323759,0.009345794392523364,0.00582830401346859,-0.3621409921671019,0.6956386292834892,1.3129606642982494,73.0,55.0,-12.0,-4.375023110088246,-1.7040337759334803,1.0893101073558924,0.9190600522193212,0.7320872274143302,-0.07206551670019545,,,,,,,,,,,,,,,,,,,,,,,,,,,,,,,,,
2025-12-22,215,38,32,5,0.3609302325581395,-2.7816118944398878,0.8325581395348837,49,CG,0.17674418604651163,0.14883720930232558,0.023255813953488372,0.19677883073932254,0.0690058463984092,0.14066625220518988,0.065530897051183,-0.040859202326101275,0.9869028251547514,0,1,0,0,0,366.0,766.0,-151.0,0.1284153005464481,0.21018276762402088,0.048328885500063534,0.10382513661202186,0.19712793733681463,0.04501207269030372,0.01366120218579235,0.007832898172323759,0.009594611767696022,0.9508196721311475,-0.3621409921671019,-0.589889439573008,61.0,73.0,-12.0,-3.2857130027323533,-4.375023110088246,0.5041011082924656,0.8469945355191257,0.9190600522193212,-0.014436395984242067,,,,,,,,,,,,,,,,,,,,,,,,,,,,,,,,,
2025-12-29,160,46,41,2,-1.165625,-3.5460507734512694,0.80625,40,CG,0.2875,0.25625,0.0125,0.19661855358178004,0.06875039101723686,0.14073161986196697,0.06527021637309825,-0.03764488684702735,0.983572066281924,1,0,0,0,1,215.0,366.0,-55.0,0.17674418604651163,0.1284153005464481,0.11075581395348835,0.14883720930232558,0.10382513661202186,0.1074127906976744,0.023255813953488372,0.01366120218579235,-0.010755813953488371,0.3609302325581395,0.9508196721311475,-1.5265552325581395,49.0,61.0,-9.0,-2.7816118944398878,-3.2857130027323533,-0.7644388790113816,0.8325581395348837,0.8469945355191257,-0.026308139534883646,,,,,,,,,,,,,,,,,,,,,,,,,,,,,,,,,
2026-01-05,220,28,25,3,0.9186363636363636,-2.9241834866259975,0.6863636363636364,59,CG,0.12727272727272726,0.11363636363636363,0.013636363636363636,0.19733983490255955,0.0689518268402634,0.14164843240274502,0.06581814518678605,-0.04659710996728904,0.9847703423345445,0,0,0,0,0,160.0,215.0,60.0,0.2875,0.17674418604651163,-0.16022727272727272,0.25625,0.14883720930232558,-0.14261363636363633,0.0125,0.023255813953488372,0.001136363636363635,-1.165625,0.3609302325581395,2.0842613636363634,40.0,49.0,19.0,-3.5460507734512694,-2.7816118944398878,0.6218672868252719,0.80625,0.8325581395348837,-0.11988636363636362,,,,,,,,,,,,,,,,,,,,,,,,,,,,,,,,,
2026-01-12,187,27,16,10,1.7053475935828877,-1.2149919125793864,0.6577540106951871,55,CG,0.1443850267379679,0.0855614973262032,0.053475935828877004,0.19678812539366325,0.06895852479952004,0.1414278649321436,0.06560354876459146,-0.03899684639560674,0.9845872474277615,0,0,0,0,0,220.0,160.0,-33.0,0.12727272727272726,0.2875,0.01711229946524065,0.11363636363636363,0.25625,-0.02807486631016043,0.013636363636363636,0.0125,0.03983957219251337,0.9186363636363636,-1.165625,0.7867112299465241,59.0,40.0,-4.0,-2.9241834866259975,-3.5460507734512694,1.709191574046611,0.6863636363636364,0.80625,-0.028609625668449268,,,,,,,,,,,,,,,,,,,,,,,,,,,,,,,,,
2026-01-19,181,45,34,12,-0.38618784530386746,-4.065977383725995,0.8287292817679558,50,CG,0.24861878453038674,0.1878453038674033,0.06629834254143646,0.19637872618541563,0.06884249265275673,0.1409914089352222,0.06553106462619111,-0.02536915545827475,0.9927488448660963,0,0,0,0,0,187.0,220.0,-6.0,0.1443850267379679,0.12727272727272726,0.10423375779241884,0.0855614973262032,0.11363636363636363,0.1022838065412001,0.053475935828877004,0.013636363636363636,0.012822406712559457,1.7053475935828877,0.9186363636363636,-2.0915354388867553,55.0,59.0,-5.0,-1.2149919125793864,-2.9241834866259975,-2.8509854711466085,0.6577540106951871,0.6863636363636364,0.17097527107276866,,,,,,,,,,,,,,,,,,,,,,,,,,,,,,,,,
2026-01-26,213,52,46,6,-0.8807511737089202,-3.828287203692804,0.8262910798122066,43,CG,0.24413145539906103,0.215962441314554,0.028169014084507043,0.1967836878780123,0.06872712945689954,0.14135461742306854,0.06540480704812568,-0.028166199565604923,0.9893734801867221,0,0,0,1,0,181.0,187.0,32.0,0.24861878453038674,0.1443850267379679,-0.004487329131325712,0.1878453038674033,0.0855614973262032,0.028117137447150692,0.06629834254143646,0.053475935828877004,-0.038129328456929415,-0.38618784530386746,1.7053475935828877,-0.49456332840505274,50.0,55.0,-7.0,-4.065977383725995,-1.2149919125793864,0.2376901800331912,0.8287292817679558,0.6577540106951871,-0.002438201955749175,,,,,,,,,,,,,,,,,,,,,,,,,,,,,,,,,
2026-02-02,449,38,33,3,1.3187082405345212,-2.5367123719507463,0.8819599109131403,59,CG,0.08463251670378619,0.07349665924276169,0.0066815144766146995,0.19714790147432806,0.06858605819081658,0.14192852376069537,0.0654785883674832,-0.034724545520553506,0.988363986293704,0,0,0,0,0,213.0,181.0,236.0,0.24413145539906103,0.24861878453038674,-0.15949893869527484,0.215962441314554,0.1878453038674033,-0.1424657820717923,0.028169014084507043,0.06629834254143646,-0.021487499607892344,-0.8807511737089202,-0.38618784530386746,2.1994594142434414,43.0,50.0,16.0,-3.828287203692804,-4.065977383725995,1.2915748317420577,0.8262910798122066,0.8287292817679558,0.05566883110093368,,,,,,,,,,,,,,,,,,,,,,,,,,,,,,,,,
2026-02-09,311,43,33,8,1.252411575562701,-1.5436233094435021,0.7491961414790996,66,CG,0.1382636655948553,0.10610932475884244,0.02572347266881029,0.19628900540737737,0.06902536794377112,0.1414061431155203,0.06549971500601796,-0.024392997535400262,0.9916310259191173,0,0,1,0,0,449.0,213.0,-138.0,0.08463251670378619,0.24413145539906103,0.053631148891069125,0.07349665924276169,0.215962441314554,0.03261266551608075,0.0066815144766146995,0.028169014084507043,0.01904195819219559,1.3187082405345212,-0.8807511737089202,-0.06629666497182019,59.0,43.0,7.0,-2.5367123719507463,-3.828287203692804,0.9930890625072442,0.8819599109131403,0.8262910798122066,-0.13276376943404067,,,,,,,,,,,,,,,,,,,,,,,,,,,,,,,,,
2026-02-16,258,37,29,11,0.8748062015503876,-2.9919978849024425,0.7286821705426356,58,CG,0.1434108527131783,0.1124031007751938,0.04263565891472868,0.19584941949970672,0.06894663372200832,0.14113874297645457,0.06532152267821144,-0.014720235617990404,0.9940704031264731,0,1,0,0,0,311.0,449.0,-53.0,0.1382636655948553,0.08463251670378619,0.005147187118322988,0.10610932475884244,0.07349665924276169,0.006293776016351366,0.02572347266881029,0.0066815144766146995,0.016912186245918392,1.252411575562701,1.3187082405345212,-0.3776053740123134,66.0,59.0,-8.0,-1.5436233094435021,-2.5367123719507463,-1.4483745754589403,0.7491961414790996,0.8819599109131403,-0.02051397093646401,,,,,,,,,,,,,,,,,,,,,,,,,,,,,,,,,
2026-02-23,271,75,68,7,-1.6494464944649447,-4.6693635758166945,0.8044280442804428,39,CG,0.2767527675276753,0.25092250922509224,0.025830258302583026,0.19545514456146218,0.06883531871722853,0.1409226855162947,0.06512130883844611,-0.008032066917476285,0.9932970792688126,1,0,0,0,0,258.0,311.0,13.0,0.1434108527131783,0.1382636655948553,0.133341914814497,0.1124031007751938,0.10610932475884244,0.13851940844989843,0.04263565891472868,0.02572347266881029,-0.016805400612145655,0.8748062015503876,1.252411575562701,-2.524252696015332,58.0,66.0,-19.0,-2.9919978849024425,-1.5436233094435021,-1.677365690914252,0.7286821705426356,0.7491961414790996,0.07574587373780717,,,,,,,,,,,,,,,,,,,,,,,,,,,,,,,,,
2026-03-02,241,51,32,13,-0.27634854771784234,-2.3508031666976947,0.7219917012448133,51,CG,0.21161825726141079,0.13278008298755187,0.05394190871369295,0.1960618432403145,0.06893473681147914,0.14174357972307677,0.06556826581795815,-0.02028142831708426,0.9996634569735812,0,0,0,0,0,271.0,258.0,-30.0,0.2767527675276753,0.1434108527131783,-0.06513451026626452,0.25092250922509224,0.1124031007751938,-0.11814242623754037,0.025830258302583026,0.04263565891472868,0.028111650411109922,-1.6494464944649447,0.8748062015503876,1.3730979467471025,39.0,58.0,12.0,-4.6693635758166945,-2.9919978849024425,2.3185604091189997,0.8044280442804428,0.7286821705426356,-0.08243634303562952,,,,,,,,,,,,,,,,,,,,,,,,,,,,,,,,,
2026-03-09,264,59,41,20,-1.0556818181818182,-4.7668387221862005,0.8977272727272727,64,CG,0.22348484848484848,0.1553030303030303,0.07575757575757576,0.19617707593676706,0.06869008571558281,0.14167718345096175,0.06532770516282867,-0.022178221794126908,0.9961702009536239,0,0,0,0,1,241.0,271.0,23.0,0.21161825726141079,0.2767527675276753,0.011866591223437695,0.13278008298755187,0.25092250922509224,0.022522947315478437,0.05394190871369295,0.025830258302583026,0.02181566704388281,-0.27634854771784234,-1.6494464944649447,-0.7793332704639758,51.0,39.0,13.0,-2.3508031666976947,-4.6693635758166945,-2.416035555488506,0.7219917012448133,0.8044280442804428,0.17573557148245944,,,,,,,,,,,,,,,,,,,,,,,,,,,,,,,,,
2026-03-16,237,48,31,14,-0.3485232067510549,-1.953389653036905,0.5864978902953587,56,CG,0.20253164556962025,0.1308016877637131,0.05907172995780591,0.19637786838197355,0.06847525460471676,0.14177737350134462,0.06509578770094686,-0.029777512944036404,0.9964226942972235,0,0,0,0,0,264.0,241.0,-27.0,0.22348484848484848,0.21161825726141079,-0.02095320291522823,0.1553030303030303,0.13278008298755187,-0.02450134253931721,0.07575757575757576,0.05394190871369295,-0.016685845799769852,-1.0556818181818182,-0.27634854771784234,0.7071586114307633,64.0,51.0,-8.0,-4.7668387221862005,-2.3508031666976947,2.8134490691492955,0.8977272727272727,0.7219917012448133,-0.311229382431914,,,,,,,,,,,,,,,,,,,,,,,,,,,,,,,,,
2026-03-23,125,16,14,6,0.6504000000000001,-2.4425169296753477,0.656,46,CG,0.128,0.112,0.048,0.1964227864636352,0.06822506865995806,0.14169725900690938,0.0648628019916795,-0.03210412384773727,0.9931260519597451,0,0,0,0,0,237.0,264.0,-112.0,0.20253164556962025,0.22348484848484848,-0.07453164556962025,0.1308016877637131,0.1553030303030303,-0.01880168776371309,0.05907172995780591,0.07575757575757576,-0.011071729957805906,-0.3485232067510549,-1.0556818181818182,0.998923206751055,56.0,64.0,-10.0,-1.953389653036905,-4.7668387221862005,-0.4891272766384427,0.5864978902953587,0.8977272727272727,0.06950210970464132,,,,,,,,,,,,,,,,,,,,,,,,,,,,,,,,,
2026-03-30,167,27,26,2,-0.1383233532934132,-3.625423719338269,0.7844311377245509,47,CG,0.16167664670658682,0.15568862275449102,0.011976047904191617,0.19592696917042046,0.06822469914952321,0.1414820614778738,0.06467506856127521,-0.027158441790869608,0.9911990406142686,0,0,0,0,0,125.0,237.0,42.0,0.128,0.20253164556962025,0.03367664670658682,0.112,0.1308016877637131,0.04368862275449102,0.048,0.05907172995780591,-0.03602395209580839,0.6504000000000001,-0.3485232067510549,-0.7887233532934133,46.0,56.0,1.0,-2.4425169296753477,-1.953389653036905,-1.1829067896629213,0.656,0.5864978902953587,0.12843113772455084,,,,,,,,,,,,,,,,,,,,,,,,,,,,,,,,,
2026-04-06,165,42,31,12,-1.1412121212121213,-4.252019798924741,0.8909090909090909,57,CG,0.2545454545454545,0.18787878787878787,0.07272727272727272,0.19568056397283892,0.06803910623040632,0.14158426695468398,0.0644515777115169,-0.02795818935563611,0.9876462190605275,0,0,0,1,0,167.0,125.0,-2.0,0.16167664670658682,0.128,0.0928688078388677,0.15568862275449102,0.112,0.03219016512429684,0.011976047904191617,0.048,0.06075122482308111,-0.1383233532934132,0.6504000000000001,-1.0028887679187082,47.0,46.0,10.0,-3.625423719338269,-2.4425169296753477,-0.6265960795864722,0.7844311377245509,0.656,0.10647795318454001,,,,,,,,,,,,,,,,,,,,,,,,,,,,,,,,,
2026-04-13,230,31,18,18,0.961304347826087,-2.204169099556931,0.8173913043478261,55,CG,0.13478260869565217,0.0782608695652174,0.0782608695652174,0.196101027476929,0.06797621683005767,0.14191494210414188,0.06433839742188474,-0.035910003154611,0.9885746566066377,0,0,0,0,0,165.0,167.0,65.0,0.2545454545454545,0.16167664670658682,-0.11976284584980235,0.18787878787878787,0.15568862275449102,-0.10961791831357047,0.07272727272727272,0.011976047904191617,0.005533596837944674,-1.1412121212121213,-0.1383233532934132,2.1025164690382083,57.0,47.0,-2.0,-4.252019798924741,-3.625423719338269,2.0478506993678103,0.8909090909090909,0.7844311377245509,-0.07351778656126473,,,,,,,,,,,,,,,,,,,,,,,,,,,,,,,,,
2026-04-20,248,24,7,22,1.4766129032258064,-2.707734163727177,0.8104838709677419,61,CG,0.0967741935483871,0.028225806451612902,0.08870967741935484,0.19566614507422495,0.0679295729708246,0.14146349478117076,0.06433193989555956,-0.028837560949074137,0.9886111582313829,0,0,1,0,0,230.0,165.0,18.0,0.13478260869565217,0.2545454545454545,-0.03800841514726508,0.0782608695652174,0.18787878787878787,-0.05003506311360449,0.0782608695652174,0.07272727272727272,0.010448807854137446,0.961304347826087,-1.1412121212121213,0.5153085553997194,55.0,57.0,6.0,-2.204169099556931,-4.252019798924741,-0.503565064170246,0.8173913043478261,0.8909090909090909,-0.00690743338008426,,,,,,,,,,,,,,,,,,,,,,,,,,,,,,,,,
2026-04-27,195,25,18,15,1.176923076923077,-4.012518226425568,0.8461538461538461,46,CG,0.1282051282051282,0.09230769230769231,0.07692307692307693,0.194969722880381,0.0681950951464422,0.14066604627180768,0.06480391928072285,-0.018235797116856668,0.9931670946202826,0,1,0,0,0,248.0,230.0,-53.0,0.0967741935483871,0.13478260869565217,0.0314309346567411,0.028225806451612902,0.0782608695652174,0.0640818858560794,0.08870967741935484,0.0782608695652174,-0.011786600496277916,1.4766129032258064,0.961304347826087,-0.29968982630272945,61.0,55.0,-15.0,-2.707734163727177,-2.204169099556931,-1.304784062698391,0.8104838709677419,0.8173913043478261,0.035669975186104264,,,,,,,,,,,,,,,,,,,,,,,,,,,,,,,,,
2026-05-04,297,91,82,11,-1.4151515151515153,-3.9609461370907137,0.8552188552188552,58,CG,0.3063973063973064,0.2760942760942761,0.037037037037037035,0.1945028376029317,0.06818351639748965,0.14032787596436633,0.06470183175307052,-0.009878042752941048,0.9946976314043665,1,0,0,0,0,195.0,248.0,102.0,0.1282051282051282,0.0967741935483871,0.1781921781921782,0.09230769230769231,0.028225806451612902,0.1837865837865838,0.07692307692307693,0.08870967741935484,-0.03988603988603989,1.176923076923077,1.4766129032258064,-2.5920745920745922,46.0,61.0,12.0,-4.012518226425568,-2.707734163727177,0.051572089334854354,0.8461538461538461,0.8104838709677419,0.009065009065009066,,,,,,,,,,,,,,,,,,,,,,,,,,,,,,,,,
2026-05-11,516,71,62,10,0.22344961240310074,-6.125907487043463,0.9437984496124031,75,CG,0.1375968992248062,0.12015503875968993,0.01937984496124031,0.19527988252511486,0.0685815463823792,0.1412706981874907,0.06546033606075906,-0.01963688631126448,0.9981072974858001,0,0,0,0,0,297.0,195.0,219.0,0.3063973063973064,0.1282051282051282,-0.1688004071725002,0.2760942760942761,0.09230769230769231,-0.1559392373345862,0.037037037037037035,0.07692307692307693,-0.017657192075796725,-1.4151515151515153,1.176923076923077,1.638601127554616,58.0,46.0,17.0,-3.9609461370907137,-4.012518226425568,-2.1649613499527494,0.8552188552188552,0.8461538461538461,0.0885795943935479,,,,,,,,,,,,,,,,,,,,,,,,,,,,,,,,,
2026-05-18,1046,116,56,45,0.8281070745697896,-5.973328238343784,0.9808795411089866,106,CG,0.11089866156787763,0.05353728489483748,0.043021032504780114,0.19488206884718168,0.06851067716782151,0.14112507295005758,0.06525621226802256,-0.01796042769944127,0.9948404495002343,0,0,0,0,0,516.0,297.0,530.0,0.1375968992248062,0.3063973063973064,-0.026698237656928567,0.12015503875968993,0.2760942760942761,-0.06661775386485244,0.01937984496124031,0.037037037037037035,0.023641187543539804,0.22344961240310074,-1.4151515151515153,0.6046574621666889,75.0,58.0,31.0,-6.125907487043463,-3.9609461370907137,0.15257924869967887,0.9437984496124031,0.8552188552188552,0.03708109149658345,,,,,,,,,,,,,,,,,,,,,,,,,,,,,,,,,
2026-05-25,887,141,64,58,0.5670800450958285,-5.0920009955017385,0.9503945885005637,89,CG,0.1589627959413754,0.07215332581736189,0.06538895152198422,0.19430684003020016,0.06862690528001614,0.14052515659351497,0.06543355786559032,-0.012165444807186267,0.9938736828993845,0,0,0,0,0,1046.0,516.0,-159.0,0.11089866156787763,0.1375968992248062,0.04806413437349778,0.05353728489483748,0.12015503875968993,0.01861604092252441,0.043021032504780114,0.01937984496124031,0.022367919017204106,0.8281070745697896,0.22344961240310074,-0.26102702947396106,106.0,75.0,-17.0,-5.973328238343784,-6.125907487043463,0.8813272428420458,0.9808795411089866,0.9437984496124031,-0.030484952608422877,,,,,,,,,,,,,,,,,,,,,,,,,,,,,,,,,
2026-06-01,529,81,53,16,0.3928166351606805,-3.594359586832388,0.8657844990548205,83,CG,0.15311909262759923,0.1001890359168242,0.030245746691871456,0.1940664043561265,0.06845357701455404,0.1400600420984391,0.06545246776231473,-0.008224999297641948,0.9916157183437094,0,0,0,0,0,887.0,1046.0,-358.0,0.1589627959413754,0.11089866156787763,-0.005843703313776177,0.07215332581736189,0.05353728489483748,0.028035710099462305,0.06538895152198422,0.043021032504780114,-0.03514320483011277,0.5670800450958285,0.8281070745697896,-0.17426340993514805,89.0,106.0,-6.0,-5.0920009955017385,-5.973328238343784,1.4976414086693506,0.9503945885005637,0.9808795411089866,-0.08461008944574322,,,,,,,,,,,,,,,,,,,,,,,,,,,,,,,,,
2026-06-08,566,122,81,33,-0.4307420494699647,-4.922072734463311,0.8798586572438163,81,CG,0.21554770318021202,0.1431095406360424,0.05830388692579505,0.19378973333093377,0.06830332585660681,0.1397906434080228,0.06531174245240598,-0.005515258524274905,0.9887867941576464,0,0,0,0,0,529.0,887.0,37.0,0.15311909262759923,0.1589627959413754,0.062428610552612784,0.1001890359168242,0.07215332581736189,0.0429205047192182,0.030245746691871456,0.06538895152198422,0.028058140233923595,0.3928166351606805,0.5670800450958285,-0.8235586846306452,83.0,89.0,-2.0,-3.594359586832388,-5.0920009955017385,-1.3277131476309227,0.8657844990548205,0.9503945885005637,0.014074158188995822,,,,,,,,,,,,,,,,,,,,,,,,,,,,,,,,,
2026-06-15,388,51,38,10,0.9257731958762886,-4.555084767133986,0.8891752577319587,73,CG,0.13144329896907217,0.0979381443298969,0.02577319587628866,0.1939357599742175,0.06809551357907544,0.1398129178860632,0.06509128856537885,-0.00836912960444732,0.9860561800557845,0,0,0,0,,566.0,529.0,-178.0,0.21554770318021202,0.15311909262759923,-0.08410440421113985,0.1431095406360424,0.1001890359168242,-0.045171396306145487,0.05830388692579505,0.030245746691871456,-0.03253069104950639,-0.4307420494699647,0.3928166351606805,1.3565152453462532,81.0,83.0,-8.0,-4.922072734463311,-3.594359586832388,0.36698796732932504,0.8798586572438163,0.8657844990548205,0.009316600488142424,,,,,,,,,,,,,,,,,,,,,,,,,,,,,,,,,
2026-06-22,456,58,39,17,1.1160087719298246,-4.0765969307103465,0.8903508771929824,82,CG,0.12719298245614036,0.08552631578947369,0.03728070175438596,0.19351914356751654,0.06805816303496762,0.1395337527290221,0.06496253086562653,-0.002141514101242413,0.9856970734089032,0,0,0,0,,388.0,566.0,68.0,0.13144329896907217,0.21554770318021202,-0.004250316512931812,0.0979381443298969,0.1431095406360424,-0.01241182854042322,0.02577319587628866,0.05830388692579505,0.011507505878097304,0.9257731958762886,-0.4307420494699647,0.19023557605353603,73.0,81.0,9.0,-4.555084767133986,-4.922072734463311,0.4784878364236391,0.8891752577319587,0.8798586572438163,0.0011756194610237358,,,,,,,,,,,,,,,,,,,,,,,,,,,,,,,,,
2026-06-29,444,84,54,28,0.18018018018018014,-4.429485194735719,0.8851351351351351,75,CG,0.1891891891891892,0.12162162162162163,0.06306306306306306,0.1930798974674412,0.068045335178767,0.13917608758372707,0.06489462837146866,0.0052634546804202825,0.9866109991707125,0,0,0,0,,456.0,388.0,-12.0,0.12719298245614036,0.13144329896907217,0.06199620673304884,0.08552631578947369,0.0979381443298969,0.03609530583214794,0.03728070175438596,0.02577319587628866,0.025782361308677094,1.1160087719298246,0.9257731958762886,-0.9358285917496445,82.0,73.0,-7.0,-4.0765969307103465,-4.555084767133986,-0.3528882640253723,0.8903508771929824,0.8891752577319587,-0.005215742057847361,705.0,1.4723404255319148,0.6085106382978723,0.8652482269503546,0.7290780141843972,0.8340425531914893,0.16170212765957448,5.121739130434783,7.0,0.4794326241134752,1636.7489361702128,,,,,,,,,,,,,,,,,,,,,,
2026-07-06,301,44,34,13,-0.23687707641196018,-4.2398572233122955,0.9269102990033222,55,CG,0.1461794019933555,0.11295681063122924,0.04318936877076412,0.1930543007024527,0.0678203794392555,0.13906059767608162,0.06469505905738486,0.0064142226113397555,0.9834409927688857,0,0,0,0,,444.0,456.0,-143.0,0.1891891891891892,0.12719298245614036,-0.043009787195833704,0.12162162162162163,0.08552631578947369,-0.008664810990392388,0.06306306306306306,0.03728070175438596,-0.01987369429229894,0.18018018018018014,1.1160087719298246,-0.4170572565921403,75.0,82.0,-20.0,-4.429485194735719,-4.0765969307103465,0.18962797142342325,0.8851351351351351,0.8903508771929824,0.04177516386818714,1052.0,1.4638783269961977,0.5760456273764258,0.7899239543726235,0.5636882129277566,0.6996197718631179,0.155893536121673,4.466666666666667,7.0,0.6017110266159695,1634.773764258555,705.0,347.0,1.4723404255319148,-0.00846209853571711,0.6085106382978723,-0.03246501092144649,0.8652482269503546,-0.07532427257773111,0.7290780141843972,-0.1653898012566406,0.8340425531914893,-0.1344227813283715,0.16170212765957448,-0.005808591537901475,5.121739130434783,-0.655072463768116,7.0,0.0,0.4794326241134752,0.12227840250249433,1636.7489361702128,-1.9751719116577533
2026-07-13,289,30,21,13,0.7664359861591695,-2.541692760771537,0.754325259515571,58,CG,0.10380622837370242,0.0726643598615917,0.04498269896193772,0.19274792881546512,0.06770306098468513,0.13888998468886038,0.06451642001751494,0.004824083402037142,0.9803979720734203,0,0,0,,,301.0,444.0,-12.0,0.1461794019933555,0.1891891891891892,-0.04237317361965308,0.11295681063122924,0.12162162162162163,-0.04029245076963754,0.04318936877076412,0.06306306306306306,0.0017933301911736005,-0.23687707641196018,0.18018018018018014,1.0033130625711297,55.0,75.0,3.0,-4.2398572233122955,-4.429485194735719,1.6981644625407584,0.9269102990033222,0.8851351351351351,-0.17258503948775128,1316.0,1.3533434650455927,0.5364741641337386,0.7674772036474165,0.5767477203647416,0.7537993920972644,0.1762917933130699,4.261802575107296,7.0,0.5889057750759878,1652.6633738601824,1052.0,264.0,1.4638783269961977,-0.11053486195060502,0.5760456273764258,-0.03957146324268723,0.7899239543726235,-0.022446750725207076,0.5636882129277566,0.01305950743698503,0.6996197718631179,0.054179620234146575,0.155893536121673,0.0203982571913969,4.466666666666667,-0.20486409155937046,7.0,0.0,0.6017110266159695,-0.012805251539981688,1634.773764258555,17.8896096016274
2026-07-20,263,19,13,9,1.2897338403041825,-3.2183400202850208,0.7414448669201521,49,CG,0.07224334600760456,0.049429657794676805,0.034220532319391636,0.19217038530610303,0.06786098522549064,0.138459948164008,0.06452629593330161,0.009769615238122416,0.979114158888013,0,0,0,,,289.0,301.0,-26.0,0.10380622837370242,0.1461794019933555,-0.03156288236609786,0.0726643598615917,0.11295681063122924,-0.023234702066914893,0.04498269896193772,0.04318936877076412,-0.010762166642546082,0.7664359861591695,-0.23687707641196018,0.523297854145013,58.0,55.0,-9.0,-2.541692760771537,-4.2398572233122955,-0.6766472595134836,0.754325259515571,0.9269102990033222,-0.012880392595418844,1432.0,1.3289106145251397,0.5551675977653632,0.6529329608938548,0.6180167597765364,0.7325418994413407,0.12290502793296089,5.932203389830509,6.0,0.6487430167597765,1622.8861731843576,1316.0,116.0,1.3533434650455927,-0.024432850520452964,0.5364741641337386,0.018693433631624568,0.7674772036474165,-0.11454424275356168,0.5767477203647416,0.04126903941179472,0.7537993920972644,-0.021257492655923693,0.1762917933130699,-0.053386765380109016,4.261802575107296,1.6704008147232123,7.0,-1.0,0.5889057750759878,0.05983724168378868,1652.6633738601824,-29.777200675824815
2026-07-27,261,26,9,0,1.2114942528735633,-2.946728111058781,0.8084291187739464,55,CG,0.09961685823754789,0.034482758620689655,0.0,0.19139666247191917,0.06832276539555655,0.13788555919388326,0.06471278267602534,0.018027448948226027,0.9813303080359698,0,0,,,,263.0,289.0,-2.0,0.07224334600760456,0.10380622837370242,0.02737351222994333,0.049429657794676805,0.0726643598615917,-0.01494689917398715,0.034220532319391636,0.04498269896193772,-0.034220532319391636,1.2897338403041825,0.7664359861591695,-0.0782395874306192,49.0,58.0,6.0,-3.2183400202850208,-2.541692760771537,0.2716119092262397,0.7414448669201521,0.754325259515571,0.06698425185379431,495.0,1.206060606060606,0.6222222222222222,1.208080808080808,0.9272727272727272,0.6747474747474748,0.16363636363636364,4.085365853658536,6.0,0.6828282828282828,1701.989898989899,1432.0,-937.0,1.3289106145251397,-0.12285000846453364,0.5551675977653632,0.06705462445685906,0.6529329608938548,0.5551478471869533,0.6180167597765364,0.3092559674961909,0.7325418994413407,-0.057794424693865976,0.12290502793296089,0.040731335703402746,5.932203389830509,-1.8468375361719724,6.0,0.0,0.6487430167597765,0.03408526606850626,1622.8861731843576,79.10372580554144
2026-08-03,495,33,26,16,0.858989898989899,-5.082236391443254,0.9111111111111111,50,CG,0.06666666666666667,0.052525252525252523,0.03232323232323232,0.19080833039349374,0.06849730756384803,0.13722272072867048,0.0650328062636092,0.025677877178516655,0.9828157218874517,0,,,,,261.0,263.0,234.0,0.09961685823754789,0.07224334600760456,-0.03295019157088122,0.034482758620689655,0.049429657794676805,0.01804249390456287,0.0,0.034220532319391636,0.03232323232323232,1.2114942528735633,1.2897338403041825,-0.3525043538836643,55.0,49.0,-5.0,-2.946728111058781,-3.2183400202850208,-2.1355082803844727,0.8084291187739464,0.7414448669201521,0.10268199233716468,,,,,,,,,,,,,,,,,,,,,,,,,,,,,,,,,
