week,n_events,total_best_deaths,n_state_based,n_nonstate,n_onesided,n_distinct_dyads,country,deaths_per_event,state_based_share,baseline_mean_total_best_deaths,baseline_std_total_best_deaths,baseline_mean_n_events,baseline_std_n_events,escalation,label_1,label_2,label_4,label_8,n_events_lag1,n_events_lag2,n_events_delta,total_best_deaths_lag1,total_best_deaths_lag2,total_best_deaths_delta,deaths_per_event_lag1,deaths_per_event_lag2,deaths_per_event_delta,state_based_share_lag1,state_based_share_lag2,state_based_share_delta,n_distinct_dyads_lag1,n_distinct_dyads_lag2,n_distinct_dyads_delta
1989-01-30,2.0,27.0,0.0,0.0,2.0,1.0,CG,13.5,0.0,,,,,0,0,0,0,0,,,,,,,,,,,,,,,
1989-02-06,0.0,0.0,0.0,0.0,0.0,0.0,CG,0.0,0.0,,,,,0,0,0,0,0,2.0,,-2.0,27.0,,-27.0,13.5,,-13.5,0.0,,0.0,1.0,,-1.0
1989-02-13,1.0,1.0,0.0,0.0,1.0,1.0,CG,1.0,0.0,,,,,0,0,0,0,0,0.0,2.0,1.0,0.0,27.0,1.0,0.0,13.5,1.0,0.0,0.0,0.0,0.0,1.0,1.0
1989-02-20,0.0,0.0,0.0,0.0,0.0,0.0,CG,0.0,0.0,,,,,0,0,0,0,0,1.0,0.0,-1.0,1.0,0.0,-1.0,1.0,0.0,-1.0,0.0,0.0,0.0,1.0,0.0,-1.0
1989-02-27,0.0,0.0,0.0,0.0,0.0,0.0,CG,0.0,0.0,7.0,13.341664064126334,0.75,0.9574271077563381,0,0,0,0,0,0.0,1.0,0.0,0.0,1.0,0.0,0.0,1.0,0.0,0.0,0.0,0.0,0.0,1.0,0.0
1989-03-06,0.0,0.0,0.0,0.0,0.0,0.0,CG,0.0,0.0,5.6,11.970797801316335,0.6,0.8944271909999159,0,0,0,0,0,0.0,0.0,0.0,0.0,0.0,0.0,0.0,0.0,0.0,0.0,0.0,0.0,0.0,0.0,0.0
1989-03-13,0.0,0.0,0.0,0.0,0.0,0.0,CG,0.0,0.0,4.666666666666667,10.948363652467279,0.5,0.8366600265340756,0,0,0,0,0,0.0,0.0,0.0,0.0,0.0,0.0,0.0,0.0,0.0,0.0,0.0,0.0,0.0,0.0,0.0
1989-03-20,0.0,0.0,0.0,0.0,0.0,0.0,CG,0.0,0.0,4.0,10.14889156509222,0.42857142857142855,0.7867957924694432,0,0,0,0,0,0.0,0.0,0.0,0.0,0.0,0.0,0.0,0.0,0.0,0.0,0.0,0.0,0.0,0.0,0.0
1989-03-27,0.0,0.0,0.0,0.0,0.0,0.0,CG,0.0,0.0,3.5,9.501879513323367,0.375,0.7440238091428449,0,0,0,0,0,0.0,0.0,0.0,0.0,0.0,0.0,0.0,0.0,0.0,0.0,0.0,0.0,0.0,0.0,0.0
1989-04-03,0.0,0.0,0.0,0.0,0.0,0.0,CG,0.0,0.0,3.111111111111111,8.964435905906802,0.3333333333333333,0.7071067811865476,0,0,0,0,0,0.0,0.0,0.0,0.0,0.0,0.0,0.0,0.0,0.0,0.0,0.0,0.0,0.0,0.0,0.0
1989-04-10,0.0,0.0,0.0,0.0,0.0,0.0,CG,0.0,0.0,2.8,8.508818954473059,0.3,0.6749485577105528,0,0,0,0,0,0.0,0.0,0.0,0.0,0.0,0.0,0.0,0.0,0.0,0.0,0.0,0.0,0.0,0.0,0.0
1989-04-17,0.0,0.0,0.0,0.0,0.0,0.0,CG,0.0,0.0,2.5454545454545454,8.116201529824606,0.2727272727272727,0.6466697906828632,0,0,0,0,0,0.0,0.0,0.0,0.0,0.0,0.0,0.0,0.0,0.0,0.0,0.0,0.0,0.0,0.0,0.0
1989-04-24,0.0,0.0,0.0,0.0,0.0,0.0,CG,0.0,0.0,2.3333333333333335,7.773303186177832,0.25,0.621581560508061,0,0,0,0,0,0.0,0.0,0.0,0.0,0.0,0.0,0.0,0.0,0.0,0.0,0.0,0.0,0.0,0.0,0.0
1989-05-01,0.0,0.0,0.0,0.0,0.0,0.0,CG,0.0,0.0,2.1538461538461537,7.47045462523482,0.23076923076923078,0.5991446895152781,0,0,0,0,0,0.0,0.0,0.0,0.0,0.0,0.0,0.0,0.0,0.0,0.0,0.0,0.0,0.0,0.0,0.0
1989-05-08,0.0,0.0,0.0,0.0,0.0,0.0,CG,0.0,0.0,2.0,7.200427337745576,0.21428571428571427,0.5789342235218394,0,0,0,0,0,0.0,0.0,0.0,0.0,0.0,0.0,0.0,0.0,0.0,0.0,0.0,0.0,0.0,0.0,0.0
1989-05-15,0.0,0.0,0.0,0.0,0.0,0.0,CG,0.0,0.0,1.8666666666666667,6.957695294386196,0.2,0.560611910581388,0,0,0,0,0,0.0,0.0,0.0,0.0,0.0,0.0,0.0,0.0,0.0,0.0,0.0,0.0,0.0,0.0,0.0
1989-05-22,0.0,0.0,0.0,0.0,0.0,0.0,CG,0.0,0.0,1.75,6.7379522111692065,0.1875,0.5439056290693572,0,0,0,0,0,0.0,0.0,0.0,0.0,0.0,0.0,0.0,0.0,0.0,0.0,0.0,0.0,0.0,0.0,0.0
1989-05-29,0.0,0.0,0.0,0.0,0.0,0.0,CG,0.0,0.0,1.6470588235294117,6.537786097665136,0.17647058823529413,0.5285941398709243,0,0,0,0,0,0.0,0.0,0.0,0.0,0.0,0.0,0.0,0.0,0.0,0.0,0.0,0.0,0.0,0.0,0.0
1989-06-05,0.0,0.0,0.0,0.0,0.0,0.0,CG,0.0,0.0,1.5555555555555556,6.35445394721846,0.16666666666666666,0.5144957554275265,0,0,0,0,0,0.0,0.0,0.0,0.0,0.0,0.0,0.0,0.0,0.0,0.0,0.0,0.0,0.0,0.0,0.0
1989-06-12,0.0,0.0,0.0,0.0,0.0,0.0,CG,0.0,0.0,1.4736842105263157,6.185722099701605,0.15789473684210525,0.5014598571212789,0,0,0,0,0,0.0,0.0,0.0,0.0,0.0,0.0,0.0,0.0,0.0,0.0,0.0,0.0,0.0,0.0,0.0
1989-06-19,0.0,0.0,0.0,0.0,0.0,0.0,CG,0.0,0.0,1.4,6.02975080221746,0.15,0.48936048492959283,0,0,0,0,0,0.0,0.0,0.0,0.0,0.0,0.0,0.0,0.0,0.0,0.0,0.0,0.0,0.0,0.0,0.0
1989-06-26,0.0,0.0,0.0,0.0,0.0,0.0,CG,0.0,0.0,1.3333333333333333,5.885009204184249,0.14285714285714285,0.4780914437337574,0,0,0,0,0,0.0,0.0,0.0,0.0,0.0,0.0,0.0,0.0,0.0,0.0,0.0,0.0,0.0,0.0,0.0
1989-07-03,0.0,0.0,0.0,0.0,0.0,0.0,CG,0.0,0.0,1.2727272727272727,5.750211740878336,0.13636363636363635,0.46756252909607565,0,0,0,0,0,0.0,0.0,0.0,0.0,0.0,0.0,0.0,0.0,0.0,0.0,0.0,0.0,0.0,0.0,0.0
1989-07-10,0.0,0.0,0.0,0.0,0.0,0.0,CG,0.0,0.0,1.2173913043478262,5.624269825247867,0.13043478260869565,0.45769658728016,0,0,0,0,0,0.0,0.0,0.0,0.0,0.0,0.0,0.0,0.0,0.0,0.0,0.0,0.0,0.0,0.0,0.0
1989-07-17,0.0,0.0,0.0,0.0,0.0,0.0,CG,0.0,0.0,1.1666666666666667,5.506254678064769,0.125,0.4484272031464406,0,0,0,0,0,0.0,0.0,0.0,0.0,0.0,0.0,0.0,0.0,0.0,0.0,0.0,0.0,0.0,0.0,0.0
1989-07-24,0.0,0.0,0.0,0.0,0.0,0.0,CG,0.0,0.0,1.12,5.395368384086484,0.12,0.4396968652757639,0,0,0,0,0,0.0,0.0,0.0,0.0,0.0,0.0,0.0,0.0,0.0,0.0,0.0,0.0,0.0,0.0,0.0
1989-07-31,0.0,0.0,0.0,0.0,0.0,0.0,CG,0.0,0.0,1.0769230769230769,5.29092110637138,0.11538461538461539,0.4314554973040048,0,0,0,0,0,0.0,0.0,0.0,0.0,0.0,0.0,0.0,0.0,0.0,0.0,0.0,0.0,0.0,0.0,0.0
1989-08-07,0.0,0.0,0.0,0.0,0.0,0.0,CG,0.0,0.0,1.037037037037037,5.192312968236213,0.1111111111111111,0.42365927286816163,0,0,0,0,0,0.0,0.0,0.0,0.0,0.0,0.0,0.0,0.0,0.0,0.0,0.0,0.0,0.0,0.0,0.0
1989-08-14,0.0,0.0,0.0,0.0,0.0,0.0,CG,0.0,0.0,1.0,5.0990195135927845,0.10714285714285714,0.41626965212518585,0,0,0,0,0,0.0,0.0,0.0,0.0,0.0,0.0,0.0,0.0,0.0,0.0,0.0,0.0,0.0,0.0,0.0
1989-08-21,0.0,0.0,0.0,0.0,0.0,0.0,CG,0.0,0.0,0.9655172413793104,5.010579939492959,0.10344827586206896,0.4092525928189875,0,0,0,0,0,0.0,0.0,0.0,0.0,0.0,0.0,0.0,0.0,0.0,0.0,0.0,0.0,0.0,0.0,0.0
1989-08-28,0.0,0.0,0.0,0.0,0.0,0.0,CG,0.0,0.0,0.9333333333333333,4.926587497225244,0.1,0.4025778999364487,0,0,0,0,0,0.0,0.0,0.0,0.0,0.0,0.0,0.0,0.0,0.0,0.0,0.0,0.0,0.0,0.0,0.0
1989-09-04,0.0,0.0,0.0,0.0,0.0,0.0,CG,0.0,0.0,0.9032258064516129,4.846681605041243,0.0967741935483871,0.39621868622242934,0,0,0,0,0,0.0,0.0,0.0,0.0,0.0,0.0,0.0,0.0,0.0,0.0,0.0,0.0,0.0,0.0,0.0
1989-09-11,0.0,0.0,0.0,0.0,0.0,0.0,CG,0.0,0.0,0.875,4.770541323175918,0.09375,0.39015092199748014,0,0,0,0,0,0.0,0.0,0.0,0.0,0.0,0.0,0.0,0.0,0.0,0.0,0.0,0.0,0.0,0.0,0.0
1989-09-18,0.0,0.0,0.0,0.0,0.0,0.0,CG,0.0,0.0,0.8484848484848485,4.6978799215790685,0.09090909090909091,0.38435305739290365,0,0,0,0,0,0.0,0.0,0.0,0.0,0.0,0.0,0.0,0.0,0.0,0.0,0.0,0.0,0.0,0.0,0.0
1989-09-25,0.0,0.0,0.0,0.0,0.0,0.0,CG,0.0,0.0,0.8235294117647058,4.628440330505313,0.08823529411764706,0.3788057036804223,0,0,0,0,0,0.0,0.0,0.0,0.0,0.0,0.0,0.0,0.0,0.0,0.0,0.0,0.0,0.0,0.0,0.0
1989-10-02,0.0,0.0,0.0,0.0,0.0,0.0,CG,0.0,0.0,0.8,4.561991309272997,0.08571428571428572,0.3734913631120908,0,0,0,0,0,0.0,0.0,0.0,0.0,0.0,0.0,0.0,0.0,0.0,0.0,0.0,0.0,0.0,0.0,0.0
1989-10-09,0.0,0.0,0.0,0.0,0.0,0.0,CG,0.0,0.0,0.7777777777777778,4.498324202958323,0.08333333333333333,0.3683941988065036,0,0,0,0,0,0.0,0.0,0.0,0.0,0.0,0.0,0.0,0.0,0.0,0.0,0.0,0.0,0.0,0.0,0.0
1989-10-16,0.0,0.0,0.0,0.0,0.0,0.0,CG,0.0,0.0,0.7567567567567568,4.437250183299246,0.08108108108108109,0.36349983787084705,0,0,0,0,0,0.0,0.0,0.0,0.0,0.0,0.0,0.0,0.0,0.0,0.0,0.0,0.0,0.0,0.0,0.0
1989-10-23,0.0,0.0,0.0,0.0,0.0,0.0,CG,0.0,0.0,0.7368421052631579,4.3785978906390755,0.07894736842105263,0.3587952022464204,0,0,0,0,0,0.0,0.0,0.0,0.0,0.0,0.0,0.0,0.0,0.0,0.0,0.0,0.0,0.0,0.0,0.0
1989-10-30,0.0,0.0,0.0,0.0,0.0,0.0,CG,0.0,0.0,0.717948717948718,4.32221140979767,0.07692307692307693,0.35426836279082824,0,0,0,0,0,0.0,0.0,0.0,0.0,0.0,0.0,0.0,0.0,0.0,0.0,0.0,0.0,0.0,0.0,0.0
1989-11-06,0.0,0.0,0.0,0.0,0.0,0.0,CG,0.0,0.0,0.7,4.267948525390696,0.075,0.34990841292529307,0,0,0,0,0,0.0,0.0,0.0,0.0,0.0,0.0,0.0,0.0,0.0,0.0,0.0,0.0,0.0,0.0,0.0
1989-11-13,0.0,0.0,0.0,0.0,0.0,0.0,CG,0.0,0.0,0.6829268292682927,4.215679212121363,0.07317073170731707,0.3457053588273563,0,0,0,0,0,0.0,0.0,0.0,0.0,0.0,0.0,0.0,0.0,0.0,0.0,0.0,0.0,0.0,0.0,0.0
1989-11-20,0.0,0.0,0.0,0.0,0.0,0.0,CG,0.0,0.0,0.6666666666666666,4.165284323540827,0.07142857142857142,0.34165002367328784,0,0,0,0,0,0.0,0.0,0.0,0.0,0.0,0.0,0.0,0.0,0.0,0.0,0.0,0.0,0.0,0.0,0.0
1989-11-27,0.0,0.0,0.0,0.0,0.0,0.0,CG,0.0,0.0,0.6511627906976745,4.1166544491638595,0.06976744186046512,0.3377339638580936,0,0,0,0,0,0.0,0.0,0.0,0.0,0.0,0.0,0.0,0.0,0.0,0.0,0.0,0.0,0.0,0.0,0.0
1989-12-04,0.0,0.0,0.0,0.0,0.0,0.0,CG,0.0,0.0,0.6363636363636364,4.069688914977832,0.06818181818181818,0.33394939546509295,0,0,0,0,0,0.0,0.0,0.0,0.0,0.0,0.0,0.0,0.0,0.0,0.0,0.0,0.0,0.0,0.0,0.0
1989-12-11,0.0,0.0,0.0,0.0,0.0,0.0,CG,0.0,0.0,0.6222222222222222,4.0242949065581035,0.06666666666666667,0.3302891295379082,0,0,0,0,0,0.0,0.0,0.0,0.0,0.0,0.0,0.0,0.0,0.0,0.0,0.0,0.0,0.0,0.0,0.0
1989-12-18,0.0,0.0,0.0,0.0,0.0,0.0,CG,0.0,0.0,0.6086956521739131,3.9803866974038553,0.06521739130434782,0.32674651493803963,0,0,0,0,0,0.0,0.0,0.0,0.0,0.0,0.0,0.0,0.0,0.0,0.0,0.0,0.0,0.0,0.0,0.0
1989-12-25,0.0,0.0,0.0,0.0,0.0,0.0,CG,0.0,0.0,0.5957446808510638,3.9378849678922223,0.06382978723404255,0.32331538776092483,0,0,0,0,0,0.0,0.0,0.0,0.0,0.0,0.0,0.0,0.0,0.0,0.0,0.0,0.0,0.0,0.0,0.0
1990-01-01,0.0,0.0,0.0,0.0,0.0,0.0,CG,0.0,0.0,0.5833333333333334,3.896716202537794,0.0625,0.31999002644031976,0,0,0,0,0,0.0,0.0,0.0,0.0,0.0,0.0,0.0,0.0,0.0,0.0,0.0,0.0,0.0,0.0,0.0
1990-01-08,0.0,0.0,0.0,0.0,0.0,0.0,CG,0.0,0.0,0.5714285714285714,3.8568121551353785,0.061224489795918366,0.3167651118011921,0,0,0,0,0,0.0,0.0,0.0,0.0,0.0,0.0,0.0,0.0,0.0,0.0,0.0,0.0,0.0,0.0,0.0
1990-01-15,0.0,0.0,0.0,0.0,0.0,0.0,CG,0.0,0.0,0.56,3.818109372932299,0.06,0.3136356914300021,0,0,0,0,0,0.0,0.0,0.0,0.0,0.0,0.0,0.0,0.0,0.0,0.0,0.0,0.0,0.0,0.0,0.0
1990-01-22,0.0,0.0,0.0,0.0,0.0,0.0,CG,0.0,0.0,0.5490196078431373,3.780548772282649,0.058823529411764705,0.31059714782221376,0,0,0,0,0,0.0,0.0,0.0,0.0,0.0,0.0,0.0,0.0,0.0,0.0,0.0,0.0,0.0,0.0,0.0
1990-01-29,0.0,0.0,0.0,0.0,0.0,0.0,CG,0.0,0.0,0.5384615384615384,3.7440752593279045,0.057692307692307696,0.30764516984328466,0,0,0,0,0,0.0,0.0,0.0,0.0,0.0,0.0,0.0,0.0,0.0,0.0,0.0,0.0,0.0,0.0,0.0
1990-02-05,0.0,0.0,0.0,0.0,0.0,0.0,CG,0.0,0.0,0.5283018867924528,3.7086373901646335,0.05660377358490566,0.3047757271037837,0,0,0,0,0,0.0,0.0,0.0,0.0,0.0,0.0,0.0,0.0,0.0,0.0,0.0,0.0,0.0,0.0,0.0
1990-02-12,0.0,0.0,0.0,0.0,0.0,0.0,CG,0.0,0.0,0.5185185185185185,3.6741870657317133,0.05555555555555555,0.3019850469037484,0,0,0,0,0,0.0,0.0,0.0,0.0,0.0,0.0,0.0,0.0,0.0,0.0,0.0,0.0,0.0,0.0,0.0
1990-02-19,0.0,0.0,0.0,0.0,0.0,0.0,CG,0.0,0.0,0.509090909090909,3.640679257301507,0.05454545454545454,0.29926959344759624,0,0,0,0,0,0.0,0.0,0.0,0.0,0.0,0.0,0.0,0.0,0.0,0.0,0.0,0.0,0.0,0.0,0.0
1990-02-26,0.0,0.0,0.0,0.0,0.0,0.0,CG,0.0,0.0,0.5,3.608071759012259,0.05357142857142857,0.29662604907022744,0,0,0,0,0,0.0,0.0,0.0,0.0,0.0,0.0,0.0,0.0,0.0,0.0,0.0,0.0,0.0,0.0,0.0
1990-03-05,0.0,0.0,0.0,0.0,0.0,0.0,CG,0.0,0.0,0.49122807017543857,3.576324964349096,0.05263157894736842,0.29405129724851375,0,0,0,0,1,0.0,0.0,0.0,0.0,0.0,0.0,0.0,0.0,0.0,0.0,0.0,0.0,0.0,0.0,0.0
1990-03-12,0.0,0.0,0.0,0.0,0.0,0.0,CG,0.0,0.0,0.4827586206896552,3.545401663882065,0.05172413793103448,0.2915424072011003,0,0,0,0,1,0.0,0.0,0.0,0.0,0.0,0.0,0.0,0.0,0.0,0.0,0.0,0.0,0.0,0.0,0.0
1990-03-19,0.0,0.0,0.0,0.0,0.0,0.0,CG,0.0,0.0,0.4745762711864407,3.515266861912722,0.05084745762711865,0.2890966199041016,0,0,0,0,0,0.0,0.0,0.0,0.0,0.0,0.0,0.0,0.0,0.0,0.0,0.0,0.0,0.0,0.0,0.0
1990-03-26,0.0,0.0,0.0,0.0,0.0,0.0,CG,0.0,0.0,0.4666666666666667,3.4858876099751885,0.05,0.2867113353714995,0,0,0,0,0,0.0,0.0,0.0,0.0,0.0,0.0,0.0,0.0,0.0,0.0,0.0,0.0,0.0,0.0,0.0
1990-04-02,0.0,0.0,0.0,0.0,0.0,0.0,CG,0.0,0.0,0.45901639344262296,3.457232855390774,0.04918032786885246,0.28438410106736045,0,0,0,1,0,0.0,0.0,0.0,0.0,0.0,0.0,0.0,0.0,0.0,0.0,0.0,0.0,0.0,0.0,0.0
1990-04-09,0.0,0.0,0.0,0.0,0.0,0.0,CG,0.0,0.0,0.45161290322580644,3.4292733032937512,0.04838709677419355,0.2821126013328319,0,0,0,1,0,0.0,0.0,0.0,0.0,0.0,0.0,0.0,0.0,0.0,0.0,0.0,0.0,0.0,0.0,0.0
1990-04-16,0.0,0.0,0.0,0.0,0.0,0.0,CG,0.0,0.0,0.4444444444444444,3.4019812907347036,0.047619047619047616,0.2798946477246122,0,0,1,0,0,0.0,0.0,0.0,0.0,0.0,0.0,0.0,0.0,0.0,0.0,0.0,0.0,0.0,0.0,0.0
1990-04-23,0.0,0.0,0.0,0.0,0.0,0.0,CG,0.0,0.0,0.4375,3.375330671631617,0.046875,0.2777281701735287,0,1,1,0,0,0.0,0.0,0.0,0.0,0.0,0.0,0.0,0.0,0.0,0.0,0.0,0.0,0.0,0.0,0.0
1990-04-30,1.0,5.0,0.0,0.0,1.0,1.0,CG,5.0,0.0,0.4307692307692308,3.3492967114811525,0.046153846153846156,0.2756112088822558,1,1,0,0,0,0.0,0.0,1.0,0.0,0.0,5.0,0.0,0.0,5.0,0.0,0.0,0.0,0.0,0.0,1.0
1990-05-07,1.0,136.0,0.0,0.0,1.0,1.0,CG,136.0,0.0,0.5,3.37068812878594,0.06060606060606061,0.29762071261605527,1,0,0,0,0,1.0,0.0,0.0,5.0,0.0,131.0,5.0,0.0,131.0,0.0,0.0,0.0,1.0,0.0,0.0
1990-05-14,0.0,0.0,0.0,0.0,0.0,0.0,CG,0.0,0.0,2.5223880597014925,16.888545704972532,0.07462686567164178,0.3168707238463917,0,0,0,0,0,1.0,1.0,-1.0,136.0,5.0,-136.0,136.0,5.0,-136.0,0.0,0.0,0.0,1.0,1.0,-1.0
1990-05-21,0.0,0.0,0.0,0.0,0.0,0.0,CG,0.0,0.0,2.485294117647059,16.764828719726186,0.07352941176470588,0.31462730715184106,0,0,0,0,0,0.0,1.0,0.0,0.0,136.0,0.0,0.0,136.0,0.0,0.0,0.0,0.0,0.0,1.0,0.0
1990-05-28,0.0,0.0,0.0,0.0,0.0,0.0,CG,0.0,0.0,2.449275362318841,16.64379077992756,0.07246376811594203,0.31243072548449674,0,0,0,0,0,0.0,0.0,0.0,0.0,0.0,0.0,0.0,0.0,0.0,0.0,0.0,0.0,0.0,0.0,0.0
1990-06-04,0.0,0.0,0.0,0.0,0.0,0.0,CG,0.0,0.0,2.414285714285714,16.525336592106125,0.07142857142857142,0.31027937721586624,0,0,0,0,0,0.0,0.0,0.0,0.0,0.0,0.0,0.0,0.0,0.0,0.0,0.0,0.0,0.0,0.0,0.0
1990-06-11,0.0,0.0,0.0,0.0,0.0,0.0,CG,0.0,0.0,2.380281690140845,16.409375540641477,0.07042253521126761,0.30817173607175735,0,0,0,0,0,0.0,0.0,0.0,0.0,0.0,0.0,0.0,0.0,0.0,0.0,0.0,0.0,0.0,0.0,0.0
1990-06-18,0.0,0.0,0.0,0.0,0.0,0.0,CG,0.0,0.0,2.3472222222222223,16.29582139667023,0.06944444444444445,0.3061063466536733,0,0,0,0,0,0.0,0.0,0.0,0.0,0.0,0.0,0.0,0.0,0.0,0.0,0.0,0.0,0.0,0.0,0.0
1990-06-25,0.0,0.0,0.0,0.0,0.0,0.0,CG,0.0,0.0,2.315068493150685,16.184592048825643,0.0684931506849315,0.30408182027976866,0,0,0,0,0,0.0,0.0,0.0,0.0,0.0,0.0,0.0,0.0,0.0,0.0,0.0,0.0,0.0,0.0,0.0
1990-07-02,0.0,0.0,0.0,0.0,0.0,0.0,CG,0.0,0.0,2.2837837837837838,16.0756092539013,0.06756756756756757,0.3020968311189053,0,0,0,0,0,0.0,0.0,0.0,0.0,0.0,0.0,0.0,0.0,0.0,0.0,0.0,0.0,0.0,0.0,0.0
1990-07-09,0.0,0.0,0.0,0.0,0.0,0.0,CG,0.0,0.0,2.2533333333333334,15.968798405719902,0.06666666666666667,0.30015011259383206,0,0,0,0,0,0.0,0.0,0.0,0.0,0.0,0.0,0.0,0.0,0.0,0.0,0.0,0.0,0.0,0.0,0.0
1990-07-16,0.0,0.0,0.0,0.0,0.0,0.0,CG,0.0,0.0,2.223684210526316,15.864088320657258,0.06578947368421052,0.2982404540317303,0,0,0,0,0,0.0,0.0,0.0,0.0,0.0,0.0,0.0,0.0,0.0,0.0,0.0,0.0,0.0,0.0,0.0
1990-07-23,0.0,0.0,0.0,0.0,0.0,0.0,CG,0.0,0.0,2.1948051948051948,15.761411038421588,0.06493506493506493,0.2963666975423635,0,0,0,0,0,0.0,0.0,0.0,0.0,0.0,0.0,0.0,0.0,0.0,0.0,0.0,0.0,0.0,0.0,0.0
1990-07-30,0.0,0.0,0.0,0.0,0.0,0.0,CG,0.0,0.0,2.1666666666666665,15.660701636822525,0.0641025641025641,0.29452773510585845,0,0,0,0,0,0.0,0.0,0.0,0.0,0.0,0.0,0.0,0.0,0.0,0.0,0.0,0.0,0.0,0.0,0.0
1990-08-06,0.0,0.0,0.0,0.0,0.0,0.0,CG,0.0,0.0,2.1392405063291138,15.56189805938356,0.06329113924050633,0.2927225058537537,0,0,0,0,0,0.0,0.0,0.0,0.0,0.0,0.0,0.0,0.0,0.0,0.0,0.0,0.0,0.0,0.0,0.0
1990-08-13,0.0,0.0,0.0,0.0,0.0,0.0,CG,0.0,0.0,2.1125,15.464940954758836,0.0625,0.29094999352840206,0,0,0,0,0,0.0,0.0,0.0,0.0,0.0,0.0,0.0,0.0,0.0,0.0,0.0,0.0,0.0,0.0,0.0
1990-08-20,0.0,0.0,0.0,0.0,0.0,0.0,CG,0.0,0.0,2.0864197530864197,15.369773527010892,0.06172839506172839,0.2892092241071193,0,0,0,0,0,0.0,0.0,0.0,0.0,0.0,0.0,0.0,0.0,0.0,0.0,0.0,0.0,0.0,0.0,0.0
1990-08-27,0.0,0.0,0.0,0.0,0.0,0.0,CG,0.0,0.0,2.0609756097560976,15.276341395891954,0.06097560975609756,0.28749926357864913,0,0,0,0,0,0.0,0.0,0.0,0.0,0.0,0.0,0.0,0.0,0.0,0.0,0.0,0.0,0.0,0.0,0.0
1990-09-03,0.0,0.0,0.0,0.0,0.0,0.0,CG,0.0,0.0,2.036144578313253,15.184592466348448,0.060240963855421686,0.2858192158605806,0,0,0,0,0,0.0,0.0,0.0,0.0,0.0,0.0,0.0,0.0,0.0,0.0,0.0,0.0,0.0,0.0,0.0
1990-09-10,0.0,0.0,0.0,0.0,0.0,0.0,CG,0.0,0.0,2.011904761904762,15.094476806537864,0.05952380952380952,0.284168220847317,0,0,0,0,0,0.0,0.0,0.0,0.0,0.0,0.0,0.0,0.0,0.0,0.0,0.0,0.0,0.0,0.0,0.0
1990-09-17,0.0,0.0,0.0,0.0,0.0,0.0,CG,0.0,0.0,1.988235294117647,15.005946533709524,0.058823529411764705,0.282545452579066,0,0,0,0,0,0.0,0.0,0.0,0.0,0.0,0.0,0.0,0.0,0.0,0.0,0.0,0.0,0.0,0.0,0.0
1990-09-24,0.0,0.0,0.0,0.0,0.0,0.0,CG,0.0,0.0,1.9651162790697674,14.918955707357158,0.05813953488372093,0.2809501175231142,0,0,0,0,0,0.0,0.0,0.0,0.0,0.0,0.0,0.0,0.0,0.0,0.0,0.0,0.0,0.0,0.0,0.0
1990-10-01,0.0,0.0,0.0,0.0,0.0,0.0,CG,0.0,0.0,1.9425287356321839,14.833460229101997,0.05747126436781609,0.2793814529593636,0,0,0,0,0,0.0,0.0,0.0,0.0,0.0,0.0,0.0,0.0,0.0,0.0,0.0,0.0,0.0,0.0,0.0
1990-10-08,0.0,0.0,0.0,0.0,0.0,0.0,CG,0.0,0.0,1.9204545454545454,14.749417748811123,0.056818181818181816,0.2778387254627604,0,0,0,0,1,0.0,0.0,0.0,0.0,0.0,0.0,0.0,0.0,0.0,0.0,0.0,0.0,0.0,0.0,0.0
1990-10-15,0.0,0.0,0.0,0.0,0.0,0.0,CG,0.0,0.0,1.898876404494382,14.666787576497313,0.056179775280898875,0.27632122947584,0,0,0,0,0,0.0,0.0,0.0,0.0,0.0,0.0,0.0,0.0,0.0,0.0,0.0,0.0,0.0,0.0,0.0
1990-10-22,0.0,0.0,0.0,0.0,0.0,0.0,CG,0.0,0.0,1.8777777777777778,14.585530599584326,0.05555555555555555,0.2748282859651492,0,0,0,0,0,0.0,0.0,0.0,0.0,0.0,0.0,0.0,0.0,0.0,0.0,0.0,0.0,0.0,0.0,0.0
1990-10-29,0.0,0.0,0.0,0.0,0.0,0.0,CG,0.0,0.0,1.8571428571428572,14.50560920515572,0.054945054945054944,0.2733592411557998,0,0,0,0,0,0.0,0.0,0.0,0.0,0.0,0.0,0.0,0.0,0.0,0.0,0.0,0.0,0.0,0.0,0.0
1990-11-05,0.0,0.0,0.0,0.0,0.0,0.0,CG,0.0,0.0,1.8369565217391304,14.426987206836383,0.05434782608695652,0.2719134653388552,0,0,0,1,0,0.0,0.0,0.0,0.0,0.0,0.0,0.0,0.0,0.0,0.0,0.0,0.0,0.0,0.0,0.0
1990-11-12,0.0,0.0,0.0,0.0,0.0,0.0,CG,0.0,0.0,1.8172043010752688,14.349629775984024,0.053763440860215055,0.27049035174665986,0,0,0,0,0,0.0,0.0,0.0,0.0,0.0,0.0,0.0,0.0,0.0,0.0,0.0,0.0,0.0,0.0,0.0
1990-11-19,0.0,0.0,0.0,0.0,0.0,0.0,CG,0.0,0.0,1.797872340425532,14.273503376893649,0.05319148936170213,0.26908931549159737,0,0,1,0,0,0.0,0.0,0.0,0.0,0.0,0.0,0.0,0.0,0.0,0.0,0.0,0.0,0.0,0.0,0.0
1990-11-26,0.0,0.0,0.0,0.0,0.0,0.0,CG,0.0,0.0,1.7789473684210526,14.198575705741348,0.05263157894736842,0.2677097925641019,0,1,0,0,0,0.0,0.0,0.0,0.0,0.0,0.0,0.0,0.0,0.0,0.0,0.0,0.0,0.0,0.0,0.0
1990-12-03,2.0,6.0,0.0,0.0,2.0,1.0,CG,3.0,0.0,1.7604166666666667,14.124815633015057,0.052083333333333336,0.26635123888606255,1,0,0,0,0,0.0,0.0,2.0,0.0,0.0,6.0,0.0,0.0,3.0,0.0,0.0,0.0,0.0,0.0,1.0
1990-12-10,0.0,0.0,0.0,0.0,0.0,0.0,CG,0.0,0.0,1.8041237113402062,14.057648552224848,0.07216494845360824,0.3306377259810568,0,0,0,0,0,2.0,0.0,-2.0,6.0,0.0,-6.0,3.0,0.0,-3.0,0.0,0.0,0.0,1.0,0.0,-1.0
1990-12-17,0.0,0.0,0.0,0.0,0.0,0.0,CG,0.0,0.0,1.7857142857142858,13.986186115659107,0.07142857142857142,0.3290097607676897,0,0,0,0,0,0.0,2.0,0.0,0.0,6.0,0.0,0.0,3.0,0.0,0.0,0.0,0.0,0.0,1.0,0.0
1990-12-24,0.0,0.0,0.0,0.0,0.0,0.0,CG,0.0,0.0,1.7676767676767677,13.915802412811624,0.0707070707070707,0.3274055480725374,0,0,0,0,0,0.0,0.0,0.0,0.0,0.0,0.0,0.0,0.0,0.0,0.0,0.0,0.0,0.0,0.0,0.0
1990-12-31,0.0,0.0,0.0,0.0,0.0,0.0,CG,0.0,0.0,1.75,13.846470578264606,0.07,0.3258245174347937,0,0,0,0,0,0.0,0.0,0.0,0.0,0.0,0.0,0.0,0.0,0.0,0.0,0.0,0.0,0.0,0.0,0.0
1991-01-07,0.0,0.0,0.0,0.0,0.0,0.0,CG,0.0,0.0,1.7326732673267327,13.77816467393891,0.06930693069306931,0.3242661173349525,0,0,0,0,0,0.0,0.0,0.0,0.0,0.0,0.0,0.0,0.0,0.0,0.0,0.0,0.0,0.0,0.0,0.0
1991-01-14,0.0,0.0,0.0,0.0,0.0,0.0,CG,0.0,0.0,1.7156862745098038,13.710859648345952,0.06862745098039216,0.32272981439645276,0,0,0,0,0,0.0,0.0,0.0,0.0,0.0,0.0,0.0,0.0,0.0,0.0,0.0,0.0,0.0,0.0,0.0
1991-01-21,0.0,0.0,0.0,0.0,0.0,0.0,CG,0.0,0.0,1.6990291262135921,13.644531298006557,0.06796116504854369,0.32121509262791914,0,0,0,0,0,0.0,0.0,0.0,0.0,0.0,0.0,0.0,0.0,0.0,0.0,0.0,0.0,0.0,0.0,0.0
1991-01-28,0.0,0.0,0.0,0.0,0.0,0.0,CG,0.0,0.0,1.6826923076923077,13.579156230901873,0.0673076923076923,0.3197214527035912,0,0,0,0,0,0.0,0.0,0.0,0.0,0.0,0.0,0.0,0.0,0.0,0.0,0.0,0.0,0.0,0.0,0.0
1991-02-04,0.0,0.0,0.0,0.0,0.0,0.0,CG,0.0,0.0,1.6666666666666667,13.51471183183111,0.06666666666666667,0.3182484112796972,0,0,0,0,0,0.0,0.0,0.0,0.0,0.0,0.0,0.0,0.0,0.0,0.0,0.0,0.0,0.0,0.0,0.0
1991-02-11,0.0,0.0,0.0,0.0,0.0,0.0,CG,0.0,0.0,1.650943396226415,13.451176229559636,0.0660377358490566,0.31679550034467713,0,0,0,0,1,0.0,0.0,0.0,0.0,0.0,0.0,0.0,0.0,0.0,0.0,0.0,0.0,0.0,0.0,0.0
1991-02-18,0.0,0.0,0.0,0.0,0.0,0.0,CG,0.0,0.0,1.6355140186915889,13.388528265649088,0.06542056074766354,0.3153622666012994,0,0,0,0,0,0.0,0.0,0.0,0.0,0.0,0.0,0.0,0.0,0.0,0.0,0.0,0.0,0.0,0.0,0.0
1991-02-25,0.0,0.0,0.0,0.0,0.0,0.0,CG,0.0,0.0,1.6203703703703705,13.326747464868719,0.06481481481481481,0.3139482708788438,0,0,0,0,0,0.0,0.0,0.0,0.0,0.0,0.0,0.0,0.0,0.0,0.0,0.0,0.0,0.0,0.0,0.0
1991-03-04,0.0,0.0,0.0,0.0,0.0,0.0,CG,0.0,0.0,1.6055045871559632,13.265814007094024,0.06422018348623854,0.31255308757364386,0,0,0,0,0,0.0,0.0,0.0,0.0,0.0,0.0,0.0,0.0,0.0,0.0,0.0,0.0,0.0,0.0,0.0
1991-03-11,0.0,0.0,0.0,0.0,0.0,0.0,CG,0.0,0.0,1.5909090909090908,13.205708700605115,0.06363636363636363,0.3111763041163904,0,0,0,1,0,0.0,0.0,0.0,0.0,0.0,0.0,0.0,0.0,0.0,0.0,0.0,0.0,0.0,0.0,0.0
1991-03-18,0.0,0.0,0.0,0.0,0.0,0.0,CG,0.0,0.0,1.5765765765765767,13.146412956703191,0.06306306306306306,0.30981752046470196,0,0,0,0,0,0.0,0.0,0.0,0.0,0.0,0.0,0.0,0.0,0.0,0.0,0.0,0.0,0.0,0.0,0.0
1991-03-25,0.0,0.0,0.0,0.0,0.0,0.0,CG,0.0,0.0,1.5625,13.08790876556892,0.0625,0.3084763486195622,0,0,1,0,0,0.0,0.0,0.0,0.0,0.0,0.0,0.0,0.0,0.0,0.0,0.0,0.0,0.0,0.0,0.0
1991-04-01,0.0,0.0,0.0,0.0,0.0,0.0,CG,0.0,0.0,1.5486725663716814,13.030178673291527,0.061946902654867256,0.3071524121643138,0,1,0,0,0,0.0,0.0,0.0,0.0,0.0,0.0,0.0,0.0,0.0,0.0,0.0,0.0,0.0,0.0,0.0
1991-04-08,1.0,11.0,0.0,0.0,1.0,1.0,CG,11.0,0.0,1.5350877192982457,12.973205760002122,0.06140350877192982,0.30584534582497874,1,0,0,0,0,0.0,0.0,1.0,0.0,0.0,11.0,0.0,0.0,11.0,0.0,0.0,0.0,0.0,0.0,1.0
1991-04-15,0.0,0.0,0.0,0.0,0.0,0.0,CG,0.0,0.0,1.617391304347826,12.946301110095385,0.06956521739130435,0.31683021991792676,0,0,0,0,0,1.0,0.0,-1.0,11.0,0.0,-11.0,11.0,0.0,-11.0,0.0,0.0,0.0,1.0,0.0,-1.0
1991-04-22,0.0,0.0,0.0,0.0,0.0,0.0,CG,0.0,0.0,1.603448275862069,12.890764682242612,0.06896551724137931,0.31551580766667814,0,0,0,0,0,0.0,1.0,0.0,0.0,11.0,0.0,0.0,11.0,0.0,0.0,0.0,0.0,0.0,1.0,0.0
1991-04-29,0.0,0.0,0.0,0.0,0.0,0.0,CG,0.0,0.0,1.5897435897435896,12.83593678737742,0.06837606837606838,0.3142175757967423,0,0,0,0,0,0.0,0.0,0.0,0.0,0.0,0.0,0.0,0.0,0.0,0.0,0.0,0.0,0.0,0.0,0.0
1991-05-06,0.0,0.0,0.0,0.0,0.0,0.0,CG,0.0,0.0,1.576271186440678,12.781802488929337,0.06779661016949153,0.3129351960254515,0,0,0,0,0,0.0,0.0,0.0,0.0,0.0,0.0,0.0,0.0,0.0,0.0,0.0,0.0,0.0,0.0,0.0
1991-05-13,0.0,0.0,0.0,0.0,0.0,0.0,CG,0.0,0.0,1.5630252100840336,12.728347287407368,0.06722689075630252,0.3116683492893131,0,0,0,0,0,0.0,0.0,0.0,0.0,0.0,0.0,0.0,0.0,0.0,0.0,0.0,0.0,0.0,0.0,0.0
1991-05-20,0.0,0.0,0.0,0.0,0.0,0.0,CG,0.0,0.0,1.55,12.675557104094462,0.06666666666666667,0.31041672541499266,0,0,0,0,0,0.0,0.0,0.0,0.0,0.0,0.0,0.0,0.0,0.0,0.0,0.0,0.0,0.0,0.0,0.0
1991-05-27,0.0,0.0,0.0,0.0,0.0,0.0,CG,0.0,0.0,1.537190082644628,12.623418265479208,0.06611570247933884,0.3091800228044778,0,0,0,0,0,0.0,0.0,0.0,0.0,0.0,0.0,0.0,0.0,0.0,0.0,0.0,0.0,0.0,0.0,0.0
1991-06-03,0.0,0.0,0.0,0.0,0.0,0.0,CG,0.0,0.0,1.5245901639344261,12.571917488385708,0.06557377049180328,0.30795794813370825,0,0,0,0,0,0.0,0.0,0.0,0.0,0.0,0.0,0.0,0.0,0.0,0.0,0.0,0.0,0.0,0.0,0.0
1991-06-10,0.0,0.0,0.0,0.0,0.0,0.0,CG,0.0,0.0,1.5121951219512195,12.521041865764934,0.06504065040650407,0.3067502160640009,0,0,0,0,0,0.0,0.0,0.0,0.0,0.0,0.0,0.0,0.0,0.0,0.0,0.0,0.0,0.0,0.0,0.0
1991-06-17,0.0,0.0,0.0,0.0,0.0,0.0,CG,0.0,0.0,1.5,12.470778853113062,0.06451612903225806,0.30555654896563433,0,0,0,0,0,0.0,0.0,0.0,0.0,0.0,0.0,0.0,0.0,0.0,0.0,0.0,0.0,0.0,0.0,0.0
1991-06-24,0.0,0.0,0.0,0.0,0.0,0.0,CG,0.0,0.0,1.488,12.421116255484366,0.064,0.30437667665299617,0,0,0,0,0,0.0,0.0,0.0,0.0,0.0,0.0,0.0,0.0,0.0,0.0,0.0,0.0,0.0,0.0,0.0
1991-07-01,0.0,0.0,0.0,0.0,0.0,0.0,CG,0.0,0.0,1.4761904761904763,12.372042215068152,0.06349206349206349,0.3032103361307262,0,0,0,0,0,0.0,0.0,0.0,0.0,0.0,0.0,0.0,0.0,0.0,0.0,0.0,0.0,0.0,0.0,0.0
1991-07-08,0.0,0.0,0.0,0.0,0.0,0.0,CG,0.0,0.0,1.4645669291338583,12.323545199301012,0.06299212598425197,0.3020572713503237,0,0,0,0,1,0.0,0.0,0.0,0.0,0.0,0.0,0.0,0.0,0.0,0.0,0.0,0.0,0.0,0.0,0.0
1991-07-15,0.0,0.0,0.0,0.0,0.0,0.0,CG,0.0,0.0,1.453125,12.27561398948735,0.0625,0.3009172329767144,0,0,0,0,0,0.0,0.0,0.0,0.0,0.0,0.0,0.0,0.0,0.0,0.0,0.0,0.0,0.0,0.0,0.0
1991-07-22,0.0,0.0,0.0,0.0,0.0,0.0,CG,0.0,0.0,1.441860465116279,12.228237669902716,0.06201550387596899,0.2997899781643008,0,0,0,0,0,0.0,0.0,0.0,0.0,0.0,0.0,0.0,0.0,0.0,0.0,0.0,0.0,0.0,0.0,0.0
1991-07-29,0.0,0.0,0.0,0.0,0.0,0.0,CG,0.0,0.0,1.4307692307692308,12.181405617355892,0.06153846153846154,0.29867527034204533,0,0,0,0,1,0.0,0.0,0.0,0.0,0.0,0.0,0.0,0.0,0.0,0.0,0.0,0.0,0.0,0.0,0.0
1991-08-05,0.0,0.0,0.0,0.0,0.0,0.0,CG,0.0,0.0,1.4198473282442747,12.135107491187123,0.061068702290076333,0.2975728790071614,0,0,0,1,0,0.0,0.0,0.0,0.0,0.0,0.0,0.0,0.0,0.0,0.0,0.0,0.0,0.0,0.0,0.0
1991-08-12,0.0,0.0,0.0,0.0,0.0,0.0,CG,0.0,0.0,1.4090909090909092,12.089333223681075,0.06060606060606061,0.29648257952700807,0,0,0,0,0,0.0,0.0,0.0,0.0,0.0,0.0,0.0,0.0,0.0,0.0,0.0,0.0,0.0,0.0,0.0
1991-08-19,0.0,0.0,0.0,0.0,0.0,0.0,CG,0.0,0.0,1.3984962406015038,12.044073010874417,0.06015037593984962,0.2954041529488085,0,0,1,0,0,0.0,0.0,0.0,0.0,0.0,0.0,0.0,0.0,0.0,0.0,0.0,0.0,0.0,0.0,0.0
1991-08-26,0.0,0.0,0.0,0.0,0.0,0.0,CG,0.0,0.0,1.3880597014925373,11.999317303738883,0.05970149253731343,0.2943373858168291,0,1,0,1,1,0.0,0.0,0.0,0.0,0.0,0.0,0.0,0.0,0.0,0.0,0.0,0.0,0.0,0.0,0.0
1991-09-02,2.0,3.0,0.0,0.0,2.0,1.0,CG,1.5,0.0,1.3777777777777778,11.955056799721909,0.05925925925925926,0.2932820699966787,1,0,0,0,0,0.0,0.0,2.0,0.0,0.0,3.0,0.0,0.0,1.5,0.0,0.0,0.0,0.0,0.0,1.0
1991-09-09,0.0,0.0,0.0,0.0,0.0,0.0,CG,0.0,0.0,1.3897058823529411,11.911508779089887,0.07352941176470588,0.33626164727015273,0,0,1,0,0,2.0,0.0,-2.0,3.0,0.0,-3.0,1.5,0.0,-1.5,0.0,0.0,0.0,1.0,0.0,-1.0
1991-09-16,0.0,0.0,0.0,0.0,0.0,0.0,CG,0.0,0.0,1.3795620437956204,11.868229578846025,0.072992700729927,0.3350820026138985,0,1,0,0,0,0.0,2.0,0.0,0.0,3.0,0.0,0.0,1.5,0.0,0.0,0.0,0.0,0.0,1.0,0.0
1991-09-23,1.0,0.0,0.0,0.0,1.0,1.0,CG,0.0,0.0,1.3695652173913044,11.825418674063235,0.07246376811594203,0.33391465231108597,1,0,0,1,0,0.0,0.0,1.0,0.0,0.0,0.0,0.0,0.0,0.0,0.0,0.0,0.0,0.0,0.0,1.0
1991-09-30,0.0,0.0,0.0,0.0,0.0,0.0,CG,0.0,0.0,1.3597122302158273,11.783067680980169,0.07913669064748201,0.3418777686783758,0,0,0,0,0,1.0,0.0,-1.0,0.0,0.0,0.0,0.0,0.0,0.0,0.0,0.0,0.0,1.0,0.0,-1.0
1991-10-07,0.0,0.0,0.0,0.0,0.0,0.0,CG,0.0,0.0,1.35,11.741168424446647,0.07857142857142857,0.3407114254567836,0,0,1,0,0,0.0,1.0,0.0,0.0,0.0,0.0,0.0,0.0,0.0,0.0,0.0,0.0,0.0,1.0,0.0
1991-10-14,0.0,0.0,0.0,0.0,0.0,0.0,CG,0.0,0.0,1.3404255319148937,11.699712931297586,0.07801418439716312,0.33955689583875553,0,1,0,0,1,0.0,0.0,0.0,0.0,0.0,0.0,0.0,0.0,0.0,0.0,0.0,0.0,0.0,0.0,0.0
1991-10-21,2.0,18.0,0.0,0.0,2.0,1.0,CG,9.0,0.0,1.3309859154929577,11.658693423982385,0.07746478873239436,0.3384139825333293,1,0,0,0,0,0.0,0.0,2.0,0.0,0.0,18.0,0.0,0.0,9.0,0.0,0.0,0.0,0.0,0.0,1.0
1991-10-28,0.0,0.0,0.0,0.0,0.0,0.0,CG,0.0,0.0,1.4475524475524475,11.700895789517974,0.09090909090909091,0.3735835391066117,0,0,0,0,0,2.0,0.0,-2.0,18.0,0.0,-18.0,9.0,0.0,-9.0,0.0,0.0,0.0,1.0,0.0,-1.0
1991-11-04,0.0,0.0,0.0,0.0,0.0,0.0,CG,0.0,0.0,1.4375,11.660535768376784,0.09027777777777778,0.37235208626523925,0,0,0,0,0,0.0,2.0,0.0,0.0,18.0,0.0,0.0,9.0,0.0,0.0,0.0,0.0,0.0,1.0,0.0
1991-11-11,0.0,0.0,0.0,0.0,0.0,0.0,CG,0.0,0.0,1.4275862068965517,11.620590458550888,0.0896551724137931,0.3711326765477982,0,0,0,1,0,0.0,0.0,0.0,0.0,0.0,0.0,0.0,0.0,0.0,0.0,0.0,0.0,0.0,0.0,0.0
1991-11-18,0.0,0.0,0.0,0.0,0.0,0.0,CG,0.0,0.0,1.417808219178082,11.581052807430058,0.08904109589041095,0.3699251159396029,0,0,0,0,0,0.0,0.0,0.0,0.0,0.0,0.0,0.0,0.0,0.0,0.0,0.0,0.0,0.0,0.0,0.0
1991-11-25,0.0,0.0,0.0,0.0,0.0,0.0,CG,0.0,0.0,1.4081632653061225,11.541915929152644,0.08843537414965986,0.36872921474788506,0,0,1,0,1,0.0,0.0,0.0,0.0,0.0,0.0,0.0,0.0,0.0,0.0,0.0,0.0,0.0,0.0,0.0
1991-12-02,0.0,0.0,0.0,0.0,0.0,0.0,CG,0.0,0.0,1.3986486486486487,11.503173099571507,0.08783783783783784,0.3675447874796438,0,1,0,0,0,0.0,0.0,0.0,0.0,0.0,0.0,0.0,0.0,0.0,0.0,0.0,0.0,0.0,0.0,0.0
1991-12-09,1.0,0.0,0.0,0.0,1.0,1.0,CG,0.0,0.0,1.389261744966443,11.464817751404446,0.087248322147651,0.36637165272365585,1,0,0,0,0,0.0,0.0,1.0,0.0,0.0,0.0,0.0,0.0,0.0,0.0,0.0,0.0,0.0,0.0,1.0
1991-12-16,0.0,0.0,0.0,0.0,0.0,0.0,CG,0.0,0.0,1.38,11.426843469561149,0.09333333333333334,0.3726679913372462,0,0,0,0,1,1.0,0.0,-1.0,0.0,0.0,0.0,0.0,0.0,0.0,0.0,0.0,0.0,1.0,0.0,-1.0
1991-12-23,0.0,0.0,0.0,0.0,0.0,0.0,CG,0.0,0.0,1.3708609271523178,11.389243986639165,0.09271523178807947,0.37150133920769735,0,0,0,1,0,0.0,1.0,0.0,0.0,0.0,0.0,0.0,0.0,0.0,0.0,0.0,0.0,0.0,1.0,0.0
1991-12-30,0.0,0.0,0.0,0.0,0.0,0.0,CG,0.0,0.0,1.361842105263158,11.35201317858168,0.09210526315789473,0.3703455189627982,0,0,0,0,1,0.0,0.0,0.0,0.0,0.0,0.0,0.0,0.0,0.0,0.0,0.0,0.0,0.0,0.0,0.0
1992-01-06,0.0,0.0,0.0,0.0,0.0,0.0,CG,0.0,0.0,1.3529411764705883,11.315145060490298,0.0915032679738562,0.3692003650170511,0,0,1,0,0,0.0,0.0,0.0,0.0,0.0,0.0,0.0,0.0,0.0,0.0,0.0,0.0,0.0,0.0,0.0
1992-01-13,0.0,0.0,0.0,0.0,0.0,0.0,CG,0.0,0.0,1.344155844155844,11.278633782586327,0.09090909090909091,0.3680657152825952,0,1,0,1,1,0.0,0.0,0.0,0.0,0.0,0.0,0.0,0.0,0.0,0.0,0.0,0.0,0.0,0.0,0.0
1992-01-20,2.0,0.0,0.0,0.0,2.0,1.0,CG,0.0,0.0,1.335483870967742,11.242473626314382,0.09032258064516129,0.36694141107556694,1,0,0,0,0,0.0,0.0,2.0,0.0,0.0,0.0,0.0,0.0,0.0,0.0,0.0,0.0,0.0,0.0,1.0
1992-01-27,0.0,0.0,0.0,0.0,0.0,0.0,CG,0.0,0.0,1.3269230769230769,11.206659000582418,0.10256410256410256,0.39642738715142467,0,0,1,1,0,2.0,0.0,-2.0,0.0,0.0,0.0,0.0,0.0,0.0,0.0,0.0,0.0,1.0,0.0,-1.0
1992-02-03,0.0,0.0,0.0,0.0,0.0,0.0,CG,0.0,0.0,1.3184713375796178,11.171184438132588,0.10191082802547771,0.39523951478650127,0,1,0,0,1,0.0,2.0,0.0,0.0,0.0,0.0,0.0,0.0,0.0,0.0,0.0,0.0,0.0,1.0,0.0
1992-02-10,2.0,34.0,0.0,0.0,2.0,1.0,CG,17.0,0.0,1.3101265822784811,11.136044592037575,0.10126582278481013,0.3940621926685178,1,0,1,1,0,0.0,0.0,2.0,0.0,0.0,34.0,0.0,0.0,17.0,0.0,0.0,0.0,0.0,0.0,1.0
1992-02-17,0.0,0.0,0.0,0.0,0.0,0.0,CG,0.0,0.0,1.5157232704402517,11.399453321287027,0.11320754716981132,0.42068557781996485,0,1,0,0,0,2.0,0.0,-2.0,34.0,0.0,-34.0,17.0,0.0,-17.0,0.0,0.0,0.0,1.0,0.0,-1.0
1992-02-24,1.0,2.0,0.0,0.0,1.0,1.0,CG,2.0,0.0,1.50625,11.364181219070476,0.1125,0.41945607186738293,1,0,1,0,0,0.0,2.0,1.0,0.0,34.0,2.0,0.0,17.0,2.0,0.0,0.0,0.0,0.0,1.0,1.0
1992-03-02,0.0,0.0,0.0,0.0,0.0,0.0,CG,0.0,0.0,1.5093167701863355,11.328679320877585,0.11801242236024845,0.42395285686585543,0,1,0,1,0,1.0,0.0,-1.0,2.0,0.0,-2.0,2.0,0.0,-2.0,0.0,0.0,0.0,1.0,0.0,-1.0
1992-03-09,1.0,1.0,0.0,0.0,1.0,1.0,CG,1.0,0.0,1.5,11.294064840486703,0.11728395061728394,0.4227358758546597,1,0,0,0,0,0.0,1.0,1.0,0.0,2.0,1.0,0.0,2.0,1.0,0.0,0.0,0.0,0.0,1.0,1.0
1992-03-16,0.0,0.0,0.0,0.0,0.0,0.0,CG,0.0,0.0,1.4969325153374233,11.259220766147616,0.12269938650306748,0.42706298339910564,0,0,1,0,0,1.0,0.0,-1.0,1.0,0.0,-1.0,1.0,0.0,-1.0,0.0,0.0,0.0,1.0,0.0,-1.0
1992-03-23,0.0,0.0,0.0,0.0,0.0,0.0,CG,0.0,0.0,1.4878048780487805,11.225238765207932,0.12195121951219512,0.42585875426890163,0,1,0,0,0,0.0,1.0,0.0,0.0,1.0,0.0,0.0,1.0,0.0,0.0,0.0,0.0,0.0,1.0,0.0
1992-03-30,1.0,13.0,0.0,0.0,1.0,1.0,CG,13.0,0.0,1.4787878787878788,11.191562522388686,0.12121212121212122,0.4246645561122732,1,0,0,0,0,0.0,0.0,1.0,0.0,0.0,13.0,0.0,0.0,13.0,0.0,0.0,0.0,0.0,0.0,1.0
1992-04-06,0.0,0.0,0.0,0.0,0.0,0.0,CG,0.0,0.0,1.5481927710843373,11.193373163382663,0.12650602409638553,0.4288347389109512,0,0,0,0,1,1.0,0.0,-1.0,13.0,0.0,-13.0,13.0,0.0,-13.0,0.0,0.0,0.0,1.0,0.0,-1.0
1992-04-13,0.0,0.0,0.0,0.0,0.0,0.0,CG,0.0,0.0,1.5389221556886228,11.160250301093622,0.12574850299401197,0.42765317439842154,0,0,0,0,0,0.0,1.0,0.0,0.0,13.0,0.0,0.0,13.0,0.0,0.0,0.0,0.0,0.0,1.0,0.0
1992-04-20,0.0,0.0,0.0,0.0,0.0,0.0,CG,0.0,0.0,1.5297619047619047,11.12741965625653,0.125,0.42648121593443034,0,0,0,0,0,0.0,0.0,0.0,0.0,0.0,0.0,0.0,0.0,0.0,0.0,0.0,0.0,0.0,0.0,0.0
1992-04-27,0.0,0.0,0.0,0.0,0.0,0.0,CG,0.0,0.0,1.5207100591715976,11.09487695879995,0.1242603550295858,0.42531873583216767,0,0,0,0,0,0.0,0.0,0.0,0.0,0.0,0.0,0.0,0.0,0.0,0.0,0.0,0.0,0.0,0.0,0.0
1992-05-04,0.0,0.0,0.0,0.0,0.0,0.0,CG,0.0,0.0,1.511764705882353,11.06261802546961,0.12352941176470589,0.4241656087271467,0,0,0,1,0,0.0,0.0,0.0,0.0,0.0,0.0,0.0,0.0,0.0,0.0,0.0,0.0,0.0,0.0,0.0
1992-05-11,0.0,0.0,0.0,0.0,0.0,0.0,CG,0.0,0.0,1.5029239766081872,11.030638757572868,0.12280701754385964,0.42302171152442364,0,0,0,0,0,0.0,0.0,0.0,0.0,0.0,0.0,0.0,0.0,0.0,0.0,0.0,0.0,0.0,0.0,0.0
1992-05-18,0.0,0.0,0.0,0.0,0.0,0.0,CG,0.0,0.0,1.494186046511628,10.99893513879441,0.12209302325581395,0.42188692334722977,0,0,1,0,0,0.0,0.0,0.0,0.0,0.0,0.0,0.0,0.0,0.0,0.0,0.0,0.0,0.0,0.0,0.0
1992-05-25,0.0,0.0,0.0,0.0,0.0,0.0,CG,0.0,0.0,1.4855491329479769,10.967503233080443,0.12138728323699421,0.42076112548697353,0,1,0,0,0,0.0,0.0,0.0,0.0,0.0,0.0,0.0,0.0,0.0,0.0,0.0,0.0,0.0,0.0,0.0
1992-06-01,1.0,1.0,0.0,0.0,1.0,1.0,CG,1.0,0.0,1.4770114942528736,10.936339182588936,0.1206896551724138,0.41964420135457164,1,0,0,0,0,0.0,0.0,1.0,0.0,0.0,1.0,0.0,0.0,1.0,0.0,0.0,0.0,0.0,0.0,1.0
1992-06-08,0.0,0.0,0.0,0.0,0.0,0.0,CG,0.0,0.0,1.4742857142857142,10.904927254394924,0.12571428571428572,0.4236831235281406,0,0,0,0,0,1.0,0.0,-1.0,1.0,0.0,-1.0,1.0,0.0,-1.0,0.0,0.0,0.0,1.0,0.0,-1.0
1992-06-15,0.0,0.0,0.0,0.0,0.0,0.0,CG,0.0,0.0,1.4659090909090908,10.874293528329078,0.125,0.42257712736425834,0,0,0,0,0,0.0,1.0,0.0,0.0,1.0,0.0,0.0,1.0,0.0,0.0,0.0,0.0,0.0,1.0,0.0
1992-06-22,0.0,0.0,0.0,0.0,0.0,0.0,CG,0.0,0.0,1.4576271186440677,10.843916445772564,0.12429378531073447,0.42147964958936796,0,0,0,0,0,0.0,0.0,0.0,0.0,0.0,0.0,0.0,0.0,0.0,0.0,0.0,0.0,0.0,0.0,0.0
1992-06-29,0.0,0.0,0.0,0.0,0.0,0.0,CG,0.0,0.0,1.449438202247191,10.813792444246044,0.12359550561797752,0.4203905829577697,0,0,0,0,0,0.0,0.0,0.0,0.0,0.0,0.0,0.0,0.0,0.0,0.0,0.0,0.0,0.0,0.0,0.0
1992-07-06,0.0,0.0,0.0,0.0,0.0,0.0,CG,0.0,0.0,1.441340782122905,10.783918030096679,0.12290502793296089,0.41930982207037587,0,0,0,0,0,0.0,0.0,0.0,0.0,0.0,0.0,0.0,0.0,0.0,0.0,0.0,0.0,0.0,0.0,0.0
1992-07-13,0.0,0.0,0.0,0.0,0.0,0.0,CG,0.0,0.0,1.4333333333333333,10.75428977679846,0.12222222222222222,0.41823726333501365,0,0,0,0,1,0.0,0.0,0.0,0.0,0.0,0.0,0.0,0.0,0.0,0.0,0.0,0.0,0.0,0.0,0.0
1992-07-20,0.0,0.0,0.0,0.0,0.0,0.0,CG,0.0,0.0,1.425414364640884,10.724904323303527,0.12154696132596685,0.41717280492773107,0,0,0,0,0,0.0,0.0,0.0,0.0,0.0,0.0,0.0,0.0,0.0,0.0,0.0,0.0,0.0,0.0,0.0
1992-07-27,0.0,0.0,0.0,0.0,0.0,0.0,CG,0.0,0.0,1.4175824175824177,10.695758372442697,0.12087912087912088,0.4161163467550776,0,0,0,0,0,0.0,0.0,0.0,0.0,0.0,0.0,0.0,0.0,0.0,0.0,0.0,0.0,0.0,0.0,0.0
1992-08-03,0.0,0.0,0.0,0.0,0.0,0.0,CG,0.0,0.0,1.4098360655737705,10.666848689373483,0.12021857923497267,0.4150677904173322,0,0,0,0,0,0.0,0.0,0.0,0.0,0.0,0.0,0.0,0.0,0.0,0.0,0.0,0.0,0.0,0.0,0.0
1992-08-10,0.0,0.0,0.0,0.0,0.0,0.0,CG,0.0,0.0,1.4021739130434783,10.638172100073918,0.11956521739130435,0.41402703917265204,0,0,0,1,0,0.0,0.0,0.0,0.0,0.0,0.0,0.0,0.0,0.0,0.0,0.0,0.0,0.0,0.0,0.0
1992-08-17,0.0,0.0,0.0,0.0,0.0,0.0,CG,0.0,0.0,1.3945945945945946,10.609725489880628,0.11891891891891893,0.4129939979021157,0,0,0,0,0,0.0,0.0,0.0,0.0,0.0,0.0,0.0,0.0,0.0,0.0,0.0,0.0,0.0,0.0,0.0
1992-08-24,0.0,0.0,0.0,0.0,0.0,0.0,CG,0.0,0.0,1.3870967741935485,10.581505802069605,0.11827956989247312,0.4119685730756367,0,0,1,0,0,0.0,0.0,0.0,0.0,0.0,0.0,0.0,0.0,0.0,0.0,0.0,0.0,0.0,0.0,0.0
1992-08-31,0.0,0.0,0.0,0.0,0.0,0.0,CG,0.0,0.0,1.3796791443850267,10.55351003647822,0.11764705882352941,0.41095067271872143,0,1,0,0,0,0.0,0.0,0.0,0.0,0.0,0.0,0.0,0.0,0.0,0.0,0.0,0.0,0.0,0.0,0.0
1992-09-07,1.0,1.0,0.0,0.0,1.0,1.0,CG,1.0,0.0,1.372340425531915,10.52573524816707,0.11702127659574468,0.40994020638004974,1,0,0,0,1,0.0,0.0,1.0,0.0,0.0,1.0,0.0,0.0,1.0,0.0,0.0,0.0,0.0,0.0,1.0
1992-09-14,0.0,0.0,0.0,0.0,0.0,0.0,CG,0.0,0.0,1.3703703703703705,10.497738883712374,0.12169312169312169,0.4138625671327547,0,0,0,0,0,1.0,0.0,-1.0,1.0,0.0,-1.0,1.0,0.0,-1.0,0.0,0.0,0.0,1.0,0.0,-1.0
1992-09-21,0.0,0.0,0.0,0.0,0.0,0.0,CG,0.0,0.0,1.3631578947368421,10.470402251502595,0.12105263157894737,0.41286064544731765,0,0,0,0,0,0.0,1.0,0.0,0.0,1.0,0.0,0.0,1.0,0.0,0.0,0.0,0.0,0.0,1.0,0.0
1992-09-28,0.0,0.0,0.0,0.0,0.0,0.0,CG,0.0,0.0,1.356020942408377,10.443278013282846,0.12041884816753927,0.41186588576064803,0,0,0,0,0,0.0,0.0,0.0,0.0,0.0,0.0,0.0,0.0,0.0,0.0,0.0,0.0,0.0,0.0,0.0
1992-10-05,0.0,0.0,0.0,0.0,0.0,0.0,CG,0.0,0.0,1.3489583333333333,10.416363433631759,0.11979166666666667,0.4108782043116421,0,0,0,1,0,0.0,0.0,0.0,0.0,0.0,0.0,0.0,0.0,0.0,0.0,0.0,0.0,0.0,0.0,0.0
1992-10-12,0.0,0.0,0.0,0.0,0.0,0.0,CG,0.0,0.0,1.3419689119170986,10.389655826182523,0.11917098445595854,0.409897518680438,0,0,0,0,0,0.0,0.0,0.0,0.0,0.0,0.0,0.0,0.0,0.0,0.0,0.0,0.0,0.0,0.0,0.0
1992-10-19,0.0,0.0,0.0,0.0,0.0,0.0,CG,0.0,0.0,1.3350515463917525,10.363152552497946,0.11855670103092783,0.40892374776156126,0,0,1,0,1,0.0,0.0,0.0,0.0,0.0,0.0,0.0,0.0,0.0,0.0,0.0,0.0,0.0,0.0,0.0
1992-10-26,0.0,0.0,0.0,0.0,0.0,0.0,CG,0.0,0.0,1.3282051282051281,10.336851020976862,0.11794871794871795,0.407956811737705,0,1,0,0,0,0.0,0.0,0.0,0.0,0.0,0.0,0.0,0.0,0.0,0.0,0.0,0.0,0.0,0.0,0.0
1992-11-02,1.0,10.0,0.0,0.0,1.0,1.0,CG,10.0,0.0,1.3214285714285714,10.310748685790882,0.11734693877551021,0.4069966320541257,1,0,0,0,0,0.0,0.0,1.0,0.0,0.0,10.0,0.0,0.0,10.0,0.0,0.0,0.0,0.0,0.0,1.0
1992-11-09,0.0,0.0,0.0,0.0,0.0,0.0,CG,0.0,0.0,1.365482233502538,10.302982845082301,0.1218274111675127,0.41079901071445885,0,0,0,0,0,1.0,0.0,-1.0,10.0,0.0,-10.0,10.0,0.0,-10.0,0.0,0.0,0.0,1.0,0.0,-1.0
1992-11-16,0.0,0.0,0.0,0.0,0.0,0.0,CG,0.0,0.0,1.3585858585858586,10.277258024775831,0.12121212121212122,0.4098465051966084,0,0,0,1,1,0.0,1.0,0.0,0.0,10.0,0.0,0.0,10.0,0.0,0.0,0.0,0.0,0.0,1.0,0.0
1992-11-23,0.0,0.0,0.0,0.0,0.0,0.0,CG,0.0,0.0,1.3517587939698492,10.251724881825343,0.12060301507537688,0.4089005191196484,0,0,0,0,0,0.0,0.0,0.0,0.0,0.0,0.0,0.0,0.0,0.0,0.0,0.0,0.0,0.0,0.0,0.0
1992-11-30,0.0,0.0,0.0,0.0,0.0,0.0,CG,0.0,0.0,1.345,10.226381048383324,0.12,0.4079609795115461,0,0,1,0,1,0.0,0.0,0.0,0.0,0.0,0.0,0.0,0.0,0.0,0.0,0.0,0.0,0.0,0.0,0.0
1992-12-07,0.0,0.0,0.0,0.0,0.0,0.0,CG,0.0,0.0,1.3383084577114428,10.201224197339162,0.11940298507462686,0.4070278145176872,0,1,0,0,1,0.0,0.0,0.0,0.0,0.0,0.0,0.0,0.0,0.0,0.0,0.0,0.0,0.0,0.0,0.0
1992-12-14,1.0,5.0,0.0,0.0,1.0,1.0,CG,5.0,0.0,1.3316831683168318,10.176252041422764,0.1188118811881188,0.4061009533795101,1,0,0,1,0,0.0,0.0,1.0,0.0,0.0,5.0,0.0,0.0,5.0,0.0,0.0,0.0,0.0,0.0,1.0
1992-12-21,0.0,0.0,0.0,0.0,0.0,0.0,CG,0.0,0.0,1.3497536945812807,10.154296629409796,0.12315270935960591,0.4097885367860318,0,0,0,0,0,1.0,0.0,-1.0,5.0,0.0,-5.0,5.0,0.0,-5.0,0.0,0.0,0.0,1.0,0.0,-1.0
1992-12-28,0.0,0.0,0.0,0.0,0.0,0.0,CG,0.0,0.0,1.3431372549019607,10.129695989913188,0.12254901960784313,0.40886888614584926,0,0,1,1,1,0.0,1.0,0.0,0.0,5.0,0.0,0.0,5.0,0.0,0.0,0.0,0.0,0.0,1.0,0.0
1993-01-04,0.0,0.0,0.0,0.0,0.0,0.0,CG,0.0,0.0,1.3365853658536586,10.105273232656675,0.12195121951219512,0.40795532430452175,0,1,0,1,0,0.0,0.0,0.0,0.0,0.0,0.0,0.0,0.0,0.0,0.0,0.0,0.0,0.0,0.0,0.0
1993-01-11,1.0,5.0,0.0,0.0,1.0,1.0,CG,5.0,0.0,1.3300970873786409,10.0810262248754,0.12135922330097088,0.4070477853980324,1,0,1,0,0,0.0,0.0,1.0,0.0,0.0,5.0,0.0,0.0,5.0,0.0,0.0,0.0,0.0,0.0,1.0
1993-01-18,0.0,0.0,0.0,0.0,0.0,0.0,CG,0.0,0.0,1.3478260869565217,10.059762326550997,0.12560386473429952,0.4106252603664451,0,1,1,0,1,1.0,0.0,-1.0,5.0,0.0,-5.0,5.0,0.0,-5.0,0.0,0.0,0.0,1.0,0.0,-1.0
1993-01-25,1.0,65.0,0.0,0.0,1.0,1.0,CG,65.0,0.0,1.3413461538461537,10.035869105887963,0.125,0.40972478096310666,1,1,0,1,0,0.0,1.0,1.0,0.0,5.0,65.0,0.0,5.0,65.0,0.0,0.0,0.0,0.0,1.0,1.0
1993-02-01,1.0,3.0,0.0,0.0,1.0,1.0,CG,3.0,0.0,1.645933014354067,10.937277259943441,0.1291866028708134,0.4131955774258353,1,0,0,0,1,1.0,0.0,0.0,65.0,0.0,-62.0,65.0,0.0,-62.0,0.0,0.0,0.0,1.0,0.0,0.0
1993-02-08,0.0,0.0,0.0,0.0,0.0,0.0,CG,0.0,0.0,1.6523809523809523,10.911480238835894,0.13333333333333333,0.41656298550536386,0,0,1,0,0,1.0,1.0,-1.0,3.0,65.0,-3.0,3.0,65.0,-3.0,0.0,0.0,0.0,1.0,1.0,-1.0
1993-02-15,0.0,0.0,0.0,0.0,0.0,0.0,CG,0.0,0.0,1.6445497630331753,10.886063880950307,0.13270142180094788,0.41567134561982677,0,1,0,1,0,0.0,1.0,0.0,0.0,3.0,0.0,0.0,3.0,0.0,0.0,0.0,0.0,0.0,1.0,0.0
1993-02-22,1.0,17.0,0.0,0.0,1.0,1.0,CG,17.0,0.0,1.6367924528301887,10.86082420717183,0.1320754716981132,0.4147853141521158,1,0,0,0,0,0.0,0.0,1.0,0.0,0.0,17.0,0.0,0.0,17.0,0.0,0.0,0.0,0.0,0.0,1.0
1993-03-01,0.0,0.0,0.0,0.0,0.0,0.0,CG,0.0,0.0,1.7089201877934272,10.886193664810069,0.13615023474178403,0.4180572949385763,0,0,1,1,0,1.0,0.0,-1.0,17.0,0.0,-17.0,17.0,0.0,-17.0,0.0,0.0,0.0,1.0,0.0,-1.0
1993-03-08,0.0,0.0,0.0,0.0,0.0,0.0,CG,0.0,0.0,1.7009345794392523,10.861237406285714,0.13551401869158877,0.417178615769236,0,1,0,0,0,0.0,1.0,0.0,0.0,17.0,0.0,0.0,17.0,0.0,0.0,0.0,0.0,0.0,1.0,0.0
1993-03-15,4.0,3075.0,0.0,1.0,3.0,3.0,CG,768.75,0.0,1.6930232558139535,10.836451883127818,0.13488372093023257,0.4163053566402893,1,0,1,0,1,0.0,0.0,4.0,0.0,0.0,3075.0,0.0,0.0,768.75,0.0,0.0,0.0,0.0,0.0,3.0
1993-03-22,0.0,0.0,0.0,0.0,0.0,0.0,CG,0.0,0.0,15.921296296296296,209.39134010698766,0.1527777777777778,0.49159604012508756,0,1,0,0,1,4.0,0.0,-4.0,3075.0,0.0,-3075.0,768.75,0.0,-768.75,0.0,0.0,0.0,3.0,0.0,-3.0
1993-03-29,3.0,63.0,0.0,3.0,0.0,1.0,CG,21.0,0.0,15.847926267281107,208.9088714758851,0.15207373271889402,0.49056640931246465,1,0,0,0,0,0.0,4.0,3.0,0.0,3075.0,63.0,0.0,768.75,21.0,0.0,0.0,0.0,0.0,3.0,1.0
1993-04-05,0.0,0.0,0.0,0.0,0.0,0.0,CG,0.0,0.0,16.06422018348624,208.45142325434566,0.1651376146788991,0.5260716333954992,0,0,0,0,0,3.0,0.0,-3.0,63.0,0.0,-63.0,21.0,0.0,-21.0,0.0,0.0,0.0,1.0,0.0,-1.0
1993-04-12,0.0,0.0,0.0,0.0,0.0,0.0,CG,0.0,0.0,15.990867579908675,207.97560704858034,0.1643835616438356,0.5249822704774867,0,0,0,1,0,0.0,3.0,0.0,0.0,63.0,0.0,0.0,21.0,0.0,0.0,0.0,0.0,0.0,1.0,0.0
1993-04-19,0.0,0.0,0.0,0.0,0.0,0.0,CG,0.0,0.0,15.918181818181818,207.50303433191786,0.16363636363636364,0.5238995464253691,0,0,0,1,0,0.0,0.0,0.0,0.0,0.0,0.0,0.0,0.0,0.0,0.0,0.0,0.0,0.0,0.0,0.0
1993-04-26,0.0,0.0,0.0,0.0,0.0,0.0,CG,0.0,0.0,15.846153846153847,207.03366842168415,0.16289592760180996,0.5228233953794221,0,0,1,0,0,0.0,0.0,0.0,0.0,0.0,0.0,0.0,0.0,0.0,0.0,0.0,0.0,0.0,0.0,0.0
1993-05-03,0.0,0.0,0.0,0.0,0.0,0.0,CG,0.0,0.0,15.774774774774775,206.56747321339836,0.16216216216216217,0.5217537523672744,0,1,1,0,1,0.0,0.0,0.0,0.0,0.0,0.0,0.0,0.0,0.0,0.0,0.0,0.0,0.0,0.0,0.0
1993-05-10,1.0,8.0,0.0,1.0,0.0,1.0,CG,8.0,0.0,15.704035874439462,206.10441316910826,0.16143497757847533,0.5206905532891601,1,1,0,0,0,0.0,0.0,1.0,0.0,0.0,8.0,0.0,0.0,8.0,0.0,0.0,0.0,0.0,0.0,1.0
1993-05-17,1.0,0.0,0.0,0.0,1.0,1.0,CG,0.0,0.0,15.669642857142858,205.64242065528708,0.16517857142857142,0.5225343246482649,1,0,0,0,0,1.0,0.0,0.0,8.0,0.0,-8.0,8.0,0.0,-8.0,0.0,0.0,0.0,1.0,0.0,0.0
1993-05-24,0.0,0.0,0.0,0.0,0.0,0.0,CG,0.0,0.0,15.6,205.18554321115593,0.1688888888888889,0.5243287469905069,0,0,0,0,1,1.0,1.0,-1.0,0.0,8.0,0.0,0.0,8.0,0.0,0.0,0.0,0.0,1.0,1.0,-1.0
1993-05-31,0.0,0.0,0.0,0.0,0.0,0.0,CG,0.0,0.0,15.530973451327434,204.73169741217504,0.168141592920354,0.5232828827870216,0,0,0,1,0,0.0,1.0,0.0,0.0,0.0,0.0,0.0,0.0,0.0,0.0,0.0,0.0,0.0,1.0,0.0
1993-06-07,0.0,0.0,0.0,0.0,0.0,0.0,CG,0.0,0.0,15.462555066079295,204.28084987847262,0.16740088105726872,0.5222431473508988,0,0,0,0,0,0.0,0.0,0.0,0.0,0.0,0.0,0.0,0.0,0.0,0.0,0.0,0.0,0.0,0.0,0.0
1993-06-14,0.0,0.0,0.0,0.0,0.0,0.0,CG,0.0,0.0,15.394736842105264,203.83296774245565,0.16666666666666666,0.5212094823799359,0,0,1,0,0,0.0,0.0,0.0,0.0,0.0,0.0,0.0,0.0,0.0,0.0,0.0,0.0,0.0,0.0,0.0
1993-06-21,0.0,0.0,0.0,0.0,0.0,0.0,CG,0.0,0.0,15.327510917030567,203.38801863874585,0.16593886462882096,0.5201818303218125,0,1,0,1,0,0.0,0.0,0.0,0.0,0.0,0.0,0.0,0.0,0.0,0.0,0.0,0.0,0.0,0.0,0.0
1993-06-28,1.0,4.0,0.0,0.0,1.0,1.0,CG,4.0,0.0,15.26086956521739,202.9459706943565,0.16521739130434782,0.519160134362288,1,0,0,0,0,0.0,0.0,1.0,0.0,0.0,4.0,0.0,0.0,4.0,0.0,0.0,0.0,0.0,0.0,1.0
1993-07-05,0.0,0.0,0.0,0.0,0.0,0.0,CG,0.0,0.0,15.212121212121213,202.50565860113858,0.16883116883116883,0.5209338788701642,0,0,1,0,0,1.0,0.0,-1.0,4.0,0.0,-4.0,4.0,0.0,-4.0,0.0,0.0,0.0,1.0,0.0,-1.0
1993-07-12,0.0,0.0,0.0,0.0,0.0,0.0,CG,0.0,0.0,15.14655172413793,202.069327364771,0.16810344827586207,0.5199232607263643,0,1,0,0,1,0.0,1.0,0.0,0.0,4.0,0.0,0.0,4.0,0.0,0.0,0.0,0.0,0.0,1.0,0.0
1993-07-19,1.0,48.0,0.0,0.0,1.0,1.0,CG,48.0,0.0,15.081545064377682,201.63580443979993,0.16738197424892703,0.518918400187334,1,0,0,0,0,0.0,0.0,1.0,0.0,0.0,48.0,0.0,0.0,48.0,0.0,0.0,0.0,0.0,0.0,1.0
1993-07-26,0.0,0.0,0.0,0.0,0.0,0.0,CG,0.0,0.0,15.222222222222221,201.21415197420183,0.17094017094017094,0.5206565398193161,0,0,0,0,0,1.0,0.0,-1.0,48.0,0.0,-48.0,48.0,0.0,-48.0,0.0,0.0,0.0,1.0,0.0,-1.0
1993-08-02,0.0,0.0,0.0,0.0,0.0,0.0,CG,0.0,0.0,15.157446808510638,200.78620230530882,0.1702127659574468,0.5196624864624481,0,0,0,0,0,0.0,1.0,0.0,0.0,48.0,0.0,0.0,48.0,0.0,0.0,0.0,0.0,0.0,1.0,0.0
1993-08-09,0.0,0.0,0.0,0.0,0.0,0.0,CG,0.0,0.0,15.09322033898305,200.36097158020573,0.1694915254237288,0.5186740007719802,0,0,0,1,0,0.0,0.0,0.0,0.0,0.0,0.0,0.0,0.0,0.0,0.0,0.0,0.0,0.0,0.0,0.0
1993-08-16,0.0,0.0,0.0,0.0,0.0,0.0,CG,0.0,0.0,15.029535864978904,199.9384311296362,0.16877637130801687,0.5176910322412859,0,0,0,0,0,0.0,0.0,0.0,0.0,0.0,0.0,0.0,0.0,0.0,0.0,0.0,0.0,0.0,0.0,0.0
1993-08-23,0.0,0.0,0.0,0.0,0.0,0.0,CG,0.0,0.0,14.966386554621849,199.51855270577659,0.16806722689075632,0.5167135309807617,0,0,1,0,0,0.0,0.0,0.0,0.0,0.0,0.0,0.0,0.0,0.0,0.0,0.0,0.0,0.0,0.0,0.0
1993-08-30,0.0,0.0,0.0,0.0,0.0,0.0,CG,0.0,0.0,14.903765690376568,199.10130847430452,0.16736401673640167,0.5157414477086736,0,1,0,0,0,0.0,0.0,0.0,0.0,0.0,0.0,0.0,0.0,0.0,0.0,0.0,0.0,0.0,0.0,0.0
1993-09-06,1.0,38.0,0.0,1.0,0.0,1.0,CG,38.0,0.0,14.841666666666667,198.68667100664888,0.16666666666666666,0.5147747337421512,1,0,0,0,0,0.0,0.0,1.0,0.0,0.0,38.0,0.0,0.0,38.0,0.0,0.0,0.0,0.0,0.0,1.0
1993-09-13,0.0,0.0,0.0,0.0,0.0,0.0,CG,0.0,0.0,14.937759336099585,198.2779201271753,0.17012448132780084,0.5164982101677612,0,0,0,0,0,1.0,0.0,-1.0,38.0,0.0,-38.0,38.0,0.0,-38.0,0.0,0.0,0.0,1.0,0.0,-1.0
1993-09-20,0.0,0.0,0.0,0.0,0.0,0.0,CG,0.0,0.0,14.87603305785124,197.86845750938713,0.16942148760330578,0.515541527351904,0,0,0,0,0,0.0,1.0,0.0,0.0,38.0,0.0,0.0,38.0,0.0,0.0,0.0,0.0,0.0,1.0,0.0
1993-09-27,0.0,0.0,0.0,0.0,0.0,0.0,CG,0.0,0.0,14.814814814814815,197.46152116703092,0.16872427983539096,0.5145900419436406,0,0,0,0,1,0.0,0.0,0.0,0.0,0.0,0.0,0.0,0.0,0.0,0.0,0.0,0.0,0.0,0.0,0.0
1993-10-04,0.0,0.0,0.0,0.0,0.0,0.0,CG,0.0,0.0,14.754098360655737,197.05708522938576,0.1680327868852459,0.5136437082286718,0,0,0,0,1,0.0,0.0,0.0,0.0,0.0,0.0,0.0,0.0,0.0,0.0,0.0,0.0,0.0,0.0,0.0
1993-10-11,0.0,0.0,0.0,0.0,0.0,0.0,CG,0.0,0.0,14.693877551020408,196.65512419511998,0.1673469387755102,0.5127024810337995,0,0,0,0,0,0.0,0.0,0.0,0.0,0.0,0.0,0.0,0.0,0.0,0.0,0.0,0.0,0.0,0.0,0.0
1993-10-18,0.0,0.0,0.0,0.0,0.0,0.0,CG,0.0,0.0,14.634146341463415,196.25561292553775,0.16666666666666666,0.5117663157191591,0,0,0,0,1,0.0,0.0,0.0,0.0,0.0,0.0,0.0,0.0,0.0,0.0,0.0,0.0,0.0,0.0,0.0
1993-10-25,0.0,0.0,0.0,0.0,0.0,0.0,CG,0.0,0.0,14.574898785425102,195.85852663797579,0.1659919028340081,0.5108351681705758,0,0,0,1,0,0.0,0.0,0.0,0.0,0.0,0.0,0.0,0.0,0.0,0.0,0.0,0.0,0.0,0.0,0.0
1993-11-01,0.0,0.0,0.0,0.0,0.0,0.0,CG,0.0,0.0,14.516129032258064,195.46384089934637,0.16532258064516128,0.5099089947920428,0,0,0,1,1,0.0,0.0,0.0,0.0,0.0,0.0,0.0,0.0,0.0,0.0,0.0,0.0,0.0,0.0,0.0
1993-11-08,0.0,0.0,0.0,0.0,0.0,0.0,CG,0.0,0.0,14.457831325301205,195.07153161982325,0.1646586345381526,0.5089877524983183,0,0,1,0,0,0.0,0.0,0.0,0.0,0.0,0.0,0.0,0.0,0.0,0.0,0.0,0.0,0.0,0.0,0.0
1993-11-15,0.0,0.0,0.0,0.0,0.0,0.0,CG,0.0,0.0,14.4,194.6815750466659,0.164,0.5080713987076413,0,1,1,1,1,0.0,0.0,0.0,0.0,0.0,0.0,0.0,0.0,0.0,0.0,0.0,0.0,0.0,0.0,0.0
1993-11-22,1.0,3.0,0.0,0.0,1.0,1.0,CG,3.0,0.0,14.342629482071713,194.29394775817946,0.16334661354581673,0.5071598913345633,1,1,0,0,0,0.0,0.0,1.0,0.0,0.0,3.0,0.0,0.0,3.0,0.0,0.0,0.0,0.0,0.0,1.0
1993-11-29,2.0,7.0,0.0,0.0,2.0,2.0,CG,3.5,0.0,14.297619047619047,193.90783820006868,0.16666666666666666,0.5088851967057942,1,0,1,1,0,1.0,0.0,1.0,3.0,0.0,4.0,3.0,0.0,0.5,0.0,0.0,0.0,1.0,0.0,1.0
1993-12-06,0.0,0.0,0.0,0.0,0.0,0.0,CG,0.0,0.0,14.268774703557312,193.52326183257165,0.17391304347826086,0.5207893356157529,0,1,0,0,0,2.0,1.0,-2.0,7.0,3.0,-7.0,3.5,3.0,-3.5,0.0,0.0,0.0,2.0,1.0,-2.0
1993-12-13,1.0,1.0,0.0,0.0,1.0,1.0,CG,1.0,0.0,14.21259842519685,193.14250119925984,0.1732283464566929,0.5198736269210105,1,0,1,1,0,0.0,2.0,1.0,0.0,7.0,1.0,0.0,3.5,1.0,0.0,0.0,0.0,0.0,2.0,1.0
1993-12-20,0.0,0.0,0.0,0.0,0.0,0.0,CG,0.0,0.0,14.16078431372549,192.76370022742012,0.17647058823529413,0.5214260561245077,0,1,0,0,0,1.0,0.0,-1.0,1.0,0.0,-1.0,1.0,0.0,-1.0,0.0,0.0,0.0,1.0,0.0,-1.0
1993-12-27,1.0,146.0,0.0,1.0,0.0,1.0,CG,146.0,0.0,14.10546875,192.3873966801049,0.17578125,0.5205195132994441,1,0,1,0,0,0.0,1.0,1.0,0.0,1.0,146.0,0.0,1.0,146.0,0.0,0.0,0.0,0.0,1.0,1.0
1994-01-03,0.0,0.0,0.0,0.0,0.0,0.0,CG,0.0,0.0,14.618677042801556,192.18745559298466,0.17898832684824903,0.5220397829854113,0,1,0,0,0,1.0,0.0,-1.0,146.0,0.0,-146.0,146.0,0.0,-146.0,0.0,0.0,0.0,1.0,0.0,-1.0
1994-01-10,1.0,2.0,1.0,0.0,0.0,1.0,CG,2.0,1.0,14.562015503875969,191.81534477019076,0.17829457364341086,0.5211423012025946,1,0,0,0,0,0.0,1.0,1.0,0.0,146.0,2.0,0.0,146.0,2.0,0.0,0.0,1.0,0.0,1.0,1.0
1994-01-17,0.0,0.0,0.0,0.0,0.0,0.0,CG,0.0,0.0,14.513513513513514,191.44483997920037,0.18146718146718147,0.522631395410912,0,0,0,0,0,1.0,0.0,-1.0,2.0,0.0,-2.0,2.0,0.0,-2.0,1.0,0.0,-1.0,1.0,0.0,-1.0
1994-01-24,0.0,0.0,0.0,0.0,0.0,0.0,CG,0.0,0.0,14.457692307692307,191.07701791313568,0.18076923076923077,0.5217428698272957,0,0,0,0,0,0.0,1.0,0.0,0.0,2.0,0.0,0.0,2.0,0.0,0.0,1.0,0.0,0.0,1.0,0.0
1994-01-31,0.0,0.0,0.0,0.0,0.0,0.0,CG,0.0,0.0,14.402298850574713,190.71130778685327,0.18007662835249041,0.5208587526953518,0,0,0,0,0,0.0,0.0,0.0,0.0,0.0,0.0,0.0,0.0,0.0,0.0,0.0,0.0,0.0,0.0,0.0
1994-02-07,0.0,0.0,0.0,0.0,0.0,0.0,CG,0.0,0.0,14.34732824427481,190.34768946733942,0.17938931297709923,0.5199790088972622,0,0,0,0,0,0.0,0.0,0.0,0.0,0.0,0.0,0.0,0.0,0.0,0.0,0.0,0.0,0.0,0.0,0.0
1994-02-14,0.0,0.0,0.0,0.0,0.0,0.0,CG,0.0,0.0,14.29277566539924,189.98614308925372,0.17870722433460076,0.5191036036860307,0,0,0,0,0,0.0,0.0,0.0,0.0,0.0,0.0,0.0,0.0,0.0,0.0,0.0,0.0,0.0,0.0,0.0
1994-02-21,0.0,0.0,0.0,0.0,0.0,0.0,CG,0.0,0.0,14.238636363636363,189.62664905037104,0.17803030303030304,0.5182325026808806,0,0,0,0,0,0.0,0.0,0.0,0.0,0.0,0.0,0.0,0.0,0.0,0.0,0.0,0.0,0.0,0.0,0.0
1994-02-28,0.0,0.0,0.0,0.0,0.0,0.0,CG,0.0,0.0,14.184905660377359,189.26918800711763,0.17735849056603772,0.5173656718627121,0,0,0,0,1,0.0,0.0,0.0,0.0,0.0,0.0,0.0,0.0,0.0,0.0,0.0,0.0,0.0,0.0,0.0
1994-03-07,0.0,0.0,0.0,0.0,0.0,0.0,CG,0.0,0.0,14.131578947368421,188.91374087019977,0.17669172932330826,0.5165030775696162,0,0,0,0,0,0.0,0.0,0.0,0.0,0.0,0.0,0.0,0.0,0.0,0.0,0.0,0.0,0.0,0.0,0.0
1994-03-14,0.0,0.0,0.0,0.0,0.0,0.0,CG,0.0,0.0,14.07865168539326,188.56028880032224,0.1760299625468165,0.5156446864924465,0,0,0,0,0,0.0,0.0,0.0,0.0,0.0,0.0,0.0,0.0,0.0,0.0,0.0,0.0,0.0,0.0,0.0
1994-03-21,0.0,0.0,0.0,0.0,0.0,0.0,CG,0.0,0.0,14.026119402985074,188.20881320399454,0.17537313432835822,0.5147904656704468,0,0,0,0,0,0.0,0.0,0.0,0.0,0.0,0.0,0.0,0.0,0.0,0.0,0.0,0.0,0.0,0.0,0.0
1994-03-28,0.0,0.0,0.0,0.0,0.0,0.0,CG,0.0,0.0,13.973977695167287,187.85929572942277,0.17472118959107807,0.5139403824869364,0,0,0,1,0,0.0,0.0,0.0,0.0,0.0,0.0,0.0,0.0,0.0,0.0,0.0,0.0,0.0,0.0,0.0
1994-04-04,0.0,0.0,0.0,0.0,0.0,0.0,CG,0.0,0.0,13.922222222222222,187.51171826248535,0.17407407407407408,0.5130944046650499,0,0,0,0,0,0.0,0.0,0.0,0.0,0.0,0.0,0.0,0.0,0.0,0.0,0.0,0.0,0.0,0.0,0.0
1994-04-11,0.0,0.0,0.0,0.0,0.0,0.0,CG,0.0,0.0,13.870848708487085,187.16606292278993,0.17343173431734318,0.5122525002635324,0,0,1,0,0,0.0,0.0,0.0,0.0,0.0,0.0,0.0,0.0,0.0,0.0,0.0,0.0,0.0,0.0,0.0
1994-04-18,0.0,0.0,0.0,0.0,0.0,0.0,CG,0.0,0.0,13.819852941176471,186.82231205981026,0.17279411764705882,0.5114146376725904,0,1,0,0,0,0.0,0.0,0.0,0.0,0.0,0.0,0.0,0.0,0.0,0.0,0.0,0.0,0.0,0.0,0.0
1994-04-25,2.0,2.0,0.0,0.0,2.0,1.0,CG,1.0,0.0,13.76923076923077,186.48044824910068,0.17216117216117216,0.5105807856097947,1,0,0,0,0,0.0,0.0,2.0,0.0,0.0,2.0,0.0,0.0,1.0,0.0,0.0,0.0,0.0,0.0,1.0
1994-05-02,0.0,0.0,0.0,0.0,0.0,0.0,CG,0.0,0.0,13.726277372262773,186.13995355815848,0.17883211678832117,0.5214702597322751,0,0,0,0,0,2.0,0.0,-2.0,2.0,0.0,-2.0,1.0,0.0,-1.0,0.0,0.0,0.0,1.0,0.0,-1.0
1994-05-09,0.0,0.0,0.0,0.0,0.0,0.0,CG,0.0,0.0,13.676363636363636,185.80181534438447,0.1781818181818182,0.520629500038704,0,0,0,0,0,0.0,2.0,0.0,0.0,2.0,0.0,0.0,1.0,0.0,0.0,0.0,0.0,0.0,1.0,0.0
1994-05-16,0.0,0.0,0.0,0.0,0.0,0.0,CG,0.0,0.0,13.626811594202898,185.46551320290055,0.17753623188405798,0.5197927021687893,0,0,0,0,1,0.0,0.0,0.0,0.0,0.0,0.0,0.0,0.0,0.0,0.0,0.0,0.0,0.0,0.0,0.0
1994-05-23,0.0,0.0,0.0,0.0,0.0,0.0,CG,0.0,0.0,13.577617328519855,185.13103057755634,0.17689530685920576,0.5189598360792499,0,0,0,0,0,0.0,0.0,0.0,0.0,0.0,0.0,0.0,0.0,0.0,0.0,0.0,0.0,0.0,0.0,0.0
1994-05-30,0.0,0.0,0.0,0.0,0.0,0.0,CG,0.0,0.0,13.528776978417266,184.7983511204528,0.17625899280575538,0.5181308720300369,0,0,0,0,0,0.0,0.0,0.0,0.0,0.0,0.0,0.0,0.0,0.0,0.0,0.0,0.0,0.0,0.0,0.0
1994-06-06,0.0,0.0,0.0,0.0,0.0,0.0,CG,0.0,0.0,13.480286738351255,184.46745868858656,0.17562724014336917,0.5173057805807044,0,0,0,0,1,0.0,0.0,0.0,0.0,0.0,0.0,0.0,0.0,0.0,0.0,0.0,0.0,0.0,0.0,0.0
1994-06-13,0.0,0.0,0.0,0.0,0.0,0.0,CG,0.0,0.0,13.432142857142857,184.13833734055987,0.175,0.5164845325868276,0,0,0,1,1,0.0,0.0,0.0,0.0,0.0,0.0,0.0,0.0,0.0,0.0,0.0,0.0,0.0,0.0,0.0
1994-06-20,0.0,0.0,0.0,0.0,0.0,0.0,CG,0.0,0.0,13.384341637010676,183.81097133335496,0.17437722419928825,0.5156670991964643,0,0,0,0,0,0.0,0.0,0.0,0.0,0.0,0.0,0.0,0.0,0.0,0.0,0.0,0.0,0.0,0.0,0.0
1994-06-27,0.0,0.0,0.0,0.0,0.0,0.0,CG,0.0,0.0,13.336879432624114,183.48534511917137,0.17375886524822695,0.5148534518466621,0,0,1,0,0,0.0,0.0,0.0,0.0,0.0,0.0,0.0,0.0,0.0,0.0,0.0,0.0,0.0,0.0,0.0
1994-07-04,0.0,0.0,0.0,0.0,0.0,0.0,CG,0.0,0.0,13.289752650176679,183.16144334232456,0.17314487632508835,0.5140435622600092,0,1,0,1,0,0.0,0.0,0.0,0.0,0.0,0.0,0.0,0.0,0.0,0.0,0.0,0.0,0.0,0.0,0.0
1994-07-11,1.0,0.0,0.0,0.0,1.0,1.0,CG,0.0,0.0,13.242957746478874,182.83925083620446,0.17253521126760563,0.5132374024412286,1,0,0,1,0,0.0,0.0,1.0,0.0,0.0,0.0,0.0,0.0,0.0,0.0,0.0,0.0,0.0,0.0,1.0
1994-07-18,0.0,0.0,0.0,0.0,0.0,0.0,CG,0.0,0.0,13.196491228070176,182.51875262029296,0.17543859649122806,0.5146722948054198,0,0,1,0,0,1.0,0.0,-1.0,0.0,0.0,0.0,0.0,0.0,0.0,0.0,0.0,0.0,1.0,0.0,-1.0
1994-07-25,0.0,0.0,0.0,0.0,0.0,0.0,CG,0.0,0.0,13.15034965034965,182.19993389723834,0.17482517482517482,0.5138732906102447,0,1,1,0,1,0.0,1.0,0.0,0.0,0.0,0.0,0.0,0.0,0.0,0.0,0.0,0.0,0.0,1.0,0.0
1994-08-01,4.0,137.0,0.0,0.0,4.0,3.0,CG,34.25,0.0,13.104529616724738,181.88278004998585,0.17421602787456447,0.5130779143324876,1,1,0,0,1,0.0,0.0,4.0,0.0,0.0,137.0,0.0,0.0,34.25,0.0,0.0,0.0,0.0,0.0,3.0
1994-08-08,2.0,2.0,0.0,0.0,2.0,2.0,CG,1.0,0.0,13.534722222222221,181.71235120681047,0.1875,0.5596010276121102,1,0,0,0,0,4.0,0.0,-2.0,137.0,0.0,-135.0,34.25,0.0,-33.25,0.0,0.0,0.0,3.0,0.0,-1.0
1994-08-15,0.0,0.0,0.0,0.0,0.0,0.0,CG,0.0,0.0,13.494809688581315,181.3978730333481,0.19377162629757785,0.5687119612656149,0,0,0,0,0,2.0,4.0,-2.0,2.0,137.0,-2.0,1.0,34.25,-1.0,0.0,0.0,0.0,2.0,3.0,-2.0
1994-08-22,0.0,0.0,0.0,0.0,0.0,0.0,CG,0.0,0.0,13.448275862068966,181.08549782621637,0.19310344827586207,0.5678411947714059,0,0,0,1,1,0.0,2.0,0.0,0.0,2.0,0.0,0.0,1.0,0.0,0.0,0.0,0.0,0.0,2.0,0.0
1994-08-29,0.0,0.0,0.0,0.0,0.0,0.0,CG,0.0,0.0,13.402061855670103,180.7747308283957,0.19243986254295534,0.5669743280011846,0,0,0,1,1,0.0,0.0,0.0,0.0,0.0,0.0,0.0,0.0,0.0,0.0,0.0,0.0,0.0,0.0,0.0
1994-09-05,0.0,0.0,0.0,0.0,0.0,0.0,CG,0.0,0.0,13.356164383561644,180.46555828798142,0.1917808219178082,0.5661113328162268,0,0,1,0,0,0.0,0.0,0.0,0.0,0.0,0.0,0.0,0.0,0.0,0.0,0.0,0.0,0.0,0.0,0.0
1994-09-12,0.0,0.0,0.0,0.0,0.0,0.0,CG,0.0,0.0,13.310580204778157,180.15796661713605,0.19112627986348124,0.565252181348584,0,1,1,0,0,0.0,0.0,0.0,0.0,0.0,0.0,0.0,0.0,0.0,0.0,0.0,0.0,0.0,0.0,0.0
1994-09-19,1.0,3.0,0.0,0.0,1.0,1.0,CG,3.0,0.0,13.26530612244898,179.85194238958135,0.19047619047619047,0.5643968459979811,1,1,0,1,0,0.0,0.0,1.0,0.0,0.0,3.0,0.0,0.0,3.0,0.0,0.0,0.0,0.0,0.0,1.0
1994-09-26,1.0,30.0,0.0,0.0,1.0,1.0,CG,30.0,0.0,13.230508474576272,179.54680595502705,0.19322033898305085,0.5654040776413717,1,0,0,1,1,1.0,0.0,0.0,3.0,0.0,27.0,3.0,0.0,27.0,0.0,0.0,0.0,1.0,0.0,0.0
1994-10-03,0.0,0.0,0.0,0.0,0.0,0.0,CG,0.0,0.0,13.287162162162161,179.24488117614845,0.19594594594594594,0.5663895022461976,0,0,1,0,0,1.0,1.0,-1.0,30.0,3.0,-30.0,30.0,3.0,-30.0,0.0,0.0,0.0,1.0,1.0,-1.0
1994-10-10,0.0,0.0,0.0,0.0,0.0,0.0,CG,0.0,0.0,13.242424242424242,178.94350748149225,0.19528619528619529,0.5655462579158047,0,1,1,0,0,0.0,1.0,0.0,0.0,30.0,0.0,0.0,30.0,0.0,0.0,0.0,0.0,0.0,1.0,0.0
1994-10-17,1.0,1.0,1.0,0.0,0.0,1.0,CG,1.0,1.0,13.197986577181208,178.64364881496837,0.19463087248322147,0.5647066799054851,1,1,0,0,0,0.0,0.0,1.0,0.0,0.0,1.0,0.0,0.0,1.0,0.0,0.0,1.0,0.0,0.0,1.0
1994-10-24,1.0,1.0,0.0,0.0,1.0,1.0,CG,1.0,0.0,13.157190635451505,178.34505440203515,0.19732441471571907,0.5656790761736847,1,0,0,1,0,1.0,0.0,0.0,1.0,0.0,0.0,1.0,0.0,0.0,1.0,0.0,-1.0,1.0,0.0,0.0
1994-10-31,0.0,0.0,0.0,0.0,0.0,0.0,CG,0.0,0.0,13.116666666666667,178.0479522485123,0.2,0.5666305975798629,0,0,0,0,0,1.0,1.0,-1.0,1.0,1.0,-1.0,1.0,1.0,-1.0,0.0,1.0,0.0,1.0,1.0,-1.0
1994-11-07,0.0,0.0,0.0,0.0,0.0,0.0,CG,0.0,0.0,13.073089700996677,177.75256577638646,0.19933554817275748,0.5658028723552476,0,0,1,0,0,0.0,1.0,0.0,0.0,1.0,0.0,0.0,1.0,0.0,0.0,0.0,0.0,0.0,1.0,0.0
1994-11-14,0.0,0.0,0.0,0.0,0.0,0.0,CG,0.0,0.0,13.02980132450331,177.45864458375064,0.1986754966887417,0.5649786701018176,0,1,0,0,0,0.0,0.0,0.0,0.0,0.0,0.0,0.0,0.0,0.0,0.0,0.0,0.0,0.0,0.0,0.0
1994-11-21,1.0,8.0,0.0,0.0,1.0,1.0,CG,8.0,0.0,12.986798679867986,177.16617659639167,0.19801980198019803,0.5641579668205644,1,0,0,0,0,0.0,0.0,1.0,0.0,0.0,8.0,0.0,0.0,8.0,0.0,0.0,0.0,0.0,0.0,1.0
1994-11-28,0.0,0.0,0.0,0.0,0.0,0.0,CG,0.0,0.0,12.970394736842104,176.87381280248698,0.20065789473684212,0.5651013181186607,0,0,0,0,0,1.0,0.0,-1.0,8.0,0.0,-8.0,8.0,0.0,-8.0,0.0,0.0,0.0,1.0,0.0,-1.0
1994-12-05,0.0,0.0,0.0,0.0,0.0,0.0,CG,0.0,0.0,12.927868852459016,176.58422410010292,0.2,0.5642880936468349,0,0,0,0,0,0.0,1.0,0.0,0.0,8.0,0.0,0.0,8.0,0.0,0.0,0.0,0.0,0.0,1.0,0.0
1994-12-12,0.0,0.0,0.0,0.0,0.0,0.0,CG,0.0,0.0,12.88562091503268,176.29605313205698,0.19934640522875818,0.5634782765418525,0,0,0,0,0,0.0,0.0,0.0,0.0,0.0,0.0,0.0,0.0,0.0,0.0,0.0,0.0,0.0,0.0,0.0
1994-12-19,0.0,0.0,0.0,0.0,0.0,0.0,CG,0.0,0.0,12.843648208469055,176.00928836818764,0.1986970684039088,0.5626718439827832,0,0,0,0,0,0.0,0.0,0.0,0.0,0.0,0.0,0.0,0.0,0.0,0.0,0.0,0.0,0.0,0.0,0.0
1994-12-26,0.0,0.0,0.0,0.0,0.0,0.0,CG,0.0,0.0,12.801948051948052,175.72391840918732,0.19805194805194806,0.561868773349479,0,0,0,0,0,0.0,0.0,0.0,0.0,0.0,0.0,0.0,0.0,0.0,0.0,0.0,0.0,0.0,0.0,0.0
1995-01-02,0.0,0.0,0.0,0.0,0.0,0.0,CG,0.0,0.0,12.760517799352751,175.43993198469937,0.19741100323624594,0.5610690422205419,0,0,0,0,1,0.0,0.0,0.0,0.0,0.0,0.0,0.0,0.0,0.0,0.0,0.0,0.0,0.0,0.0,0.0
1995-01-09,0.0,0.0,0.0,0.0,0.0,0.0,CG,0.0,0.0,12.719354838709677,175.15731795144865,0.1967741935483871,0.5602726283713122,0,0,0,0,0,0.0,0.0,0.0,0.0,0.0,0.0,0.0,0.0,0.0,0.0,0.0,0.0,0.0,0.0,0.0
1995-01-16,0.0,0.0,0.0,0.0,0.0,0.0,CG,0.0,0.0,12.678456591639872,174.876065291405,0.19614147909967847,0.5594795097718768,0,0,0,0,0,0.0,0.0,0.0,0.0,0.0,0.0,0.0,0.0,0.0,0.0,0.0,0.0,0.0,0.0,0.0
1995-01-23,0.0,0.0,0.0,0.0,0.0,0.0,CG,0.0,0.0,12.637820512820513,174.5961631099794,0.1955128205128205,0.5586896645850948,0,0,0,0,0,0.0,0.0,0.0,0.0,0.0,0.0,0.0,0.0,0.0,0.0,0.0,0.0,0.0,0.0,0.0
1995-01-30,0.0,0.0,0.0,0.0,0.0,0.0,CG,0.0,0.0,12.59744408945687,174.31760063425116,0.19488817891373802,0.5579030711646445,0,0,0,1,1,0.0,0.0,0.0,0.0,0.0,0.0,0.0,0.0,0.0,0.0,0.0,0.0,0.0,0.0,0.0
1995-02-06,0.0,0.0,0.0,0.0,0.0,0.0,CG,0.0,0.0,12.55732484076433,174.04036721122702,0.1942675159235669,0.5571197080530881,0,0,0,0,0,0.0,0.0,0.0,0.0,0.0,0.0,0.0,0.0,0.0,0.0,0.0,0.0,0.0,0.0,0.0
1995-02-13,0.0,0.0,0.0,0.0,0.0,0.0,CG,0.0,0.0,12.517460317460317,173.76445230612967,0.19365079365079366,0.5563395539799563,0,0,1,0,1,0.0,0.0,0.0,0.0,0.0,0.0,0.0,0.0,0.0,0.0,0.0,0.0,0.0,0.0,0.0
1995-02-20,0.0,0.0,0.0,0.0,0.0,0.0,CG,0.0,0.0,12.477848101265822,173.48984550071677,0.1930379746835443,0.5555625878598522,0,1,0,0,0,0.0,0.0,0.0,0.0,0.0,0.0,0.0,0.0,0.0,0.0,0.0,0.0,0.0,0.0,0.0
1995-02-27,1.0,3.0,0.0,0.0,1.0,1.0,CG,3.0,0.0,12.438485804416404,173.21653649162846,0.19242902208201892,0.5547887887905737,1,0,0,1,0,0.0,0.0,1.0,0.0,0.0,3.0,0.0,0.0,3.0,0.0,0.0,0.0,0.0,0.0,1.0
1995-03-06,0.0,0.0,0.0,0.0,0.0,0.0,CG,0.0,0.0,12.40880503144654,172.94391840351926,0.1949685534591195,0.5557611930855346,0,0,0,0,0,1.0,0.0,-1.0,3.0,0.0,-3.0,3.0,0.0,-3.0,0.0,0.0,0.0,1.0,0.0,-1.0
1995-03-13,0.0,0.0,0.0,0.0,0.0,0.0,CG,0.0,0.0,12.369905956112852,172.67317759661427,0.19435736677115986,0.5549940315283023,0,0,1,1,0,0.0,1.0,0.0,0.0,3.0,0.0,0.0,3.0,0.0,0.0,0.0,0.0,0.0,1.0,0.0
1995-03-20,0.0,0.0,0.0,0.0,0.0,0.0,CG,0.0,0.0,12.33125,172.40370432473395,0.19375,0.5542299580453808,0,1,0,0,0,0.0,0.0,0.0,0.0,0.0,0.0,0.0,0.0,0.0,0.0,0.0,0.0,0.0,0.0,0.0
1995-03-27,1.0,0.0,0.0,0.0,1.0,1.0,CG,0.0,0.0,12.292834890965732,172.13548872835835,0.19314641744548286,0.5534689527154507,1,0,1,0,0,0.0,0.0,1.0,0.0,0.0,0.0,0.0,0.0,0.0,0.0,0.0,0.0,0.0,0.0,1.0
1995-04-03,0.0,0.0,0.0,0.0,0.0,0.0,CG,0.0,0.0,12.254658385093167,171.86852105500216,0.1956521739130435,0.5544324735589471,0,1,0,0,1,1.0,0.0,-1.0,0.0,0.0,0.0,0.0,0.0,0.0,0.0,0.0,0.0,1.0,0.0,-1.0
1995-04-10,1.0,0.0,0.0,0.0,1.0,1.0,CG,0.0,0.0,12.21671826625387,171.60279165772548,0.19504643962848298,0.5536779180779186,1,0,0,0,1,0.0,1.0,1.0,0.0,0.0,0.0,0.0,0.0,0.0,0.0,0.0,0.0,0.0,1.0,1.0
1995-04-17,0.0,0.0,0.0,0.0,0.0,0.0,CG,0.0,0.0,12.179012345679013,171.3382909936697,0.19753086419753085,0.5546259852951141,0,0,0,0,0,1.0,0.0,-1.0,0.0,0.0,0.0,0.0,0.0,0.0,0.0,0.0,0.0,1.0,0.0,-1.0
1995-04-24,0.0,0.0,0.0,0.0,0.0,0.0,CG,0.0,0.0,12.141538461538461,171.07500962261827,0.19692307692307692,0.5538778085287647,0,0,0,0,0,0.0,1.0,0.0,0.0,0.0,0.0,0.0,0.0,0.0,0.0,0.0,0.0,0.0,1.0,0.0
1995-05-01,0.0,0.0,0.0,0.0,0.0,0.0,CG,0.0,0.0,12.104294478527608,170.81293820558147,0.19631901840490798,0.5531325695098528,0,0,0,1,1,0.0,0.0,0.0,0.0,0.0,0.0,0.0,0.0,0.0,0.0,0.0,0.0,0.0,0.0,0.0
1995-05-08,0.0,0.0,0.0,0.0,0.0,0.0,CG,0.0,0.0,12.067278287461773,170.55206750340534,0.19571865443425077,0.5523902498112432,0,0,0,1,0,0.0,0.0,0.0,0.0,0.0,0.0,0.0,0.0,0.0,0.0,0.0,0.0,0.0,0.0,0.0
1995-05-15,0.0,0.0,0.0,0.0,0.0,0.0,CG,0.0,0.0,12.03048780487805,170.29238837540345,0.1951219512195122,0.5516508311574184,0,0,1,0,1,0.0,0.0,0.0,0.0,0.0,0.0,0.0,0.0,0.0,0.0,0.0,0.0,0.0,0.0,0.0
1995-05-22,0.0,0.0,0.0,0.0,0.0,0.0,CG,0.0,0.0,11.993920972644377,170.0338917780119,0.1945288753799392,0.5509142954230498,0,1,1,0,1,0.0,0.0,0.0,0.0,0.0,0.0,0.0,0.0,0.0,0.0,0.0,0.0,0.0,0.0,0.0
1995-05-29,1.0,1.0,0.0,0.0,1.0,1.0,CG,1.0,0.0,11.957575757575757,169.7765687634665,0.19393939393939394,0.5501806246315808,1,1,0,1,1,0.0,0.0,1.0,0.0,0.0,1.0,0.0,0.0,1.0,0.0,0.0,0.0,0.0,0.0,1.0
1995-06-05,2.0,85.0,0.0,2.0,0.0,1.0,CG,42.5,0.0,11.924471299093655,169.5202062844863,0.19637462235649547,0.5511301049354362,1,0,0,0,0,1.0,0.0,1.0,1.0,0.0,84.0,1.0,0.0,41.5,0.0,0.0,0.0,1.0,0.0,0.0
1995-06-12,0.0,0.0,0.0,0.0,0.0,0.0,CG,0.0,0.0,12.144578313253012,169.31144598316226,0.20180722891566266,0.5591288964522287,0,0,1,1,0,2.0,1.0,-2.0,85.0,1.0,-85.0,42.5,1.0,-42.5,0.0,0.0,0.0,1.0,1.0,-1.0
1995-06-19,0.0,0.0,0.0,0.0,0.0,0.0,CG,0.0,0.0,12.108108108108109,169.05757652660387,0.2012012012012012,0.5583957214066919,0,1,0,1,0,0.0,2.0,0.0,0.0,85.0,0.0,0.0,42.5,0.0,0.0,0.0,0.0,0.0,1.0,0.0
1995-06-26,1.0,200.0,0.0,1.0,0.0,1.0,CG,200.0,0.0,12.071856287425149,168.8048456124692,0.20059880239520958,0.5576653399216353,1,0,1,1,0,0.0,0.0,1.0,0.0,0.0,200.0,0.0,0.0,200.0,0.0,0.0,0.0,0.0,0.0,1.0
1995-07-03,0.0,0.0,0.0,0.0,0.0,0.0,CG,0.0,0.0,12.632835820895522,168.86439869352472,0.20298507462686566,0.558540160198897,0,1,1,0,1,1.0,0.0,-1.0,200.0,0.0,-200.0,200.0,0.0,-200.0,0.0,0.0,0.0,1.0,0.0,-1.0
1995-07-10,2.0,4.0,0.0,0.0,2.0,2.0,CG,2.0,0.0,12.595238095238095,168.6135823602626,0.20238095238095238,0.5578158237698583,1,1,1,0,0,0.0,1.0,2.0,0.0,200.0,4.0,0.0,200.0,2.0,0.0,0.0,0.0,0.0,1.0,2.0
1995-07-17,1.0,75.0,0.0,1.0,0.0,1.0,CG,75.0,0.0,12.56973293768546,168.36313336480933,0.20771513353115728,0.5655274104258022,1,1,0,0,0,2.0,0.0,-1.0,4.0,0.0,71.0,2.0,0.0,73.0,0.0,0.0,0.0,2.0,0.0,-1.0
1995-07-24,1.0,10.0,0.0,0.0,1.0,1.0,CG,10.0,0.0,12.754437869822485,168.1474432327379,0.21005917159763313,0.5663297390592622,1,0,0,0,0,1.0,2.0,0.0,75.0,4.0,-65.0,75.0,2.0,-65.0,0.0,0.0,0.0,1.0,2.0,0.0
1995-07-31,0.0,0.0,0.0,0.0,0.0,0.0,CG,0.0,0.0,12.746312684365781,167.89858680864415,0.21238938053097345,0.5671165638972792,0,0,0,1,0,1.0,1.0,-1.0,10.0,75.0,-10.0,10.0,75.0,-10.0,0.0,0.0,0.0,1.0,1.0,-1.0
1995-08-07,0.0,0.0,0.0,0.0,0.0,0.0,CG,0.0,0.0,12.708823529411765,167.65219100582706,0.21176470588235294,0.5663966244724431,0,0,0,0,0,0.0,1.0,0.0,0.0,10.0,0.0,0.0,10.0,0.0,0.0,0.0,0.0,0.0,1.0,0.0
1995-08-14,0.0,0.0,0.0,0.0,0.0,0.0,CG,0.0,0.0,12.671554252199414,167.40687678330872,0.21114369501466276,0.5656793260136418,0,0,1,0,0,0.0,0.0,0.0,0.0,0.0,0.0,0.0,0.0,0.0,0.0,0.0,0.0,0.0,0.0,0.0
1995-08-21,0.0,0.0,0.0,0.0,0.0,0.0,CG,0.0,0.0,12.634502923976608,167.16263625149566,0.21052631578947367,0.5649646532507592,0,1,0,0,0,0.0,0.0,0.0,0.0,0.0,0.0,0.0,0.0,0.0,0.0,0.0,0.0,0.0,0.0,0.0
1995-08-28,1.0,25.0,0.0,1.0,0.0,1.0,CG,25.0,0.0,12.597667638483966,166.91946160112923,0.2099125364431487,0.5642525910262222,1,0,0,0,0,0.0,0.0,1.0,0.0,0.0,25.0,0.0,0.0,25.0,0.0,0.0,0.0,0.0,0.0,1.0
1995-09-04,0.0,0.0,0.0,0.0,0.0,0.0,CG,0.0,0.0,12.633720930232558,166.67730251732692,0.21220930232558138,0.5650375279216964,0,0,0,0,0,1.0,0.0,-1.0,25.0,0.0,-25.0,25.0,0.0,-25.0,0.0,0.0,0.0,1.0,0.0,-1.0
1995-09-11,0.0,0.0,0.0,0.0,0.0,0.0,CG,0.0,0.0,12.597101449275362,166.43625252439654,0.21159420289855072,0.5643313165597112,0,0,0,0,0,0.0,1.0,0.0,0.0,25.0,0.0,0.0,25.0,0.0,0.0,0.0,0.0,0.0,1.0,0.0
1995-09-18,0.0,0.0,0.0,0.0,0.0,0.0,CG,0.0,0.0,12.560693641618498,166.19624531793232,0.21098265895953758,0.5636276546016441,0,0,0,0,1,0.0,0.0,0.0,0.0,0.0,0.0,0.0,0.0,0.0,0.0,0.0,0.0,0.0,0.0,0.0
1995-09-25,0.0,0.0,0.0,0.0,0.0,0.0,CG,0.0,0.0,12.52449567723343,165.9572734011962,0.21037463976945245,0.5629265275543196,0,0,0,0,0,0.0,0.0,0.0,0.0,0.0,0.0,0.0,0.0,0.0,0.0,0.0,0.0,0.0,0.0,0.0
1995-10-02,0.0,0.0,0.0,0.0,0.0,0.0,CG,0.0,0.0,12.488505747126437,165.71932935268512,0.20977011494252873,0.5622279210293645,0,0,0,0,0,0.0,0.0,0.0,0.0,0.0,0.0,0.0,0.0,0.0,0.0,0.0,0.0,0.0,0.0,0.0
1995-10-09,0.0,0.0,0.0,0.0,0.0,0.0,CG,0.0,0.0,12.45272206303725,165.48240582516326,0.20916905444126074,0.5615318207424111,0,0,0,0,0,0.0,0.0,0.0,0.0,0.0,0.0,0.0,0.0,0.0,0.0,0.0,0.0,0.0,0.0,0.0
1995-10-16,0.0,0.0,0.0,0.0,0.0,0.0,CG,0.0,0.0,12.417142857142856,165.24649554470926,0.20857142857142857,0.5608382125123067,0,0,0,1,1,0.0,0.0,0.0,0.0,0.0,0.0,0.0,0.0,0.0,0.0,0.0,0.0,0.0,0.0,0.0
1995-10-23,0.0,0.0,0.0,0.0,0.0,0.0,CG,0.0,0.0,12.381766381766381,165.0115913097782,0.20797720797720798,0.5601470822603237,0,0,0,0,0,0.0,0.0,0.0,0.0,0.0,0.0,0.0,0.0,0.0,0.0,0.0,0.0,0.0,0.0,0.0
1995-10-30,0.0,0.0,0.0,0.0,0.0,0.0,CG,0.0,0.0,12.346590909090908,164.77768599027843,0.20738636363636365,0.5594584160093754,0,0,1,0,1,0.0,0.0,0.0,0.0,0.0,0.0,0.0,0.0,0.0,0.0,0.0,0.0,0.0,0.0,0.0
1995-11-06,0.0,0.0,0.0,0.0,0.0,0.0,CG,0.0,0.0,12.311614730878187,164.54477252666263,0.20679886685552407,0.558772199883234,0,1,0,0,0,0.0,0.0,0.0,0.0,0.0,0.0,0.0,0.0,0.0,0.0,0.0,0.0,0.0,0.0,0.0
1995-11-13,1.0,40.0,0.0,1.0,0.0,1.0,CG,40.0,0.0,12.27683615819209,164.31284392903294,0.2062146892655367,0.5580884201057532,1,0,0,1,0,0.0,0.0,1.0,0.0,0.0,40.0,0.0,0.0,40.0,0.0,0.0,0.0,0.0,0.0,1.0
1995-11-20,0.0,0.0,0.0,0.0,0.0,0.0,CG,0.0,0.0,12.35492957746479,164.0871967351819,0.2084507042253521,0.5588897587123696,0,0,0,0,0,1.0,0.0,-1.0,40.0,0.0,-40.0,40.0,0.0,-40.0,0.0,0.0,0.0,1.0,0.0,-1.0
1995-11-27,0.0,0.0,0.0,0.0,0.0,0.0,CG,0.0,0.0,12.320224719101123,163.85723341348466,0.20786516853932585,0.5582113727781305,0,0,1,1,1,0.0,1.0,0.0,0.0,40.0,0.0,0.0,40.0,0.0,0.0,0.0,0.0,0.0,1.0,0.0
1995-12-04,0.0,0.0,0.0,0.0,0.0,0.0,CG,0.0,0.0,12.285714285714286,163.62823422905393,0.20728291316526612,0.5575353680164539,0,1,0,0,1,0.0,0.0,0.0,0.0,0.0,0.0,0.0,0.0,0.0,0.0,0.0,0.0,0.0,0.0,0.0
1995-12-11,2.0,64.0,0.0,1.0,1.0,2.0,CG,32.0,0.0,12.251396648044693,163.4001924637899,0.20670391061452514,0.5568617312365404,1,0,1,0,0,0.0,0.0,2.0,0.0,0.0,64.0,0.0,0.0,32.0,0.0,0.0,0.0,0.0,0.0,2.0
1995-12-18,0.0,0.0,0.0,0.0,0.0,0.0,CG,0.0,0.0,12.395543175487465,163.194676158415,0.2116991643454039,0.5640804637463573,0,1,0,0,0,2.0,0.0,-2.0,64.0,0.0,-64.0,32.0,0.0,-32.0,0.0,0.0,0.0,2.0,0.0,-2.0
1995-12-25,1.0,19.0,0.0,0.0,1.0,1.0,CG,19.0,0.0,12.36111111111111,162.96853649505903,0.2111111111111111,0.5634047797429503,1,0,0,1,0,0.0,2.0,1.0,0.0,64.0,19.0,0.0,32.0,19.0,0.0,0.0,0.0,0.0,2.0,1.0
1996-01-01,0.0,0.0,0.0,0.0,0.0,0.0,CG,0.0,0.0,12.379501385041552,162.74240900807231,0.21329639889196675,0.5641517164078163,0,0,0,1,1,1.0,0.0,-1.0,19.0,0.0,-19.0,19.0,0.0,-19.0,0.0,0.0,0.0,1.0,0.0,-1.0
1996-01-08,0.0,0.0,0.0,0.0,0.0,0.0,CG,0.0,0.0,12.345303867403315,162.51815016486592,0.212707182320442,0.5634813310298628,0,0,1,0,1,0.0,1.0,0.0,0.0,19.0,0.0,0.0,19.0,0.0,0.0,0.0,0.0,0.0,1.0,0.0
1996-01-15,0.0,0.0,0.0,0.0,0.0,0.0,CG,0.0,0.0,12.31129476584022,162.2948158376184,0.21212121212121213,0.5628132440676697,0,1,1,0,0,0.0,0.0,0.0,0.0,0.0,0.0,0.0,0.0,0.0,0.0,0.0,0.0,0.0,0.0,0.0
1996-01-22,1.0,12.0,0.0,1.0,0.0,1.0,CG,12.0,0.0,12.277472527472527,162.0723996916306,0.21153846153846154,0.5621474431391908,1,1,0,0,0,0.0,0.0,1.0,0.0,0.0,12.0,0.0,0.0,12.0,0.0,0.0,0.0,0.0,0.0,1.0
1996-01-29,3.0,97.0,0.0,0.0,3.0,3.0,CG,32.333333333333336,0.0,12.276712328767124,161.84962030711452,0.2136986301369863,0.5628896863832025,1,0,0,1,0,1.0,0.0,2.0,12.0,0.0,85.0,12.0,0.0,20.333333333333336,0.0,0.0,0.0,1.0,0.0,2.0
1996-02-05,0.0,0.0,0.0,0.0,0.0,0.0,CG,0.0,0.0,12.508196721311476,161.68841568970282,0.22131147540983606,0.580679268018336,0,0,0,1,1,3.0,1.0,-3.0,97.0,12.0,-97.0,32.333333333333336,12.0,-32.333333333333336,0.0,0.0,0.0,3.0,1.0,-3.0
1996-02-12,0.0,0.0,0.0,0.0,0.0,0.0,CG,0.0,0.0,12.474114441416894,161.46869889099162,0.22070844686648503,0.5800005082996991,0,0,1,0,1,0.0,3.0,0.0,0.0,97.0,0.0,0.0,32.333333333333336,0.0,0.0,0.0,0.0,0.0,3.0,0.0
1996-02-19,0.0,0.0,0.0,0.0,0.0,0.0,CG,0.0,0.0,12.440217391304348,161.2498753545564,0.22010869565217392,0.5793240344806218,0,1,1,0,0,0.0,0.0,0.0,0.0,0.0,0.0,0.0,0.0,0.0,0.0,0.0,0.0,0.0,0.0,0.0
1996-02-26,1.0,50.0,0.0,0.0,1.0,1.0,CG,50.0,0.0,12.40650406504065,161.0319390442927,0.21951219512195122,0.5786498344983826,1,1,0,0,1,0.0,0.0,1.0,0.0,0.0,50.0,0.0,0.0,50.0,0.0,0.0,0.0,0.0,0.0,1.0
1996-03-04,2.0,18.0,0.0,0.0,2.0,1.0,CG,9.0,0.0,12.508108108108107,160.82546613452317,0.22162162162162163,0.5792880103965845,1,0,0,1,1,1.0,0.0,1.0,50.0,0.0,-32.0,50.0,0.0,-41.0,0.0,0.0,0.0,1.0,0.0,0.0
1996-03-11,0.0,0.0,0.0,0.0,0.0,0.0,CG,0.0,0.0,12.522911051212938,160.60824046759706,0.22641509433962265,0.5858261251025141,0,0,0,1,1,2.0,1.0,-2.0,18.0,50.0,-18.0,9.0,50.0,-9.0,0.0,0.0,0.0,1.0,1.0,-1.0
1996-03-18,0.0,0.0,0.0,0.0,0.0,0.0,CG,0.0,0.0,12.489247311827956,160.392955436359,0.22580645161290322,0.5851538329876611,0,0,1,0,1,0.0,2.0,0.0,0.0,18.0,0.0,0.0,9.0,0.0,0.0,0.0,0.0,0.0,1.0,0.0
1996-03-25,0.0,0.0,0.0,0.0,0.0,0.0,CG,0.0,0.0,12.455764075067025,160.17853379420205,0.225201072386059,0.5844837578792533,0,1,1,1,0,0.0,0.0,0.0,0.0,0.0,0.0,0.0,0.0,0.0,0.0,0.0,0.0,0.0,0.0,0.0
1996-04-01,2.0,38.0,0.0,2.0,0.0,1.0,CG,19.0,0.0,12.422459893048128,159.96496978571267,0.22459893048128343,0.5838158883817769,1,1,0,1,1,0.0,0.0,2.0,0.0,0.0,38.0,0.0,0.0,19.0,0.0,0.0,0.0,0.0,0.0,1.0
1996-04-08,2.0,5.0,0.0,1.0,1.0,2.0,CG,2.5,0.0,12.490666666666666,159.75642989021006,0.22933333333333333,0.5901992170992163,1,0,1,1,1,2.0,0.0,0.0,38.0,0.0,-33.0,19.0,0.0,-16.5,0.0,0.0,0.0,1.0,0.0,1.0
1996-04-15,0.0,0.0,0.0,0.0,0.0,0.0,CG,0.0,0.0,12.470744680851064,159.54374679643192,0.23404255319148937,0.5964433592983194,0,1,1,1,0,2.0,2.0,-2.0,5.0,38.0,-5.0,2.5,19.0,-2.5,0.0,0.0,0.0,2.0,1.0,-2.0
1996-04-22,2.0,9.0,0.0,1.0,1.0,2.0,CG,4.5,0.0,12.437665782493369,159.33274083163172,0.23342175066312998,0.5957716387924827,1,1,1,0,0,0.0,2.0,2.0,0.0,5.0,9.0,0.0,2.5,4.5,0.0,0.0,0.0,0.0,2.0,2.0
1996-04-29,8.0,20.0,0.0,2.0,6.0,2.0,CG,2.5,0.0,12.428571428571429,159.12138212013227,0.23809523809523808,0.601879083557444,1,1,1,1,0,2.0,0.0,6.0,9.0,0.0,11.0,4.5,0.0,-2.0,0.0,0.0,0.0,2.0,0.0,0.0
1996-05-06,3.0,112.0,0.0,1.0,2.0,3.0,CG,37.333333333333336,0.0,12.448548812664908,158.91124063036617,0.25857519788918204,0.721292986957465,1,1,0,1,0,8.0,2.0,-5.0,20.0,9.0,92.0,2.5,4.5,34.833333333333336,0.0,0.0,0.0,2.0,2.0,1.0
1996-05-13,2.0,1.0,0.0,0.0,2.0,1.0,CG,0.5,0.0,12.710526315789474,158.78360307847416,0.2657894736842105,0.7339402159046403,1,0,1,0,0,3.0,8.0,-1.0,112.0,20.0,-111.0,37.333333333333336,2.5,-36.833333333333336,0.0,0.0,0.0,3.0,2.0,-2.0
1996-05-20,0.0,0.0,0.0,0.0,0.0,0.0,CG,0.0,0.0,12.67979002624672,158.57567456632916,0.27034120734908135,0.7383389174054019,0,1,1,0,0,2.0,3.0,-2.0,1.0,112.0,-1.0,0.5,37.333333333333336,-0.5,0.0,0.0,0.0,1.0,3.0,-1.0
1996-05-27,3.0,282.0,0.0,1.0,2.0,2.0,CG,94.0,0.0,12.646596858638743,158.36876208602885,0.2696335078534031,0.7374990523435339,1,1,0,0,1,0.0,2.0,3.0,0.0,1.0,282.0,0.0,0.5,94.0,0.0,0.0,0.0,0.0,1.0,2.0
1996-06-03,3.0,33.0,0.0,0.0,3.0,3.0,CG,11.0,0.0,13.349869451697128,158.7590547979844,0.27676240208877284,0.7496302498313939,1,0,0,0,1,3.0,0.0,0.0,282.0,0.0,-249.0,94.0,0.0,-83.0,0.0,0.0,0.0,2.0,0.0,1.0
1996-06-10,1.0,30.0,0.0,0.0,1.0,1.0,CG,30.0,0.0,13.401041666666666,158.55483307138866,0.2838541666666667,0.7614399849888197,0,0,0,0,0,3.0,3.0,-2.0,33.0,282.0,-3.0,11.0,94.0,19.0,0.0,0.0,0.0,3.0,2.0,-2.0
1996-06-17,0.0,0.0,0.0,0.0,0.0,0.0,CG,0.0,0.0,13.444155844155844,158.35050660170722,0.2857142857142857,0.7613232527895726,0,0,0,0,0,1.0,3.0,-1.0,30.0,33.0,-30.0,30.0,11.0,-30.0,0.0,0.0,0.0,1.0,3.0,-1.0
1996-06-24,1.0,3.0,0.0,0.0,1.0,1.0,CG,3.0,0.0,13.409326424870466,158.1462033280521,0.2849740932642487,0.7604729385298262,0,0,0,1,0,0.0,1.0,1.0,0.0,30.0,3.0,0.0,30.0,3.0,0.0,0.0,0.0,0.0,1.0,1.0
1996-07-01,0.0,0.0,0.0,0.0,0.0,0.0,CG,0.0,0.0,13.382428940568476,157.94210423916195,0.2868217054263566,0.7603564590457743,0,0,0,1,0,1.0,0.0,-1.0,3.0,0.0,-3.0,3.0,0.0,-3.0,0.0,0.0,0.0,1.0,0.0,-1.0
1996-07-08,0.0,0.0,0.0,0.0,0.0,0.0,CG,0.0,0.0,13.347938144329897,157.7393757676643,0.2860824742268041,0.7595130450043944,0,0,1,0,1,0.0,1.0,0.0,0.0,3.0,0.0,0.0,3.0,0.0,0.0,0.0,0.0,0.0,1.0,0.0
1996-07-15,0.0,0.0,0.0,0.0,0.0,0.0,CG,0.0,0.0,13.313624678663238,157.53742590671078,0.2853470437017995,0.7586723314909055,0,1,1,0,1,0.0,0.0,0.0,0.0,0.0,0.0,0.0,0.0,0.0,0.0,0.0,0.0,0.0,0.0,0.0
1996-07-22,2.0,1.0,0.0,0.0,2.0,2.0,CG,0.5,0.0,13.27948717948718,157.3362496852902,0.2846153846153846,0.7578343049083139,1,1,0,0,1,0.0,0.0,2.0,0.0,0.0,1.0,0.0,0.0,0.5,0.0,0.0,0.0,0.0,0.0,2.0
1996-07-29,2.0,2.0,0.0,1.0,1.0,2.0,CG,1.0,0.0,13.248081841432224,157.1356341774918,0.289002557544757,0.7618175146545714,1,0,0,0,1,2.0,0.0,0.0,1.0,0.0,1.0,0.5,0.0,0.5,0.0,0.0,0.0,2.0,0.0,0.0
1996-08-05,0.0,0.0,0.0,0.0,0.0,0.0,CG,0.0,0.0,13.21938775510204,156.93559312793593,0.29336734693877553,0.7657347826070214,0,0,0,1,1,2.0,2.0,-2.0,2.0,1.0,-2.0,1.0,0.5,-1.0,0.0,0.0,0.0,2.0,2.0,-2.0
1996-08-12,0.0,0.0,0.0,0.0,0.0,0.0,CG,0.0,0.0,13.185750636132315,156.73671085974578,0.2926208651399491,0.7649006213109668,0,0,0,1,1,0.0,2.0,0.0,0.0,2.0,0.0,0.0,1.0,0.0,0.0,0.0,0.0,0.0,2.0,0.0
1996-08-19,0.0,0.0,0.0,0.0,0.0,0.0,CG,0.0,0.0,13.152284263959391,156.53858276965533,0.2918781725888325,0.7640690757715182,0,0,1,1,1,0.0,0.0,0.0,0.0,0.0,0.0,0.0,0.0,0.0,0.0,0.0,0.0,0.0,0.0,0.0
1996-08-26,0.0,0.0,0.0,0.0,0.0,0.0,CG,0.0,0.0,13.118987341772153,156.3412041033802,0.2911392405063291,0.7632401331608829,0,1,1,1,1,0.0,0.0,0.0,0.0,0.0,0.0,0.0,0.0,0.0,0.0,0.0,0.0,0.0,0.0,0.0
1996-09-02,2.0,9.0,0.0,0.0,2.0,1.0,CG,4.5,0.0,13.085858585858587,156.14457014848745,0.2904040404040404,0.7624137807299427,1,1,1,1,1,0.0,0.0,2.0,0.0,0.0,9.0,0.0,0.0,4.5,0.0,0.0,0.0,0.0,0.0,1.0
1996-09-09,4.0,49.0,0.0,0.0,4.0,2.0,CG,12.25,0.0,13.075566750629722,155.94742811554232,0.2947103274559194,0.7662694815814965,1,1,1,1,1,2.0,0.0,2.0,9.0,0.0,40.0,4.5,0.0,7.75,0.0,0.0,0.0,1.0,0.0,1.0
1996-09-16,4.0,195.0,0.0,0.0,4.0,2.0,CG,48.75,0.0,13.165829145728644,155.76130624165543,0.30402010050251255,0.7875184502083935,1,1,1,1,1,4.0,2.0,0.0,49.0,9.0,146.0,12.25,4.5,36.5,0.0,0.0,0.0,2.0,1.0,0.0
1996-09-23,6.0,567.0,0.0,0.0,6.0,2.0,CG,94.5,0.0,13.62155388471178,155.83161456224755,0.3132832080200501,0.8079995755345758,1,1,1,1,1,4.0,4.0,2.0,195.0,49.0,372.0,48.75,12.25,45.75,0.0,0.0,0.0,2.0,2.0,0.0
1996-09-30,9.0,320.0,0.0,0.0,9.0,4.0,CG,35.55555555555556,0.0,15.005,158.07656523403617,0.3275,0.8556131922995887,1,1,1,1,1,6.0,4.0,3.0,567.0,195.0,-247.0,94.5,48.75,-58.94444444444444,0.0,0.0,0.0,2.0,2.0,2.0
1996-10-07,5.0,423.0,0.0,0.0,5.0,4.0,CG,84.6,0.0,15.765586034912719,158.61180571671903,0.3491271820448878,0.9580216523045236,1,1,1,1,1,9.0,6.0,-4.0,320.0,567.0,103.0,35.55555555555556,94.5,49.04444444444444,0.0,0.0,0.0,4.0,2.0,0.0
1996-10-14,24.0,4312.0,3.0,0.0,21.0,4.0,CG,179.66666666666666,0.125,16.77860696517413,159.71068993293042,0.36069651741293535,0.9845426359142496,1,1,1,1,1,5.0,9.0,19.0,423.0,320.0,3889.0,84.6,35.55555555555556,95.06666666666666,0.0,0.0,0.125,4.0,4.0,0.0
1996-10-21,26.0,6720.0,2.0,0.0,24.0,4.0,CG,258.46153846153845,0.07692307692307693,27.436724565756823,266.87642777637313,0.41935483870967744,1.5341299836102875,1,1,1,1,1,24.0,5.0,2.0,4312.0,423.0,2408.0,179.66666666666666,84.6,78.7948717948718,0.125,0.0,-0.04807692307692307,4.0,4.0,0.0
1996-10-28,34.0,5152.0,4.0,0.0,30.0,8.0,CG,151.52941176470588,0.11764705882352941,44.00247524752475,426.51334125301497,0.48267326732673266,1.9918436120505842,1,1,1,1,1,26.0,24.0,8.0,6720.0,4312.0,-1568.0,258.46153846153845,179.66666666666666,-106.93212669683257,0.07692307692307693,0.125,0.04072398190045248,4.0,4.0,4.0
1996-11-04,6.0,1062.0,0.0,1.0,5.0,4.0,CG,177.0,0.0,56.614814814814814,495.87009215602984,0.5654320987654321,2.5945086952560397,1,1,1,1,1,34.0,26.0,-28.0,5152.0,6720.0,-4090.0,151.52941176470588,258.46153846153845,25.470588235294116,0.11764705882352941,0.07692307692307693,-0.11764705882352941,8.0,4.0,-4.0
1996-11-11,7.0,982.0,1.0,0.0,6.0,5.0,CG,140.28571428571428,0.14285714285714285,59.09113300492611,497.7646764845314,0.5788177339901478,2.6053022063572895,1,1,1,1,0,6.0,34.0,1.0,1062.0,5152.0,-80.0,177.0,151.52941176470588,-36.71428571428572,0.0,0.11764705882352941,0.14285714285714285,4.0,8.0,1.0
1996-11-18,7.0,5165.0,0.0,0.0,7.0,4.0,CG,737.8571428571429,0.0,61.35872235872236,499.2516212754315,0.5945945945945946,2.6214857349210114,1,1,1,1,1,7.0,6.0,0.0,982.0,1062.0,4183.0,140.28571428571428,177.0,597.5714285714287,0.14285714285714285,0.0,-0.14285714285714285,5.0,4.0,-1.0
1996-11-25,12.0,1412.0,5.0,1.0,6.0,6.0,CG,117.66666666666667,0.4166666666666667,73.86764705882354,558.9998502347823,0.6102941176470589,2.6373972561498276,1,1,1,1,1,7.0,7.0,5.0,5165.0,982.0,-3753.0,737.8571428571429,140.28571428571428,-620.1904761904763,0.0,0.14285714285714285,0.4166666666666667,4.0,5.0,2.0
1996-12-02,4.0,427.0,0.0,0.0,4.0,3.0,CG,106.75,0.0,77.13936430317848,562.2214322340624,0.6381418092909535,2.693694974768995,1,1,1,1,0,12.0,7.0,-8.0,1412.0,5165.0,-985.0,117.66666666666667,737.8571428571429,-10.916666666666671,0.4166666666666667,0.0,-0.4166666666666667,6.0,4.0,-3.0
1996-12-09,10.0,1328.0,1.0,0.0,9.0,5.0,CG,132.8,0.1,77.99268292682927,561.7994643003309,0.6463414634146342,2.6955181094230625,1,1,1,0,1,4.0,12.0,6.0,427.0,1412.0,901.0,106.75,117.66666666666667,26.05000000000001,0.0,0.4166666666666667,0.1,3.0,6.0,2.0
1996-12-16,6.0,4510.0,0.0,0.0,6.0,3.0,CG,751.6666666666666,0.0,81.03406326034063,564.4914385557304,0.6690997566909975,2.73147756267376,1,1,1,1,1,10.0,4.0,-4.0,1328.0,427.0,3182.0,132.8,106.75,618.8666666666666,0.1,0.0,-0.1,5.0,3.0,-2.0
1996-12-23,4.0,661.0,2.0,0.0,2.0,3.0,CG,165.25,0.5,91.78398058252426,604.5546263885226,0.6820388349514563,2.7407651121444228,1,1,0,1,1,6.0,10.0,-2.0,4510.0,1328.0,-3849.0,751.6666666666666,132.8,-586.4166666666666,0.0,0.1,0.5,3.0,5.0,0.0
1996-12-30,8.0,494.0,1.0,2.0,5.0,4.0,CG,61.75,0.125,93.16222760290557,604.4697791532583,0.6900726392251816,2.7423013587648515,1,0,1,0,1,4.0,6.0,4.0,661.0,4510.0,-167.0,165.25,751.6666666666666,-103.5,0.5,0.0,-0.375,3.0,3.0,1.0
1997-01-06,3.0,294.0,0.0,1.0,2.0,2.0,CG,98.0,0.0,94.1304347826087,604.0588560642423,0.7077294685990339,2.7624406102544117,0,1,1,1,1,8.0,4.0,-5.0,494.0,661.0,-200.0,61.75,165.25,36.25,0.125,0.5,-0.125,4.0,3.0,-2.0
1997-01-13,4.0,146.0,1.0,1.0,2.0,3.0,CG,36.5,0.25,94.61204819277108,603.4086439900658,0.7132530120481928,2.7613958472486804,1,1,0,1,1,3.0,8.0,1.0,294.0,494.0,-148.0,98.0,61.75,-61.5,0.0,0.125,0.25,2.0,4.0,1.0
1997-01-20,6.0,2540.0,3.0,0.0,3.0,3.0,CG,423.3333333333333,0.5,94.73557692307692,602.6864734948364,0.7211538461538461,2.7627704997168427,1,0,1,1,0,4.0,3.0,2.0,146.0,294.0,2394.0,36.5,98.0,386.8333333333333,0.25,0.0,0.25,3.0,2.0,0.0
1997-01-27,1.0,200.0,0.0,0.0,1.0,1.0,CG,200.0,0.0,100.59952038369305,613.7562433489123,0.7338129496402878,2.771529897826008,0,1,1,1,1,6.0,4.0,-5.0,2540.0,146.0,-2340.0,423.3333333333333,36.5,-223.33333333333331,0.5,0.25,-0.5,3.0,3.0,-2.0
1997-02-03,3.0,1300.0,2.0,0.0,1.0,2.0,CG,433.3333333333333,0.6666666666666666,100.83732057416267,613.0391620763932,0.7344497607655502,2.7682353430906397,1,1,1,1,1,1.0,6.0,2.0,200.0,2540.0,1100.0,200.0,423.3333333333333,233.33333333333331,0.0,0.5,0.6666666666666666,1.0,3.0,1.0
1997-02-10,5.0,303.0,2.0,0.0,3.0,2.0,CG,60.6,0.4,103.69928400954655,615.1015283795002,0.7398568019093079,2.7671364257267848,1,1,1,1,1,3.0,1.0,2.0,1300.0,200.0,-997.0,433.3333333333333,200.0,-372.7333333333333,0.6666666666666666,0.0,-0.2666666666666666,2.0,1.0,0.0
1997-02-17,7.0,205.0,3.0,0.0,4.0,4.0,CG,29.285714285714285,0.42857142857142855,104.17380952380952,614.4440417629636,0.75,2.7716386681747025,1,1,1,0,0,5.0,3.0,2.0,303.0,1300.0,-98.0,60.6,433.3333333333333,-31.314285714285717,0.4,0.6666666666666666,0.028571428571428525,2.0,2.0,2.0
1997-02-24,12.0,796.0,3.0,0.0,9.0,5.0,CG,66.33333333333333,0.25,104.41330166270784,613.7317974907409,0.7648456057007126,2.78504497482894,1,1,1,1,1,7.0,5.0,5.0,205.0,303.0,591.0,29.285714285714285,60.6,37.047619047619044,0.42857142857142855,0.4,-0.17857142857142855,4.0,2.0,1.0
1997-03-03,4.0,145.0,2.0,1.0,1.0,3.0,CG,36.25,0.5,106.0521327014218,613.926231483294,0.7914691943127962,2.8349906010558277,1,1,0,1,0,12.0,7.0,-8.0,796.0,205.0,-651.0,66.33333333333333,29.285714285714285,-30.08333333333333,0.25,0.42857142857142855,0.25,5.0,4.0,-2.0
1997-03-10,10.0,321.0,4.0,1.0,5.0,5.0,CG,32.1,0.4,106.14420803782505,613.2013234175364,0.7990543735224587,2.8359237575520058,1,0,1,1,1,4.0,12.0,6.0,145.0,796.0,176.0,36.25,66.33333333333333,-4.149999999999999,0.5,0.25,-0.09999999999999998,3.0,5.0,2.0
1997-03-17,3.0,147.0,2.0,1.0,0.0,2.0,CG,49.0,0.6666666666666666,106.65094339622641,612.5649448651096,0.8207547169811321,2.8675973083180164,0,1,1,0,1,10.0,4.0,-7.0,321.0,145.0,-174.0,32.1,36.25,16.9,0.4,0.5,0.2666666666666666,5.0,3.0,-3.0
1997-03-24,6.0,263.0,1.0,0.0,5.0,4.0,CG,43.833333333333336,0.16666666666666666,106.74588235294118,611.8452845720493,0.8258823529411765,2.8661637360064107,1,1,1,1,0,3.0,10.0,3.0,147.0,321.0,116.0,49.0,32.1,-5.166666666666664,0.6666666666666666,0.4,-0.5,2.0,5.0,2.0
1997-03-31,8.0,479.0,2.0,0.0,6.0,3.0,CG,59.875,0.25,107.11267605633803,611.1719322773628,0.8380281690140845,2.8737448180387624,1,1,0,0,1,6.0,3.0,2.0,263.0,147.0,216.0,43.833333333333336,49.0,16.041666666666664,0.16666666666666666,0.6666666666666666,0.08333333333333334,4.0,2.0,-1.0
1997-04-07,5.0,394.0,1.0,0.0,4.0,2.0,CG,78.8,0.2,107.98360655737704,610.7193997054895,0.8548009367681498,2.8912193676910434,1,0,1,1,0,8.0,6.0,-3.0,479.0,263.0,-85.0,59.875,43.833333333333336,18.924999999999997,0.25,0.16666666666666666,-0.04999999999999999,3.0,4.0,-1.0
1997-04-14,2.0,102.0,0.0,0.0,2.0,1.0,CG,51.0,0.0,108.65186915887851,610.1604985777111,0.8644859813084113,2.894774500249918,0,1,0,1,0,5.0,8.0,-3.0,394.0,479.0,-292.0,78.8,59.875,-27.799999999999997,0.2,0.25,-0.2,2.0,3.0,-1.0
1997-04-21,8.0,863.0,0.0,0.0,8.0,2.0,CG,107.875,0.0,108.63636363636364,609.4473620303982,0.8671328671328671,2.8919104757227183,1,0,1,0,0,2.0,5.0,6.0,102.0,394.0,761.0,51.0,78.8,56.875,0.0,0.2,0.0,1.0,2.0,1.0
1997-04-28,2.0,202.0,0.0,0.0,2.0,2.0,CG,101.0,0.0,110.3906976744186,609.8226773541329,0.8837209302325582,2.9089469119237537,0,1,1,1,0,8.0,2.0,-6.0,863.0,102.0,-661.0,107.875,51.0,-6.875,0.0,0.0,0.0,2.0,1.0,0.0
1997-05-05,10.0,743.0,1.0,0.0,9.0,3.0,CG,74.3,0.1,110.60324825986079,609.1291518367276,0.8863109048723898,2.906059921251464,1,1,0,0,0,2.0,8.0,8.0,202.0,863.0,541.0,101.0,107.875,-26.700000000000003,0.0,0.0,0.1,2.0,2.0,1.0
1997-05-12,8.0,641.0,2.0,0.0,6.0,4.0,CG,80.125,0.25,112.06712962962963,609.1824026180427,0.9074074074074074,2.93561864620633,1,0,1,0,0,10.0,2.0,-2.0,743.0,202.0,-102.0,74.3,101.0,5.825000000000003,0.1,0.0,0.15,3.0,2.0,1.0
1997-05-19,0.0,0.0,0.0,0.0,0.0,0.0,CG,0.0,0.0,113.28868360277136,609.007622714544,0.9237875288683602,2.951963011526091,0,1,0,0,0,8.0,10.0,-8.0,641.0,743.0,-641.0,80.125,74.3,-80.125,0.25,0.1,-0.25,4.0,3.0,-4.0
1997-05-26,6.0,2388.0,0.0,0.0,6.0,1.0,CG,398.0,0.0,113.02764976958525,608.3282807458507,0.9216589861751152,2.9488857274496882,1,0,0,0,0,0.0,8.0,6.0,0.0,641.0,2388.0,0.0,80.125,398.0,0.0,0.25,0.0,0.0,4.0,1.0
1997-06-02,2.0,69.0,0.0,0.0,2.0,1.0,CG,34.5,0.0,118.25747126436782,617.3397087862418,0.9333333333333333,2.9555332262225855,0,0,0,0,1,6.0,0.0,-4.0,2388.0,0.0,-2319.0,398.0,0.0,-363.5,0.0,0.0,0.0,1.0,0.0,0.0
1997-06-09,0.0,0.0,0.0,0.0,0.0,0.0,CG,0.0,0.0,118.14449541284404,616.6342269755027,0.9357798165137615,2.9525760561753085,0,0,0,0,0,2.0,6.0,-2.0,69.0,2388.0,-69.0,34.5,398.0,-34.5,0.0,0.0,0.0,1.0,1.0,-1.0
1997-06-16,0.0,0.0,0.0,0.0,0.0,0.0,CG,0.0,0.0,117.8741418764302,615.9526001917961,0.9336384439359268,2.949527840800336,0,0,0,0,0,0.0,2.0,0.0,0.0,69.0,0.0,0.0,34.5,0.0,0.0,0.0,0.0,0.0,1.0,0.0
1997-06-23,0.0,0.0,0.0,0.0,0.0,0.0,CG,0.0,0.0,117.60502283105023,615.2732247700025,0.9315068493150684,2.946488895088095,0,0,0,0,0,0.0,0.0,0.0,0.0,0.0,0.0,0.0,0.0,0.0,0.0,0.0,0.0,0.0,0.0,0.0
1997-06-30,0.0,0.0,0.0,0.0,0.0,0.0,CG,0.0,0.0,117.3371298405467,614.5960883681292,0.929384965831435,2.943459173145497,0,0,0,1,0,0.0,0.0,0.0,0.0,0.0,0.0,0.0,0.0,0.0,0.0,0.0,0.0,0.0,0.0,0.0
1997-07-07,1.0,17.0,0.0,0.0,1.0,1.0,CG,17.0,0.0,117.07045454545455,613.9211787384967,0.9272727272727272,2.940438629387677,0,0,0,0,0,0.0,0.0,1.0,0.0,0.0,17.0,0.0,0.0,17.0,0.0,0.0,0.0,0.0,0.0,1.0
1997-07-14,0.0,0.0,0.0,0.0,0.0,0.0,CG,0.0,0.0,116.84353741496598,613.2416589583617,0.927437641723356,2.9370973629415253,0,0,1,0,0,1.0,0.0,-1.0,17.0,0.0,-17.0,17.0,0.0,-17.0,0.0,0.0,0.0,1.0,0.0,-1.0
1997-07-21,2.0,5.0,0.0,0.0,2.0,1.0,CG,2.5,0.0,116.57918552036199,612.5711911582006,0.9253393665158371,2.934097070911367,0,1,0,0,0,0.0,1.0,2.0,0.0,17.0,5.0,0.0,17.0,2.5,0.0,0.0,0.0,0.0,1.0,1.0
1997-07-28,6.0,1075.0,0.0,0.0,6.0,1.0,CG,179.16666666666666,0.0,116.3273137697517,611.9008095828171,0.927765237020316,2.9312208039953638,1,0,0,0,0,2.0,0.0,4.0,5.0,0.0,1070.0,2.5,0.0,176.66666666666666,0.0,0.0,0.0,1.0,0.0,0.0
1997-08-04,0.0,0.0,0.0,0.0,0.0,0.0,CG,0.0,0.0,118.48648648648648,612.9007610797173,0.9391891891891891,2.937789170477745,0,0,0,0,0,6.0,2.0,-6.0,1075.0,5.0,-1075.0,179.16666666666666,2.5,-179.16666666666666,0.0,0.0,0.0,1.0,1.0,-1.0
1997-08-11,0.0,0.0,0.0,0.0,0.0,0.0,CG,0.0,0.0,118.22022471910113,612.2359339170059,0.9370786516853933,2.9348167070807576,0,0,0,0,0,0.0,6.0,0.0,0.0,1075.0,0.0,0.0,179.16666666666666,0.0,0.0,0.0,0.0,0.0,1.0,0.0
1997-08-18,0.0,0.0,0.0,0.0,0.0,0.0,CG,0.0,0.0,117.95515695067265,611.5732614857824,0.9349775784753364,2.9318530972348884,0,0,0,0,0,0.0,0.0,0.0,0.0,0.0,0.0,0.0,0.0,0.0,0.0,0.0,0.0,0.0,0.0,0.0
1997-08-25,1.0,1.0,0.0,0.0,1.0,1.0,CG,1.0,0.0,117.69127516778524,610.9127321955928,0.9328859060402684,2.92889829804939,0,0,0,0,0,0.0,0.0,1.0,0.0,0.0,1.0,0.0,0.0,1.0,0.0,0.0,0.0,0.0,0.0,1.0
1997-09-01,0.0,0.0,0.0,0.0,0.0,0.0,CG,0.0,0.0,117.43080357142857,610.2539058892158,0.9330357142857143,2.9256220094021668,0,0,0,0,0,1.0,0.0,-1.0,1.0,0.0,-1.0,1.0,0.0,-1.0,0.0,0.0,0.0,1.0,0.0,-1.0
1997-09-08,0.0,0.0,0.0,0.0,0.0,0.0,CG,0.0,0.0,117.16926503340757,609.5976299105328,0.9309576837416481,2.9226866951992347,0,0,0,0,0,0.0,1.0,0.0,0.0,1.0,0.0,0.0,1.0,0.0,0.0,0.0,0.0,0.0,1.0,0.0
1997-09-15,0.0,0.0,0.0,0.0,0.0,0.0,CG,0.0,0.0,116.9088888888889,608.943462811423,0.9288888888888889,2.9197600522444485,0,0,0,0,0,0.0,0.0,0.0,0.0,0.0,0.0,0.0,0.0,0.0,0.0,0.0,0.0,0.0,0.0,0.0
1997-09-22,0.0,0.0,0.0,0.0,0.0,0.0,CG,0.0,0.0,116.64966740576497,608.2913933441403,0.926829268292683,2.9168420388623715,0,0,0,0,0,0.0,0.0,0.0,0.0,0.0,0.0,0.0,0.0,0.0,0.0,0.0,0.0,0.0,0.0,0.0
1997-09-29,2.0,31.0,2.0,0.0,0.0,1.0,CG,15.5,1.0,116.39159292035399,607.6414103445615,0.9247787610619469,2.9139326136489765,0,0,0,0,0,0.0,0.0,2.0,0.0,0.0,31.0,0.0,0.0,15.5,0.0,0.0,1.0,0.0,0.0,1.0
1997-10-06,1.0,2.0,1.0,0.0,0.0,1.0,CG,2.0,1.0,116.20309050772627,606.9821280694656,0.9271523178807947,2.911145817390597,0,0,0,0,0,2.0,0.0,-1.0,31.0,0.0,-29.0,15.5,0.0,-13.5,1.0,0.0,0.0,1.0,0.0,0.0
1997-10-13,0.0,0.0,0.0,0.0,0.0,0.0,CG,0.0,0.0,115.95154185022027,606.3354897442875,0.9273127753303965,2.9079328667603,0,0,0,0,0,1.0,2.0,-1.0,2.0,31.0,-2.0,2.0,15.5,-2.0,1.0,1.0,-1.0,1.0,1.0,-1.0
1997-10-20,0.0,0.0,0.0,0.0,0.0,0.0,CG,0.0,0.0,115.69670329670329,605.6917444594142,0.9252747252747253,2.905053829924027,0,0,0,0,0,0.0,1.0,0.0,0.0,2.0,0.0,0.0,2.0,0.0,0.0,1.0,0.0,0.0,1.0,0.0
1997-10-27,1.0,9.0,0.0,0.0,1.0,1.0,CG,9.0,0.0,115.44298245614036,605.0500415550854,0.9232456140350878,2.902183185988725,0,0,0,0,0,0.0,0.0,1.0,0.0,0.0,9.0,0.0,0.0,9.0,0.0,0.0,0.0,0.0,0.0,1.0
1997-11-03,0.0,0.0,0.0,0.0,0.0,0.0,CG,0.0,0.0,115.21006564551422,604.4067553817479,0.9234135667396062,2.899001444401175,0,0,0,0,0,1.0,0.0,-1.0,9.0,0.0,-9.0,9.0,0.0,-9.0,0.0,0.0,0.0,1.0,0.0,-1.0
1997-11-10,0.0,0.0,0.0,0.0,0.0,0.0,CG,0.0,0.0,114.9585152838428,603.7691173550957,0.9213973799126638,2.896149373571961,0,0,0,0,0,0.0,1.0,0.0,0.0,9.0,0.0,0.0,9.0,0.0,0.0,0.0,0.0,0.0,1.0,0.0
1997-11-17,0.0,0.0,0.0,0.0,0.0,0.0,CG,0.0,0.0,114.70806100217865,603.1334896095474,0.9193899782135077,2.893305565319679,0,0,0,0,0,0.0,0.0,0.0,0.0,0.0,0.0,0.0,0.0,0.0,0.0,0.0,0.0,0.0,0.0,0.0
1997-11-24,0.0,0.0,0.0,0.0,0.0,0.0,CG,0.0,0.0,114.45869565217392,602.4998616245103,0.9173913043478261,2.8904699806938687,0,0,0,0,0,0.0,0.0,0.0,0.0,0.0,0.0,0.0,0.0,0.0,0.0,0.0,0.0,0.0,0.0,0.0
1997-12-01,0.0,0.0,0.0,0.0,0.0,0.0,CG,0.0,0.0,114.21041214750542,601.8682229561507,0.9154013015184381,2.8876425809929316,0,0,0,0,0,0.0,0.0,0.0,0.0,0.0,0.0,0.0,0.0,0.0,0.0,0.0,0.0,0.0,0.0,0.0
1997-12-08,0.0,0.0,0.0,0.0,0.0,0.0,CG,0.0,0.0,113.96320346320347,601.2385632366774,0.9134199134199135,2.88482332776218,0,0,0,0,0,0.0,0.0,0.0,0.0,0.0,0.0,0.0,0.0,0.0,0.0,0.0,0.0,0.0,0.0,0.0
1997-12-15,0.0,0.0,0.0,0.0,0.0,0.0,CG,0.0,0.0,113.7170626349892,600.6108721736322,0.9114470842332614,2.8820121827919047,0,0,0,0,0,0.0,0.0,0.0,0.0,0.0,0.0,0.0,0.0,0.0,0.0,0.0,0.0,0.0,0.0,0.0
1997-12-22,1.0,22.0,0.0,0.0,1.0,1.0,CG,22.0,0.0,113.47198275862068,599.9851395491903,0.9094827586206896,2.8792091081154574,0,0,0,0,0,0.0,0.0,1.0,0.0,0.0,22.0,0.0,0.0,22.0,0.0,0.0,0.0,0.0,0.0,1.0
1997-12-29,2.0,3.0,1.0,0.0,1.0,2.0,CG,1.5,0.5,113.2752688172043,599.3532663270285,0.9096774193548387,2.8761079018282403,0,0,0,0,0,1.0,0.0,1.0,22.0,0.0,-19.0,22.0,0.0,-20.5,0.0,0.0,0.5,1.0,0.0,1.0
1998-01-05,0.0,0.0,0.0,0.0,0.0,0.0,CG,0.0,0.0,113.03862660944206,598.7302465903954,0.9120171673819742,2.873457586763802,0,0,0,0,0,2.0,1.0,-2.0,3.0,22.0,-3.0,1.5,22.0,-1.5,0.5,0.0,-0.5,2.0,1.0,-2.0
1998-01-12,0.0,0.0,0.0,0.0,0.0,0.0,CG,0.0,0.0,112.79657387580299,598.1103607139627,0.9100642398286938,2.870683061659643,0,0,0,0,0,0.0,2.0,0.0,0.0,3.0,0.0,0.0,1.5,0.0,0.0,0.5,0.0,0.0,2.0,0.0
1998-01-19,0.0,0.0,0.0,0.0,0.0,0.0,CG,0.0,0.0,112.55555555555556,597.492392962346,0.9081196581196581,2.867916427759859,0,0,0,0,0,0.0,0.0,0.0,0.0,0.0,0.0,0.0,0.0,0.0,0.0,0.0,0.0,0.0,0.0,0.0
1998-01-26,0.0,0.0,0.0,0.0,0.0,0.0,CG,0.0,0.0,112.31556503198294,596.8763334819762,0.906183368869936,2.8651576485281565,0,0,0,0,1,0.0,0.0,0.0,0.0,0.0,0.0,0.0,0.0,0.0,0.0,0.0,0.0,0.0,0.0,0.0
1998-02-02,0.0,0.0,0.0,0.0,0.0,0.0,CG,0.0,0.0,112.07659574468084,596.2621724898627,0.9042553191489362,2.8624066876576673,0,0,0,0,0,0.0,0.0,0.0,0.0,0.0,0.0,0.0,0.0,0.0,0.0,0.0,0.0,0.0,0.0,0.0
1998-02-09,2.0,3.0,0.0,0.0,2.0,1.0,CG,1.5,0.0,111.83864118895966,595.6499002729463,0.9023354564755839,2.8596635090691813,0,0,0,0,0,0.0,0.0,2.0,0.0,0.0,3.0,0.0,0.0,1.5,0.0,0.0,0.0,0.0,0.0,1.0
1998-02-16,1.0,300.0,0.0,0.0,1.0,1.0,CG,300.0,0.0,111.60805084745763,595.0383286008123,0.9046610169491526,2.8570729256104554,0,0,0,0,0,2.0,0.0,-1.0,3.0,0.0,297.0,1.5,0.0,298.5,0.0,0.0,0.0,1.0,0.0,0.0
1998-02-23,0.0,0.0,0.0,0.0,0.0,0.0,CG,0.0,0.0,112.00634249471459,594.4707712251658,0.904862579281184,2.854048127135865,0,0,0,1,0,1.0,2.0,-1.0,300.0,3.0,-300.0,300.0,1.5,-300.0,0.0,0.0,0.0,1.0,1.0,-1.0
1998-03-02,0.0,0.0,0.0,0.0,0.0,0.0,CG,0.0,0.0,111.77004219409282,593.8643183542639,0.9029535864978903,2.851332489578996,0,0,0,0,0,0.0,1.0,0.0,0.0,300.0,0.0,0.0,300.0,0.0,0.0,0.0,0.0,0.0,1.0,0.0
1998-03-09,0.0,0.0,0.0,0.0,0.0,0.0,CG,0.0,0.0,111.53473684210526,593.2597146112986,0.9010526315789473,2.848624463997759,0,0,1,0,0,0.0,0.0,0.0,0.0,0.0,0.0,0.0,0.0,0.0,0.0,0.0,0.0,0.0,0.0,0.0
1998-03-16,0.0,0.0,0.0,0.0,0.0,0.0,CG,0.0,0.0,111.30042016806723,592.6569506355806,0.8991596638655462,2.845924015653762,0,1,0,0,0,0.0,0.0,0.0,0.0,0.0,0.0,0.0,0.0,0.0,0.0,0.0,0.0,0.0,0.0,0.0
1998-03-23,6.0,164.0,5.0,0.0,1.0,2.0,CG,27.333333333333332,0.8333333333333334,111.0670859538784,592.0560171324947,0.8972746331236897,2.8432311100236696,1,0,0,0,0,0.0,0.0,6.0,0.0,0.0,164.0,0.0,0.0,27.333333333333332,0.0,0.0,0.8333333333333334,0.0,0.0,2.0
1998-03-30,0.0,0.0,0.0,0.0,0.0,0.0,CG,0.0,0.0,111.17782426778243,591.4400432050296,0.9079497907949791,2.849822456051732,0,0,0,0,0,6.0,0.0,-6.0,164.0,0.0,-164.0,27.333333333333332,0.0,-27.333333333333332,0.8333333333333334,0.0,-0.8333333333333334,2.0,0.0,-2.0
1998-04-06,0.0,0.0,0.0,0.0,0.0,0.0,CG,0.0,0.0,110.94572025052192,590.8428958627479,0.906054279749478,2.847142163492999,0,0,0,0,0,0.0,6.0,0.0,0.0,164.0,0.0,0.0,27.333333333333332,0.0,0.0,0.8333333333333334,0.0,0.0,2.0,0.0
1998-04-13,1.0,600.0,0.0,0.0,1.0,1.0,CG,600.0,0.0,110.71458333333334,590.2475505894637,0.9041666666666667,2.8444692944649255,0,0,0,0,0,0.0,0.0,1.0,0.0,0.0,600.0,0.0,0.0,600.0,0.0,0.0,0.0,0.0,0.0,1.0
1998-04-20,0.0,0.0,0.0,0.0,0.0,0.0,CG,0.0,0.0,111.73180873180873,590.0542919994142,0.9043659043659044,2.841508120552957,0,0,0,0,0,1.0,0.0,-1.0,600.0,0.0,-600.0,600.0,0.0,-600.0,0.0,0.0,0.0,1.0,0.0,-1.0
1998-04-27,0.0,0.0,0.0,0.0,0.0,0.0,CG,0.0,0.0,111.5,589.4625807425218,0.9024896265560166,2.8388517093991883,0,0,0,0,0,0.0,1.0,0.0,0.0,600.0,0.0,0.0,600.0,0.0,0.0,0.0,0.0,0.0,1.0,0.0
1998-05-04,0.0,0.0,0.0,0.0,0.0,0.0,CG,0.0,0.0,111.26915113871635,588.8726429781171,0.9006211180124224,2.8362026120440604,0,0,0,0,0,0.0,0.0,0.0,0.0,0.0,0.0,0.0,0.0,0.0,0.0,0.0,0.0,0.0,0.0,0.0
1998-05-11,2.0,2.0,0.0,0.0,2.0,1.0,CG,1.0,0.0,111.0392561983471,588.2844698811786,0.8987603305785123,2.8335607957161164,0,0,0,0,0,0.0,0.0,2.0,0.0,0.0,2.0,0.0,0.0,1.0,0.0,0.0,0.0,0.0,0.0,1.0
1998-05-18,0.0,0.0,0.0,0.0,0.0,0.0,CG,0.0,0.0,110.81443298969072,587.69728057301,0.9010309278350516,2.831073696291723,0,0,0,0,0,2.0,0.0,-2.0,2.0,0.0,-2.0,1.0,0.0,-1.0,0.0,0.0,0.0,1.0,0.0,-1.0
1998-05-25,1.0,25.0,1.0,0.0,0.0,1.0,CG,25.0,1.0,110.58641975308642,587.1126130064649,0.8991769547325102,2.828448873948402,0,0,0,0,0,0.0,2.0,1.0,0.0,2.0,25.0,0.0,1.0,25.0,0.0,0.0,1.0,0.0,1.0,1.0
1998-06-01,1.0,2.0,0.0,0.0,1.0,1.0,CG,2.0,0.0,110.41067761806981,586.5210991270005,0.8993839835728953,2.8255411423858194,0,0,0,0,1,1.0,0.0,0.0,25.0,0.0,-23.0,25.0,0.0,-23.0,1.0,0.0,-1.0,1.0,0.0,0.0
1998-06-08,1.0,1.0,0.0,0.0,1.0,1.0,CG,1.0,0.0,110.18852459016394,585.9391637407512,0.8995901639344263,2.8226423601460993,0,0,0,0,1,1.0,1.0,0.0,2.0,25.0,-1.0,2.0,25.0,-1.0,0.0,1.0,0.0,1.0,1.0,0.0
1998-06-15,0.0,0.0,0.0,0.0,0.0,0.0,CG,0.0,0.0,109.96523517382413,585.3593341003783,0.8997955010224948,2.8197524814166095,0,0,0,0,1,1.0,1.0,-1.0,1.0,2.0,-1.0,1.0,2.0,-1.0,0.0,0.0,0.0,1.0,1.0,-1.0
1998-06-22,0.0,0.0,0.0,0.0,0.0,0.0,CG,0.0,0.0,109.7408163265306,584.7816016629661,0.8979591836734694,2.817161096662274,0,0,0,0,1,0.0,1.0,0.0,0.0,1.0,0.0,0.0,1.0,0.0,0.0,0.0,0.0,0.0,1.0,0.0
1998-06-29,2.0,24.0,2.0,0.0,0.0,2.0,CG,12.0,1.0,109.51731160896131,584.2055736217491,0.8961303462321792,2.8145767244964603,0,0,0,1,1,0.0,0.0,2.0,0.0,0.0,24.0,0.0,0.0,12.0,0.0,0.0,1.0,0.0,0.0,2.0
1998-07-06,0.0,0.0,0.0,0.0,0.0,0.0,CG,0.0,0.0,109.34349593495935,583.623090975791,0.8983739837398373,2.8121494845393786,0,0,0,1,1,2.0,0.0,-2.0,24.0,0.0,-24.0,12.0,0.0,-12.0,1.0,0.0,-1.0,2.0,0.0,-2.0
1998-07-13,0.0,0.0,0.0,0.0,0.0,0.0,CG,0.0,0.0,109.12170385395538,583.0504738671993,0.896551724137931,2.8095815075963366,0,0,1,1,1,0.0,2.0,0.0,0.0,24.0,0.0,0.0,12.0,0.0,0.0,1.0,0.0,0.0,2.0,0.0
1998-07-20,2.0,2.0,0.0,0.0,2.0,1.0,CG,1.0,0.0,108.90080971659918,582.479536138075,0.8947368421052632,2.807020435214339,0,1,1,1,0,0.0,0.0,2.0,0.0,0.0,2.0,0.0,0.0,1.0,0.0,0.0,0.0,0.0,0.0,1.0
1998-07-27,6.0,36.0,2.0,0.0,4.0,3.0,CG,6.0,0.3333333333333333,108.68484848484849,581.9095204171806,0.896969696969697,2.8046178860825437,1,1,1,1,0,2.0,0.0,4.0,2.0,0.0,34.0,1.0,0.0,5.0,0.0,0.0,0.3333333333333333,1.0,0.0,2.0
1998-08-03,9.0,158.0,6.0,0.0,3.0,3.0,CG,17.555555555555557,0.6666666666666666,108.5383064516129,581.330597144272,0.907258064516129,2.8111372553864564,1,1,1,1,1,6.0,2.0,3.0,36.0,2.0,122.0,6.0,1.0,11.555555555555557,0.3333333333333333,0.0,0.3333333333333333,3.0,1.0,0.0
1998-08-10,5.0,37.0,3.0,0.0,2.0,2.0,CG,7.4,0.6,108.63782696177063,580.7485207666806,0.9235412474849095,2.831666615507533,1,1,1,1,0,9.0,6.0,-4.0,158.0,36.0,-121.0,17.555555555555557,6.0,-10.155555555555557,0.6666666666666666,0.3333333333333333,-0.06666666666666665,3.0,3.0,-1.0
1998-08-17,6.0,1373.0,3.0,2.0,1.0,4.0,CG,228.83333333333334,0.5,108.49397590361446,580.1728537298914,0.9317269076305221,2.8347082486294704,1,1,1,0,0,5.0,9.0,1.0,37.0,158.0,1336.0,7.4,17.555555555555557,221.43333333333334,0.6,0.6666666666666666,-0.09999999999999998,2.0,3.0,2.0
1998-08-24,11.0,1498.0,7.0,0.0,4.0,3.0,CG,136.1818181818182,0.6363636363636364,111.02805611222445,582.3478300768447,0.9418837675350702,2.8409352175221563,1,1,1,0,1,6.0,5.0,5.0,1373.0,37.0,125.0,228.83333333333334,7.4,-92.65151515151516,0.5,0.6,0.13636363636363635,4.0,2.0,-1.0
1998-08-31,9.0,363.0,6.0,0.0,3.0,2.0,CG,40.333333333333336,0.6666666666666666,113.802,585.0613303890741,0.962,2.8735118131444244,1,1,0,1,0,11.0,6.0,-2.0,1498.0,1373.0,-1135.0,136.1818181818182,228.83333333333334,-95.84848484848484,0.6363636363636364,0.5,0.030303030303030276,3.0,4.0,-1.0
1998-09-07,4.0,78.0,2.0,2.0,0.0,2.0,CG,19.5,0.5,114.2994011976048,584.582002955651,0.9780439121756487,2.8930117466176766,1,0,0,0,0,9.0,11.0,-5.0,363.0,1498.0,-285.0,40.333333333333336,136.1818181818182,-20.833333333333336,0.6666666666666666,0.6363636363636364,-0.16666666666666663,2.0,3.0,0.0
1998-09-14,3.0,205.0,1.0,1.0,1.0,3.0,CG,68.33333333333333,0.3333333333333333,114.22709163346613,584.0005436240631,0.9840637450199203,2.8932685692642726,0,0,1,0,0,4.0,9.0,-1.0,78.0,363.0,127.0,19.5,40.333333333333336,48.83333333333333,0.5,0.6666666666666666,-0.16666666666666669,2.0,2.0,1.0
1998-09-21,1.0,16.0,0.0,1.0,0.0,1.0,CG,16.0,0.0,114.40755467196819,583.4326185781018,0.9880715705765407,2.8917827079376495,0,1,0,1,0,3.0,4.0,-2.0,205.0,78.0,-189.0,68.33333333333333,19.5,-52.33333333333333,0.3333333333333333,0.5,-0.3333333333333333,3.0,2.0,-2.0
1998-09-28,4.0,29.0,1.0,0.0,3.0,3.0,CG,7.25,0.25,114.21230158730158,582.8688599676094,0.9880952380952381,2.8889067911873045,1,0,0,0,1,1.0,3.0,3.0,16.0,205.0,13.0,16.0,68.33333333333333,-8.75,0.0,0.3333333333333333,0.25,1.0,3.0,2.0
1998-10-05,2.0,61.0,1.0,0.0,1.0,2.0,CG,30.5,0.5,114.04356435643564,582.3026763020586,0.994059405940594,2.8891498510017253,0,0,1,0,1,4.0,1.0,-2.0,29.0,16.0,32.0,7.25,16.0,23.25,0.25,0.0,0.25,3.0,1.0,-1.0
1998-10-12,0.0,0.0,0.0,0.0,0.0,0.0,CG,0.0,0.0,113.93873517786561,581.7306326062402,0.9960474308300395,2.886634305482328,0,1,0,0,0,2.0,4.0,-2.0,61.0,29.0,-61.0,30.5,7.25,-30.5,0.5,0.25,-0.5,2.0,3.0,-2.0
1998-10-19,4.0,48.0,0.0,1.0,3.0,3.0,CG,12.0,0.0,113.71400394477318,581.1775451557168,0.9940828402366864,2.8841197506703726,1,0,0,0,1,0.0,2.0,4.0,0.0,61.0,48.0,0.0,30.5,12.0,0.0,0.5,0.0,0.0,2.0,3.0
1998-10-26,2.0,70.0,2.0,0.0,0.0,1.0,CG,35.0,1.0,113.58464566929133,580.611429334829,1.0,2.884358962961949,0,0,0,1,1,4.0,0.0,-2.0,48.0,0.0,22.0,12.0,0.0,23.0,0.0,0.0,1.0,3.0,0.0,-2.0
1998-11-02,1.0,10.0,0.0,0.0,1.0,1.0,CG,10.0,0.0,113.49901768172889,580.0428969500297,1.0019646365422397,2.8818595112949987,0,0,0,1,1,2.0,4.0,-1.0,70.0,48.0,-60.0,35.0,12.0,-25.0,1.0,0.0,-1.0,1.0,3.0,0.0
1998-11-09,0.0,0.0,0.0,0.0,0.0,0.0,CG,0.0,0.0,113.29607843137255,579.4909531801139,1.0019607843137255,2.879027217565113,0,0,1,0,1,1.0,2.0,-1.0,10.0,70.0,-10.0,10.0,35.0,-10.0,0.0,1.0,0.0,1.0,1.0,-1.0
1998-11-16,2.0,146.0,2.0,0.0,0.0,1.0,CG,73.0,1.0,113.07436399217221,578.9442405576203,1.0,2.8765447682804393,0,1,1,1,0,0.0,1.0,2.0,0.0,10.0,146.0,0.0,10.0,73.0,0.0,0.0,1.0,0.0,1.0,1.0
1998-11-23,5.0,1155.0,5.0,0.0,0.0,1.0,CG,231.0,1.0,113.138671875,578.379311941558,1.001953125,2.8740685709356883,1,1,0,1,0,2.0,0.0,3.0,146.0,0.0,1009.0,73.0,0.0,158.0,1.0,0.0,0.0,1.0,0.0,0.0
1998-11-30,6.0,157.0,4.0,0.0,2.0,2.0,CG,26.166666666666668,0.6666666666666666,115.16959064327486,579.6423032340418,1.0097465886939572,2.876681324629091,1,0,1,1,0,5.0,2.0,1.0,1155.0,146.0,-998.0,231.0,73.0,-204.83333333333334,1.0,1.0,-0.33333333333333337,1.0,1.0,1.0
1998-12-07,2.0,82.0,2.0,0.0,0.0,1.0,CG,41.0,1.0,115.25097276264592,579.0800135008019,1.0194552529182879,2.8822930035013403,0,1,1,1,0,6.0,5.0,-4.0,157.0,1155.0,-75.0,26.166666666666668,231.0,14.833333333333332,0.6666666666666666,1.0,0.33333333333333337,2.0,1.0,-1.0
1998-12-14,8.0,182.0,1.0,0.0,7.0,2.0,CG,22.75,0.125,115.18640776699029,578.5182873205549,1.021359223300971,2.8798120103689997,1,1,1,0,0,2.0,6.0,6.0,82.0,157.0,100.0,41.0,26.166666666666668,-18.25,1.0,0.6666666666666666,-0.875,1.0,2.0,1.0
1998-12-21,4.0,56.0,2.0,0.0,2.0,3.0,CG,14.0,0.5,115.31589147286822,577.963830476617,1.0348837209302326,2.8933710956482117,1,1,1,0,0,8.0,2.0,-4.0,182.0,82.0,-126.0,22.75,41.0,-8.75,0.125,1.0,0.375,2.0,1.0,1.0
1998-12-28,9.0,1545.0,3.0,1.0,5.0,7.0,CG,171.66666666666666,0.3333333333333333,115.20116054158608,577.4094094511116,1.0406189555125724,2.8935061622062013,1,1,0,0,1,4.0,8.0,5.0,56.0,182.0,1489.0,14.0,22.75,157.66666666666666,0.5,0.125,-0.16666666666666669,3.0,2.0,4.0
1999-01-04,5.0,439.0,2.0,0.0,3.0,2.0,CG,87.8,0.4,117.96138996138995,580.2614251557565,1.055984555984556,2.9117837188384947,1,0,0,0,0,9.0,4.0,-4.0,1545.0,56.0,-1106.0,171.66666666666666,14.0,-83.86666666666666,0.3333333333333333,0.5,0.06666666666666671,7.0,3.0,-5.0
1999-01-11,3.0,73.0,1.0,0.0,2.0,3.0,CG,24.333333333333332,0.3333333333333333,118.57996146435453,579.8723139166956,1.0635838150289016,2.9141187844314356,0,0,0,0,0,5.0,9.0,-2.0,439.0,1545.0,-366.0,87.8,171.66666666666666,-63.46666666666667,0.4,0.3333333333333333,-0.06666666666666671,2.0,7.0,1.0
1999-01-18,1.0,7.0,1.0,0.0,0.0,1.0,CG,7.0,1.0,118.49230769230769,579.316848970758,1.0673076923076923,2.9125481731341423,0,0,0,0,1,3.0,5.0,-2.0,73.0,439.0,-66.0,24.333333333333332,87.8,-17.333333333333332,0.3333333333333333,0.4,0.6666666666666667,3.0,2.0,-2.0
1999-01-25,2.0,34.0,2.0,0.0,0.0,1.0,CG,17.0,1.0,118.27831094049904,578.7801572885751,1.0671785028790788,2.909747792533292,0,0,0,1,0,1.0,3.0,1.0,7.0,73.0,27.0,7.0,24.333333333333332,10.0,1.0,0.3333333333333333,0.0,1.0,3.0,0.0
1999-02-01,2.0,23.0,0.0,0.0,2.0,2.0,CG,11.5,0.0,118.11685823754789,578.236205333627,1.0689655172413792,2.907240693156473,0,0,0,0,0,2.0,1.0,0.0,34.0,7.0,-11.0,17.0,7.0,-5.5,1.0,1.0,-1.0,1.0,1.0,1.0
1999-02-08,1.0,25.0,0.0,0.0,1.0,1.0,CG,25.0,0.0,117.93499043977056,577.6970460299364,1.0707456978967496,2.9047399528748246,0,0,1,0,0,2.0,2.0,-1.0,23.0,34.0,2.0,11.5,17.0,13.5,0.0,1.0,0.0,2.0,1.0,-1.0
1999-02-15,2.0,106.0,0.0,0.0,2.0,2.0,CG,53.0,0.0,117.75763358778626,577.1587694573325,1.0706106870229009,2.9019632718105153,0,1,0,1,0,1.0,2.0,1.0,25.0,23.0,81.0,25.0,11.5,28.0,0.0,0.0,0.0,1.0,2.0,1.0
1999-02-22,11.0,161.0,2.0,0.0,9.0,4.0,CG,14.636363636363637,0.18181818181818182,117.73523809523809,576.6080107733226,1.0723809523809524,2.8994766321000944,1,0,0,0,0,2.0,1.0,9.0,106.0,25.0,55.0,53.0,25.0,-38.36363636363636,0.0,0.0,0.18181818181818182,2.0,1.0,2.0
1999-03-01,4.0,207.0,1.0,0.0,3.0,4.0,CG,51.75,0.25,117.81749049429658,576.0616873037246,1.091254752851711,2.928877494020083,0,0,1,0,1,11.0,2.0,-7.0,161.0,106.0,46.0,14.636363636363637,53.0,37.11363636363636,0.18181818181818182,0.0,0.06818181818181818,4.0,2.0,0.0
1999-03-08,3.0,312.0,2.0,0.0,1.0,2.0,CG,104.0,0.6666666666666666,117.98671726755218,575.5269513118837,1.096774193548387,2.9288341404556415,0,1,0,0,0,4.0,11.0,-1.0,207.0,161.0,105.0,51.75,14.636363636363637,52.25,0.25,0.18181818181818182,0.41666666666666663,4.0,4.0,-2.0
1999-03-15,5.0,532.0,2.0,1.0,2.0,4.0,CG,106.4,0.4,118.35416666666667,575.0426413870069,1.1003787878787878,2.9272260943887867,1,0,0,0,1,3.0,4.0,2.0,312.0,207.0,220.0,104.0,51.75,2.4000000000000057,0.6666666666666666,0.25,-0.2666666666666666,2.0,4.0,2.0
1999-03-22,2.0,103.0,1.0,0.0,1.0,2.0,CG,51.5,0.5,119.13610586011342,574.7792695573121,1.107750472589792,2.929363561767655,0,0,0,0,0,5.0,3.0,-3.0,532.0,312.0,-429.0,106.4,104.0,-54.900000000000006,0.4,0.6666666666666666,0.09999999999999998,4.0,2.0,-2.0
1999-03-29,2.0,68.0,1.0,0.0,1.0,2.0,CG,34.0,0.5,119.10566037735849,574.2361707007461,1.109433962264151,2.9268500943568703,0,0,0,1,0,2.0,5.0,0.0,103.0,532.0,-35.0,51.5,106.4,-17.5,0.5,0.4,0.0,2.0,4.0,0.0
1999-04-05,2.0,242.0,2.0,0.0,0.0,1.0,CG,121.0,1.0,119.00941619585687,573.698469471056,1.1111111111111112,2.9243429981193882,0,0,0,0,1,2.0,2.0,0.0,68.0,103.0,174.0,34.0,51.5,87.0,0.5,0.5,0.5,2.0,2.0,-1.0
1999-04-12,1.0,14.0,1.0,0.0,0.0,1.0,CG,14.0,1.0,119.2406015037594,573.1828129885574,1.112781954887218,2.9218422466528473,0,0,1,1,0,2.0,2.0,-1.0,242.0,68.0,-228.0,121.0,34.0,-107.0,1.0,0.5,0.0,1.0,2.0,0.0
1999-04-19,2.0,75.0,0.0,1.0,1.0,2.0,CG,37.5,0.0,119.04315196998124,572.6619973177908,1.1125703564727956,2.9190989502928484,0,1,0,0,0,1.0,2.0,1.0,14.0,242.0,61.0,14.0,121.0,23.5,1.0,1.0,-1.0,1.0,1.0,1.0
1999-04-26,5.0,380.0,4.0,0.0,1.0,2.0,CG,76.0,0.8,118.96067415730337,572.1277133663393,1.1142322097378277,2.9166121326753456,1,0,1,0,0,2.0,1.0,3.0,75.0,14.0,305.0,37.5,14.0,38.5,0.0,1.0,0.8,2.0,1.0,0.0
1999-05-03,3.0,255.0,0.0,0.0,3.0,1.0,CG,85.0,0.0,119.44859813084112,571.7031659815691,1.1214953271028036,2.918718744265057,0,1,0,1,1,5.0,2.0,-2.0,380.0,75.0,-125.0,76.0,37.5,9.0,0.8,0.0,-0.8,2.0,2.0,-1.0
1999-05-10,10.0,85.0,2.0,1.0,7.0,4.0,CG,8.5,0.2,119.70149253731343,571.1986220807322,1.125,2.91711834508858,1,0,0,0,0,3.0,5.0,7.0,255.0,380.0,-170.0,85.0,76.0,-76.5,0.0,0.8,0.2,1.0,2.0,3.0
1999-05-17,1.0,9.0,1.0,0.0,0.0,1.0,CG,9.0,1.0,119.63687150837988,570.6675035501012,1.1415270018621975,2.9394524149466945,0,0,1,0,0,10.0,3.0,-9.0,85.0,255.0,-76.0,8.5,85.0,0.5,0.2,0.0,0.8,4.0,1.0,-3.0
1999-05-24,1.0,4.0,0.0,1.0,0.0,1.0,CG,4.0,0.0,119.43122676579925,570.1558608746734,1.141263940520446,2.936720558033822,0,1,0,0,0,1.0,10.0,0.0,9.0,85.0,-5.0,9.0,8.5,-5.0,1.0,0.2,-1.0,1.0,4.0,0.0
1999-05-31,22.0,271.0,2.0,3.0,17.0,8.0,CG,12.318181818181818,0.09090909090909091,119.21706864564007,569.6474283015534,1.1410018552875696,2.933996303747752,1,0,0,1,0,1.0,1.0,21.0,4.0,9.0,267.0,4.0,9.0,8.318181818181818,0.0,1.0,0.09090909090909091,1.0,1.0,7.0
1999-06-07,4.0,125.0,3.0,0.0,1.0,2.0,CG,31.25,0.75,119.49814814814815,569.1562335408289,1.1796296296296296,3.065632079702332,0,0,0,0,1,22.0,1.0,-18.0,271.0,4.0,-146.0,12.318181818181818,4.0,18.93181818181818,0.09090909090909091,0.0,0.6590909090909091,8.0,1.0,-6.0
1999-06-14,4.0,243.0,1.0,2.0,1.0,3.0,CG,60.75,0.25,119.5083179297597,568.6290420218475,1.1848428835489833,3.0651915871621216,0,0,1,0,0,4.0,22.0,0.0,125.0,271.0,118.0,31.25,12.318181818181818,29.5,0.75,0.09090909090909091,-0.5,2.0,8.0,1.0
1999-06-21,0.0,0.0,0.0,0.0,0.0,0.0,CG,0.0,0.0,119.73616236162361,568.1280271336913,1.1900369003690037,3.064743824878252,0,1,0,0,0,4.0,4.0,-4.0,243.0,125.0,-243.0,60.75,31.25,-60.75,0.25,0.75,-0.25,3.0,2.0,-3.0
1999-06-28,5.0,179.0,0.0,1.0,4.0,3.0,CG,35.8,0.0,119.51565377532228,567.6269395180997,1.1878453038674033,3.0623411259356637,1,0,0,0,0,0.0,4.0,5.0,0.0,243.0,179.0,0.0,60.75,35.8,0.0,0.25,0.0,0.0,3.0,3.0
1999-07-05,3.0,260.0,2.0,1.0,0.0,2.0,CG,86.66666666666667,0.6666666666666666,119.625,567.1097566247048,1.1948529411764706,3.063882630570888,0,0,0,1,0,5.0,0.0,-2.0,179.0,0.0,81.0,35.8,0.0,50.866666666666674,0.0,0.0,0.6666666666666666,3.0,0.0,-1.0
1999-07-12,1.0,32.0,0.0,0.0,1.0,1.0,CG,32.0,0.0,119.88256880733945,566.620182342199,1.198165137614679,3.0620417319605022,0,0,0,0,0,3.0,5.0,-2.0,260.0,179.0,-228.0,86.66666666666667,35.8,-54.66666666666667,0.6666666666666666,0.0,-0.6666666666666666,2.0,3.0,-1.0
1999-07-19,1.0,11.0,0.0,0.0,1.0,1.0,CG,11.0,0.0,119.72161172161172,566.1126021570861,1.1978021978021978,3.0592429844434914,0,0,1,0,1,1.0,3.0,0.0,32.0,260.0,-21.0,32.0,86.66666666666667,-21.0,0.0,0.6666666666666666,0.0,1.0,2.0,0.0
1999-07-26,4.0,106.0,2.0,1.0,1.0,3.0,CG,26.5,0.5,119.52285191956125,565.6130494689639,1.1974405850091407,3.056451897102623,0,1,0,0,0,1.0,1.0,3.0,11.0,32.0,95.0,11.0,32.0,15.5,0.0,0.0,0.5,1.0,1.0,2.0
1999-08-02,4.0,1063.0,3.0,0.0,1.0,2.0,CG,265.75,0.75,119.49817518248175,565.0960944606909,1.2025547445255473,3.0560027013582154,1,0,0,0,1,4.0,1.0,0.0,106.0,11.0,957.0,26.5,11.0,239.25,0.5,0.0,0.25,3.0,1.0,-1.0
1999-08-09,2.0,64.0,0.0,1.0,1.0,2.0,CG,32.0,0.0,121.2167577413479,566.0144487687713,1.2076502732240437,3.055546550812689,0,0,0,0,0,4.0,4.0,-2.0,1063.0,106.0,-999.0,265.75,26.5,-233.75,0.75,0.5,-0.75,2.0,3.0,0.0
1999-08-16,0.0,0.0,0.0,0.0,0.0,0.0,CG,0.0,0.0,121.11272727272727,565.5039807965439,1.209090909090909,3.0529494071790912,0,0,0,1,0,2.0,4.0,-2.0,64.0,1063.0,-64.0,32.0,265.75,-32.0,0.0,0.75,0.0,2.0,2.0,-2.0
1999-08-23,0.0,0.0,0.0,0.0,0.0,0.0,CG,0.0,0.0,120.8929219600726,565.0132109193968,1.206896551724138,3.0506076274328895,0,0,0,0,0,0.0,2.0,0.0,0.0,64.0,0.0,0.0,32.0,0.0,0.0,0.0,0.0,0.0,2.0,0.0
1999-08-30,4.0,30.0,0.0,0.0,4.0,3.0,CG,7.5,0.0,120.67391304347827,564.5237128154494,1.2047101449275361,3.04827098462167,0,0,1,1,0,0.0,0.0,4.0,0.0,0.0,30.0,0.0,0.0,7.5,0.0,0.0,0.0,0.0,0.0,3.0
1999-09-06,2.0,9.0,2.0,0.0,0.0,1.0,CG,4.5,1.0,120.50994575045208,564.0253170956212,1.209764918625678,3.0478274721035468,0,1,0,0,1,4.0,0.0,-2.0,30.0,0.0,-21.0,7.5,0.0,-3.0,0.0,0.0,1.0,3.0,0.0,-2.0
1999-09-13,5.0,680.0,0.0,5.0,0.0,2.0,CG,136.0,0.0,120.3086642599278,563.5350324193295,1.211191335740072,3.0452555853262893,1,0,1,0,1,2.0,4.0,3.0,9.0,30.0,671.0,4.5,7.5,131.5,1.0,0.0,-1.0,1.0,3.0,1.0
1999-09-20,1.0,25.0,0.0,0.0,1.0,1.0,CG,25.0,0.0,121.31711711711712,563.5272139975689,1.218018018018018,3.0467535601017115,0,1,0,0,0,5.0,2.0,-4.0,680.0,9.0,-655.0,136.0,4.5,-111.0,0.0,1.0,0.0,2.0,1.0,-1.0
1999-09-27,5.0,18.0,1.0,0.0,4.0,5.0,CG,3.6,0.2,121.14388489208633,563.0341203704061,1.2176258992805755,3.0440215416916767,1,0,0,0,1,1.0,5.0,4.0,25.0,680.0,-7.0,25.0,136.0,-21.4,0.0,0.0,0.2,1.0,2.0,4.0
1999-10-04,0.0,0.0,0.0,0.0,0.0,0.0,CG,0.0,0.0,120.95870736086177,562.5445434805719,1.2244165170556554,3.0455026210283784,0,0,0,1,0,5.0,1.0,-5.0,18.0,25.0,-18.0,3.6,25.0,-3.6,0.2,0.0,-0.2,5.0,1.0,-5.0
1999-10-11,1.0,12.0,0.0,0.0,1.0,1.0,CG,12.0,0.0,120.74193548387096,562.062665160037,1.2222222222222223,3.043209011089862,0,0,0,1,0,0.0,5.0,1.0,0.0,18.0,12.0,0.0,3.6,12.0,0.0,0.2,0.0,0.0,5.0,1.0
1999-10-18,1.0,50.0,0.0,0.0,1.0,1.0,CG,50.0,0.0,120.5474060822898,561.5776332447922,1.221824686940966,3.040495425939673,0,0,1,0,0,1.0,0.0,0.0,12.0,0.0,38.0,12.0,0.0,38.0,0.0,0.0,0.0,1.0,0.0,0.0
1999-10-25,1.0,61.0,0.0,0.0,1.0,1.0,CG,61.0,0.0,120.42142857142858,561.0830227293403,1.2214285714285715,3.0377890866778885,0,1,1,1,0,1.0,1.0,0.0,50.0,12.0,11.0,50.0,12.0,11.0,0.0,0.0,0.0,1.0,1.0,0.0
1999-11-01,5.0,20.0,1.0,0.0,4.0,4.0,CG,4.0,0.2,120.31550802139037,560.5874456367181,1.2210338680926915,3.035089961115682,1,1,0,0,1,1.0,1.0,4.0,61.0,50.0,-41.0,61.0,50.0,-57.0,0.0,0.0,0.2,1.0,1.0,3.0
1999-11-08,5.0,190.0,1.0,1.0,3.0,5.0,CG,38.0,0.2,120.13701067615658,560.1035752989851,1.2277580071174377,3.0365706144292566,1,0,1,0,1,5.0,1.0,0.0,20.0,61.0,170.0,4.0,61.0,34.0,0.2,0.0,0.0,4.0,1.0,1.0
1999-11-15,1.0,34.0,1.0,0.0,0.0,1.0,CG,34.0,1.0,120.26110124333925,559.6127865325653,1.2344582593250444,3.0380304509569105,0,1,0,0,0,5.0,5.0,-4.0,190.0,20.0,-156.0,38.0,4.0,-4.0,0.2,0.2,0.8,5.0,4.0,-4.0
1999-11-22,6.0,49.0,0.0,2.0,4.0,3.0,CG,8.166666666666666,0.0,120.1081560283688,559.127372001799,1.2340425531914894,3.0353472337521965,1,0,0,0,0,1.0,5.0,5.0,34.0,190.0,15.0,34.0,38.0,-25.833333333333336,1.0,0.2,-1.0,1.0,5.0,2.0
1999-11-29,4.0,322.0,2.0,1.0,1.0,3.0,CG,80.5,0.5,119.98230088495575,558.6394817842468,1.2424778761061948,3.0392761511587874,0,0,0,1,0,6.0,1.0,-2.0,49.0,34.0,273.0,8.166666666666666,34.0,72.33333333333333,0.0,1.0,0.5,3.0,1.0,0.0
1999-12-06,0.0,0.0,0.0,0.0,0.0,0.0,CG,0.0,0.0,120.33922261484099,558.2094808827231,1.2473498233215548,3.0387966367512886,0,0,0,1,1,4.0,6.0,-4.0,322.0,49.0,-322.0,80.5,8.166666666666666,-80.5,0.5,0.0,-0.5,3.0,3.0,-3.0
1999-12-13,2.0,47.0,1.0,0.0,1.0,2.0,CG,23.5,0.5,120.12698412698413,557.7390419992284,1.2451499118165785,3.036562870680064,0,0,1,0,0,0.0,4.0,2.0,0.0,322.0,47.0,0.0,80.5,23.5,0.0,0.5,0.5,0.0,3.0,2.0
1999-12-20,0.0,0.0,0.0,0.0,0.0,0.0,CG,0.0,0.0,119.99823943661971,557.2554390362819,1.2464788732394365,3.034049266563387,0,1,1,0,0,2.0,0.0,-2.0,47.0,0.0,-47.0,23.5,0.0,-23.5,0.5,0.0,-0.5,2.0,0.0,-2.0
1999-12-27,7.0,407.0,2.0,3.0,2.0,6.0,CG,58.142857142857146,0.2857142857142857,119.78734622144113,556.7874073851694,1.2442882249560632,3.031827627331498,1,1,0,0,1,0.0,2.0,7.0,0.0,47.0,407.0,0.0,23.5,58.142857142857146,0.0,0.5,0.2857142857142857,0.0,2.0,6.0
2000-01-03,7.0,788.0,3.0,2.0,2.0,4.0,CG,112.57142857142857,0.42857142857142855,120.29122807017544,556.4279839556001,1.2543859649122806,3.038740499392762,1,0,0,1,0,7.0,0.0,0.0,407.0,0.0,381.0,58.142857142857146,0.0,54.42857142857142,0.2857142857142857,0.0,0.14285714285714285,6.0,0.0,-2.0
2000-01-10,0.0,0.0,0.0,0.0,0.0,0.0,CG,0.0,0.0,121.46059544658493,556.6414636537529,1.2644483362521892,3.0455801455885823,0,0,0,0,0,7.0,7.0,-7.0,788.0,407.0,-788.0,112.57142857142857,58.142857142857146,-112.57142857142857,0.42857142857142855,0.2857142857142857,-0.42857142857142855,4.0,6.0,-4.0
2000-01-17,2.0,22.0,2.0,0.0,0.0,1.0,CG,11.0,1.0,121.24825174825175,556.1770100060637,1.2622377622377623,3.0433713492259793,0,0,1,0,0,0.0,7.0,2.0,0.0,788.0,22.0,0.0,112.57142857142857,11.0,0.0,0.42857142857142855,1.0,0.0,4.0,1.0
2000-01-24,2.0,23.0,2.0,0.0,0.0,2.0,CG,11.5,1.0,121.07504363001745,555.7060961854111,1.263525305410122,3.0408660890400787,0,1,0,1,1,2.0,0.0,0.0,22.0,0.0,1.0,11.0,0.0,0.5,1.0,0.0,0.0,1.0,0.0,1.0
2000-01-31,7.0,85.0,5.0,0.0,2.0,2.0,CG,12.142857142857142,0.7142857142857143,120.90418118466899,555.2360655918983,1.264808362369338,3.0383669746198354,1,0,0,0,0,2.0,2.0,5.0,23.0,22.0,62.0,11.5,11.0,0.6428571428571423,1.0,1.0,-0.2857142857142857,2.0,1.0,0.0
2000-02-07,0.0,0.0,0.0,0.0,0.0,0.0,CG,0.0,0.0,120.84173913043479,554.7542203036453,1.2747826086956522,3.0451264392559962,0,0,1,0,0,7.0,2.0,-7.0,85.0,23.0,-85.0,12.142857142857142,11.5,-12.142857142857142,0.7142857142857143,1.0,-0.7142857142857143,2.0,2.0,-2.0
2000-02-14,2.0,6.0,0.0,0.0,2.0,2.0,CG,3.0,0.0,120.63194444444444,554.2944845511859,1.2725694444444444,3.042940967928809,0,1,0,0,0,0.0,7.0,2.0,0.0,85.0,6.0,0.0,12.142857142857142,3.0,0.0,0.7142857142857143,0.0,0.0,2.0,2.0
2000-02-21,5.0,51.0,2.0,0.0,3.0,3.0,CG,10.2,0.4,120.43327556325823,553.8336776523488,1.2738301559792027,3.040449195658547,1,0,0,1,0,2.0,0.0,3.0,6.0,0.0,45.0,3.0,0.0,7.199999999999999,0.0,0.0,0.4,2.0,0.0,1.0
2000-02-28,3.0,12.0,1.0,0.0,2.0,3.0,CG,4.0,0.3333333333333333,120.31314878892734,553.3610808715622,1.2802768166089966,3.041764503111729,0,0,0,0,0,5.0,2.0,-2.0,51.0,6.0,-39.0,10.2,3.0,-6.199999999999999,0.4,0.0,-0.06666666666666671,3.0,2.0,0.0
2000-03-06,1.0,200.0,1.0,0.0,0.0,1.0,CG,200.0,1.0,120.12607944732297,552.900511327266,1.2832469775474957,3.039972311293218,0,0,1,0,0,3.0,5.0,-2.0,12.0,51.0,188.0,4.0,10.2,196.0,0.3333333333333333,0.4,0.6666666666666667,3.0,3.0,-2.0
2000-03-13,0.0,0.0,0.0,0.0,0.0,0.0,CG,0.0,0.0,120.26379310344828,552.4327992168162,1.282758620689655,3.037368755548039,0,1,0,0,0,1.0,3.0,-1.0,200.0,12.0,-200.0,200.0,4.0,-200.0,1.0,0.3333333333333333,-1.0,1.0,3.0,-1.0
2000-03-20,6.0,69.0,4.0,0.0,2.0,2.0,CG,11.5,0.6666666666666666,120.05679862306368,551.9789087762969,1.2805507745266782,3.035215786157253,1,0,0,0,0,0.0,1.0,6.0,0.0,200.0,69.0,0.0,200.0,11.5,0.0,1.0,0.6666666666666666,0.0,1.0,2.0
2000-03-27,4.0,127.0,2.0,2.0,0.0,3.0,CG,31.75,0.5,119.96907216494846,551.5077400525437,1.288659793814433,3.03890582793355,0,0,0,0,0,6.0,0.0,-2.0,69.0,0.0,58.0,11.5,0.0,20.25,0.6666666666666666,0.0,-0.16666666666666663,2.0,0.0,1.0
2000-04-03,1.0,100.0,1.0,0.0,0.0,1.0,CG,100.0,1.0,119.98113207547169,551.0338093924561,1.2933104631217838,3.0383697221364434,0,0,0,0,0,4.0,6.0,-3.0,127.0,69.0,-27.0,31.75,11.5,68.25,0.5,0.6666666666666666,0.5,3.0,2.0,-2.0
2000-04-10,1.0,9.0,1.0,0.0,0.0,1.0,CG,9.0,1.0,119.94691780821918,550.5616426812315,1.292808219178082,3.0357870607273894,0,0,0,0,0,1.0,4.0,0.0,100.0,127.0,-91.0,100.0,31.75,-91.0,1.0,0.5,0.0,1.0,3.0,0.0
2000-04-17,2.0,21.0,0.0,1.0,1.0,2.0,CG,10.5,0.0,119.75726495726495,550.1091945335172,1.2923076923076924,3.033210973419574,0,0,0,0,0,1.0,1.0,1.0,9.0,100.0,12.0,9.0,100.0,1.5,1.0,1.0,-1.0,1.0,1.0,1.0
2000-04-24,1.0,10.0,0.0,1.0,0.0,1.0,CG,10.0,0.0,119.58873720136519,549.6539546751453,1.2935153583617747,3.0307583768885236,0,0,0,0,0,2.0,1.0,-1.0,21.0,9.0,-11.0,10.5,9.0,-0.5,0.0,1.0,0.0,2.0,1.0,-1.0
2000-05-01,2.0,18.0,0.0,0.0,2.0,2.0,CG,9.0,0.0,119.40204429301534,549.2033931930774,1.293015332197615,3.028195534639442,0,0,0,0,0,1.0,2.0,1.0,10.0,21.0,8.0,10.0,10.5,-1.0,0.0,0.0,0.0,1.0,2.0,1.0
2000-05-08,2.0,68.0,0.0,1.0,1.0,2.0,CG,34.0,0.0,119.2295918367347,548.7513222191924,1.2942176870748299,3.025755523974484,0,0,0,0,0,2.0,1.0,0.0,18.0,10.0,50.0,9.0,10.0,25.0,0.0,0.0,0.0,2.0,1.0,0.0
2000-05-15,2.0,12.0,0.0,1.0,1.0,2.0,CG,6.0,0.0,119.14261460101868,548.2885617751153,1.295415959252971,3.0233213769151663,0,0,0,0,0,2.0,2.0,0.0,68.0,18.0,-56.0,34.0,9.0,-28.0,0.0,0.0,0.0,2.0,2.0,0.0
2000-05-22,0.0,0.0,0.0,0.0,0.0,0.0,CG,0.0,0.0,118.96101694915254,547.8406818950212,1.2966101694915255,3.0208930701288934,0,0,0,0,0,2.0,2.0,-2.0,12.0,68.0,-12.0,6.0,34.0,-6.0,0.0,0.0,0.0,2.0,2.0,-2.0
2000-05-29,1.0,2.0,0.0,0.0,1.0,1.0,CG,2.0,0.0,118.75972927241963,547.3980856799085,1.2944162436548223,3.0188031003447295,0,0,0,0,0,0.0,2.0,1.0,0.0,12.0,2.0,0.0,6.0,2.0,0.0,0.0,0.0,0.0,2.0,1.0
2000-06-05,0.0,0.0,0.0,0.0,0.0,0.0,CG,0.0,0.0,118.5625,546.9558297287642,1.2939189189189189,3.016272311990647,0,0,0,0,0,1.0,0.0,-1.0,2.0,0.0,-2.0,2.0,0.0,-2.0,0.0,0.0,0.0,1.0,0.0,-1.0
2000-06-12,4.0,13.0,2.0,0.0,2.0,3.0,CG,3.25,0.5,118.36256323777403,546.5153663811441,1.2917369308600337,3.0141920814126464,0,0,0,0,0,0.0,1.0,4.0,0.0,2.0,13.0,0.0,2.0,3.25,0.0,0.0,0.5,0.0,1.0,3.0
2000-06-19,0.0,0.0,0.0,0.0,0.0,0.0,CG,0.0,0.0,118.18518518518519,546.0714789143383,1.2962962962962963,3.0136988673649165,0,0,0,0,0,4.0,0.0,-4.0,13.0,0.0,-13.0,3.25,0.0,-3.25,0.5,0.0,-0.5,3.0,0.0,-3.0
2000-06-26,2.0,31.0,1.0,0.0,1.0,2.0,CG,15.5,0.5,117.98655462184874,545.6331414709364,1.2941176470588236,3.0116299298919045,0,0,0,0,0,0.0,4.0,2.0,0.0,13.0,31.0,0.0,3.25,15.5,0.0,0.5,0.5,0.0,3.0,2.0
2000-07-03,1.0,42.0,0.0,0.0,1.0,1.0,CG,42.0,0.0,117.84060402684564,545.1860770267674,1.2953020134228188,3.009236996913433,0,0,0,0,0,2.0,0.0,-1.0,31.0,0.0,11.0,15.5,0.0,26.5,0.5,0.0,-0.5,2.0,0.0,-1.0
2000-07-10,3.0,39.0,0.0,0.0,3.0,2.0,CG,13.0,0.0,117.71356783919597,544.7373574708547,1.2948073701842546,3.006735699814035,0,0,0,0,0,1.0,2.0,2.0,42.0,31.0,-3.0,42.0,15.5,-29.0,0.0,0.5,0.0,1.0,2.0,1.0
2000-07-17,1.0,12.0,0.0,0.0,1.0,1.0,CG,12.0,0.0,117.58193979933111,544.2904552164974,1.2976588628762542,3.005025584666886,0,0,0,0,0,3.0,1.0,-2.0,39.0,42.0,-27.0,13.0,42.0,-1.0,0.0,0.0,0.0,2.0,1.0,-1.0
2000-07-24,0.0,0.0,0.0,0.0,0.0,0.0,CG,0.0,0.0,117.40567612687813,543.8522823812914,1.2971619365609348,3.0025366018816584,0,0,0,0,0,1.0,3.0,-1.0,12.0,39.0,-12.0,12.0,13.0,-12.0,0.0,0.0,0.0,1.0,2.0,-1.0
2000-07-31,2.0,12.0,2.0,0.0,0.0,2.0,CG,6.0,1.0,117.21,543.4192642222761,1.295,3.0004966199966,0,0,0,0,0,0.0,1.0,2.0,0.0,12.0,12.0,0.0,12.0,6.0,0.0,0.0,1.0,0.0,1.0,2.0
2000-08-07,2.0,25.0,1.0,0.0,1.0,2.0,CG,12.5,0.5,117.03494176372712,542.9831861519333,1.2961730449251248,2.9981330852169013,0,0,0,0,0,2.0,0.0,0.0,12.0,0.0,13.0,6.0,0.0,6.5,1.0,0.0,-0.5,2.0,0.0,0.0
2000-08-14,1.0,34.0,0.0,0.0,1.0,1.0,CG,34.0,0.0,116.88205980066445,542.5442322709357,1.2973421926910298,2.995775102552269,0,0,0,0,0,2.0,2.0,-1.0,25.0,12.0,9.0,12.5,6.0,21.5,0.5,1.0,-0.5,2.0,2.0,-1.0
2000-08-21,1.0,9.0,0.0,0.0,1.0,1.0,CG,9.0,0.0,116.74461028192371,542.1039342520344,1.296849087893864,2.9933103746157683,0,0,0,0,0,1.0,2.0,0.0,34.0,25.0,-25.0,34.0,12.5,-25.0,0.0,0.5,0.0,1.0,2.0,0.0
2000-08-28,2.0,111.0,1.0,1.0,0.0,2.0,CG,55.5,0.5,116.56622516556291,541.6719836723249,1.2963576158940397,2.990851719474825,0,0,0,0,0,1.0,1.0,1.0,9.0,34.0,102.0,9.0,34.0,46.5,0.0,0.0,0.5,1.0,1.0,1.0
2000-09-04,3.0,61.0,0.0,1.0,2.0,3.0,CG,20.333333333333332,0.0,116.55702479338844,541.2234412715899,1.2975206611570247,2.988511745329617,0,0,0,0,1,2.0,1.0,1.0,111.0,9.0,-50.0,55.5,9.0,-35.16666666666667,0.5,0.0,-0.5,2.0,1.0,1.0
2000-09-11,4.0,55.0,0.0,1.0,3.0,3.0,CG,13.75,0.0,116.46534653465346,540.7806734838824,1.3003300330033003,2.9868416481953055,0,0,0,0,0,3.0,2.0,1.0,61.0,111.0,-6.0,20.333333333333332,55.5,-6.583333333333332,0.0,0.5,0.0,3.0,2.0,0.0
2000-09-18,1.0,1.0,0.0,0.0,1.0,1.0,CG,1.0,0.0,116.36408566721582,540.3400599846397,1.3047775947281712,2.9863871969418554,0,0,0,0,0,4.0,3.0,-3.0,55.0,61.0,-54.0,13.75,20.333333333333332,-12.75,0.0,0.0,0.0,3.0,3.0,-2.0
2000-09-25,3.0,9.0,0.0,1.0,2.0,3.0,CG,3.0,0.0,116.17434210526316,539.9150575692545,1.3042763157894737,2.98395182659254,0,0,0,0,0,1.0,4.0,2.0,1.0,55.0,8.0,1.0,13.75,2.0,0.0,0.0,0.0,1.0,3.0,2.0
2000-10-02,0.0,0.0,0.0,0.0,0.0,0.0,CG,0.0,0.0,115.99835796387521,539.4883464766792,1.3070607553366174,2.9822886276270735,0,0,0,1,0,3.0,1.0,-3.0,9.0,1.0,-9.0,3.0,1.0,-3.0,0.0,0.0,0.0,3.0,1.0,-3.0
2000-10-09,2.0,38.0,1.0,0.0,1.0,2.0,CG,19.0,0.5,115.80819672131148,539.0656950484085,1.3049180327868852,2.9803090079872128,0,0,0,0,0,0.0,3.0,2.0,0.0,9.0,38.0,0.0,3.0,19.0,0.0,0.0,0.5,0.0,3.0,2.0
2000-10-16,4.0,41.0,4.0,0.0,0.0,2.0,CG,10.25,1.0,115.68085106382979,538.632854619304,1.3060556464811783,2.9779978955249202,0,0,1,0,0,2.0,0.0,2.0,38.0,0.0,3.0,19.0,0.0,-8.75,0.5,0.0,0.5,2.0,0.0,0.0
2000-10-23,1.0,75.0,0.0,1.0,0.0,1.0,CG,75.0,0.0,115.55882352941177,538.2003607257774,1.3104575163398693,2.9775518761142683,0,1,0,0,0,4.0,2.0,-3.0,41.0,38.0,34.0,10.25,19.0,64.75,1.0,0.5,-1.0,2.0,2.0,-1.0
2000-10-30,7.0,91.0,1.0,4.0,2.0,4.0,CG,13.0,0.14285714285714285,115.4926590538336,537.7629698969871,1.3099510603588906,2.9751446657120266,1,0,0,0,0,1.0,4.0,6.0,75.0,41.0,16.0,75.0,10.25,-62.0,0.0,1.0,0.14285714285714285,1.0,2.0,3.0
2000-11-06,2.0,112.0,1.0,1.0,0.0,2.0,CG,56.0,0.5,115.45276872964169,537.3250679035382,1.3192182410423452,2.981572886182903,0,0,0,0,1,7.0,1.0,-5.0,91.0,75.0,21.0,13.0,75.0,43.0,0.14285714285714285,0.0,0.35714285714285715,4.0,1.0,-2.0
2000-11-13,3.0,31.0,1.0,1.0,1.0,3.0,CG,10.333333333333334,0.3333333333333333,115.44715447154472,536.8873465209139,1.3203252032520325,2.9792703823813054,0,0,0,0,0,2.0,7.0,1.0,112.0,91.0,-81.0,56.0,13.0,-45.666666666666664,0.5,0.14285714285714285,-0.16666666666666669,2.0,4.0,1.0
2000-11-20,1.0,1.0,1.0,0.0,0.0,1.0,CG,1.0,1.0,115.31006493506493,536.4614652548779,1.323051948051948,2.9776164042662634,0,0,0,0,0,3.0,2.0,-2.0,31.0,112.0,-30.0,10.333333333333334,56.0,-9.333333333333334,0.3333333333333333,0.5,0.6666666666666667,3.0,2.0,-2.0
2000-11-27,3.0,214.0,2.0,0.0,1.0,2.0,CG,71.33333333333333,0.6666666666666666,115.12479740680713,536.0456031170328,1.3225283630470017,2.9752269518785446,0,0,0,0,0,1.0,3.0,2.0,1.0,31.0,213.0,1.0,10.333333333333334,70.33333333333333,1.0,0.3333333333333333,-0.33333333333333337,1.0,3.0,1.0
2000-12-04,1.0,7.0,0.0,0.0,1.0,1.0,CG,7.0,0.0,115.28478964401295,535.6257974915403,1.325242718446602,2.9735806479191838,0,0,0,1,0,3.0,1.0,-2.0,214.0,1.0,-207.0,71.33333333333333,1.0,-64.33333333333333,0.6666666666666666,1.0,-0.6666666666666666,2.0,1.0,-1.0
2000-12-11,2.0,19.0,0.0,1.0,1.0,2.0,CG,9.5,0.0,115.10985460420032,535.2099647419136,1.3247172859450727,2.9712026226969828,0,0,0,0,0,1.0,3.0,1.0,7.0,214.0,12.0,7.0,71.33333333333333,2.5,0.0,0.6666666666666666,0.0,1.0,2.0,1.0
2000-12-18,1.0,20.0,1.0,0.0,0.0,1.0,CG,20.0,1.0,114.95483870967742,534.7914012662415,1.3258064516129033,2.9689255185490513,0,0,1,0,0,2.0,1.0,-1.0,19.0,7.0,1.0,9.5,7.0,10.5,0.0,0.0,1.0,2.0,1.0,-1.0
2000-12-25,1.0,2.0,1.0,0.0,0.0,1.0,CG,2.0,1.0,114.80193236714976,534.37352925688,1.325281803542673,2.966559067795001,0,1,0,0,0,1.0,2.0,0.0,20.0,19.0,-18.0,20.0,9.5,-18.0,1.0,0.0,0.0,1.0,2.0,0.0
2001-01-01,17.0,200.0,3.0,4.0,10.0,7.0,CG,11.764705882352942,0.17647058823529413,114.62057877813506,533.9622596936232,1.32475884244373,2.9641982657741752,1,0,0,0,0,1.0,1.0,16.0,2.0,20.0,198.0,2.0,20.0,9.764705882352942,1.0,1.0,-0.8235294117647058,1.0,1.0,6.0
2001-01-08,2.0,62.0,1.0,1.0,0.0,2.0,CG,31.0,0.5,114.75762439807383,533.5438222784082,1.3499197431781702,3.0276638495433157,0,0,0,0,0,17.0,1.0,-15.0,200.0,2.0,-138.0,11.764705882352942,2.0,19.235294117647058,0.17647058823529413,1.0,0.32352941176470584,7.0,1.0,-5.0
2001-01-15,2.0,215.0,1.0,1.0,0.0,2.0,CG,107.5,0.5,114.67307692307692,533.1196284274239,1.3509615384615385,3.0253448984434157,0,0,0,0,0,2.0,17.0,0.0,62.0,200.0,153.0,31.0,11.764705882352942,76.5,0.5,0.17647058823529413,0.0,2.0,7.0,0.0
2001-01-22,0.0,0.0,0.0,0.0,0.0,0.0,CG,0.0,0.0,114.8336,532.7073941475633,1.352,3.0230312516938938,0,0,0,0,0,2.0,2.0,-2.0,215.0,62.0,-215.0,107.5,31.0,-107.5,0.5,0.5,-0.5,2.0,2.0,-2.0
2001-01-29,3.0,105.0,0.0,2.0,1.0,3.0,CG,35.0,0.0,114.65015974440895,532.3008448386819,1.3498402555910542,3.0210951614341606,0,0,0,0,0,0.0,2.0,3.0,0.0,215.0,105.0,0.0,107.5,35.0,0.0,0.5,0.0,0.0,2.0,3.0
2001-02-05,1.0,0.0,0.0,1.0,0.0,1.0,CG,0.0,0.0,114.6347687400319,531.8756541156598,1.3524720893141946,3.0194004409455286,0,0,0,0,1,3.0,0.0,-2.0,105.0,0.0,-105.0,35.0,0.0,-35.0,0.0,0.0,0.0,3.0,0.0,-2.0
2001-02-12,0.0,0.0,0.0,0.0,0.0,0.0,CG,0.0,0.0,114.45222929936305,531.4710282364143,1.3519108280254777,3.017024450398179,0,0,0,0,0,1.0,3.0,-1.0,0.0,105.0,0.0,0.0,35.0,0.0,0.0,0.0,0.0,1.0,3.0,-1.0
2001-02-19,0.0,0.0,0.0,0.0,0.0,0.0,CG,0.0,0.0,114.27027027027027,531.0673216138171,1.3497615262321145,3.0151032939148226,0,0,0,0,0,0.0,1.0,0.0,0.0,0.0,0.0,0.0,0.0,0.0,0.0,0.0,0.0,0.0,1.0,0.0
2001-02-26,3.0,11.0,2.0,0.0,1.0,2.0,CG,3.6666666666666665,0.6666666666666666,114.08888888888889,530.6645307842497,1.3476190476190477,3.013185498749635,0,0,0,0,0,0.0,0.0,3.0,0.0,0.0,11.0,0.0,0.0,3.6666666666666665,0.0,0.0,0.6666666666666666,0.0,0.0,2.0
2001-03-05,1.0,0.0,1.0,0.0,0.0,1.0,CG,0.0,1.0,113.92551505546751,530.2590823768951,1.3502377179080824,3.0115116344375763,0,0,0,1,0,3.0,0.0,-2.0,11.0,0.0,-11.0,3.6666666666666665,0.0,-3.6666666666666665,0.6666666666666666,0.0,0.33333333333333337,2.0,0.0,-1.0
2001-03-12,0.0,0.0,0.0,0.0,0.0,0.0,CG,0.0,0.0,113.74525316455696,529.8581217057028,1.3496835443037976,3.009156637911675,0,0,0,0,0,1.0,3.0,-1.0,0.0,11.0,0.0,0.0,3.6666666666666665,0.0,1.0,0.6666666666666666,-1.0,1.0,2.0,-1.0
2001-03-19,0.0,0.0,0.0,0.0,0.0,0.0,CG,0.0,0.0,113.565560821485,529.4580665093443,1.3475513428120063,3.007253547616837,0,0,1,0,0,0.0,1.0,0.0,0.0,0.0,0.0,0.0,0.0,0.0,0.0,1.0,0.0,0.0,1.0,0.0
2001-03-26,0.0,0.0,0.0,0.0,0.0,0.0,CG,0.0,0.0,113.38643533123029,529.0589133963675,1.3454258675078865,3.0053537628956937,0,1,0,0,0,0.0,0.0,0.0,0.0,0.0,0.0,0.0,0.0,0.0,0.0,0.0,0.0,0.0,0.0,0.0
2001-04-02,6.0,7.0,0.0,0.0,6.0,2.0,CG,1.1666666666666667,0.0,113.20787401574803,528.6606589930105,1.3433070866141732,3.0034572757809985,1,0,0,0,0,0.0,0.0,6.0,0.0,0.0,7.0,0.0,0.0,1.1666666666666667,0.0,0.0,0.0,0.0,0.0,2.0
2001-04-09,0.0,0.0,0.0,0.0,0.0,0.0,CG,0.0,0.0,113.04088050314465,528.2610141904797,1.35062893081761,3.0067665810824837,0,0,0,0,0,6.0,0.0,-6.0,7.0,0.0,-7.0,1.1666666666666667,0.0,-1.1666666666666667,0.0,0.0,0.0,2.0,0.0,-2.0
2001-04-16,0.0,0.0,0.0,0.0,0.0,0.0,CG,0.0,0.0,112.86342229199371,527.8645527350567,1.34850863422292,3.0048783928769556,0,0,0,0,0,0.0,6.0,0.0,0.0,7.0,0.0,0.0,1.1666666666666667,0.0,0.0,0.0,0.0,0.0,2.0,0.0
2001-04-23,4.0,22.0,1.0,2.0,1.0,4.0,CG,5.5,0.25,112.68652037617555,527.4689799506368,1.3463949843260188,3.0029934590361753,0,0,0,0,0,0.0,0.0,4.0,0.0,0.0,22.0,0.0,0.0,5.5,0.0,0.0,0.25,0.0,0.0,4.0
2001-04-30,1.0,7.0,0.0,0.0,1.0,1.0,CG,7.0,0.0,112.54460093896714,527.0676502695043,1.350547730829421,3.0024747651220465,0,0,0,0,0,4.0,0.0,-3.0,22.0,0.0,-15.0,5.5,0.0,1.5,0.25,0.0,-0.25,4.0,0.0,-3.0
2001-05-07,0.0,0.0,0.0,0.0,0.0,0.0,CG,0.0,0.0,112.3796875,526.671597314439,1.35,3.0001564904411495,0,0,0,0,0,1.0,4.0,-1.0,7.0,22.0,-7.0,7.0,5.5,-7.0,0.0,0.25,0.0,1.0,4.0,-1.0
2001-05-14,1.0,15.0,1.0,0.0,0.0,1.0,CG,15.0,1.0,112.204368174727,526.278693142606,1.3478939157566303,2.998285879253103,0,0,0,0,0,0.0,1.0,1.0,0.0,7.0,15.0,0.0,7.0,15.0,0.0,0.0,1.0,0.0,1.0,1.0
2001-05-21,1.0,2.0,0.0,1.0,0.0,1.0,CG,2.0,0.0,112.05295950155764,525.882012533869,1.3473520249221185,2.9959776722897336,0,0,0,0,0,1.0,0.0,0.0,15.0,0.0,-13.0,15.0,0.0,-13.0,1.0,0.0,-1.0,1.0,0.0,0.0
2001-05-28,0.0,0.0,0.0,0.0,0.0,0.0,CG,0.0,0.0,111.88180404354588,525.4902102664112,1.3468118195956453,2.9936747868348172,0,0,0,0,0,1.0,1.0,-1.0,2.0,15.0,-2.0,2.0,15.0,-2.0,0.0,1.0,0.0,1.0,1.0,-1.0
2001-06-04,3.0,54.0,1.0,2.0,0.0,3.0,CG,18.0,0.3333333333333333,111.7080745341615,525.0999358605616,1.34472049689441,2.9918167420262383,0,0,0,0,0,0.0,1.0,3.0,0.0,2.0,54.0,0.0,2.0,18.0,0.0,0.0,0.3333333333333333,0.0,1.0,3.0
2001-06-11,0.0,0.0,0.0,0.0,0.0,0.0,CG,0.0,0.0,111.61860465116278,524.6970113223408,1.3472868217054264,2.9902034019439,0,0,0,0,0,3.0,0.0,-3.0,54.0,0.0,-54.0,18.0,0.0,-18.0,0.3333333333333333,0.0,-0.3333333333333333,3.0,0.0,-3.0
2001-06-18,4.0,147.0,0.0,1.0,3.0,2.0,CG,36.75,0.0,111.44582043343654,524.3085037814502,1.3452012383900929,2.988354690777174,0,0,0,0,0,0.0,3.0,4.0,0.0,54.0,147.0,0.0,18.0,36.75,0.0,0.3333333333333333,0.0,0.0,3.0,2.0
2001-06-25,1.0,4.0,0.0,0.0,1.0,1.0,CG,4.0,0.0,111.50077279752705,523.904399719874,1.3493044822256568,2.987864305291903,0,0,0,0,0,4.0,0.0,-3.0,147.0,0.0,-143.0,36.75,0.0,-32.75,0.0,0.0,0.0,2.0,0.0,-1.0
2001-07-02,0.0,0.0,0.0,0.0,0.0,0.0,CG,0.0,0.0,111.33487654320987,523.5164042811391,1.3487654320987654,2.9855859320352414,0,0,0,0,0,1.0,4.0,-1.0,4.0,147.0,-4.0,4.0,36.75,-4.0,0.0,0.0,0.0,1.0,2.0,-1.0
2001-07-09,2.0,3.0,0.0,1.0,1.0,2.0,CG,1.5,0.0,111.1633281972265,523.130555617816,1.3466872110939907,2.983751102940068,0,0,0,0,0,0.0,1.0,2.0,0.0,4.0,3.0,0.0,4.0,1.5,0.0,0.0,0.0,0.0,1.0,2.0
2001-07-16,0.0,0.0,0.0,0.0,0.0,0.0,CG,0.0,0.0,110.99692307692308,522.7445881679992,1.3476923076923077,2.9815616063434742,0,0,0,0,0,2.0,0.0,-2.0,3.0,0.0,-3.0,1.5,0.0,-1.5,0.0,0.0,0.0,2.0,0.0,-2.0
2001-07-23,1.0,7.0,1.0,0.0,0.0,1.0,CG,7.0,1.0,110.82642089093702,522.3604375783225,1.3456221198156681,2.9797354097925375,0,0,0,0,0,0.0,2.0,1.0,0.0,3.0,7.0,0.0,1.5,7.0,0.0,0.0,1.0,0.0,2.0,1.0
2001-07-30,1.0,3.0,1.0,0.0,0.0,1.0,CG,3.0,1.0,110.66717791411043,521.9749227069063,1.3450920245398772,2.9774767135687443,0,0,0,0,0,1.0,0.0,0.0,7.0,0.0,-4.0,7.0,0.0,-4.0,1.0,0.0,0.0,1.0,0.0,0.0
2001-08-06,0.0,0.0,0.0,0.0,0.0,0.0,CG,0.0,0.0,110.50229709035222,521.5914992558279,1.3445635528330782,2.9752231448541306,0,0,0,0,0,1.0,1.0,-1.0,3.0,7.0,-3.0,3.0,7.0,-3.0,1.0,1.0,-1.0,1.0,1.0,-1.0
2001-08-13,0.0,0.0,0.0,0.0,0.0,0.0,CG,0.0,0.0,110.33333333333333,521.2098767093514,1.342507645259939,2.973409026108209,0,0,0,0,0,0.0,1.0,0.0,0.0,3.0,0.0,0.0,3.0,0.0,0.0,1.0,0.0,0.0,1.0,0.0
2001-08-20,0.0,0.0,0.0,0.0,0.0,0.0,CG,0.0,0.0,110.1648854961832,520.829088216143,1.3404580152671757,2.9715979346664816,0,0,0,0,0,0.0,0.0,0.0,0.0,0.0,0.0,0.0,0.0,0.0,0.0,0.0,0.0,0.0,0.0,0.0
2001-08-27,0.0,0.0,0.0,0.0,0.0,0.0,CG,0.0,0.0,109.9969512195122,520.4491307520981,1.3384146341463414,2.9697898635969047,0,0,0,0,0,0.0,0.0,0.0,0.0,0.0,0.0,0.0,0.0,0.0,0.0,0.0,0.0,0.0,0.0,0.0
2001-09-03,0.0,0.0,0.0,0.0,0.0,0.0,CG,0.0,0.0,109.82952815829528,520.0700013083865,1.3363774733637748,2.9679848059779834,0,0,0,0,0,0.0,0.0,0.0,0.0,0.0,0.0,0.0,0.0,0.0,0.0,0.0,0.0,0.0,0.0,0.0
2001-09-10,2.0,27.0,0.0,1.0,1.0,2.0,CG,13.5,0.0,109.66261398176292,519.6916968913533,1.3343465045592706,2.966182754898896,0,0,0,0,0,0.0,0.0,2.0,0.0,0.0,27.0,0.0,0.0,13.5,0.0,0.0,0.0,0.0,0.0,2.0
2001-09-17,0.0,0.0,0.0,0.0,0.0,0.0,CG,0.0,0.0,109.53717754172989,519.3066277410003,1.3353566009104705,2.9640413836534596,0,0,0,0,0,2.0,0.0,-2.0,27.0,0.0,-27.0,13.5,0.0,-13.5,0.0,0.0,0.0,2.0,0.0,-2.0
2001-09-24,3.0,439.0,3.0,0.0,0.0,2.0,CG,146.33333333333334,1.0,109.37121212121212,518.9299835717901,1.3333333333333333,2.9622477077455054,0,0,0,0,0,0.0,2.0,3.0,0.0,27.0,439.0,0.0,13.5,146.33333333333334,0.0,0.0,1.0,0.0,2.0,2.0
2001-10-01,0.0,0.0,0.0,0.0,0.0,0.0,CG,0.0,0.0,109.86989409984871,518.6951852176951,1.3358547655068078,2.9607125069097733,0,0,0,0,0,3.0,0.0,-3.0,439.0,0.0,-439.0,146.33333333333334,0.0,-146.33333333333334,1.0,0.0,-1.0,2.0,0.0,-2.0
2001-10-08,1.0,4.0,0.0,1.0,0.0,1.0,CG,4.0,0.0,109.70392749244714,518.3202708087914,1.3338368580060422,2.958927631723033,0,0,0,0,0,0.0,3.0,1.0,0.0,439.0,4.0,0.0,146.33333333333334,4.0,0.0,1.0,0.0,0.0,2.0,1.0
2001-10-15,1.0,3.0,0.0,1.0,0.0,1.0,CG,3.0,0.0,109.5444947209653,517.9449113316289,1.3333333333333333,2.9567203735850662,0,0,0,0,0,1.0,0.0,0.0,4.0,0.0,-1.0,4.0,0.0,-1.0,0.0,0.0,0.0,1.0,0.0,0.0
2001-10-22,0.0,0.0,0.0,0.0,0.0,0.0,CG,0.0,0.0,109.38403614457832,517.5706727717466,1.3328313253012047,2.9545180467463172,0,0,0,0,0,1.0,1.0,-1.0,3.0,4.0,-3.0,3.0,4.0,-3.0,0.0,0.0,0.0,1.0,1.0,-1.0
2001-10-29,1.0,12.0,0.0,0.0,1.0,1.0,CG,12.0,0.0,109.21954887218045,517.1981832545861,1.330827067669173,2.9527448035971298,0,0,0,0,0,0.0,1.0,1.0,0.0,3.0,12.0,0.0,3.0,12.0,0.0,0.0,0.0,0.0,1.0,1.0
2001-11-05,0.0,0.0,0.0,0.0,0.0,0.0,CG,0.0,0.0,109.07357357357357,516.822896026274,1.3303303303303304,2.9505517076369956,0,0,0,0,1,1.0,0.0,-1.0,12.0,0.0,-12.0,12.0,0.0,-12.0,0.0,0.0,0.0,1.0,0.0,-1.0
2001-11-12,0.0,0.0,0.0,0.0,0.0,0.0,CG,0.0,0.0,108.91004497751125,516.4520138276495,1.328335832083958,2.9487856850196144,0,0,0,0,0,0.0,1.0,0.0,0.0,12.0,0.0,0.0,12.0,0.0,0.0,0.0,0.0,0.0,1.0,0.0
2001-11-19,0.0,0.0,0.0,0.0,0.0,0.0,CG,0.0,0.0,108.74700598802396,516.0819267214011,1.3263473053892216,2.94702255847451,0,0,0,0,0,0.0,0.0,0.0,0.0,0.0,0.0,0.0,0.0,0.0,0.0,0.0,0.0,0.0,0.0,0.0
2001-11-26,0.0,0.0,0.0,0.0,0.0,0.0,CG,0.0,0.0,108.58445440956652,515.7126318795464,1.3243647234678624,2.945262321462514,0,0,0,0,0,0.0,0.0,0.0,0.0,0.0,0.0,0.0,0.0,0.0,0.0,0.0,0.0,0.0,0.0,0.0
2001-12-03,0.0,0.0,0.0,0.0,0.0,0.0,CG,0.0,0.0,108.42238805970149,515.3441264881151,1.3223880597014925,2.9435049674545675,0,0,0,1,1,0.0,0.0,0.0,0.0,0.0,0.0,0.0,0.0,0.0,0.0,0.0,0.0,0.0,0.0,0.0
2001-12-10,0.0,0.0,0.0,0.0,0.0,0.0,CG,0.0,0.0,108.2608047690015,514.9764077470616,1.3204172876304023,2.941750489931824,0,0,0,0,0,0.0,0.0,0.0,0.0,0.0,0.0,0.0,0.0,0.0,0.0,0.0,0.0,0.0,0.0,0.0
2001-12-17,0.0,0.0,0.0,0.0,0.0,0.0,CG,0.0,0.0,108.09970238095238,514.6094728701761,1.318452380952381,2.939998882385756,0,0,1,0,0,0.0,0.0,0.0,0.0,0.0,0.0,0.0,0.0,0.0,0.0,0.0,0.0,0.0,0.0,0.0
2001-12-24,4.0,141.0,0.0,1.0,3.0,4.0,CG,35.25,0.0,107.93907875185735,514.2433190849977,1.3164933135215453,2.938250138318256,0,1,0,0,0,0.0,0.0,4.0,0.0,0.0,141.0,0.0,0.0,35.25,0.0,0.0,0.0,0.0,0.0,4.0
2001-12-31,8.0,230.0,0.0,2.0,6.0,6.0,CG,28.75,0.0,107.98813056379822,513.8627020231443,1.3204747774480712,2.937885303508191,1,0,0,1,0,4.0,0.0,4.0,141.0,0.0,89.0,35.25,0.0,-6.5,0.0,0.0,0.0,4.0,0.0,2.0
2002-01-07,2.0,85.0,0.0,2.0,0.0,2.0,CG,42.5,0.0,108.16888888888889,513.5028319082999,1.3303703703703704,2.94694113086678,0,0,0,0,0,8.0,4.0,-6.0,230.0,141.0,-145.0,28.75,35.25,13.75,0.0,0.0,0.0,6.0,4.0,-4.0
2002-01-14,2.0,21.0,0.0,0.0,2.0,2.0,CG,10.5,0.0,108.13461538461539,513.1230922281492,1.331360946745562,2.944870027422828,0,0,1,0,1,2.0,8.0,0.0,85.0,230.0,-64.0,42.5,28.75,-32.0,0.0,0.0,0.0,2.0,6.0,0.0
2002-01-21,4.0,173.0,1.0,2.0,1.0,4.0,CG,43.25,0.25,108.00590841949779,512.7543588399981,1.3323485967503692,2.942803267900662,0,1,0,0,0,2.0,2.0,2.0,21.0,85.0,152.0,10.5,42.5,32.75,0.0,0.0,0.25,2.0,2.0,2.0
2002-01-28,5.0,315.0,0.0,3.0,2.0,3.0,CG,63.0,0.0,108.10176991150442,512.3816028212893,1.336283185840708,2.9424131801867928,1,0,0,0,0,4.0,2.0,1.0,173.0,21.0,142.0,43.25,10.5,19.75,0.25,0.0,-0.25,4.0,2.0,-1.0
2002-02-04,4.0,232.0,1.0,1.0,2.0,3.0,CG,58.0,0.25,108.40648011782032,512.0651631241669,1.3416789396170838,2.94360225355799,0,0,0,0,0,5.0,4.0,-1.0,315.0,173.0,-83.0,63.0,43.25,-5.0,0.0,0.25,0.25,3.0,4.0,0.0
2002-02-11,4.0,359.0,0.0,3.0,1.0,3.0,CG,89.75,0.0,108.58823529411765,511.7099013414747,1.3455882352941178,2.9431998368085894,0,0,0,1,0,4.0,5.0,0.0,232.0,315.0,127.0,58.0,63.0,31.75,0.25,0.0,-0.25,3.0,3.0,0.0
2002-02-18,2.0,228.0,0.0,0.0,2.0,2.0,CG,114.0,0.0,108.95594713656388,511.4235361719373,1.3494860499265786,2.9427933708811715,0,0,0,0,0,4.0,4.0,-2.0,359.0,232.0,-131.0,89.75,58.0,24.25,0.0,0.25,0.0,3.0,3.0,-1.0
2002-02-25,4.0,227.0,0.0,1.0,3.0,2.0,CG,56.75,0.0,109.13049853372434,511.0682333954516,1.3504398826979471,2.9407374353691433,0,0,1,0,0,2.0,4.0,2.0,228.0,359.0,-1.0,114.0,89.75,-57.25,0.0,0.0,0.0,2.0,3.0,0.0
2002-03-04,1.0,13.0,0.0,0.0,1.0,1.0,CG,13.0,0.0,109.30307467057101,510.71332763667243,1.3543191800878478,2.9403290353957185,0,1,0,0,1,4.0,2.0,-3.0,227.0,228.0,-214.0,56.75,114.0,-43.75,0.0,0.0,0.0,2.0,2.0,-1.0
2002-03-11,5.0,278.0,0.0,2.0,3.0,5.0,CG,55.6,0.0,109.16228070175438,510.3525996495189,1.3538011695906433,2.938206970335092,1,0,0,0,0,1.0,4.0,4.0,13.0,227.0,265.0,13.0,56.75,42.6,0.0,0.0,0.0,1.0,2.0,4.0
2002-03-18,3.0,10.0,1.0,1.0,1.0,3.0,CG,3.3333333333333335,0.3333333333333333,109.4087591240876,510.0201973231565,1.359124087591241,2.939361696843748,0,0,0,0,0,5.0,1.0,-2.0,278.0,13.0,-268.0,55.6,13.0,-52.266666666666666,0.0,0.0,0.3333333333333333,5.0,1.0,-2.0
2002-03-25,1.0,5.0,0.0,1.0,0.0,1.0,CG,5.0,0.0,109.26384839650146,509.66191634114256,1.3615160349854227,2.937883448698513,0,0,0,0,0,3.0,5.0,-2.0,10.0,278.0,-5.0,3.3333333333333335,55.6,1.6666666666666665,0.3333333333333333,0.0,-0.3333333333333333,3.0,5.0,-2.0
2002-04-01,1.0,4.0,0.0,0.0,1.0,1.0,CG,4.0,0.0,109.11208151382824,509.30584207545814,1.3609898107714702,2.9357737535385797,0,0,0,1,0,1.0,3.0,0.0,5.0,10.0,-1.0,5.0,3.3333333333333335,-1.0,0.0,0.3333333333333333,0.0,1.0,3.0,0.0
2002-04-08,2.0,27.0,0.0,2.0,0.0,2.0,CG,13.5,0.0,108.95930232558139,508.95081001673293,1.3604651162790697,2.933668595493458,0,0,0,0,0,1.0,1.0,1.0,4.0,5.0,23.0,4.0,5.0,9.5,0.0,0.0,0.0,1.0,1.0,1.0
2002-04-15,3.0,459.0,0.0,3.0,0.0,2.0,CG,153.0,0.0,108.84034833091437,508.59038327780945,1.3613933236574747,2.9316370393085944,0,0,1,0,0,2.0,1.0,1.0,27.0,4.0,432.0,13.5,4.0,139.5,0.0,0.0,0.0,2.0,1.0,0.0
2002-04-22,1.0,200.0,0.0,1.0,0.0,1.0,CG,200.0,0.0,109.34782608695652,508.39596427409543,1.363768115942029,2.9301728979283914,0,1,0,0,0,3.0,2.0,-2.0,459.0,27.0,-259.0,153.0,13.5,47.0,0.0,0.0,0.0,2.0,2.0,-1.0
2002-04-29,6.0,351.0,0.0,2.0,4.0,3.0,CG,58.5,0.0,109.47901591895803,508.0391324162701,1.3632416787264834,2.928081515318063,1,0,0,0,0,1.0,3.0,5.0,200.0,459.0,151.0,200.0,153.0,-141.5,0.0,0.0,0.0,1.0,2.0,2.0
2002-05-06,0.0,0.0,0.0,0.0,0.0,0.0,CG,0.0,0.0,109.82803468208093,507.75440257803416,1.369942196531792,2.931266352263637,0,0,0,0,0,6.0,1.0,-6.0,351.0,200.0,-351.0,58.5,200.0,-58.5,0.0,0.0,0.0,3.0,1.0,-3.0
2002-05-13,0.0,0.0,0.0,0.0,0.0,0.0,CG,0.0,0.0,109.66955266955267,507.4045474281947,1.367965367965368,2.929609857621665,0,0,0,0,0,0.0,6.0,0.0,0.0,351.0,0.0,0.0,58.5,0.0,0.0,0.0,0.0,0.0,3.0,0.0
2002-05-20,1.0,46.0,0.0,0.0,1.0,1.0,CG,46.0,0.0,109.51152737752162,507.05541222298274,1.3659942363112392,2.927955879695656,0,0,0,0,1,0.0,0.0,1.0,0.0,0.0,46.0,0.0,0.0,46.0,0.0,0.0,0.0,0.0,0.0,1.0
2002-05-27,2.0,32.0,0.0,1.0,1.0,2.0,CG,16.0,0.0,109.42014388489208,506.69569407563733,1.3654676258992806,2.9258785776309555,0,0,0,0,0,1.0,0.0,1.0,46.0,0.0,-14.0,46.0,0.0,-30.0,0.0,0.0,0.0,1.0,0.0,1.0
2002-06-03,1.0,400.0,0.0,1.0,0.0,1.0,CG,400.0,0.0,109.308908045977,506.33953772157747,1.3663793103448276,2.9238717988660885,0,0,0,0,1,2.0,1.0,-1.0,32.0,46.0,368.0,16.0,46.0,384.0,0.0,0.0,0.0,2.0,1.0,-1.0
2002-06-10,3.0,140.0,0.0,2.0,1.0,2.0,CG,46.666666666666664,0.0,109.72596843615494,506.09544704822935,1.3658536585365855,2.9218035184441282,0,0,0,0,0,1.0,2.0,2.0,400.0,32.0,-260.0,400.0,16.0,-353.3333333333333,0.0,0.0,0.0,1.0,2.0,1.0
2002-06-17,1.0,10.0,0.0,0.0,1.0,1.0,CG,10.0,0.0,109.76934097421203,505.73356222390436,1.3681948424068768,2.9203618821915853,0,0,0,1,0,3.0,1.0,-2.0,140.0,400.0,-130.0,46.666666666666664,400.0,-36.666666666666664,0.0,0.0,0.0,2.0,1.0,-1.0
2002-06-24,0.0,0.0,0.0,0.0,0.0,0.0,CG,0.0,0.0,109.62660944206009,505.3852477386902,1.3676680972818311,2.9183024118563625,0,0,0,0,0,1.0,3.0,-1.0,10.0,140.0,-10.0,10.0,46.666666666666664,-10.0,0.0,0.0,0.0,1.0,2.0,-1.0
2002-07-01,0.0,0.0,0.0,0.0,0.0,0.0,CG,0.0,0.0,109.47,505.040609948061,1.3657142857142857,2.916672301533198,0,0,1,1,0,0.0,1.0,0.0,0.0,10.0,0.0,0.0,10.0,0.0,0.0,0.0,0.0,0.0,1.0,0.0
2002-07-08,1.0,1.0,0.0,0.0,1.0,1.0,CG,1.0,0.0,109.31383737517832,504.69667404686516,1.36376604850214,2.915044635196605,0,1,0,0,1,0.0,0.0,1.0,0.0,0.0,1.0,0.0,0.0,1.0,0.0,0.0,0.0,0.0,0.0,1.0
2002-07-15,5.0,57.0,2.0,2.0,1.0,3.0,CG,11.4,0.4,109.15954415954415,504.3531303291676,1.3632478632478633,2.91299704357065,1,0,1,0,0,1.0,0.0,4.0,1.0,0.0,56.0,1.0,0.0,10.4,0.0,0.0,0.4,1.0,0.0,2.0
2002-07-22,0.0,0.0,0.0,0.0,0.0,0.0,CG,0.0,0.0,109.08534850640113,503.9976157620785,1.368421052631579,2.914151283444979,0,1,0,0,1,5.0,1.0,-5.0,57.0,1.0,-57.0,11.4,1.0,-11.4,0.4,0.0,-0.4,3.0,1.0,-3.0
2002-07-29,5.0,54.0,0.0,4.0,1.0,4.0,CG,10.8,0.0,108.93039772727273,503.65580661354994,1.3664772727272727,2.912534559196758,1,0,0,0,1,0.0,5.0,5.0,0.0,57.0,54.0,0.0,11.4,10.8,0.0,0.4,0.0,0.0,3.0,4.0
2002-08-05,4.0,577.0,0.0,2.0,2.0,3.0,CG,144.25,0.0,108.85248226950354,503.30222126956744,1.371631205673759,2.913680658108214,0,0,0,1,0,5.0,0.0,-1.0,54.0,0.0,523.0,10.8,0.0,133.45,0.0,0.0,0.0,4.0,0.0,-1.0
2002-08-12,3.0,58.0,1.0,0.0,2.0,3.0,CG,19.333333333333332,0.3333333333333333,109.51558073654391,503.25365814641356,1.3753541076487252,2.9132933671747234,0,0,0,0,1,4.0,5.0,-1.0,577.0,54.0,-519.0,144.25,10.8,-124.91666666666667,0.0,0.0,0.3333333333333333,3.0,4.0,0.0
2002-08-19,2.0,64.0,0.0,2.0,0.0,2.0,CG,32.0,0.0,109.44271570014145,502.90085195592667,1.3776520509193777,2.9118705236923947,0,0,1,1,1,3.0,4.0,-1.0,58.0,577.0,6.0,19.333333333333332,144.25,12.666666666666668,0.3333333333333333,0.0,-0.3333333333333333,3.0,3.0,-1.0
2002-08-26,4.0,316.0,0.0,0.0,4.0,2.0,CG,79.0,0.0,109.37853107344633,502.5479697366036,1.3785310734463276,2.9099044814170174,0,1,0,1,0,2.0,3.0,2.0,64.0,58.0,252.0,32.0,19.333333333333332,47.0,0.0,0.3333333333333333,0.0,2.0,3.0,0.0
2002-09-02,1.0,1200.0,0.0,0.0,1.0,1.0,CG,1200.0,0.0,109.66995768688294,502.25288604415937,1.382228490832158,2.909514899036986,1,0,1,0,0,4.0,2.0,-3.0,316.0,64.0,884.0,79.0,32.0,1121.0,0.0,0.0,0.0,2.0,2.0,-1.0
2002-09-09,1.0,150.0,0.0,0.0,1.0,1.0,CG,150.0,0.0,111.2056338028169,503.56386022254924,1.3816901408450704,2.907497717729983,0,1,1,1,0,1.0,4.0,0.0,1200.0,316.0,-1050.0,1200.0,79.0,-1050.0,0.0,0.0,0.0,1.0,2.0,0.0
2002-09-16,5.0,128.0,0.0,2.0,3.0,3.0,CG,25.6,0.0,111.26019690576652,503.21121606822567,1.3811533052039382,2.905484724605366,1,1,0,1,0,1.0,1.0,4.0,150.0,1200.0,-22.0,150.0,1200.0,-124.4,0.0,0.0,0.0,1.0,1.0,2.0
2002-09-23,5.0,65.0,2.0,0.0,3.0,2.0,CG,13.0,0.4,111.28370786516854,502.85760720484785,1.3862359550561798,2.9066065472916804,1,0,1,0,0,5.0,1.0,0.0,128.0,150.0,-63.0,25.6,150.0,-12.600000000000001,0.0,0.0,0.4,3.0,1.0,-1.0
2002-09-30,1.0,44.0,1.0,0.0,0.0,1.0,CG,44.0,1.0,111.218793828892,502.507342263094,1.391304347826087,2.9077159283332263,0,1,1,0,0,5.0,5.0,-4.0,65.0,128.0,-21.0,13.0,25.6,31.0,0.4,0.0,0.6,2.0,3.0,-1.0
2002-10-07,7.0,569.0,0.0,4.0,3.0,3.0,CG,81.28571428571429,0.0,111.12464985994397,502.1611302260513,1.3907563025210083,2.9057130434988556,1,1,0,0,0,1.0,5.0,6.0,44.0,65.0,525.0,44.0,13.0,37.28571428571429,1.0,0.4,-1.0,1.0,2.0,2.0
2002-10-14,5.0,244.0,0.0,3.0,2.0,3.0,CG,48.8,0.0,111.76503496503497,502.1014278746608,1.3986013986013985,2.9112451255829583,1,0,0,0,0,7.0,1.0,-2.0,569.0,44.0,-325.0,81.28571428571429,44.0,-32.485714285714295,0.0,1.0,0.0,3.0,1.0,0.0
2002-10-21,3.0,141.0,0.0,0.0,3.0,2.0,CG,47.0,0.0,111.94972067039106,501.7745212699884,1.4036312849162011,2.9123202387357674,0,0,0,0,1,5.0,7.0,-2.0,244.0,569.0,-103.0,48.8,81.28571428571429,-1.7999999999999972,0.0,0.0,0.0,3.0,3.0,-1.0
2002-10-28,1.0,2.0,0.0,0.0,1.0,1.0,CG,2.0,0.0,111.99023709902372,501.42517130526966,1.405857740585774,2.910896355808488,0,0,0,0,0,3.0,5.0,-2.0,141.0,244.0,-139.0,47.0,48.8,-45.0,0.0,0.0,0.0,2.0,3.0,-1.0
2002-11-04,2.0,118.0,0.0,0.0,2.0,2.0,CG,59.0,0.0,111.83704735376044,501.0921933543188,1.4052924791086352,2.908905167373904,0,0,0,0,0,1.0,3.0,1.0,2.0,141.0,116.0,2.0,47.0,57.0,0.0,0.0,0.0,1.0,2.0,1.0
2002-11-11,0.0,0.0,0.0,0.0,0.0,0.0,CG,0.0,0.0,111.84561891515995,500.74317452129594,1.4061196105702365,2.906963370222037,0,0,0,0,0,2.0,1.0,-2.0,118.0,2.0,-118.0,59.0,2.0,-59.0,0.0,0.0,0.0,2.0,1.0,-2.0
2002-11-18,4.0,196.0,0.0,1.0,3.0,4.0,CG,49.0,0.0,111.69027777777778,500.4121916167698,1.4041666666666666,2.905413751628193,0,0,0,1,0,0.0,2.0,4.0,0.0,118.0,196.0,0.0,59.0,49.0,0.0,0.0,0.0,0.0,2.0,4.0
2002-11-25,1.0,1.0,0.0,0.0,1.0,1.0,CG,1.0,0.0,111.80721220527046,500.074419742947,1.4077669902912622,2.905004423608788,0,0,0,0,0,4.0,0.0,-3.0,196.0,0.0,-195.0,49.0,0.0,-48.0,0.0,0.0,0.0,4.0,0.0,-3.0
2002-12-02,3.0,75.0,0.0,2.0,1.0,3.0,CG,25.0,0.0,111.65373961218836,499.7445220193551,1.407202216066482,2.9030288235178427,0,0,1,0,0,1.0,4.0,2.0,1.0,196.0,74.0,1.0,49.0,24.0,0.0,0.0,0.0,1.0,4.0,2.0
2002-12-09,2.0,26.0,0.0,0.0,2.0,1.0,CG,13.0,0.0,111.6030428769018,499.40017909757984,1.409405255878285,2.9016224433382525,0,1,0,0,0,3.0,1.0,-1.0,75.0,1.0,-49.0,25.0,1.0,-12.0,0.0,0.0,0.0,3.0,1.0,-2.0
2002-12-16,5.0,14.0,0.0,5.0,0.0,1.0,CG,2.8,0.0,111.48480662983425,499.06483339270136,1.410220994475138,2.8996981682581793,1,0,0,0,0,2.0,3.0,3.0,26.0,75.0,-12.0,13.0,25.0,-10.2,0.0,0.0,0.0,1.0,3.0,0.0
2002-12-23,0.0,0.0,0.0,0.0,0.0,0.0,CG,0.0,0.0,111.35034482758621,498.73319771530544,1.4151724137931034,2.900760307898403,0,0,0,0,0,5.0,2.0,-5.0,14.0,26.0,-14.0,2.8,13.0,-2.8,0.0,0.0,0.0,1.0,1.0,-1.0
2002-12-30,4.0,22.0,0.0,2.0,2.0,3.0,CG,5.5,0.0,111.1969696969697,498.4062583784483,1.4132231404958677,2.8992348712057643,0,0,0,0,1,0.0,5.0,4.0,0.0,14.0,22.0,0.0,2.8,5.5,0.0,0.0,0.0,0.0,1.0,3.0
2003-01-06,0.0,0.0,0.0,0.0,0.0,0.0,CG,0.0,0.0,111.07427785419533,498.0738712802152,1.4167812929848693,2.8988254646823584,0,0,0,0,0,4.0,0.0,-4.0,22.0,0.0,-22.0,5.5,0.0,-5.5,0.0,0.0,0.0,3.0,0.0,-3.0
2003-01-13,1.0,10.0,0.0,0.0,1.0,1.0,CG,10.0,0.0,110.9217032967033,497.7482232249978,1.414835164835165,2.8973069552861728,0,0,0,0,0,0.0,4.0,1.0,0.0,22.0,10.0,0.0,5.5,10.0,0.0,0.0,0.0,0.0,3.0,1.0
2003-01-20,3.0,15.0,0.0,0.0,3.0,1.0,CG,5.0,0.0,110.78326474622772,497.42028981490745,1.4142661179698217,2.895357128509612,0,0,0,0,0,1.0,0.0,2.0,10.0,0.0,5.0,10.0,0.0,-5.0,0.0,0.0,0.0,1.0,0.0,0.0
2003-01-27,1.0,7.0,0.0,0.0,1.0,1.0,CG,7.0,0.0,110.65205479452055,497.0916479656981,1.4164383561643836,2.893965800031228,0,0,0,1,0,3.0,1.0,-2.0,15.0,10.0,-8.0,5.0,10.0,2.0,0.0,0.0,0.0,1.0,1.0,0.0
2003-02-03,1.0,345.0,0.0,0.0,1.0,1.0,CG,345.0,0.0,110.51025991792066,496.7658507899151,1.4158686730506156,2.8920239685701787,0,0,0,0,0,1.0,3.0,0.0,7.0,15.0,338.0,7.0,5.0,338.0,0.0,0.0,0.0,1.0,1.0,0.0
2003-02-10,0.0,0.0,0.0,0.0,0.0,0.0,CG,0.0,0.0,110.83060109289617,496.50160114324405,1.4153005464480874,2.8900860385755065,0,0,1,0,0,1.0,1.0,-1.0,345.0,7.0,-345.0,345.0,7.0,-345.0,0.0,0.0,0.0,1.0,1.0,-1.0
2003-02-17,1.0,15.0,0.0,0.0,1.0,1.0,CG,15.0,0.0,110.6793997271487,496.1792318660247,1.4133697135061392,2.888584318870328,0,1,0,0,0,0.0,1.0,1.0,0.0,345.0,15.0,0.0,345.0,15.0,0.0,0.0,0.0,0.0,1.0,1.0
2003-02-24,5.0,486.0,0.0,0.0,5.0,3.0,CG,97.2,0.0,110.54904632152588,495.85323508333494,1.4128065395095368,2.886653585075638,1,0,0,0,0,1.0,0.0,4.0,15.0,0.0,471.0,15.0,0.0,82.2,0.0,0.0,0.0,1.0,0.0,2.0
2003-03-03,3.0,231.0,0.0,2.0,1.0,3.0,CG,77.0,0.0,111.05986394557823,495.7088302298324,1.417687074829932,2.887719480559391,0,0,0,0,0,5.0,1.0,-2.0,486.0,15.0,-255.0,97.2,15.0,-20.200000000000003,0.0,0.0,0.0,3.0,1.0,0.0
2003-03-10,2.0,65.0,0.0,1.0,1.0,2.0,CG,32.5,0.0,111.22282608695652,495.39122649456016,1.419836956521739,2.8863437268341907,0,0,0,0,1,3.0,5.0,-1.0,231.0,486.0,-166.0,77.0,97.2,-44.5,0.0,0.0,0.0,3.0,3.0,-1.0
2003-03-17,2.0,22.0,0.0,0.0,2.0,1.0,CG,11.0,0.0,111.16010854816825,495.05749708228785,1.4206241519674356,2.8844613959433807,0,0,0,0,0,2.0,3.0,0.0,65.0,231.0,-43.0,32.5,77.0,-21.5,0.0,0.0,0.0,2.0,3.0,-1.0
2003-03-24,0.0,0.0,0.0,0.0,0.0,0.0,CG,0.0,0.0,111.03929539295393,494.73240969788196,1.4214092140921408,2.8825827345859776,0,0,0,0,0,2.0,2.0,-2.0,22.0,65.0,-22.0,11.0,32.5,-11.0,0.0,0.0,0.0,1.0,2.0,-1.0
2003-03-31,3.0,44.0,0.0,1.0,2.0,3.0,CG,14.666666666666666,0.0,110.88903924221921,494.41398464549144,1.419485791610284,2.8811036081359718,0,0,0,0,1,0.0,2.0,3.0,0.0,22.0,44.0,0.0,11.0,14.666666666666666,0.0,0.0,0.0,0.0,1.0,3.0
2003-04-07,1.0,55.0,0.0,0.0,1.0,1.0,CG,55.0,0.0,110.79864864864865,494.08547440683,1.4216216216216215,2.879739795711905,0,0,0,1,0,3.0,0.0,-2.0,44.0,0.0,11.0,14.666666666666666,0.0,40.333333333333336,0.0,0.0,0.0,3.0,0.0,-2.0
2003-04-14,0.0,0.0,0.0,0.0,0.0,0.0,CG,0.0,0.0,110.72334682860999,493.75577490444226,1.4210526315789473,2.8778350484600574,0,0,0,0,0,1.0,3.0,-1.0,55.0,44.0,-55.0,55.0,14.666666666666666,-55.0,0.0,0.0,0.0,1.0,3.0,-1.0
2003-04-21,2.0,64.0,0.0,1.0,1.0,2.0,CG,32.0,0.0,110.57412398921834,493.4392363030331,1.4191374663072776,2.8763656612077253,0,0,1,0,0,0.0,1.0,2.0,0.0,55.0,64.0,0.0,55.0,32.0,0.0,0.0,0.0,0.0,1.0,2.0
2003-04-28,1.0,0.0,0.0,1.0,0.0,1.0,CG,0.0,0.0,110.5114401076716,493.1095782235363,1.4199192462987886,2.874505745668247,0,1,0,1,0,2.0,0.0,-1.0,64.0,0.0,-64.0,32.0,0.0,-32.0,0.0,0.0,0.0,2.0,0.0,-1.0
2003-05-05,10.0,540.0,0.0,2.0,8.0,6.0,CG,54.0,0.0,110.36290322580645,492.7942849603078,1.4193548387096775,2.8726119558021073,1,0,0,0,0,1.0,2.0,9.0,0.0,64.0,540.0,0.0,32.0,54.0,0.0,0.0,0.0,1.0,2.0,5.0
2003-05-12,2.0,310.0,0.0,0.0,2.0,2.0,CG,155.0,0.0,110.93959731543625,492.71449163926866,1.4308724832214765,2.8878429677818507,0,0,1,0,0,10.0,1.0,-8.0,540.0,0.0,-230.0,54.0,0.0,101.0,0.0,0.0,0.0,6.0,1.0,-4.0
2003-05-19,3.0,25.0,0.0,0.0,3.0,1.0,CG,8.333333333333334,0.0,111.20643431635389,492.4376350785604,1.4316353887399464,2.885979392417308,0,1,0,0,0,2.0,10.0,1.0,310.0,540.0,-285.0,155.0,54.0,-146.66666666666666,0.0,0.0,0.0,2.0,6.0,-1.0
2003-05-26,5.0,432.0,0.0,3.0,2.0,5.0,CG,86.4,0.0,111.09103078982596,492.117580342251,1.4337349397590362,2.8846152603815955,1,0,0,0,0,3.0,2.0,2.0,25.0,310.0,407.0,8.333333333333334,155.0,78.06666666666668,0.0,0.0,0.0,1.0,2.0,4.0
2003-06-02,2.0,109.0,0.0,1.0,1.0,2.0,CG,54.5,0.0,111.52005347593582,491.9280303191227,1.4385026737967914,2.885631468711673,0,0,0,0,0,5.0,3.0,-3.0,432.0,25.0,-323.0,86.4,8.333333333333334,-31.900000000000006,0.0,0.0,0.0,5.0,1.0,-3.0
2003-06-09,3.0,400.0,0.0,1.0,2.0,3.0,CG,133.33333333333334,0.0,111.51668891855807,491.5991000693777,1.439252336448598,2.8837749095624554,0,0,0,0,0,2.0,5.0,1.0,109.0,432.0,291.0,54.5,86.4,78.83333333333334,0.0,0.0,0.0,2.0,5.0,1.0
2003-06-16,1.0,32.0,0.0,0.0,1.0,1.0,CG,32.0,0.0,111.90133333333333,491.3837423452371,1.4413333333333334,2.882412639738314,0,0,0,0,0,3.0,2.0,-2.0,400.0,109.0,-368.0,133.33333333333334,54.5,-101.33333333333334,0.0,0.0,0.0,3.0,2.0,-2.0
2003-06-23,1.0,7.0,0.0,0.0,1.0,1.0,CG,7.0,0.0,111.79494007989348,491.06469963508505,1.440745672436751,2.8805354091264452,0,0,0,0,0,1.0,3.0,0.0,32.0,400.0,-25.0,32.0,133.33333333333334,-25.0,0.0,0.0,0.0,1.0,3.0,0.0
2003-06-30,4.0,210.0,0.0,1.0,3.0,2.0,CG,52.5,0.0,111.65558510638297,490.7525292874749,1.440159574468085,2.8786618388569782,0,0,0,0,0,1.0,1.0,3.0,7.0,32.0,203.0,7.0,32.0,45.5,0.0,0.0,0.0,1.0,1.0,1.0
2003-07-07,0.0,0.0,0.0,0.0,0.0,0.0,CG,0.0,0.0,111.78618857901726,490.4392171986633,1.4435590969455512,2.8782593138364767,0,0,0,0,0,4.0,1.0,-4.0,210.0,7.0,-210.0,52.5,7.0,-52.5,0.0,0.0,0.0,2.0,1.0,-2.0
2003-07-14,3.0,153.0,0.0,2.0,1.0,3.0,CG,51.0,0.0,111.63793103448276,490.1303593232875,1.4416445623342176,2.8768278699435275,0,0,0,0,0,0.0,4.0,3.0,0.0,210.0,153.0,0.0,52.5,51.0,0.0,0.0,0.0,0.0,2.0,3.0
2003-07-21,3.0,458.0,0.0,1.0,2.0,2.0,CG,152.66666666666666,0.0,111.69271523178809,489.80754450067366,1.4437086092715232,2.875478882016087,0,0,0,0,0,3.0,0.0,0.0,153.0,0.0,305.0,51.0,0.0,101.66666666666666,0.0,0.0,0.0,3.0,0.0,-1.0
2003-07-28,4.0,97.0,0.0,3.0,1.0,3.0,CG,24.25,0.0,112.15079365079364,489.6450786630779,1.4457671957671958,2.874131358560394,0,0,0,0,0,3.0,3.0,1.0,458.0,153.0,-361.0,152.66666666666666,51.0,-128.41666666666666,0.0,0.0,0.0,2.0,3.0,1.0
2003-08-04,2.0,38.0,0.0,1.0,1.0,2.0,CG,19.0,0.0,112.13077939233818,489.321442014212,1.4491413474240422,2.8737297497222896,0,0,0,0,0,4.0,3.0,-2.0,97.0,458.0,-59.0,24.25,152.66666666666666,-5.25,0.0,0.0,0.0,3.0,2.0,-1.0
2003-08-11,0.0,0.0,0.0,0.0,0.0,0.0,CG,0.0,0.0,112.03298153034301,489.0055503131529,1.449868073878628,2.871900715730565,0,0,0,0,0,2.0,4.0,-2.0,38.0,97.0,-38.0,19.0,24.25,-19.0,0.0,0.0,0.0,2.0,3.0,-2.0
2003-08-18,2.0,15.0,0.0,1.0,1.0,2.0,CG,7.5,0.0,111.88537549407114,488.6998002449523,1.447957839262187,2.8704881620479825,0,0,0,0,0,0.0,2.0,2.0,0.0,38.0,15.0,0.0,19.0,7.5,0.0,0.0,0.0,0.0,2.0,2.0
2003-08-25,0.0,0.0,0.0,0.0,0.0,0.0,CG,0.0,0.0,111.7578947368421,488.39040229060635,1.4486842105263158,2.8686664634067776,0,0,0,0,0,2.0,0.0,-2.0,15.0,0.0,-15.0,7.5,0.0,-7.5,0.0,0.0,0.0,2.0,0.0,-2.0
2003-09-01,1.0,1.0,0.0,1.0,0.0,1.0,CG,1.0,0.0,111.61103810775296,488.0858003564319,1.4467805519053876,2.867259514155637,0,0,0,0,0,0.0,2.0,1.0,0.0,15.0,1.0,0.0,7.5,1.0,0.0,0.0,0.0,0.0,2.0,1.0
2003-09-08,0.0,0.0,0.0,0.0,0.0,0.0,CG,0.0,0.0,111.46587926509186,487.7814664562543,1.4461942257217848,2.8654207294864333,0,0,0,0,0,1.0,0.0,-1.0,1.0,0.0,-1.0,1.0,0.0,-1.0,0.0,0.0,0.0,1.0,0.0,-1.0
2003-09-15,1.0,0.0,0.0,1.0,0.0,1.0,CG,0.0,0.0,111.31979030144167,487.47799731108177,1.4442988204456095,2.8640184999982017,0,0,0,0,0,0.0,1.0,1.0,0.0,1.0,0.0,0.0,1.0,0.0,0.0,0.0,0.0,0.0,1.0,1.0
2003-09-22,0.0,0.0,0.0,0.0,0.0,0.0,CG,0.0,0.0,111.17408376963351,487.1750916428772,1.443717277486911,2.862186207409856,0,0,0,0,0,1.0,0.0,-1.0,0.0,0.0,0.0,0.0,0.0,0.0,0.0,0.0,0.0,1.0,0.0,-1.0
2003-09-29,1.0,0.0,0.0,1.0,0.0,1.0,CG,0.0,0.0,111.02875816993465,486.8727477178347,1.441830065359477,2.8607886726780736,0,0,0,0,0,0.0,1.0,1.0,0.0,0.0,0.0,0.0,0.0,0.0,0.0,0.0,0.0,0.0,1.0,1.0
2003-10-06,2.0,81.0,0.0,0.0,2.0,2.0,CG,40.5,0.0,110.88381201044386,486.5709638095698,1.441253263707572,2.8589628351268233,0,0,0,0,0,1.0,0.0,1.0,0.0,0.0,81.0,0.0,0.0,40.5,0.0,0.0,0.0,1.0,0.0,1.0
2003-10-13,0.0,0.0,0.0,0.0,0.0,0.0,CG,0.0,0.0,110.84485006518905,486.25445226358477,1.4419817470664928,2.857167293813248,0,0,0,0,0,2.0,1.0,-2.0,81.0,0.0,-81.0,40.5,0.0,-40.5,0.0,0.0,0.0,2.0,1.0,-2.0
2003-10-20,1.0,29.0,0.0,1.0,0.0,1.0,CG,29.0,0.0,110.70052083333333,485.95382507397835,1.4401041666666667,2.8557781933347526,0,0,0,0,0,0.0,2.0,1.0,0.0,81.0,29.0,0.0,40.5,29.0,0.0,0.0,0.0,0.0,2.0,1.0
2003-10-27,0.0,0.0,0.0,0.0,0.0,0.0,CG,0.0,0.0,110.59427828348504,485.646282532928,1.4395318595578674,2.8539624846680294,0,0,0,0,0,1.0,0.0,-1.0,29.0,0.0,-29.0,29.0,0.0,-29.0,0.0,0.0,0.0,1.0,0.0,-1.0
2003-11-03,0.0,0.0,0.0,0.0,0.0,0.0,CG,0.0,0.0,110.45064935064936,485.34677938661144,1.4376623376623376,2.852578007742683,0,0,0,0,0,0.0,1.0,0.0,0.0,29.0,0.0,0.0,29.0,0.0,0.0,0.0,0.0,0.0,1.0,0.0
2003-11-10,0.0,0.0,0.0,0.0,0.0,0.0,CG,0.0,0.0,110.30739299610894,485.047827535822,1.4357976653696498,2.851195234546566,0,0,0,0,0,0.0,0.0,0.0,0.0,0.0,0.0,0.0,0.0,0.0,0.0,0.0,0.0,0.0,0.0,0.0
2003-11-17,0.0,0.0,0.0,0.0,0.0,0.0,CG,0.0,0.0,110.16450777202073,484.74942529879644,1.4339378238341969,2.849814163057497,0,0,0,0,0,0.0,0.0,0.0,0.0,0.0,0.0,0.0,0.0,0.0,0.0,0.0,0.0,0.0,0.0,0.0
2003-11-24,1.0,6.0,0.0,0.0,1.0,1.0,CG,6.0,0.0,110.02199223803363,484.4515710009087,1.4320827943078913,2.8484347912451167,0,0,0,0,0,0.0,0.0,1.0,0.0,0.0,6.0,0.0,0.0,6.0,0.0,0.0,0.0,0.0,0.0,1.0
2003-12-01,0.0,0.0,0.0,0.0,0.0,0.0,CG,0.0,0.0,109.8875968992248,484.1525494106327,1.4315245478036176,2.846634108063809,0,0,0,0,0,1.0,0.0,-1.0,6.0,0.0,-6.0,6.0,0.0,-6.0,0.0,0.0,0.0,1.0,0.0,-1.0
2003-12-08,0.0,0.0,0.0,0.0,0.0,0.0,CG,0.0,0.0,109.7458064516129,483.8557894313567,1.4296774193548387,2.8452593101160617,0,0,0,0,0,0.0,1.0,0.0,0.0,6.0,0.0,0.0,6.0,0.0,0.0,0.0,0.0,0.0,1.0,0.0
2003-12-15,0.0,0.0,0.0,0.0,0.0,0.0,CG,0.0,0.0,109.60438144329896,483.55957239847646,1.4278350515463918,2.843886201363426,0,0,0,0,0,0.0,0.0,0.0,0.0,0.0,0.0,0.0,0.0,0.0,0.0,0.0,0.0,0.0,0.0,0.0
2003-12-22,0.0,0.0,0.0,0.0,0.0,0.0,CG,0.0,0.0,109.46332046332046,483.2638966655831,1.425997425997426,2.8425147797661934,0,0,0,0,0,0.0,0.0,0.0,0.0,0.0,0.0,0.0,0.0,0.0,0.0,0.0,0.0,0.0,0.0,0.0
2003-12-29,1.0,100.0,0.0,0.0,1.0,1.0,CG,100.0,0.0,109.32262210796915,482.9687605932144,1.424164524421594,2.841145043277107,0,0,0,0,0,0.0,0.0,1.0,0.0,0.0,100.0,0.0,0.0,100.0,0.0,0.0,0.0,0.0,0.0,1.0
2004-01-05,1.0,7.0,0.0,0.0,1.0,1.0,CG,7.0,0.0,109.31065468549423,482.6583851309654,1.4236200256739409,2.8393591983915134,0,0,0,0,0,1.0,0.0,0.0,100.0,0.0,-93.0,100.0,0.0,-93.0,0.0,0.0,0.0,1.0,0.0,0.0
2004-01-12,1.0,200.0,0.0,0.0,1.0,1.0,CG,200.0,0.0,109.17948717948718,482.3624028055061,1.4230769230769231,2.8375767146517,0,0,0,0,0,1.0,1.0,0.0,7.0,100.0,193.0,7.0,100.0,193.0,0.0,0.0,0.0,1.0,1.0,0.0
2004-01-19,0.0,0.0,0.0,0.0,0.0,0.0,CG,0.0,0.0,109.29577464788733,482.0640513299944,1.4225352112676057,2.835797581534704,0,0,0,0,0,1.0,1.0,-1.0,200.0,7.0,-200.0,200.0,7.0,-200.0,0.0,0.0,0.0,1.0,1.0,-1.0
2004-01-26,0.0,0.0,0.0,0.0,0.0,0.0,CG,0.0,0.0,109.15601023017904,481.7711866330828,1.4207161125319694,2.8344380259843316,0,0,0,0,0,0.0,1.0,0.0,0.0,200.0,0.0,0.0,200.0,0.0,0.0,0.0,0.0,0.0,1.0,0.0
2004-02-02,0.0,0.0,0.0,0.0,0.0,0.0,CG,0.0,0.0,109.01660280970626,481.47885302809755,1.4189016602809705,2.8330801325821198,0,0,0,0,0,0.0,0.0,0.0,0.0,0.0,0.0,0.0,0.0,0.0,0.0,0.0,0.0,0.0,0.0,0.0
2004-02-09,0.0,0.0,0.0,0.0,0.0,0.0,CG,0.0,0.0,108.87755102040816,481.18704891873773,1.4170918367346939,2.831723899301367,0,0,0,0,0,0.0,0.0,0.0,0.0,0.0,0.0,0.0,0.0,0.0,0.0,0.0,0.0,0.0,0.0,0.0
2004-02-16,1.0,30.0,0.0,0.0,1.0,1.0,CG,30.0,0.0,108.73885350318471,480.895772715378,1.4152866242038216,2.830369324108434,0,0,0,0,0,0.0,0.0,1.0,0.0,0.0,30.0,0.0,0.0,30.0,0.0,0.0,0.0,0.0,0.0,1.0
2004-02-23,0.0,0.0,0.0,0.0,0.0,0.0,CG,0.0,0.0,108.63867684478372,480.5975783715424,1.4147582697201018,2.828604752515035,0,0,0,0,0,1.0,0.0,-1.0,30.0,0.0,-30.0,30.0,0.0,-30.0,0.0,0.0,0.0,1.0,0.0,-1.0
2004-03-01,0.0,0.0,0.0,0.0,0.0,0.0,CG,0.0,0.0,108.50063532401525,480.30736918428124,1.4129606099110545,2.8272546232260947,0,0,0,0,0,0.0,1.0,0.0,0.0,30.0,0.0,0.0,30.0,0.0,0.0,0.0,0.0,0.0,1.0,0.0
2004-03-08,1.0,12.0,0.0,0.0,1.0,1.0,CG,12.0,0.0,108.36294416243655,480.0176831214001,1.4111675126903553,2.8259061417701843,0,0,0,0,0,0.0,0.0,1.0,0.0,0.0,12.0,0.0,0.0,12.0,0.0,0.0,0.0,0.0,0.0,1.0
2004-03-15,0.0,0.0,0.0,0.0,0.0,0.0,CG,0.0,0.0,108.24081115335868,479.7252733341065,1.4106463878326996,2.824150420370873,0,0,0,0,0,1.0,0.0,-1.0,12.0,0.0,-12.0,12.0,0.0,-12.0,0.0,0.0,0.0,1.0,0.0,-1.0
2004-03-22,0.0,0.0,0.0,0.0,0.0,0.0,CG,0.0,0.0,108.10379746835443,479.4366353453703,1.4088607594936708,2.8228063534996717,0,0,0,0,0,0.0,1.0,0.0,0.0,12.0,0.0,0.0,12.0,0.0,0.0,0.0,0.0,0.0,1.0,0.0
2004-03-29,0.0,0.0,0.0,0.0,0.0,0.0,CG,0.0,0.0,107.96713021491783,479.14851579028425,1.407079646017699,2.8214639242646666,0,0,0,0,0,0.0,0.0,0.0,0.0,0.0,0.0,0.0,0.0,0.0,0.0,0.0,0.0,0.0,0.0,0.0
2004-04-05,0.0,0.0,0.0,0.0,0.0,0.0,CG,0.0,0.0,107.83080808080808,478.86091312529817,1.4053030303030303,2.8201231306274184,0,0,0,0,0,0.0,0.0,0.0,0.0,0.0,0.0,0.0,0.0,0.0,0.0,0.0,0.0,0.0,0.0,0.0
2004-04-12,0.0,0.0,0.0,0.0,0.0,0.0,CG,0.0,0.0,107.69482976040354,478.57382581325714,1.403530895334174,2.818783970543373,0,0,0,0,0,0.0,0.0,0.0,0.0,0.0,0.0,0.0,0.0,0.0,0.0,0.0,0.0,0.0,0.0,0.0
2004-04-19,1.0,19.0,0.0,0.0,1.0,1.0,CG,19.0,0.0,107.55919395465995,478.2872523233675,1.4017632241813602,2.8174464419619905,0,0,0,0,0,0.0,0.0,1.0,0.0,0.0,19.0,0.0,0.0,19.0,0.0,0.0,0.0,0.0,0.0,1.0
2004-04-26,2.0,30.0,0.0,0.0,2.0,1.0,CG,15.0,0.0,107.44779874213836,477.9962882875606,1.40125786163522,2.8157077267879145,0,0,0,0,0,1.0,0.0,1.0,19.0,0.0,11.0,19.0,0.0,-4.0,0.0,0.0,0.0,1.0,0.0,0.0
2004-05-03,0.0,0.0,0.0,0.0,0.0,0.0,CG,0.0,0.0,107.35050251256281,477.7034542485588,1.4020100502512562,2.8140163074359092,0,0,0,0,0,2.0,1.0,-2.0,30.0,19.0,-30.0,15.0,19.0,-15.0,0.0,0.0,0.0,1.0,1.0,-1.0
2004-05-10,0.0,0.0,0.0,0.0,0.0,0.0,CG,0.0,0.0,107.21580928481806,477.4184385087618,1.4002509410288582,2.812686610182559,0,0,0,0,0,0.0,2.0,0.0,0.0,30.0,0.0,0.0,15.0,0.0,0.0,0.0,0.0,0.0,1.0,0.0
2004-05-17,0.0,0.0,0.0,0.0,0.0,0.0,CG,0.0,0.0,107.08145363408521,477.13393044860806,1.3984962406015038,2.811358525197456,0,0,0,0,0,0.0,0.0,0.0,0.0,0.0,0.0,0.0,0.0,0.0,0.0,0.0,0.0,0.0,0.0,0.0
2004-05-24,4.0,21.0,0.0,0.0,4.0,2.0,CG,5.25,0.0,106.94743429286608,476.8499285689795,1.3967459324155194,2.810032050456336,0,0,0,0,0,0.0,0.0,4.0,0.0,0.0,21.0,0.0,0.0,5.25,0.0,0.0,0.0,0.0,0.0,2.0
2004-05-31,2.0,9.0,0.0,0.0,2.0,2.0,CG,4.5,0.0,106.84,476.56111887671995,1.4,2.8097808785975067,0,0,0,0,0,4.0,0.0,-2.0,21.0,0.0,-12.0,5.25,0.0,-0.75,0.0,0.0,0.0,2.0,0.0,0.0
2004-06-07,0.0,0.0,0.0,0.0,0.0,0.0,CG,0.0,0.0,106.71785268414482,476.27572139820774,1.400749063670412,2.8081042427592067,0,0,0,0,0,2.0,4.0,-2.0,9.0,21.0,-9.0,4.5,5.25,-4.5,0.0,0.0,0.0,2.0,2.0,-2.0
2004-06-14,1.0,28.0,0.0,1.0,0.0,1.0,CG,28.0,0.0,106.58478802992519,475.99324465460785,1.399002493765586,2.806786674864342,0,0,0,0,0,0.0,2.0,1.0,0.0,9.0,28.0,0.0,4.5,28.0,0.0,0.0,0.0,0.0,2.0,1.0
2004-06-21,0.0,0.0,0.0,0.0,0.0,0.0,CG,0.0,0.0,106.48692403486925,475.7044816702644,1.398505603985056,2.8050716018805644,0,0,0,0,0,1.0,0.0,-1.0,28.0,0.0,-28.0,28.0,0.0,-28.0,0.0,0.0,0.0,1.0,0.0,-1.0
2004-06-28,1.0,19.0,0.0,1.0,0.0,1.0,CG,19.0,0.0,106.3544776119403,475.42301800047824,1.3967661691542288,2.803758283648136,0,0,0,0,0,0.0,1.0,1.0,0.0,28.0,19.0,0.0,28.0,19.0,0.0,0.0,0.0,0.0,1.0,1.0
2004-07-05,0.0,0.0,0.0,0.0,0.0,0.0,CG,0.0,0.0,106.24596273291925,475.1372403196058,1.396273291925466,2.8020490059394567,0,0,0,0,0,1.0,0.0,-1.0,19.0,0.0,-19.0,19.0,0.0,-19.0,0.0,0.0,0.0,1.0,0.0,-1.0
2004-07-12,0.0,0.0,0.0,0.0,0.0,0.0,CG,0.0,0.0,106.11414392059554,474.8567793219592,1.3945409429280398,2.8007399155792956,0,0,0,0,0,0.0,1.0,0.0,0.0,19.0,0.0,0.0,19.0,0.0,0.0,0.0,0.0,0.0,1.0,0.0
2004-07-19,0.0,0.0,0.0,0.0,0.0,0.0,CG,0.0,0.0,105.98265179677819,474.57681260616874,1.392812887236679,2.799432394335336,0,0,0,0,0,0.0,0.0,0.0,0.0,0.0,0.0,0.0,0.0,0.0,0.0,0.0,0.0,0.0,0.0,0.0
2004-07-26,0.0,0.0,0.0,0.0,0.0,0.0,CG,0.0,0.0,105.85148514851485,474.29733872796857,1.391089108910891,2.798126440261929,0,0,0,0,0,0.0,0.0,0.0,0.0,0.0,0.0,0.0,0.0,0.0,0.0,0.0,0.0,0.0,0.0,0.0
2004-08-02,1.0,2.0,0.0,0.0,1.0,1.0,CG,2.0,0.0,105.72064276885044,474.0183562489667,1.3893695920889988,2.7968220514080873,0,0,0,0,0,0.0,0.0,1.0,0.0,0.0,2.0,0.0,0.0,2.0,0.0,0.0,0.0,0.0,0.0,1.0
2004-08-09,1.0,1.0,0.0,0.0,1.0,1.0,CG,1.0,0.0,105.5925925925926,473.73931793150695,1.3888888888888888,2.795126431418505,0,0,0,0,0,1.0,0.0,0.0,2.0,0.0,-1.0,2.0,0.0,-1.0,0.0,0.0,0.0,1.0,0.0,0.0
2004-08-16,1.0,4.0,0.0,0.0,1.0,1.0,CG,4.0,0.0,105.4636251541307,473.4610412968043,1.3884093711467325,2.7934338901923286,0,0,0,0,0,1.0,1.0,0.0,1.0,2.0,3.0,1.0,2.0,3.0,0.0,0.0,0.0,1.0,1.0,0.0
2004-08-23,0.0,0.0,0.0,0.0,0.0,0.0,CG,0.0,0.0,105.33866995073892,473.18244887230696,1.3879310344827587,2.79174441842861,0,0,0,0,0,1.0,1.0,-1.0,4.0,1.0,-4.0,4.0,1.0,-4.0,0.0,0.0,0.0,1.0,1.0,-1.0
2004-08-30,0.0,0.0,0.0,0.0,0.0,0.0,CG,0.0,0.0,105.20910209102091,472.9054213088032,1.3862238622386225,2.7904494286518435,0,0,0,0,0,0.0,1.0,0.0,0.0,4.0,0.0,0.0,4.0,0.0,0.0,0.0,0.0,0.0,1.0,0.0
2004-09-06,0.0,0.0,0.0,0.0,0.0,0.0,CG,0.0,0.0,105.07985257985258,472.6288780283634,1.3845208845208845,2.7891559831926394,0,0,0,0,0,0.0,0.0,0.0,0.0,0.0,0.0,0.0,0.0,0.0,0.0,0.0,0.0,0.0,0.0,0.0
2004-09-13,0.0,0.0,0.0,0.0,0.0,0.0,CG,0.0,0.0,104.95092024539878,472.3528176272531,1.3828220858895706,2.787864080123232,0,0,0,0,0,0.0,0.0,0.0,0.0,0.0,0.0,0.0,0.0,0.0,0.0,0.0,0.0,0.0,0.0,0.0
2004-09-20,1.0,16.0,0.0,0.0,1.0,1.0,CG,16.0,0.0,104.82230392156863,472.0772387074021,1.3811274509803921,2.7865737175109557,0,0,0,0,0,0.0,0.0,1.0,0.0,0.0,16.0,0.0,0.0,16.0,0.0,0.0,0.0,0.0,0.0,1.0
2004-09-27,0.0,0.0,0.0,0.0,0.0,0.0,CG,0.0,0.0,104.71358629130967,471.79812090158305,1.3806609547123623,2.7848976560657253,0,0,0,0,0,1.0,0.0,-1.0,16.0,0.0,-16.0,16.0,0.0,-16.0,0.0,0.0,0.0,1.0,0.0,-1.0
2004-10-04,0.0,0.0,0.0,0.0,0.0,0.0,CG,0.0,0.0,104.58557457212714,471.52350867015815,1.3789731051344742,2.783611405539237,0,0,0,0,0,0.0,1.0,0.0,0.0,16.0,0.0,0.0,16.0,0.0,0.0,0.0,0.0,0.0,1.0,0.0
2004-10-11,2.0,76.0,0.0,0.0,2.0,2.0,CG,38.0,0.0,104.45787545787546,471.24937373471215,1.3772893772893773,2.782326686030338,0,0,0,0,0,0.0,0.0,2.0,0.0,0.0,76.0,0.0,0.0,38.0,0.0,0.0,0.0,0.0,0.0,2.0
2004-10-18,0.0,0.0,0.0,0.0,0.0,0.0,CG,0.0,0.0,104.42317073170732,470.9626363469473,1.3780487804878048,2.780712586453346,0,0,0,0,0,2.0,0.0,-2.0,76.0,0.0,-76.0,38.0,0.0,-38.0,0.0,0.0,0.0,2.0,0.0,-2.0
2004-10-25,0.0,0.0,0.0,0.0,0.0,0.0,CG,0.0,0.0,104.29598051157126,470.6894852840826,1.3763702801461632,2.779432645965202,0,0,0,0,0,0.0,2.0,0.0,0.0,76.0,0.0,0.0,38.0,0.0,0.0,0.0,0.0,0.0,2.0,0.0
2004-11-01,1.0,10.0,0.0,0.0,1.0,1.0,CG,10.0,0.0,104.169099756691,470.41680729802783,1.3746958637469586,2.778154224298966,0,0,0,0,0,0.0,0.0,1.0,0.0,0.0,10.0,0.0,0.0,10.0,0.0,0.0,0.0,0.0,0.0,1.0
2004-11-08,0.0,0.0,0.0,0.0,0.0,0.0,CG,0.0,0.0,104.0546780072904,470.14203804394975,1.3742405832320779,2.7764945560739323,0,0,0,0,0,1.0,0.0,-1.0,10.0,0.0,-10.0,10.0,0.0,-10.0,0.0,0.0,0.0,1.0,0.0,-1.0
2004-11-15,2.0,5.0,0.0,0.0,2.0,2.0,CG,2.5,0.0,103.92839805825243,469.8703070401595,1.3725728155339805,2.7752201855944825,0,0,0,0,0,0.0,1.0,2.0,0.0,10.0,5.0,0.0,10.0,2.5,0.0,0.0,0.0,0.0,1.0,2.0
2004-11-22,1.0,19.0,0.0,0.0,1.0,1.0,CG,19.0,0.0,103.80848484848485,469.59773601007055,1.3733333333333333,2.7736217020852583,0,0,0,0,0,2.0,0.0,-1.0,5.0,0.0,14.0,2.5,0.0,16.5,0.0,0.0,0.0,2.0,0.0,-1.0
2004-11-29,1.0,62.0,0.0,0.0,1.0,1.0,CG,62.0,0.0,103.70581113801452,469.32232189919995,1.3728813559322033,2.771970646215845,0,0,0,0,0,1.0,2.0,0.0,19.0,5.0,43.0,19.0,2.5,43.0,0.0,0.0,0.0,1.0,2.0,0.0
2004-12-06,1.0,7.0,0.0,0.0,1.0,1.0,CG,7.0,0.0,103.65538089480049,469.04038451347225,1.3724304715840387,2.770322534074179,0,0,0,0,0,1.0,1.0,0.0,62.0,19.0,-55.0,62.0,19.0,-55.0,0.0,0.0,0.0,1.0,1.0,0.0
2004-12-13,3.0,105.0,0.0,0.0,3.0,3.0,CG,35.0,0.0,103.53864734299516,468.7687540958203,1.3719806763285025,2.768677356927017,0,0,0,0,0,1.0,1.0,2.0,7.0,62.0,98.0,7.0,62.0,28.0,0.0,0.0,0.0,1.0,1.0,2.0
2004-12-20,0.0,0.0,0.0,0.0,0.0,0.0,CG,0.0,0.0,103.54041013268998,468.4855984054985,1.3739445114595898,2.767582614542568,0,0,0,0,0,3.0,1.0,-3.0,105.0,7.0,-105.0,35.0,7.0,-35.0,0.0,0.0,0.0,3.0,1.0,-3.0
2004-12-27,0.0,0.0,0.0,0.0,0.0,0.0,CG,0.0,0.0,103.41566265060241,468.21674586179705,1.372289156626506,2.7663239926972176,0,0,0,0,0,0.0,3.0,0.0,0.0,105.0,0.0,0.0,35.0,0.0,0.0,0.0,0.0,0.0,3.0,0.0
2005-01-03,0.0,0.0,0.0,0.0,0.0,0.0,CG,0.0,0.0,103.29121540312876,467.94835407271626,1.3706377858002408,2.7650668442155535,0,0,0,0,0,0.0,0.0,0.0,0.0,0.0,0.0,0.0,0.0,0.0,0.0,0.0,0.0,0.0,0.0,0.0
2005-01-10,0.0,0.0,0.0,0.0,0.0,0.0,CG,0.0,0.0,103.1670673076923,467.6804217287746,1.3689903846153846,2.763811167279552,0,0,0,0,0,0.0,0.0,0.0,0.0,0.0,0.0,0.0,0.0,0.0,0.0,0.0,0.0,0.0,0.0,0.0
2005-01-17,1.0,52.0,0.0,0.0,1.0,1.0,CG,52.0,0.0,103.04321728691477,467.4129475256718,1.3673469387755102,2.762556960066855,0,0,0,0,0,0.0,0.0,1.0,0.0,0.0,52.0,0.0,0.0,52.0,0.0,0.0,0.0,0.0,0.0,1.0
2005-01-24,0.0,0.0,0.0,0.0,0.0,0.0,CG,0.0,0.0,102.9820143884892,467.13564706770495,1.3669064748201438,2.7609275671155142,0,0,0,0,0,1.0,0.0,-1.0,52.0,0.0,-52.0,52.0,0.0,-52.0,0.0,0.0,0.0,1.0,0.0,-1.0
2005-01-31,1.0,7.0,0.0,0.0,1.0,1.0,CG,7.0,0.0,102.85868263473054,466.8691081857081,1.3652694610778444,2.7596772858919034,0,0,0,0,0,0.0,1.0,1.0,0.0,52.0,7.0,0.0,52.0,7.0,0.0,0.0,0.0,0.0,1.0,1.0
2005-02-07,0.0,0.0,0.0,0.0,0.0,0.0,CG,0.0,0.0,102.74401913875599,466.6012404921969,1.3648325358851674,2.758053222240755,0,0,0,0,0,1.0,0.0,-1.0,7.0,0.0,-7.0,7.0,0.0,-7.0,0.0,0.0,0.0,1.0,0.0,-1.0
2005-02-14,1.0,3.0,0.0,0.0,1.0,1.0,CG,3.0,0.0,102.62126642771804,466.3356120220939,1.3632019115890084,2.7568068474000764,0,0,0,0,0,0.0,1.0,1.0,0.0,7.0,3.0,0.0,7.0,3.0,0.0,0.0,0.0,0.0,1.0,1.0
2005-02-21,0.0,0.0,0.0,0.0,0.0,0.0,CG,0.0,0.0,102.50238663484487,466.0696584391592,1.3627684964200477,2.7551880847635997,0,0,0,0,0,1.0,0.0,-1.0,3.0,0.0,-3.0,3.0,0.0,-3.0,0.0,0.0,0.0,1.0,0.0,-1.0
2005-02-28,0.0,0.0,0.0,0.0,0.0,0.0,CG,0.0,0.0,102.38021454112038,465.8049333494126,1.3611442193087009,2.753945596829701,0,0,0,0,0,0.0,1.0,0.0,0.0,3.0,0.0,0.0,3.0,0.0,0.0,0.0,0.0,0.0,1.0,0.0
2005-03-07,0.0,0.0,0.0,0.0,0.0,0.0,CG,0.0,0.0,102.25833333333334,465.5406573279583,1.3595238095238096,2.752704555760337,0,0,0,0,0,0.0,0.0,0.0,0.0,0.0,0.0,0.0,0.0,0.0,0.0,0.0,0.0,0.0,0.0,0.0
2005-03-14,1.0,30.0,0.0,0.0,1.0,1.0,CG,30.0,0.0,102.13674197384067,465.2768291113839,1.3579072532699168,2.751464959748015,0,0,0,0,0,0.0,0.0,1.0,0.0,0.0,30.0,0.0,0.0,30.0,0.0,0.0,0.0,0.0,0.0,1.0
2005-03-21,0.0,0.0,0.0,0.0,0.0,0.0,CG,0.0,0.0,102.05106888361045,465.00677095301495,1.3574821852731591,2.749856306316706,0,0,0,0,0,1.0,0.0,-1.0,30.0,0.0,-30.0,30.0,0.0,-30.0,0.0,0.0,0.0,1.0,0.0,-1.0
2005-03-28,2.0,41.0,0.0,0.0,2.0,1.0,CG,20.5,0.0,101.9300118623962,464.74384801144924,1.3558718861209964,2.7486205640184354,0,0,0,0,0,0.0,1.0,2.0,0.0,30.0,41.0,0.0,30.0,20.5,0.0,0.0,0.0,0.0,1.0,1.0
2005-04-04,0.0,0.0,0.0,0.0,0.0,0.0,CG,0.0,0.0,101.85781990521328,464.4728525642205,1.3566350710900474,2.747079295239224,0,0,0,0,0,2.0,0.0,-2.0,41.0,0.0,-41.0,20.5,0.0,-20.5,0.0,0.0,0.0,1.0,0.0,-1.0
2005-04-11,0.0,0.0,0.0,0.0,0.0,0.0,CG,0.0,0.0,101.73727810650888,464.21083428539004,1.3550295857988166,2.745848034187029,0,0,0,0,0,0.0,2.0,0.0,0.0,41.0,0.0,0.0,20.5,0.0,0.0,0.0,0.0,0.0,1.0,0.0
2005-04-18,0.0,0.0,0.0,0.0,0.0,0.0,CG,0.0,0.0,101.61702127659575,463.9492574719241,1.3534278959810875,2.744618200046345,0,0,0,0,0,0.0,0.0,0.0,0.0,0.0,0.0,0.0,0.0,0.0,0.0,0.0,0.0,0.0,0.0,0.0
2005-04-25,0.0,0.0,0.0,0.0,0.0,0.0,CG,0.0,0.0,101.49704840613931,463.68812089014597,1.3518299881936247,2.7433897910304172,0,0,0,0,0,0.0,0.0,0.0,0.0,0.0,0.0,0.0,0.0,0.0,0.0,0.0,0.0,0.0,0.0,0.0
2005-05-02,0.0,0.0,0.0,0.0,0.0,0.0,CG,0.0,0.0,101.37735849056604,463.4274233111797,1.3502358490566038,2.7421628053489444,0,0,0,0,0,0.0,0.0,0.0,0.0,0.0,0.0,0.0,0.0,0.0,0.0,0.0,0.0,0.0,0.0,0.0
2005-05-09,0.0,0.0,0.0,0.0,0.0,0.0,CG,0.0,0.0,101.25795053003533,463.167163510926,1.3486454652532391,2.740937241208161,0,0,0,0,0,0.0,0.0,0.0,0.0,0.0,0.0,0.0,0.0,0.0,0.0,0.0,0.0,0.0,0.0,0.0
2005-05-16,0.0,0.0,0.0,0.0,0.0,0.0,CG,0.0,0.0,101.13882352941177,462.9073402700389,1.3470588235294119,2.739713096810916,0,0,0,0,0,0.0,0.0,0.0,0.0,0.0,0.0,0.0,0.0,0.0,0.0,0.0,0.0,0.0,0.0,0.0
2005-05-23,1.0,25.0,0.0,0.0,1.0,1.0,CG,25.0,0.0,101.01997649823737,462.6479523739017,1.345475910693302,2.7384903703567556,0,0,0,0,0,0.0,0.0,1.0,0.0,0.0,25.0,0.0,0.0,25.0,0.0,0.0,0.0,0.0,0.0,1.0
2005-05-30,0.0,0.0,0.0,0.0,0.0,0.0,CG,0.0,0.0,100.93075117370893,462.3833811932099,1.3450704225352113,2.7369065058614734,0,0,0,0,0,1.0,0.0,-1.0,25.0,0.0,-25.0,25.0,0.0,-25.0,0.0,0.0,0.0,1.0,0.0,-1.0
2005-06-06,0.0,0.0,0.0,0.0,0.0,0.0,CG,0.0,0.0,100.81242672919109,462.1248713279292,1.343493552168816,2.7356875501996827,0,0,0,0,0,0.0,1.0,0.0,0.0,25.0,0.0,0.0,25.0,0.0,0.0,0.0,0.0,0.0,1.0,0.0
2005-06-13,0.0,0.0,0.0,0.0,0.0,0.0,CG,0.0,0.0,100.6943793911007,461.86679315851813,1.3419203747072599,2.7344700039180636,0,0,0,0,0,0.0,0.0,0.0,0.0,0.0,0.0,0.0,0.0,0.0,0.0,0.0,0.0,0.0,0.0,0.0
2005-06-20,0.0,0.0,0.0,0.0,0.0,0.0,CG,0.0,0.0,100.5766081871345,461.60914548918424,1.3403508771929824,2.733253865218036,0,0,0,0,0,0.0,0.0,0.0,0.0,0.0,0.0,0.0,0.0,0.0,0.0,0.0,0.0,0.0,0.0,0.0
2005-06-27,1.0,9.0,0.0,0.0,1.0,1.0,CG,9.0,0.0,100.45911214953271,461.35192712874795,1.338785046728972,2.7320391322980218,0,0,0,0,0,0.0,0.0,1.0,0.0,0.0,9.0,0.0,0.0,9.0,0.0,0.0,0.0,0.0,0.0,1.0
2005-07-04,1.0,47.0,0.0,0.0,1.0,1.0,CG,47.0,0.0,100.35239206534422,461.09295135244855,1.338389731621937,2.730467373345412,0,0,0,0,0,1.0,0.0,0.0,9.0,0.0,38.0,9.0,0.0,38.0,0.0,0.0,0.0,1.0,0.0,0.0
2005-07-11,0.0,0.0,0.0,0.0,0.0,0.0,CG,0.0,0.0,100.29020979020979,460.8274567031907,1.337995337995338,2.7288983231922197,0,0,0,0,0,1.0,1.0,-1.0,47.0,9.0,-47.0,47.0,9.0,-47.0,0.0,0.0,0.0,1.0,1.0,-1.0
2005-07-18,1.0,13.0,0.0,0.0,1.0,1.0,CG,13.0,0.0,100.17345750873108,460.5715426164556,1.3364377182770664,2.727689643610944,0,0,0,0,0,0.0,1.0,1.0,0.0,47.0,13.0,0.0,47.0,13.0,0.0,0.0,0.0,0.0,1.0,1.0
2005-07-25,0.0,0.0,0.0,0.0,0.0,0.0,CG,0.0,0.0,100.07209302325582,460.3129769034783,1.336046511627907,2.7261256089949515,0,0,0,0,0,1.0,0.0,-1.0,13.0,0.0,-13.0,13.0,0.0,-13.0,0.0,0.0,0.0,1.0,0.0,-1.0
2005-08-01,0.0,0.0,0.0,0.0,0.0,0.0,CG,0.0,0.0,99.95586527293844,460.0579163778772,1.3344947735191637,2.7249206314932874,0,0,0,0,0,0.0,1.0,0.0,0.0,13.0,0.0,0.0,13.0,0.0,0.0,0.0,0.0,0.0,1.0,0.0
2005-08-08,0.0,0.0,0.0,0.0,0.0,0.0,CG,0.0,0.0,99.83990719257541,459.80327802213236,1.3329466357308584,2.72371703978743,0,0,0,0,0,0.0,0.0,0.0,0.0,0.0,0.0,0.0,0.0,0.0,0.0,0.0,0.0,0.0,0.0,0.0
2005-08-15,0.0,0.0,0.0,0.0,0.0,0.0,CG,0.0,0.0,99.72421784472769,459.54906067709027,1.3314020857473927,2.722514832097951,0,0,0,0,0,0.0,0.0,0.0,0.0,0.0,0.0,0.0,0.0,0.0,0.0,0.0,0.0,0.0,0.0,0.0
2005-08-22,0.0,0.0,0.0,0.0,0.0,0.0,CG,0.0,0.0,99.60879629629629,459.2952631880301,1.3298611111111112,2.7213140066427663,0,0,0,0,0,0.0,0.0,0.0,0.0,0.0,0.0,0.0,0.0,0.0,0.0,0.0,0.0,0.0,0.0,0.0
2005-08-29,0.0,0.0,0.0,0.0,0.0,0.0,CG,0.0,0.0,99.49364161849711,459.04188440464213,1.3283236994219654,2.7201145616372027,0,0,0,0,0,0.0,0.0,0.0,0.0,0.0,0.0,0.0,0.0,0.0,0.0,0.0,0.0,0.0,0.0,0.0
2005-09-05,0.0,0.0,0.0,0.0,0.0,0.0,CG,0.0,0.0,99.37875288683603,458.78892318100634,1.3267898383371826,2.7189164952940685,0,0,0,0,0,0.0,0.0,0.0,0.0,0.0,0.0,0.0,0.0,0.0,0.0,0.0,0.0,0.0,0.0,0.0
2005-09-12,0.0,0.0,0.0,0.0,0.0,0.0,CG,0.0,0.0,99.2641291810842,458.5363783755708,1.3252595155709344,2.71771980582372,0,0,0,0,0,0.0,0.0,0.0,0.0,0.0,0.0,0.0,0.0,0.0,0.0,0.0,0.0,0.0,0.0,0.0
2005-09-19,0.0,0.0,0.0,0.0,0.0,0.0,CG,0.0,0.0,99.14976958525345,458.2842488511304,1.3237327188940091,2.7165244914341318,0,0,0,0,0,0.0,0.0,0.0,0.0,0.0,0.0,0.0,0.0,0.0,0.0,0.0,0.0,0.0,0.0,0.0
2005-09-26,1.0,2.0,0.0,0.0,1.0,1.0,CG,2.0,0.0,99.03567318757192,458.0325334748059,1.3222094361334868,2.7153305503309606,0,0,0,0,0,0.0,0.0,1.0,0.0,0.0,2.0,0.0,0.0,2.0,0.0,0.0,0.0,0.0,0.0,1.0
2005-10-03,1.0,15.0,0.0,0.0,1.0,1.0,CG,15.0,0.0,98.92413793103448,457.7807388097551,1.3218390804597702,2.713789756362695,0,0,0,0,0,1.0,0.0,0.0,2.0,0.0,13.0,2.0,0.0,13.0,0.0,0.0,0.0,1.0,0.0,0.0
2005-10-10,1.0,2.0,0.0,0.0,1.0,1.0,CG,2.0,0.0,98.82778415614237,457.5264079654572,1.3214695752009185,2.7122515817055177,0,0,0,0,0,1.0,1.0,0.0,15.0,2.0,-13.0,15.0,2.0,-13.0,0.0,0.0,0.0,1.0,1.0,0.0
2005-10-17,2.0,3.0,0.0,0.0,2.0,1.0,CG,1.5,0.0,98.71674311926606,457.2754448003897,1.3211009174311927,2.710716018948459,0,0,0,0,0,1.0,1.0,1.0,2.0,15.0,1.0,2.0,15.0,-0.5,0.0,0.0,0.0,1.0,1.0,0.0
2005-10-24,1.0,1.0,0.0,0.0,1.0,1.0,CG,1.0,0.0,98.60710194730814,457.0246518303987,1.3218785796105383,2.7092587003502784,0,0,0,0,0,2.0,1.0,-1.0,3.0,2.0,-2.0,1.5,2.0,-0.5,0.0,0.0,0.0,1.0,1.0,0.0
2005-10-31,4.0,46.0,1.0,0.0,3.0,3.0,CG,11.5,0.25,98.4954233409611,456.7747539099548,1.3215102974828374,2.7077284508573385,0,0,0,0,0,1.0,2.0,3.0,1.0,3.0,45.0,1.0,1.5,10.5,0.0,0.0,0.25,1.0,1.0,2.0
2005-11-07,1.0,3.0,0.0,0.0,1.0,1.0,CG,3.0,0.0,98.43542857142857,456.51681578141915,1.3245714285714285,2.7076934449987,0,0,0,0,0,4.0,1.0,-3.0,46.0,1.0,-43.0,11.5,1.0,-8.5,0.25,0.0,-0.25,3.0,1.0,-2.0
2005-11-14,0.0,0.0,0.0,0.0,0.0,0.0,CG,0.0,0.0,98.32648401826484,456.2672683236322,1.3242009132420092,2.706167968736663,0,0,0,0,0,1.0,4.0,-1.0,3.0,46.0,-3.0,3.0,11.5,-3.0,0.0,0.25,0.0,1.0,3.0,-1.0
2005-11-21,0.0,0.0,0.0,0.0,0.0,0.0,CG,0.0,0.0,98.21436716077537,456.01885487707045,1.322690992018244,2.7049925196047035,0,0,0,0,0,0.0,1.0,0.0,0.0,3.0,0.0,0.0,3.0,0.0,0.0,0.0,0.0,0.0,1.0,0.0
2005-11-28,0.0,0.0,0.0,0.0,0.0,0.0,CG,0.0,0.0,98.10250569476082,455.77084548806647,1.3211845102505695,2.7038184005424886,0,0,0,0,0,0.0,0.0,0.0,0.0,0.0,0.0,0.0,0.0,0.0,0.0,0.0,0.0,0.0,0.0,0.0
2005-12-05,1.0,2.0,0.0,0.0,1.0,1.0,CG,2.0,0.0,97.99089874857793,455.52323906621217,1.3196814562002275,2.7026456098592977,0,0,0,0,0,0.0,0.0,1.0,0.0,0.0,2.0,0.0,0.0,2.0,0.0,0.0,0.0,0.0,0.0,1.0
2005-12-12,3.0,4.0,0.0,0.0,3.0,2.0,CG,1.3333333333333333,0.0,97.88181818181818,455.27555034865236,1.3193181818181818,2.70112932832931,0,0,0,0,0,1.0,0.0,2.0,2.0,0.0,2.0,2.0,0.0,-0.6666666666666667,0.0,0.0,0.0,1.0,0.0,1.0
2005-12-19,0.0,0.0,0.0,0.0,0.0,0.0,CG,0.0,0.0,97.77525539160045,455.02779073541643,1.3212258796821794,2.7001879303388625,0,0,0,0,0,3.0,1.0,-3.0,4.0,2.0,-4.0,1.3333333333333333,2.0,-1.3333333333333333,0.0,0.0,0.0,2.0,1.0,-2.0
2005-12-26,1.0,61.0,0.0,0.0,1.0,1.0,CG,61.0,0.0,97.66439909297053,454.78138922871335,1.3197278911564625,2.6990217117616147,0,0,0,0,0,0.0,3.0,1.0,0.0,4.0,61.0,0.0,1.3333333333333333,61.0,0.0,0.0,0.0,0.0,2.0,1.0
2006-01-02,0.0,0.0,0.0,0.0,0.0,0.0,CG,0.0,0.0,97.62287655719139,454.52517824869807,1.319365798414496,2.6975126791215787,0,0,0,0,0,1.0,0.0,-1.0,61.0,0.0,-61.0,61.0,0.0,-61.0,0.0,0.0,0.0,1.0,0.0,-1.0
2006-01-09,0.0,0.0,0.0,0.0,0.0,0.0,CG,0.0,0.0,97.51244343891403,454.27959578585927,1.3178733031674208,2.696349951287375,0,0,0,0,0,0.0,1.0,0.0,0.0,61.0,0.0,0.0,61.0,0.0,0.0,0.0,0.0,0.0,1.0,0.0
2006-01-16,1.0,8.0,1.0,0.0,0.0,1.0,CG,8.0,1.0,97.40225988700566,454.03440975740574,1.3163841807909604,2.695188529528914,0,0,0,0,0,0.0,0.0,1.0,0.0,0.0,8.0,0.0,0.0,8.0,0.0,0.0,1.0,0.0,0.0,1.0
2006-01-23,1.0,7.0,0.0,0.0,1.0,1.0,CG,7.0,0.0,97.30135440180587,453.78776061257895,1.3160270880361173,2.6936863648230798,0,0,0,0,0,1.0,0.0,0.0,8.0,0.0,-1.0,8.0,0.0,-1.0,1.0,0.0,-1.0,1.0,0.0,0.0
2006-01-30,0.0,0.0,0.0,0.0,0.0,0.0,CG,0.0,0.0,97.19954904171364,453.54173538212626,1.3156708004509583,2.692186708420348,0,0,0,0,0,1.0,1.0,-1.0,7.0,8.0,-7.0,7.0,8.0,-7.0,0.0,1.0,0.0,1.0,1.0,-1.0
2006-02-06,3.0,4.0,0.0,0.0,3.0,2.0,CG,1.3333333333333333,0.0,97.09009009009009,453.2977384415278,1.3141891891891893,2.691030911918733,0,0,0,0,0,0.0,1.0,3.0,0.0,7.0,4.0,0.0,7.0,1.3333333333333333,0.0,0.0,0.0,0.0,1.0,2.0
2006-02-13,0.0,0.0,0.0,0.0,0.0,0.0,CG,0.0,0.0,96.98537682789652,453.05318932051404,1.3160854893138358,2.6901095077811474,0,0,0,0,0,3.0,0.0,-3.0,4.0,0.0,-4.0,1.3333333333333333,0.0,-1.3333333333333333,0.0,0.0,0.0,2.0,0.0,-2.0
2006-02-20,0.0,0.0,0.0,0.0,0.0,0.0,CG,0.0,0.0,96.87640449438203,452.8099773587224,1.3146067415730338,2.688957988612213,0,0,0,0,0,0.0,3.0,0.0,0.0,4.0,0.0,0.0,1.3333333333333333,0.0,0.0,0.0,0.0,0.0,2.0,0.0
2006-02-27,0.0,0.0,0.0,0.0,0.0,0.0,CG,0.0,0.0,96.76767676767676,452.5671554973179,1.3131313131313131,2.687807753716724,0,0,0,0,0,0.0,0.0,0.0,0.0,0.0,0.0,0.0,0.0,0.0,0.0,0.0,0.0,0.0,0.0,0.0
2006-03-06,1.0,4.0,0.0,0.0,1.0,1.0,CG,4.0,0.0,96.65919282511211,452.32472269806556,1.311659192825112,2.6866588014845534,0,0,0,0,0,0.0,0.0,1.0,0.0,0.0,4.0,0.0,0.0,4.0,0.0,0.0,0.0,0.0,0.0,1.0
2006-03-13,0.0,0.0,0.0,0.0,0.0,0.0,CG,0.0,0.0,96.55543113101903,452.08174003224434,1.3113101903695408,2.6851726583673496,0,0,0,0,0,1.0,0.0,-1.0,4.0,0.0,-4.0,4.0,0.0,-4.0,0.0,0.0,0.0,1.0,0.0,-1.0
2006-03-20,0.0,0.0,0.0,0.0,0.0,0.0,CG,0.0,0.0,96.44742729306488,451.840083877857,1.3098434004474273,2.684027112977491,0,0,0,0,0,0.0,1.0,0.0,0.0,4.0,0.0,0.0,4.0,0.0,0.0,0.0,0.0,0.0,1.0,0.0
2006-03-27,0.0,0.0,0.0,0.0,0.0,0.0,CG,0.0,0.0,96.33966480446928,451.5988136893348,1.3083798882681563,2.6828828427073566,0,0,0,0,0,0.0,0.0,0.0,0.0,0.0,0.0,0.0,0.0,0.0,0.0,0.0,0.0,0.0,0.0,0.0
2006-04-03,1.0,5.0,0.0,0.0,1.0,1.0,CG,5.0,0.0,96.23214285714286,451.357928443751,1.3069196428571428,2.681739845950153,0,0,0,0,0,0.0,0.0,1.0,0.0,0.0,5.0,0.0,0.0,5.0,0.0,0.0,0.0,0.0,0.0,1.0
2006-04-10,1.0,2.0,1.0,0.0,0.0,1.0,CG,2.0,1.0,96.1304347826087,451.11626893929235,1.306577480490524,2.6802625123099597,0,0,0,0,0,1.0,0.0,0.0,5.0,0.0,-3.0,5.0,0.0,-3.0,0.0,0.0,1.0,1.0,0.0,0.0
2006-04-17,0.0,0.0,0.0,0.0,0.0,0.0,CG,0.0,0.0,96.02561247216036,450.87568261283116,1.3062360801781736,2.6787876169893257,0,0,0,0,0,1.0,1.0,-1.0,2.0,5.0,-2.0,2.0,5.0,-2.0,1.0,0.0,-1.0,1.0,1.0,-1.0
2006-04-24,1.0,2.0,0.0,0.0,1.0,1.0,CG,2.0,0.0,95.91879866518353,450.6359488904631,1.3047830923248054,2.6776501001231137,0,0,0,0,0,0.0,1.0,1.0,0.0,2.0,2.0,0.0,2.0,2.0,0.0,1.0,0.0,0.0,1.0,1.0
2006-05-01,3.0,17.0,0.0,0.0,3.0,2.0,CG,5.666666666666667,0.0,95.81444444444445,450.39612772670995,1.3044444444444445,2.6761797315862985,0,0,0,0,0,1.0,0.0,2.0,2.0,0.0,15.0,2.0,0.0,3.666666666666667,0.0,0.0,0.0,1.0,0.0,1.0
2006-05-08,0.0,0.0,0.0,0.0,0.0,0.0,CG,0.0,0.0,95.72697003329634,450.15349583920084,1.3063263041065483,2.6752889646762354,0,0,0,0,0,3.0,1.0,-3.0,17.0,2.0,-17.0,5.666666666666667,2.0,-5.666666666666667,0.0,0.0,0.0,2.0,1.0,-2.0
2006-05-15,1.0,3.0,0.0,0.0,1.0,1.0,CG,3.0,0.0,95.62084257206209,449.9149091188887,1.3048780487804879,2.6741576902795,0,0,0,0,0,0.0,3.0,1.0,0.0,17.0,3.0,0.0,5.666666666666667,3.0,0.0,0.0,0.0,0.0,2.0,1.0
2006-05-22,2.0,3.0,0.0,0.0,2.0,1.0,CG,1.5,0.0,95.51827242524917,449.6760048817519,1.3045404208194906,2.6726941870703027,0,0,0,0,0,1.0,0.0,1.0,3.0,0.0,0.0,3.0,0.0,-1.5,0.0,0.0,0.0,1.0,0.0,0.0
2006-05-29,0.0,0.0,0.0,0.0,0.0,0.0,CG,0.0,0.0,95.41592920353982,449.43747985149116,1.3053097345132743,2.6713140248483387,0,0,0,0,0,2.0,1.0,-2.0,3.0,3.0,-3.0,1.5,3.0,-1.5,0.0,0.0,0.0,1.0,1.0,-1.0
2006-06-05,3.0,4.0,0.0,0.0,3.0,2.0,CG,1.3333333333333333,0.0,95.31049723756907,449.20002609146286,1.3038674033149171,2.670188681164338,0,0,0,0,0,0.0,2.0,3.0,0.0,3.0,4.0,0.0,1.5,1.3333333333333333,0.0,0.0,0.0,0.0,1.0,2.0
2006-06-12,3.0,8.0,0.0,0.0,3.0,2.0,CG,2.6666666666666665,0.0,95.20971302428256,448.9620296173714,1.3057395143487858,2.6693078860700563,0,0,0,0,0,3.0,0.0,0.0,4.0,0.0,4.0,1.3333333333333333,0.0,1.3333333333333333,0.0,0.0,0.0,2.0,0.0,0.0
2006-06-19,2.0,2.0,0.0,0.0,2.0,1.0,CG,1.0,0.0,95.1135611907387,448.7235333536981,1.3076074972436604,2.6684274350287995,0,0,0,0,0,3.0,3.0,-1.0,8.0,4.0,-6.0,2.6666666666666665,1.3333333333333333,-1.6666666666666665,0.0,0.0,0.0,2.0,2.0,-1.0
2006-06-26,3.0,3.0,0.0,0.0,3.0,1.0,CG,1.0,0.0,95.01101321585904,448.48674373414485,1.3083700440528634,2.6670549949011413,0,0,0,0,0,2.0,3.0,1.0,2.0,8.0,1.0,1.0,2.6666666666666665,0.0,0.0,0.0,0.0,1.0,2.0,0.0
2006-07-03,3.0,4.0,0.0,0.0,3.0,3.0,CG,1.3333333333333333,0.0,94.9097909790979,448.2501005536103,1.3102310231023102,2.666176388102002,0,0,0,0,0,3.0,2.0,0.0,3.0,2.0,1.0,1.0,1.0,0.33333333333333326,0.0,0.0,0.0,1.0,1.0,2.0
2006-07-10,3.0,3.0,0.0,0.0,3.0,1.0,CG,1.0,0.0,94.8098901098901,448.0136064242267,1.312087912087912,2.665298129229732,0,0,0,0,0,3.0,3.0,0.0,4.0,3.0,-1.0,1.3333333333333333,1.0,-0.33333333333333326,0.0,0.0,0.0,3.0,1.0,-2.0
2006-07-17,2.0,5.0,0.0,0.0,2.0,2.0,CG,2.5,0.0,94.70911086717892,447.77770916939204,1.313940724478595,2.6644202207921475,0,0,0,0,0,3.0,3.0,-1.0,3.0,4.0,2.0,1.0,1.3333333333333333,1.5,0.0,0.0,0.0,1.0,3.0,1.0
2006-07-24,1.0,1.0,0.0,0.0,1.0,1.0,CG,1.0,0.0,94.61074561403508,447.5417387457075,1.3146929824561404,2.663054359666972,0,0,0,0,0,2.0,3.0,-1.0,5.0,3.0,-4.0,2.5,1.0,-1.5,0.0,0.0,0.0,2.0,1.0,-1.0
2006-07-31,3.0,36.0,1.0,0.0,2.0,2.0,CG,12.0,0.3333333333333333,94.50821467688938,447.3070374283011,1.3143483023001095,2.661614327866996,0,0,0,0,0,1.0,2.0,2.0,1.0,5.0,35.0,1.0,2.5,11.0,0.0,0.0,0.3333333333333333,1.0,2.0,1.0
2006-08-07,1.0,1.0,0.0,0.0,1.0,1.0,CG,1.0,0.0,94.44420131291028,447.066193577085,1.3161925601750548,2.660740566377268,0,0,0,0,0,3.0,1.0,-2.0,36.0,1.0,-35.0,12.0,1.0,-11.0,0.3333333333333333,0.0,-0.3333333333333333,2.0,1.0,-1.0
2006-08-14,1.0,6.0,0.0,0.0,1.0,1.0,CG,6.0,0.0,94.34207650273224,446.8322394945342,1.3158469945355191,2.6593051647109345,0,0,0,0,0,1.0,3.0,0.0,1.0,36.0,5.0,1.0,12.0,5.0,0.0,0.3333333333333333,0.0,1.0,2.0,0.0
2006-08-21,1.0,1.0,0.0,0.0,1.0,1.0,CG,1.0,0.0,94.24563318777292,446.59754101664305,1.3155021834061136,2.657872083045251,0,0,0,0,0,1.0,1.0,0.0,6.0,1.0,-5.0,6.0,1.0,-5.0,0.0,0.0,0.0,1.0,1.0,0.0
2006-08-28,1.0,1.0,0.0,0.0,1.0,1.0,CG,1.0,0.0,94.14394765539804,446.3643196918923,1.3151581243184296,2.656441315138972,0,0,0,0,0,1.0,1.0,0.0,1.0,6.0,0.0,1.0,6.0,0.0,0.0,0.0,0.0,1.0,1.0,0.0
2006-09-04,3.0,3.0,1.0,0.0,2.0,2.0,CG,1.0,0.3333333333333333,94.04248366013071,446.13146238124796,1.3148148148148149,2.655012854774329,0,0,0,0,1,1.0,1.0,2.0,1.0,1.0,2.0,1.0,1.0,0.0,0.0,0.0,0.3333333333333333,1.0,1.0,1.0
2006-09-11,0.0,0.0,0.0,0.0,0.0,0.0,CG,0.0,0.0,93.94341675734493,445.89851891386286,1.3166485310119695,2.6541485752608867,0,0,0,0,0,3.0,1.0,-3.0,3.0,1.0,-3.0,1.0,1.0,-1.0,0.3333333333333333,0.0,-0.3333333333333333,2.0,1.0,-2.0
2006-09-18,0.0,0.0,0.0,0.0,0.0,0.0,CG,0.0,0.0,93.84130434782608,445.6666154573685,1.315217391304348,2.6530592841683767,0,0,0,0,1,0.0,3.0,0.0,0.0,3.0,0.0,0.0,1.0,0.0,0.0,0.3333333333333333,0.0,0.0,2.0,0.0
2006-09-25,3.0,3.0,0.0,0.0,3.0,1.0,CG,1.0,0.0,93.73941368078177,445.4350724405191,1.3137893593919652,2.6519711444950693,0,0,0,0,0,0.0,0.0,3.0,0.0,0.0,3.0,0.0,0.0,1.0,0.0,0.0,0.0,0.0,0.0,1.0
2006-10-02,0.0,0.0,0.0,0.0,0.0,0.0,CG,0.0,0.0,93.6409978308026,445.203214796365,1.3156182212581344,2.6511127071288367,0,0,0,1,0,3.0,0.0,-3.0,3.0,0.0,-3.0,1.0,0.0,-1.0,0.0,0.0,0.0,1.0,0.0,-1.0
2006-10-09,1.0,1.0,0.0,0.0,1.0,1.0,CG,1.0,0.0,93.53954496208017,444.97239099637784,1.314192849404117,2.650028460059349,0,0,0,0,1,0.0,3.0,1.0,0.0,3.0,1.0,0.0,1.0,1.0,0.0,0.0,0.0,0.0,1.0,1.0
2006-10-16,3.0,4.0,0.0,0.0,3.0,1.0,CG,1.3333333333333333,0.0,93.43939393939394,444.74169844764236,1.3138528138528138,2.64861268781956,0,0,1,1,1,1.0,0.0,2.0,1.0,0.0,3.0,1.0,0.0,0.33333333333333326,0.0,0.0,0.0,1.0,0.0,0.0
2006-10-23,2.0,1.0,0.0,0.0,2.0,1.0,CG,0.5,0.0,93.34270270270271,444.5106998688357,1.3156756756756758,2.6477595492473704,0,1,0,0,0,3.0,1.0,-1.0,4.0,1.0,-3.0,1.3333333333333333,1.0,-0.8333333333333333,0.0,0.0,0.0,1.0,1.0,0.0
2006-10-30,5.0,4.0,0.0,0.0,5.0,2.0,CG,0.8,0.0,93.24298056155507,444.28072246731506,1.316414686825054,2.646423491014785,1,0,1,0,0,2.0,3.0,3.0,1.0,4.0,3.0,0.5,1.3333333333333333,0.30000000000000004,0.0,0.0,0.0,1.0,1.0,1.0
2006-11-06,2.0,2.0,0.0,0.0,2.0,2.0,CG,1.0,0.0,93.14670981661273,444.0504393735528,1.3203883495145632,2.6477596912293824,0,1,0,1,0,5.0,2.0,-3.0,4.0,1.0,-2.0,0.8,0.5,0.19999999999999996,0.0,0.0,0.0,2.0,1.0,0.0
2006-11-13,4.0,10.0,0.0,2.0,2.0,2.0,CG,2.5,0.0,93.04849137931035,443.82095092615987,1.3211206896551724,2.6464252077548513,1,0,0,1,0,2.0,5.0,2.0,2.0,4.0,8.0,1.0,0.8,1.5,0.0,0.0,0.0,2.0,2.0,0.0
2006-11-20,3.0,136.0,1.0,0.0,2.0,2.0,CG,45.333333333333336,0.3333333333333333,92.95909580193756,443.5901271570979,1.3240043057050592,2.6464588213469136,0,0,1,0,0,4.0,2.0,-1.0,10.0,2.0,126.0,2.5,1.0,42.833333333333336,0.0,0.0,0.3333333333333333,2.0,2.0,0.0
2006-11-27,1.0,1.0,0.0,0.0,1.0,1.0,CG,1.0,0.0,93.00537634408602,443.35356331306014,1.3258064516129033,2.6456049719408052,0,1,1,0,0,3.0,4.0,-2.0,136.0,10.0,-135.0,45.333333333333336,2.5,-44.333333333333336,0.3333333333333333,0.0,-0.3333333333333333,2.0,2.0,-1.0
2006-12-04,5.0,26.0,3.0,0.0,2.0,2.0,CG,5.2,0.6,92.90655209452201,443.1253965465651,1.3254564983888293,2.6442037810031156,1,1,0,0,1,1.0,3.0,4.0,1.0,136.0,25.0,1.0,45.333333333333336,4.2,0.0,0.3333333333333333,0.6,1.0,2.0,1.0
2006-12-11,4.0,6.0,1.0,0.0,3.0,2.0,CG,1.5,0.25,92.83476394849785,442.8927714914345,1.3293991416309012,2.645522830306061,1,0,0,0,0,5.0,1.0,-1.0,26.0,1.0,-20.0,5.2,1.0,-3.7,0.6,0.0,-0.35,2.0,1.0,0.0
2006-12-18,1.0,2.0,0.0,0.0,1.0,1.0,CG,2.0,0.0,92.7416934619507,442.66423293542124,1.332261521972133,2.645548315305246,0,0,0,0,0,4.0,5.0,-3.0,6.0,26.0,-4.0,1.5,5.2,0.5,0.25,0.6,-0.25,2.0,2.0,-1.0
2006-12-25,0.0,0.0,0.0,0.0,0.0,0.0,CG,0.0,0.0,92.64453961456103,442.43690606575456,1.3319057815845825,2.644152521919529,0,0,0,0,0,1.0,4.0,-1.0,2.0,6.0,-2.0,2.0,1.5,-2.0,0.0,0.25,0.0,1.0,2.0,-1.0
2007-01-01,2.0,10.0,0.0,0.0,2.0,1.0,CG,5.0,0.0,92.54545454545455,442.2103714899724,1.33048128342246,2.6430955837627743,0,0,0,1,0,0.0,1.0,2.0,0.0,2.0,10.0,0.0,2.0,5.0,0.0,0.0,0.0,0.0,1.0,1.0
2007-01-08,0.0,0.0,0.0,0.0,0.0,0.0,CG,0.0,0.0,92.45726495726495,441.982067401363,1.3311965811965811,2.641772427994983,0,0,0,0,1,2.0,0.0,-2.0,10.0,0.0,-10.0,5.0,0.0,-5.0,0.0,0.0,0.0,1.0,0.0,-1.0
2007-01-15,1.0,7.0,0.0,0.0,1.0,1.0,CG,7.0,0.0,92.35859124866596,441.75622884050046,1.3297758804695838,2.6407189622810994,0,0,1,0,0,0.0,2.0,1.0,0.0,10.0,7.0,0.0,5.0,7.0,0.0,0.0,0.0,0.0,1.0,1.0
2007-01-22,1.0,1.0,0.0,0.0,1.0,1.0,CG,1.0,0.0,92.26759061833688,441.5292332992185,1.3294243070362473,2.6393314151954823,0,1,0,0,0,1.0,0.0,0.0,7.0,0.0,-6.0,7.0,0.0,-6.0,0.0,0.0,0.0,1.0,0.0,0.0
2007-01-29,6.0,119.0,4.0,0.0,2.0,3.0,CG,19.833333333333332,0.6666666666666666,92.17039403620873,441.3038646996929,1.329073482428115,2.6379460523656655,1,0,0,0,1,1.0,1.0,5.0,1.0,7.0,118.0,1.0,7.0,18.833333333333332,0.0,0.0,0.6666666666666666,1.0,1.0,2.0
2007-02-05,0.0,0.0,0.0,0.0,0.0,0.0,CG,0.0,0.0,92.19893617021276,441.0696841084733,1.3340425531914895,2.640938984571971,0,0,0,1,0,6.0,1.0,-6.0,119.0,1.0,-119.0,19.833333333333332,1.0,-19.833333333333332,0.6666666666666666,0.0,-0.6666666666666666,3.0,1.0,-3.0
2007-02-12,0.0,0.0,0.0,0.0,0.0,0.0,CG,0.0,0.0,92.1009564293305,440.8452560672015,1.332624867162593,2.6398920868857974,0,0,0,0,0,0.0,6.0,0.0,0.0,119.0,0.0,0.0,19.833333333333332,0.0,0.0,0.6666666666666666,0.0,0.0,3.0,0.0
2007-02-19,2.0,3.0,0.0,0.0,2.0,1.0,CG,1.5,0.0,92.0031847133758,440.6211693366947,1.3312101910828025,2.638846240250367,0,0,1,0,0,0.0,0.0,2.0,0.0,0.0,3.0,0.0,0.0,1.5,0.0,0.0,0.0,0.0,0.0,1.0
2007-02-26,0.0,0.0,0.0,0.0,0.0,0.0,CG,0.0,0.0,91.90880169671262,440.39676927931947,1.3319194061505832,2.6375351248654524,0,1,0,1,0,2.0,0.0,-2.0,3.0,0.0,-3.0,1.5,0.0,-1.5,0.0,0.0,0.0,1.0,0.0,-1.0
2007-03-05,5.0,29.0,0.0,0.0,5.0,3.0,CG,5.8,0.0,91.8114406779661,440.1733636539773,1.3305084745762712,2.636492688524042,1,0,0,0,0,0.0,2.0,5.0,0.0,3.0,29.0,0.0,1.5,5.8,0.0,0.0,0.0,0.0,1.0,3.0
2007-03-12,0.0,0.0,0.0,0.0,0.0,0.0,CG,0.0,0.0,91.74497354497355,439.9449040266872,1.3343915343915345,2.6377981547140807,0,0,1,0,0,5.0,0.0,-5.0,29.0,0.0,-29.0,5.8,0.0,-5.8,0.0,0.0,0.0,3.0,0.0,-3.0
2007-03-19,1.0,1.0,0.0,0.0,1.0,1.0,CG,1.0,0.0,91.64799154334038,439.7221847581134,1.3329809725158563,2.636759072419546,0,1,0,0,0,0.0,5.0,1.0,0.0,29.0,1.0,0.0,5.8,1.0,0.0,0.0,0.0,0.0,3.0,1.0
2007-03-26,5.0,7.0,1.0,0.0,4.0,3.0,CG,1.4,0.2,91.55227032734952,439.49958349562917,1.3326293558606124,2.6353872815161483,1,0,0,0,0,1.0,0.0,4.0,1.0,0.0,6.0,1.0,0.0,0.3999999999999999,0.0,0.0,0.2,1.0,0.0,2.0
2007-04-02,1.0,2.0,0.0,0.0,1.0,1.0,CG,2.0,0.0,91.46308016877637,439.27605763675405,1.3364978902953586,2.636687222038164,0,0,0,0,0,5.0,1.0,-4.0,7.0,1.0,-5.0,1.4,1.0,0.6000000000000001,0.2,0.0,-0.2,3.0,1.0,-2.0
2007-04-09,0.0,0.0,0.0,0.0,0.0,0.0,CG,0.0,0.0,91.36880927291887,439.05391540161406,1.3361433087460484,2.6353188352469212,0,0,0,0,0,1.0,5.0,-1.0,2.0,7.0,-2.0,2.0,1.4,-2.0,0.0,0.2,0.0,1.0,3.0,-1.0
2007-04-16,0.0,0.0,0.0,0.0,0.0,0.0,CG,0.0,0.0,91.27263157894737,438.83254255956786,1.3347368421052632,2.6342867107445227,0,0,0,0,0,0.0,1.0,0.0,0.0,2.0,0.0,0.0,2.0,0.0,0.0,0.0,0.0,0.0,1.0,0.0
2007-04-23,1.0,4.0,0.0,0.0,1.0,1.0,CG,4.0,0.0,91.17665615141956,438.6115033432402,1.3333333333333333,2.6332556062257426,0,0,0,0,1,0.0,0.0,1.0,0.0,0.0,4.0,0.0,0.0,4.0,0.0,0.0,0.0,0.0,0.0,1.0
2007-04-30,3.0,3.0,0.0,0.0,3.0,2.0,CG,1.0,0.0,91.08508403361344,438.38994221889817,1.3329831932773109,2.631892948398701,0,0,0,0,0,1.0,0.0,2.0,4.0,0.0,-1.0,4.0,0.0,-3.0,0.0,0.0,0.0,1.0,0.0,1.0
2007-05-07,2.0,3.0,0.0,0.0,2.0,1.0,CG,1.5,0.0,90.99265477439664,438.1689255286504,1.3347324239244491,2.631064494602216,0,0,0,0,0,3.0,1.0,-1.0,3.0,4.0,0.0,1.0,4.0,0.5,0.0,0.0,0.0,2.0,1.0,-1.0
2007-05-14,1.0,5.0,0.0,0.0,1.0,1.0,CG,5.0,0.0,90.90041928721175,437.94824201733906,1.3354297693920336,2.6297719277970346,0,0,0,0,0,2.0,3.0,-1.0,3.0,3.0,2.0,1.5,1.0,3.5,0.0,0.0,0.0,1.0,2.0,0.0
2007-05-21,3.0,31.0,0.0,0.0,3.0,3.0,CG,10.333333333333334,0.0,90.81047120418849,437.72747508911385,1.3350785340314135,2.628415691093901,0,0,0,1,0,1.0,2.0,2.0,5.0,3.0,26.0,5.0,1.5,5.333333333333334,0.0,0.0,0.0,1.0,1.0,2.0
2007-05-28,1.0,1.0,0.0,0.0,1.0,1.0,CG,1.0,0.0,90.7479079497908,437.50251487183334,1.3368200836820083,2.6275910041088424,0,0,0,0,1,3.0,1.0,-2.0,31.0,5.0,-30.0,10.333333333333334,5.0,-9.333333333333334,0.0,0.0,0.0,3.0,1.0,-2.0
2007-06-04,2.0,1.0,0.0,0.0,2.0,2.0,CG,0.5,0.0,90.65412748171369,437.2832595418205,1.336468129571578,2.6262389509500847,0,0,1,0,0,1.0,3.0,1.0,1.0,31.0,0.0,1.0,10.333333333333334,-0.5,0.0,0.0,0.0,1.0,3.0,1.0
2007-06-11,3.0,3.0,0.0,0.0,3.0,2.0,CG,1.0,0.0,90.56054279749478,437.06433269942215,1.337160751565762,2.6249540130806395,0,1,0,0,0,2.0,1.0,1.0,1.0,1.0,2.0,0.5,1.0,0.5,0.0,0.0,0.0,2.0,1.0,0.0
2007-06-18,4.0,7.0,0.0,0.0,4.0,2.0,CG,1.75,0.0,90.46923879040668,436.84531073841,1.3388946819603753,2.624133066578271,1,0,0,0,0,3.0,2.0,1.0,3.0,1.0,4.0,1.0,0.5,0.75,0.0,0.0,0.0,2.0,2.0,0.0
2007-06-25,1.0,2.0,0.0,0.0,1.0,1.0,CG,2.0,0.0,90.38229166666666,436.6258013512111,1.3416666666666666,2.624170425215747,0,0,0,1,0,4.0,3.0,-3.0,7.0,3.0,-5.0,1.75,1.0,0.25,0.0,0.0,0.0,2.0,2.0,-1.0
2007-07-02,2.0,2.0,0.0,0.0,2.0,1.0,CG,1.0,0.0,90.29032258064517,436.4076458236418,1.3413111342351718,2.622826470775943,0,0,0,0,1,1.0,4.0,1.0,2.0,7.0,0.0,2.0,1.75,-1.0,0.0,0.0,0.0,1.0,2.0,0.0
2007-07-09,3.0,6.0,0.0,0.0,3.0,2.0,CG,2.0,0.0,90.1985446985447,436.1898161950852,1.341995841995842,2.62154750272349,0,0,1,0,0,2.0,1.0,1.0,2.0,2.0,4.0,1.0,2.0,1.0,0.0,0.0,0.0,1.0,1.0,1.0
2007-07-16,0.0,0.0,0.0,0.0,0.0,0.0,CG,0.0,0.0,90.11111111111111,435.97149040750395,1.343717549325026,2.620729273369666,0,1,0,0,0,3.0,2.0,-3.0,6.0,2.0,-6.0,2.0,1.0,-2.0,0.0,0.0,0.0,2.0,1.0,-2.0
2007-07-23,4.0,6.0,0.0,0.0,4.0,2.0,CG,1.5,0.0,90.01763485477179,435.75473574000483,1.342323651452282,2.619725714523601,1,0,0,0,1,0.0,3.0,4.0,0.0,6.0,6.0,0.0,2.0,1.5,0.0,0.0,0.0,0.0,2.0,2.0
2007-07-30,0.0,0.0,0.0,0.0,0.0,0.0,CG,0.0,0.0,89.93056994818653,435.53706097359975,1.345077720207254,2.6197639181216115,0,0,0,1,0,4.0,0.0,-4.0,6.0,0.0,-6.0,1.5,0.0,-1.5,0.0,0.0,0.0,2.0,0.0,-2.0
2007-08-06,1.0,1.0,0.0,0.0,1.0,1.0,CG,1.0,0.0,89.83747412008282,435.32095179409737,1.3436853002070392,2.618763794964102,0,0,0,0,0,0.0,4.0,1.0,0.0,6.0,1.0,0.0,1.5,1.0,0.0,0.0,0.0,0.0,2.0,1.0
2007-08-13,0.0,0.0,0.0,0.0,0.0,0.0,CG,0.0,0.0,89.74560496380559,435.10495083249174,1.343329886246122,2.617431310341179,0,0,1,0,1,1.0,0.0,-1.0,1.0,0.0,-1.0,1.0,0.0,-1.0,0.0,0.0,0.0,1.0,0.0,-1.0
2007-08-20,1.0,1.0,0.0,0.0,1.0,1.0,CG,1.0,0.0,89.65289256198348,434.88948229600396,1.3419421487603307,2.6164338536266603,0,1,0,1,0,0.0,1.0,1.0,0.0,1.0,1.0,0.0,1.0,1.0,0.0,0.0,0.0,0.0,1.0,1.0
2007-08-27,6.0,211.0,4.0,0.0,2.0,3.0,CG,35.166666666666664,0.6666666666666666,89.56140350877193,434.6741210669215,1.3415892672858618,2.6151051115294592,1,0,0,0,0,1.0,0.0,5.0,1.0,0.0,210.0,1.0,0.0,34.166666666666664,0.0,0.0,0.6666666666666666,1.0,0.0,2.0
2007-09-03,1.0,1.0,0.0,0.0,1.0,1.0,CG,1.0,0.0,89.68659793814433,434.46727011194685,1.3463917525773197,2.618031538063902,0,0,1,0,0,6.0,1.0,-5.0,211.0,1.0,-210.0,35.166666666666664,1.0,-34.166666666666664,0.6666666666666666,0.0,-0.6666666666666666,3.0,1.0,-2.0
2007-09-10,3.0,11.0,0.0,0.0,3.0,2.0,CG,3.6666666666666665,0.0,89.59526261585994,434.25258688308037,1.3460350154479919,2.6167053012947803,0,1,0,1,1,1.0,6.0,2.0,1.0,211.0,10.0,1.0,35.166666666666664,2.6666666666666665,0.0,0.6666666666666666,0.0,1.0,3.0,1.0
2007-09-17,5.0,46.0,0.0,2.0,3.0,3.0,CG,9.2,0.0,89.51440329218107,434.0362393313345,1.3477366255144032,2.6158955240934865,1,0,0,0,0,3.0,1.0,2.0,11.0,1.0,35.0,3.6666666666666665,1.0,5.533333333333333,0.0,0.0,0.0,2.0,1.0,1.0
2007-09-24,2.0,3.0,0.0,0.0,2.0,1.0,CG,1.5,0.0,89.46968139773895,433.81515515621504,1.3514902363823227,2.6171699482891104,0,0,1,0,0,5.0,3.0,-3.0,46.0,11.0,-43.0,9.2,3.6666666666666665,-7.699999999999999,0.0,0.0,0.0,3.0,2.0,-2.0
2007-10-01,3.0,158.0,2.0,0.0,1.0,2.0,CG,52.666666666666664,0.6666666666666666,89.38090349075975,433.6010234872289,1.3521560574948666,2.6159072385421096,0,1,0,0,1,2.0,5.0,1.0,3.0,46.0,155.0,1.5,9.2,51.166666666666664,0.0,0.0,0.6666666666666666,1.0,3.0,1.0
2007-10-08,5.0,25.0,3.0,0.0,2.0,2.0,CG,5.0,0.6,89.45128205128205,433.3839502005994,1.353846153846154,2.6150965677088465,1,0,0,1,1,3.0,2.0,2.0,158.0,3.0,-133.0,52.666666666666664,1.5,-47.666666666666664,0.6666666666666666,0.0,-0.06666666666666665,2.0,1.0,0.0
2007-10-15,1.0,2.0,0.0,0.0,1.0,1.0,CG,2.0,0.0,89.38524590163935,433.1665578250363,1.3575819672131149,2.616359556064079,0,0,0,0,0,5.0,3.0,-4.0,25.0,158.0,-23.0,5.0,52.666666666666664,-3.0,0.6,0.6666666666666666,-0.6,2.0,2.0,-1.0
2007-10-22,2.0,6.0,0.0,0.0,2.0,2.0,CG,3.0,0.0,89.29580348004095,432.9536182622653,1.3572159672466735,2.6150438880260056,0,0,1,0,1,1.0,5.0,1.0,2.0,25.0,4.0,2.0,5.0,1.0,0.0,0.6,0.0,1.0,2.0,1.0
2007-10-29,0.0,0.0,0.0,0.0,0.0,0.0,CG,0.0,0.0,89.21063394683027,432.7401855357196,1.3578732106339468,2.613786058605762,0,1,0,1,0,2.0,1.0,-2.0,6.0,2.0,-6.0,3.0,2.0,-3.0,0.0,0.0,0.0,2.0,1.0,-2.0
2007-11-05,4.0,31.0,1.0,0.0,3.0,3.0,CG,7.75,0.25,89.11950970377937,432.5282891056385,1.3564862104187947,2.612809861187698,1,0,0,1,1,0.0,2.0,4.0,0.0,6.0,31.0,0.0,3.0,7.75,0.0,0.0,0.25,0.0,2.0,3.0
2007-11-12,1.0,7.0,1.0,0.0,0.0,1.0,CG,7.0,1.0,89.06020408163265,432.3113160697983,1.3591836734693878,2.612840013979126,0,0,1,0,0,4.0,0.0,-3.0,31.0,0.0,-24.0,7.75,0.0,-0.75,0.25,0.0,0.75,3.0,0.0,-2.0
2007-11-19,2.0,14.0,1.0,0.0,1.0,2.0,CG,7.0,0.5,88.97655453618756,432.09863582566675,1.3588175331294596,2.611531771237347,0,1,1,1,0,1.0,4.0,1.0,7.0,31.0,7.0,7.0,7.75,0.0,1.0,0.25,-0.5,1.0,3.0,1.0
2007-11-26,5.0,6.0,3.0,0.0,2.0,3.0,CG,1.2,0.6,88.90020366598777,431.88497333623246,1.359470468431772,2.6102805697954325,1,1,0,0,0,2.0,1.0,3.0,14.0,7.0,-8.0,7.0,7.0,-5.8,0.5,1.0,0.09999999999999998,2.0,1.0,1.0
2007-12-03,5.0,87.0,2.0,0.0,3.0,3.0,CG,17.4,0.4,88.81586978636825,431.67311460660386,1.363173957273652,2.611533813044249,1,0,1,1,0,5.0,2.0,0.0,6.0,14.0,81.0,1.2,7.0,16.2,0.6,0.5,-0.19999999999999996,3.0,2.0,0.0
2007-12-10,3.0,6.0,0.0,1.0,2.0,3.0,CG,2.0,0.0,88.8140243902439,431.45349338566376,1.366869918699187,2.6127786683210203,0,1,0,0,0,5.0,5.0,-2.0,87.0,6.0,-81.0,17.4,1.2,-15.399999999999999,0.4,0.6,-0.4,3.0,3.0,0.0
2007-12-17,4.0,6.0,0.0,0.0,4.0,2.0,CG,1.5,0.0,88.72994923857868,431.2422759606352,1.3685279187817259,2.6119690819851176,1,0,1,0,0,3.0,5.0,1.0,6.0,87.0,0.0,2.0,17.4,-0.5,0.0,0.4,0.0,3.0,3.0,-1.0
2007-12-24,2.0,1.0,0.0,0.0,2.0,1.0,CG,0.5,0.0,88.64604462474645,431.0313678499899,1.3711967545638946,2.6119875909853674,0,1,0,0,0,4.0,3.0,-2.0,6.0,6.0,-5.0,1.5,2.0,-1.0,0.0,0.0,0.0,2.0,3.0,-1.0
2007-12-31,6.0,19.0,1.0,0.0,5.0,5.0,CG,3.1666666666666665,0.16666666666666666,88.55724417426545,430.8217694995814,1.3718338399189463,2.6107394406037314,1,0,0,0,1,2.0,4.0,4.0,1.0,6.0,18.0,0.5,1.5,2.6666666666666665,0.0,0.0,0.16666666666666666,1.0,2.0,4.0
2008-01-07,3.0,9.0,0.0,0.0,3.0,3.0,CG,3.0,0.0,88.48684210526316,430.6091522188273,1.3765182186234817,2.6135674421647774,0,0,0,0,1,6.0,2.0,-3.0,19.0,1.0,-10.0,3.1666666666666665,0.5,-0.16666666666666652,0.16666666666666666,0.0,-0.16666666666666666,5.0,1.0,-2.0
2008-01-14,1.0,30.0,0.0,0.0,1.0,1.0,CG,30.0,0.0,88.40647118301314,430.39859903018976,1.378159757330637,2.6127545012426077,0,0,0,0,1,3.0,6.0,-2.0,9.0,19.0,21.0,3.0,3.1666666666666665,27.0,0.0,0.16666666666666666,0.0,3.0,5.0,-2.0
2008-01-21,3.0,3.0,0.0,1.0,2.0,3.0,CG,1.0,0.0,88.34747474747475,430.18495618805923,1.3777777777777778,2.611460916888459,0,0,0,0,0,1.0,3.0,2.0,30.0,9.0,-27.0,30.0,3.0,-29.0,0.0,0.0,0.0,1.0,3.0,2.0
2008-01-28,2.0,24.0,0.0,0.0,2.0,2.0,CG,12.0,0.0,88.26135216952574,429.9761836366466,1.3794147325933401,2.6106503041677995,0,0,0,1,0,3.0,1.0,-1.0,3.0,30.0,21.0,1.0,30.0,11.0,0.0,0.0,0.0,3.0,1.0,-1.0
2008-02-04,1.0,3.0,0.0,0.0,1.0,1.0,CG,3.0,0.0,88.19657258064517,429.7640315025285,1.3800403225806452,2.6094071838343895,0,0,0,1,0,2.0,3.0,-1.0,24.0,3.0,-21.0,12.0,1.0,-9.0,0.0,0.0,0.0,2.0,3.0,-1.0
2008-02-11,2.0,128.0,1.0,0.0,1.0,2.0,CG,64.0,0.5,88.11077542799597,429.55587038352803,1.3796576032225578,2.608119510805874,0,0,1,1,0,1.0,2.0,1.0,3.0,24.0,125.0,3.0,12.0,61.0,0.0,0.0,0.5,1.0,2.0,1.0
2008-02-18,1.0,1.0,0.0,0.0,1.0,1.0,CG,1.0,0.0,88.15090543259558,429.34138812497974,1.380281690140845,2.606880183507658,0,1,1,0,0,2.0,1.0,-1.0,128.0,3.0,-127.0,64.0,3.0,-63.0,0.5,0.0,-0.5,2.0,1.0,-1.0
2008-02-25,8.0,117.0,5.0,1.0,2.0,4.0,CG,14.625,0.625,88.06331658291457,429.13426138778067,1.3798994974874372,2.605596435879849,1,1,1,0,0,1.0,2.0,7.0,1.0,128.0,116.0,1.0,64.0,13.625,0.0,0.5,0.625,1.0,2.0,3.0
2008-03-03,8.0,21.0,6.0,0.0,2.0,2.0,CG,2.625,0.75,88.09236947791165,428.9195418360559,1.3865461847389557,2.6127210481128227,1,1,0,0,0,8.0,1.0,0.0,117.0,1.0,-96.0,14.625,1.0,-12.0,0.625,0.0,0.125,4.0,1.0,-2.0
2008-03-10,6.0,38.0,0.0,0.0,6.0,3.0,CG,6.333333333333333,0.0,88.02507522567703,428.70943246335435,1.3931795386158476,2.6197952073734503,1,0,0,0,0,8.0,8.0,-2.0,21.0,117.0,17.0,2.625,14.625,3.708333333333333,0.75,0.625,-0.75,2.0,4.0,1.0
2008-03-17,0.0,0.0,0.0,0.0,0.0,0.0,CG,0.0,0.0,87.9749498997996,428.4973047690386,1.3977955911823647,2.6225385173770057,0,0,0,0,0,6.0,8.0,-6.0,38.0,21.0,-38.0,6.333333333333333,2.625,-6.333333333333333,0.0,0.75,0.0,3.0,2.0,-3.0
2008-03-24,1.0,3.0,0.0,0.0,1.0,1.0,CG,3.0,0.0,87.88688688688688,428.2916175195272,1.3963963963963963,2.621597332194892,0,0,0,0,0,0.0,6.0,1.0,0.0,38.0,3.0,0.0,6.333333333333333,3.0,0.0,0.0,0.0,0.0,3.0,1.0
2008-03-31,2.0,2.0,0.0,0.0,2.0,2.0,CG,1.0,0.0,87.802,428.08562005058513,1.396,2.620314876126542,0,0,0,0,0,1.0,0.0,1.0,3.0,0.0,-1.0,3.0,0.0,-2.0,0.0,0.0,0.0,1.0,0.0,1.0
2008-04-07,1.0,1.0,0.0,0.0,1.0,1.0,CG,1.0,0.0,87.71628371628371,427.88011805244616,1.3966033966033966,2.6190739683232422,0,0,0,0,0,2.0,1.0,-1.0,2.0,3.0,-1.0,1.0,3.0,0.0,0.0,0.0,0.0,2.0,1.0,-1.0
2008-04-14,3.0,45.0,0.0,1.0,2.0,3.0,CG,15.0,0.0,87.62974051896208,427.675112243044,1.3962075848303392,2.6177953961465885,0,0,0,0,0,1.0,2.0,2.0,1.0,2.0,44.0,1.0,1.0,14.0,0.0,0.0,0.0,1.0,2.0,2.0
2008-04-21,0.0,0.0,0.0,0.0,0.0,0.0,CG,0.0,0.0,87.58723828514456,427.46376755405464,1.3978065802592223,2.616978795947666,0,0,0,0,0,3.0,1.0,-3.0,45.0,1.0,-45.0,15.0,1.0,-15.0,0.0,0.0,0.0,3.0,1.0,-3.0
2008-04-28,0.0,0.0,0.0,0.0,0.0,0.0,CG,0.0,0.0,87.5,427.25956372632896,1.3964143426294822,2.6160458718498427,0,0,0,0,0,0.0,3.0,0.0,0.0,45.0,0.0,0.0,15.0,0.0,0.0,0.0,0.0,0.0,3.0,0.0
2008-05-05,0.0,0.0,0.0,0.0,0.0,0.0,CG,0.0,0.0,87.41293532338308,427.05565154179317,1.3950248756218906,2.615113734619992,0,0,0,0,0,0.0,0.0,0.0,0.0,0.0,0.0,0.0,0.0,0.0,0.0,0.0,0.0,0.0,0.0,0.0
2008-05-12,0.0,0.0,0.0,0.0,0.0,0.0,CG,0.0,0.0,87.32604373757455,426.85203030881803,1.393638170974155,2.614182383960841,0,0,0,0,0,0.0,0.0,0.0,0.0,0.0,0.0,0.0,0.0,0.0,0.0,0.0,0.0,0.0,0.0,0.0
2008-05-19,1.0,1.0,0.0,0.0,1.0,1.0,CG,1.0,0.0,87.23932472691162,426.64869933806136,1.3922542204568025,2.6132518195697596,0,0,0,0,0,0.0,0.0,1.0,0.0,0.0,1.0,0.0,0.0,1.0,0.0,0.0,0.0,0.0,0.0,1.0
2008-05-26,1.0,3.0,0.0,1.0,0.0,1.0,CG,3.0,0.0,87.15376984126983,426.44545615604983,1.3918650793650793,2.6119831739397155,0,0,0,0,0,1.0,0.0,0.0,1.0,0.0,2.0,1.0,0.0,2.0,0.0,0.0,0.0,1.0,0.0,0.0
2008-06-02,2.0,15.0,0.0,1.0,1.0,2.0,CG,7.5,0.0,87.07036669970267,426.24210648088956,1.3914767096134788,2.6107163729259772,0,0,0,0,0,1.0,1.0,1.0,3.0,1.0,12.0,3.0,1.0,4.5,0.0,0.0,0.0,1.0,1.0,1.0
2008-06-09,0.0,0.0,0.0,0.0,0.0,0.0,CG,0.0,0.0,86.9990099009901,426.03686961409164,1.392079207920792,2.6094925885193723,0,0,0,0,0,2.0,1.0,-2.0,15.0,3.0,-15.0,7.5,3.0,-7.5,0.0,0.0,0.0,2.0,1.0,-2.0
2008-06-16,2.0,3.0,1.0,0.0,1.0,2.0,CG,1.5,0.5,86.91295746785362,425.8346984874506,1.390702274975272,2.6085678710749938,0,0,0,0,0,0.0,2.0,2.0,0.0,15.0,3.0,0.0,7.5,1.5,0.0,0.0,0.5,0.0,2.0,2.0
2008-06-23,1.0,3.0,0.0,0.0,1.0,1.0,CG,3.0,0.0,86.8300395256917,425.63221931555404,1.391304347826087,2.6073478075955587,0,0,0,0,0,2.0,0.0,-1.0,3.0,0.0,0.0,1.5,0.0,1.5,0.5,0.0,-0.5,2.0,0.0,-1.0
2008-06-30,0.0,0.0,0.0,0.0,0.0,0.0,CG,0.0,0.0,86.74728529121421,425.43002808856954,1.3909180651530109,2.6060882742306375,0,0,0,0,0,1.0,2.0,-1.0,3.0,3.0,-3.0,3.0,1.5,-3.0,0.0,0.5,0.0,1.0,2.0,-1.0
2008-07-07,0.0,0.0,0.0,0.0,0.0,0.0,CG,0.0,0.0,86.66173570019724,425.2287172448944,1.3895463510848127,2.605167844467888,0,0,0,0,1,0.0,1.0,0.0,0.0,3.0,0.0,0.0,3.0,0.0,0.0,0.0,0.0,0.0,1.0,0.0
2008-07-14,0.0,0.0,0.0,0.0,0.0,0.0,CG,0.0,0.0,86.57635467980296,425.02769121124686,1.3881773399014778,2.6042481847114347,0,0,0,0,0,0.0,0.0,0.0,0.0,0.0,0.0,0.0,0.0,0.0,0.0,0.0,0.0,0.0,0.0,0.0
2008-07-21,0.0,0.0,0.0,0.0,0.0,0.0,CG,0.0,0.0,86.49114173228347,424.8269493185036,1.3868110236220472,2.6033292946666386,0,0,0,0,1,0.0,0.0,0.0,0.0,0.0,0.0,0.0,0.0,0.0,0.0,0.0,0.0,0.0,0.0,0.0
2008-07-28,0.0,0.0,0.0,0.0,0.0,0.0,CG,0.0,0.0,86.40609636184857,424.6264908997332,1.3854473942969519,2.60241117403377,0,0,0,0,0,0.0,0.0,0.0,0.0,0.0,0.0,0.0,0.0,0.0,0.0,0.0,0.0,0.0,0.0,0.0
2008-08-04,0.0,0.0,0.0,0.0,0.0,0.0,CG,0.0,0.0,86.32121807465619,424.4263152901876,1.3840864440078586,2.6014938225080653,0,0,0,1,0,0.0,0.0,0.0,0.0,0.0,0.0,0.0,0.0,0.0,0.0,0.0,0.0,0.0,0.0,0.0
2008-08-11,0.0,0.0,0.0,0.0,0.0,0.0,CG,0.0,0.0,86.23650637880274,424.2264218272921,1.3827281648675172,2.600577239779773,0,0,0,0,0,0.0,0.0,0.0,0.0,0.0,0.0,0.0,0.0,0.0,0.0,0.0,0.0,0.0,0.0,0.0
2008-08-18,0.0,0.0,0.0,0.0,0.0,0.0,CG,0.0,0.0,86.15196078431373,424.0268098506369,1.3813725490196078,2.599661425534213,0,0,1,1,1,0.0,0.0,0.0,0.0,0.0,0.0,0.0,0.0,0.0,0.0,0.0,0.0,0.0,0.0,0.0
2008-08-25,0.0,0.0,0.0,0.0,0.0,0.0,CG,0.0,0.0,86.06758080313418,423.8274787019679,1.3800195886385895,2.5987463794518217,0,1,0,0,0,0.0,0.0,0.0,0.0,0.0,0.0,0.0,0.0,0.0,0.0,0.0,0.0,0.0,0.0,0.0
2008-09-01,4.0,406.0,1.0,0.0,3.0,3.0,CG,101.5,0.25,85.98336594911937,423.6284277251775,1.3786692759295498,2.5978321012082066,1,0,1,0,1,0.0,0.0,4.0,0.0,0.0,406.0,0.0,0.0,101.5,0.0,0.0,0.25,0.0,0.0,3.0
2008-09-08,3.0,12.0,3.0,0.0,0.0,1.0,CG,4.0,1.0,86.29618768328446,423.53931936026936,1.3812316715542523,2.597853932930659,0,1,0,0,0,4.0,0.0,-1.0,406.0,0.0,-394.0,101.5,0.0,-97.5,0.25,0.0,0.75,3.0,0.0,-2.0
2008-09-15,8.0,54.0,1.0,0.0,7.0,2.0,CG,6.75,0.125,86.2236328125,423.3386270419153,1.3828125,2.5970766142667916,1,0,0,1,0,3.0,4.0,5.0,12.0,406.0,42.0,4.0,101.5,2.75,1.0,0.25,-0.875,1.0,3.0,1.0
2008-09-22,1.0,28.0,1.0,0.0,0.0,1.0,CG,28.0,1.0,86.19219512195122,423.1330653052881,1.3892682926829267,2.604023695262355,0,0,0,0,0,8.0,3.0,-7.0,54.0,12.0,-26.0,6.75,4.0,21.25,0.125,1.0,0.875,2.0,1.0,-1.0
2008-09-29,2.0,4.0,0.0,0.0,2.0,1.0,CG,2.0,0.0,86.13547758284601,422.9305105450174,1.3888888888888888,2.6027815015316698,0,0,1,1,0,1.0,8.0,1.0,28.0,54.0,-24.0,28.0,6.75,-26.0,1.0,0.125,-1.0,1.0,2.0,0.0
2008-10-06,1.0,115.0,1.0,0.0,0.0,1.0,CG,115.0,1.0,86.05550146056476,422.73212343473716,1.3894839337877312,2.6015826691627963,0,1,0,0,0,2.0,1.0,-1.0,4.0,28.0,111.0,2.0,28.0,113.0,0.0,1.0,1.0,1.0,1.0,0.0
2008-10-13,4.0,54.0,2.0,1.0,1.0,3.0,CG,13.5,0.5,86.08365758754864,422.52722849229264,1.3891050583657587,2.6003441418287765,1,0,1,0,0,1.0,2.0,3.0,115.0,4.0,-61.0,115.0,2.0,-101.5,1.0,0.0,-0.5,1.0,1.0,2.0
2008-10-20,2.0,11.0,2.0,0.0,0.0,2.0,CG,5.5,1.0,86.05247813411079,422.3228534830973,1.3916423712342079,2.6003531869497998,0,1,0,0,0,4.0,1.0,-2.0,54.0,115.0,-43.0,13.5,115.0,-8.0,0.5,1.0,0.5,3.0,1.0,-1.0
2008-10-27,8.0,52.0,3.0,0.0,5.0,4.0,CG,6.5,0.375,85.97961165048544,422.12407105297456,1.3922330097087379,2.5991584688954945,1,0,0,0,1,2.0,4.0,6.0,11.0,54.0,41.0,5.5,13.5,1.0,1.0,0.5,-0.625,2.0,3.0,2.0
2008-11-03,1.0,67.0,0.0,0.0,1.0,1.0,CG,67.0,0.0,85.94665373423861,421.9204338393895,1.3986420950533462,2.6060344644751186,0,0,0,0,1,8.0,2.0,-7.0,52.0,11.0,15.0,6.5,5.5,60.5,0.375,1.0,-0.375,4.0,2.0,-3.0
2008-11-10,2.0,5.0,0.0,0.0,2.0,1.0,CG,2.5,0.0,85.92829457364341,421.7161795277234,1.3982558139534884,2.604799878279089,0,0,0,0,1,1.0,8.0,1.0,67.0,52.0,-62.0,67.0,6.5,-64.5,0.0,0.375,0.0,1.0,4.0,0.0
2008-11-17,0.0,0.0,0.0,0.0,0.0,0.0,CG,0.0,0.0,85.84995159728945,421.5193308285041,1.398838334946757,2.6036048738526296,0,0,0,0,1,2.0,1.0,-2.0,5.0,67.0,-5.0,2.5,67.0,-2.5,0.0,0.0,0.0,1.0,1.0,-1.0
2008-11-24,2.0,6.0,0.0,1.0,1.0,2.0,CG,3.0,0.0,85.76692456479691,421.3237136263646,1.3974854932301741,2.602707924536987,0,0,0,1,1,0.0,2.0,2.0,0.0,5.0,6.0,0.0,2.5,3.0,0.0,0.0,0.0,0.0,1.0,2.0
2008-12-01,0.0,0.0,0.0,0.0,0.0,0.0,CG,0.0,0.0,85.68985507246377,421.1272285132368,1.3980676328502415,2.60151647027868,0,0,0,1,1,2.0,0.0,-2.0,6.0,0.0,-6.0,3.0,0.0,-3.0,0.0,0.0,0.0,2.0,0.0,-2.0
2008-12-08,0.0,0.0,0.0,0.0,0.0,0.0,CG,0.0,0.0,85.60714285714286,420.932155258508,1.3967181467181466,2.600622155532075,0,0,1,1,1,0.0,2.0,0.0,0.0,6.0,0.0,0.0,3.0,0.0,0.0,0.0,0.0,0.0,2.0,0.0
2008-12-15,0.0,0.0,0.0,0.0,0.0,0.0,CG,0.0,0.0,85.52459016393442,420.73735218093327,1.3953712632594022,2.599728561355114,0,1,1,1,1,0.0,0.0,0.0,0.0,0.0,0.0,0.0,0.0,0.0,0.0,0.0,0.0,0.0,0.0,0.0
2008-12-22,14.0,460.0,2.0,0.0,12.0,3.0,CG,32.857142857142854,0.14285714285714285,85.44219653179191,420.5428186590985,1.3940269749518304,2.598835687534886,1,1,1,1,1,0.0,0.0,14.0,0.0,0.0,460.0,0.0,0.0,32.857142857142854,0.0,0.0,0.14285714285714285,0.0,0.0,3.0
2008-12-29,12.0,385.0,3.0,0.0,9.0,5.0,CG,32.083333333333336,0.25,85.80269489894128,420.50078245668016,1.4061597690086622,2.626858563530257,1,1,1,1,1,14.0,0.0,-2.0,460.0,0.0,-75.0,32.857142857142854,0.0,-0.7738095238095184,0.14285714285714285,0.0,0.10714285714285715,3.0,0.0,2.0
2009-01-05,12.0,183.0,1.0,1.0,10.0,3.0,CG,15.25,0.08333333333333333,86.09038461538462,420.40076152695156,1.416346153846154,2.6460645256498236,1,1,1,1,1,12.0,14.0,0.0,385.0,460.0,-202.0,32.083333333333336,32.857142857142854,-16.833333333333336,0.25,0.14285714285714285,-0.16666666666666669,5.0,3.0,-2.0
2009-01-12,10.0,148.0,0.0,0.0,10.0,3.0,CG,14.8,0.0,86.18347742555235,420.2093319404256,1.4265129682997117,2.6650566890483365,1,1,1,1,1,12.0,12.0,-2.0,183.0,385.0,-35.0,15.25,32.083333333333336,-0.4499999999999993,0.08333333333333333,0.25,-0.08333333333333333,3.0,5.0,0.0
2009-01-19,23.0,129.0,5.0,0.0,18.0,5.0,CG,5.608695652173913,0.21739130434782608,86.24280230326296,420.01181947942604,1.4347408829174664,2.6769845502837013,1,1,1,1,1,10.0,12.0,13.0,148.0,183.0,-19.0,14.8,15.25,-9.191304347826087,0.0,0.08333333333333333,0.21739130434782608,3.0,3.0,2.0
2009-01-26,35.0,280.0,5.0,0.0,30.0,4.0,CG,8.0,0.14285714285714285,86.28379674017258,419.81231753498236,1.4554170661553212,2.7577628860853323,1,1,1,1,1,23.0,10.0,12.0,129.0,148.0,151.0,5.608695652173913,14.8,2.391304347826087,0.21739130434782608,0.0,-0.07453416149068323,5.0,3.0,-1.0
2009-02-02,13.0,25.0,1.0,0.0,12.0,4.0,CG,1.9230769230769231,0.07692307692307693,86.46934865900383,419.6538454136081,1.4875478927203065,2.9454676368640333,1,1,1,1,1,35.0,23.0,-22.0,280.0,129.0,-255.0,8.0,5.608695652173913,-6.076923076923077,0.14285714285714285,0.21739130434782608,-0.06593406593406592,4.0,5.0,0.0
2009-02-09,24.0,58.0,5.0,0.0,19.0,5.0,CG,2.4166666666666665,0.20833333333333334,86.41052631578947,419.45712370243825,1.4985645933014353,2.965518285884878,1,1,1,1,1,13.0,35.0,11.0,25.0,280.0,33.0,1.9230769230769231,8.0,0.4935897435897434,0.07692307692307693,0.14285714285714285,0.13141025641025642,4.0,4.0,1.0
2009-02-16,15.0,117.0,3.0,0.0,12.0,5.0,CG,7.8,0.2,86.38336520076481,419.25729875048614,1.520076481835564,3.0446562166192956,1,1,1,1,1,24.0,13.0,-9.0,58.0,25.0,59.0,2.4166666666666665,1.9230769230769231,5.383333333333333,0.20833333333333334,0.07692307692307693,-0.008333333333333331,5.0,4.0,0.0
2009-02-23,11.0,39.0,0.0,0.0,11.0,3.0,CG,3.5454545454545454,0.0,86.41260744985674,419.0579092597769,1.5329512893982808,3.071582756734421,1,1,1,1,1,15.0,24.0,-4.0,117.0,58.0,-78.0,7.8,2.4166666666666665,-4.254545454545454,0.2,0.20833333333333334,-0.2,5.0,5.0,-2.0
2009-03-02,18.0,983.0,6.0,0.0,12.0,5.0,CG,54.611111111111114,0.3333333333333333,86.36736641221374,418.8602988083196,1.5419847328244274,3.084011929521121,1,1,1,1,1,11.0,15.0,7.0,39.0,117.0,944.0,3.5454545454545454,7.8,51.06565656565657,0.0,0.2,0.3333333333333333,3.0,5.0,2.0
2009-03-09,18.0,77.0,1.0,0.0,17.0,4.0,CG,4.277777777777778,0.05555555555555555,87.22211630123928,419.5747111215027,1.55767397521449,3.124142741119372,1,1,1,1,1,18.0,11.0,0.0,983.0,39.0,-906.0,54.611111111111114,3.5454545454545454,-50.333333333333336,0.3333333333333333,0.0,-0.2777777777777778,5.0,3.0,-1.0
2009-03-16,10.0,28.0,2.0,0.0,8.0,5.0,CG,2.8,0.2,87.21238095238095,419.37479413891083,1.5733333333333333,3.1636118257335553,1,1,1,1,1,18.0,18.0,-8.0,77.0,983.0,-49.0,4.277777777777778,54.611111111111114,-1.4777777777777779,0.05555555555555555,0.3333333333333333,0.14444444444444446,4.0,5.0,1.0
2009-03-23,8.0,19.0,0.0,0.0,8.0,3.0,CG,2.375,0.0,87.15604186489058,419.1790234768252,1.5813510941960038,3.172770230368205,1,1,1,1,1,10.0,18.0,-2.0,28.0,77.0,-9.0,2.8,4.277777777777778,-0.4249999999999998,0.2,0.05555555555555555,-0.2,5.0,4.0,-2.0
2009-03-30,17.0,50.0,0.0,1.0,16.0,4.0,CG,2.9411764705882355,0.0,87.09125475285171,418.9848263587604,1.5874524714828897,3.1774290771124263,1,1,1,1,1,8.0,10.0,9.0,19.0,28.0,31.0,2.375,2.8,0.5661764705882355,0.0,0.2,0.0,3.0,5.0,1.0
2009-04-06,9.0,105.0,3.0,0.0,6.0,4.0,CG,11.666666666666666,0.3333333333333333,87.05603038936373,418.78720162111154,1.6020892687559354,3.211237901922863,1,1,1,1,1,17.0,8.0,-8.0,50.0,19.0,55.0,2.9411764705882355,2.375,8.72549019607843,0.0,0.0,0.3333333333333333,4.0,3.0,0.0
2009-04-13,12.0,44.0,0.0,0.0,12.0,2.0,CG,3.6666666666666665,0.0,87.073055028463,418.5886649700037,1.6091081593927894,3.2177913186294034,1,1,1,1,1,9.0,17.0,3.0,105.0,50.0,-61.0,11.666666666666666,2.9411764705882355,-8.0,0.3333333333333333,0.0,-0.3333333333333333,4.0,4.0,-2.0
2009-04-20,9.0,46.0,1.0,0.0,8.0,3.0,CG,5.111111111111111,0.1111111111111111,87.03222748815166,418.392147957795,1.618957345971564,3.2321353779807045,1,1,1,1,1,12.0,9.0,-3.0,44.0,105.0,2.0,3.6666666666666665,11.666666666666666,1.4444444444444442,0.0,0.3333333333333333,0.1111111111111111,2.0,4.0,1.0
2009-04-27,36.0,365.0,6.0,0.0,30.0,4.0,CG,10.13888888888889,0.16666666666666666,86.99337121212122,418.1957170702763,1.6259469696969697,3.238578041053019,1,1,1,1,0,9.0,12.0,27.0,46.0,44.0,319.0,5.111111111111111,3.6666666666666665,5.027777777777779,0.1111111111111111,0.0,0.05555555555555555,3.0,2.0,1.0
2009-05-04,12.0,114.0,5.0,0.0,7.0,4.0,CG,9.5,0.4166666666666667,87.25638599810786,418.08511611585544,1.6584673604541154,3.405335986227297,1,1,1,1,1,36.0,9.0,-24.0,365.0,46.0,-251.0,10.13888888888889,5.111111111111111,-0.6388888888888893,0.16666666666666666,0.1111111111111111,0.25,4.0,3.0,0.0
2009-05-11,12.0,31.0,3.0,0.0,9.0,4.0,CG,2.5833333333333335,0.25,87.28166351606805,417.88810847588786,1.668241965973535,3.4185415915430184,1,1,1,1,1,12.0,36.0,0.0,114.0,365.0,-83.0,9.5,10.13888888888889,-6.916666666666666,0.4166666666666667,0.16666666666666666,-0.16666666666666669,4.0,4.0,0.0
2009-05-18,23.0,116.0,6.0,0.0,17.0,5.0,CG,5.043478260869565,0.2608695652173913,87.22851746931067,417.69415269707486,1.6779981114258735,3.4316437716379835,1,1,1,1,0,12.0,12.0,11.0,31.0,114.0,85.0,2.5833333333333335,9.5,2.460144927536232,0.25,0.4166666666666667,0.010869565217391297,4.0,4.0,1.0
2009-05-25,12.0,61.0,5.0,0.0,7.0,4.0,CG,5.083333333333333,0.4166666666666667,87.2556603773585,417.4978297920306,1.6981132075471699,3.4919841064139576,1,1,1,0,1,23.0,12.0,-11.0,116.0,31.0,-55.0,5.043478260869565,2.5833333333333335,0.03985507246376763,0.2608695652173913,0.25,0.1557971014492754,5.0,4.0,-1.0
2009-06-01,9.0,65.0,2.0,0.0,7.0,5.0,CG,7.222222222222222,0.2222222222222222,87.23091423185674,417.30162887113545,1.707822808671065,3.504636426475814,1,1,1,1,1,12.0,23.0,-3.0,61.0,116.0,4.0,5.083333333333333,5.043478260869565,2.1388888888888893,0.4166666666666667,0.2608695652173913,-0.19444444444444448,4.0,5.0,1.0
2009-06-08,15.0,39.0,3.0,0.0,12.0,4.0,CG,2.6,0.2,87.20998116760829,417.1054854908746,1.7146892655367232,3.5101241546440596,1,1,0,1,1,9.0,12.0,6.0,65.0,61.0,-26.0,7.222222222222222,5.083333333333333,-4.622222222222222,0.2222222222222222,0.4166666666666667,-0.0222222222222222,5.0,4.0,-1.0
2009-06-15,13.0,66.0,6.0,0.0,7.0,3.0,CG,5.076923076923077,0.46153846153846156,87.16462841015992,416.9116841066693,1.727187206020696,3.5320544921802526,1,0,1,0,1,15.0,9.0,-2.0,39.0,65.0,27.0,2.6,7.222222222222222,2.4769230769230766,0.2,0.2222222222222222,0.26153846153846155,4.0,5.0,-1.0
2009-06-22,4.0,6.0,1.0,0.0,3.0,3.0,CG,1.5,0.25,87.14473684210526,416.7160416521104,1.737781954887218,3.5472673310299863,0,1,1,1,1,13.0,15.0,-9.0,66.0,39.0,-60.0,5.076923076923077,2.6,-3.5769230769230766,0.46153846153846156,0.2,-0.21153846153846156,3.0,4.0,0.0
2009-06-29,14.0,124.0,1.0,0.0,13.0,4.0,CG,8.857142857142858,0.07142857142857142,87.06854460093896,416.52759207389363,1.739906103286385,3.5462775663562054,1,1,0,1,0,4.0,13.0,10.0,6.0,66.0,118.0,1.5,5.076923076923077,7.357142857142858,0.25,0.46153846153846156,-0.17857142857142858,3.0,3.0,1.0
2009-07-06,8.0,376.0,3.0,0.0,5.0,3.0,CG,47.0,0.375,87.10318949343339,416.3335299027366,1.75140712945591,3.5644466202018474,1,0,1,1,1,14.0,4.0,-6.0,124.0,6.0,252.0,8.857142857142858,1.5,38.14285714285714,0.07142857142857142,0.25,0.3035714285714286,4.0,3.0,-1.0
2009-07-13,5.0,48.0,1.0,0.0,4.0,3.0,CG,9.6,0.2,87.37394564198688,416.23217898815074,1.7572633552014996,3.56790614083786,0,1,1,1,0,8.0,14.0,-3.0,376.0,124.0,-328.0,47.0,8.857142857142858,-37.4,0.375,0.07142857142857142,-0.175,3.0,4.0,0.0
2009-07-20,6.0,44.0,3.0,0.0,3.0,3.0,CG,7.333333333333333,0.5,87.33707865168539,416.03882993622165,1.7602996254681649,3.5676139716775626,1,1,1,1,1,5.0,8.0,1.0,48.0,376.0,-4.0,9.6,47.0,-2.2666666666666666,0.2,0.375,0.3,3.0,3.0,0.0
2009-07-27,18.0,167.0,5.0,0.0,13.0,3.0,CG,9.277777777777779,0.2777777777777778,87.29653882132834,415.8461220071476,1.764265668849392,3.5683002684413307,1,1,1,0,0,6.0,5.0,12.0,44.0,48.0,123.0,7.333333333333333,9.6,1.9444444444444455,0.5,0.2,-0.2222222222222222,3.0,3.0,0.0
2009-08-03,15.0,35.0,0.0,0.0,15.0,2.0,CG,2.3333333333333335,0.0,87.37102803738318,415.6587158989661,1.7794392523364486,3.601001272194902,1,1,1,1,0,18.0,6.0,-3.0,167.0,44.0,-132.0,9.277777777777779,7.333333333333333,-6.944444444444445,0.2777777777777778,0.5,-0.2777777777777778,3.0,3.0,-1.0
2009-08-10,7.0,72.0,2.0,0.0,5.0,5.0,CG,10.285714285714286,0.2857142857142857,87.32212885154061,415.4675194132825,1.7917833800186742,3.6219176639243034,1,1,0,0,0,15.0,18.0,-8.0,35.0,167.0,37.0,2.3333333333333335,9.277777777777779,7.9523809523809526,0.0,0.2777777777777778,0.2857142857142857,2.0,3.0,3.0
2009-08-17,6.0,17.0,0.0,0.0,6.0,2.0,CG,2.8333333333333335,0.0,87.30783582089552,415.2737753699011,1.796641791044776,3.6237194409592415,1,0,1,1,0,7.0,15.0,-1.0,72.0,35.0,-55.0,10.285714285714286,2.3333333333333335,-7.4523809523809526,0.2857142857142857,0.0,-0.2857142857142857,5.0,2.0,-3.0
2009-08-24,5.0,21.0,1.0,0.0,4.0,3.0,CG,4.2,0.2,87.24231127679404,415.08558841290284,1.8005591798695246,3.6243012276187434,0,1,0,0,1,6.0,7.0,-1.0,17.0,72.0,4.0,2.8333333333333335,10.285714285714286,1.3666666666666667,0.0,0.2857142857142857,0.2,2.0,5.0,1.0
2009-08-31,9.0,37.0,0.0,0.0,9.0,3.0,CG,4.111111111111111,0.0,87.1806331471136,414.89704418809725,1.803538175046555,3.6239272352862466,1,0,1,0,0,5.0,6.0,4.0,21.0,17.0,16.0,4.2,2.8333333333333335,-0.08888888888888946,0.2,0.0,-0.2,3.0,2.0,0.0
2009-09-07,5.0,12.0,0.0,0.0,5.0,3.0,CG,2.4,0.0,87.1339534883721,414.70666834940266,1.8102325581395349,3.6288836438774363,0,1,0,0,0,9.0,5.0,-4.0,37.0,21.0,-25.0,4.111111111111111,4.2,-1.7111111111111108,0.0,0.2,0.0,3.0,3.0,0.0
2009-09-14,14.0,37.0,4.0,0.0,10.0,5.0,CG,2.642857142857143,0.2857142857142857,87.06412639405204,414.5200649619669,1.813197026022305,3.6284986455391603,1,0,0,0,0,5.0,9.0,9.0,12.0,37.0,25.0,2.4,4.111111111111111,0.24285714285714288,0.0,0.0,0.2857142857142857,3.0,3.0,2.0
2009-09-21,3.0,29.0,1.0,0.0,2.0,3.0,CG,9.666666666666666,0.3333333333333333,87.01764159702878,414.33020776181576,1.8245125348189415,3.6457737498650657,0,0,0,1,0,14.0,5.0,-11.0,37.0,12.0,-8.0,2.642857142857143,2.4,7.023809523809524,0.2857142857142857,0.0,0.047619047619047616,5.0,3.0,-2.0
2009-09-28,5.0,12.0,0.0,0.0,5.0,2.0,CG,2.4,0.0,86.96382189239333,414.14157908775326,1.8256029684601114,3.644256665810603,0,0,0,0,0,3.0,14.0,2.0,29.0,37.0,-17.0,9.666666666666666,2.642857142857143,-7.266666666666666,0.3333333333333333,0.2857142857142857,-0.3333333333333333,3.0,5.0,-1.0
2009-10-05,3.0,6.0,0.0,0.0,3.0,2.0,CG,2.0,0.0,86.89434661723818,413.95573732389715,1.8285449490268768,3.6438476900756105,0,0,1,0,0,5.0,3.0,-2.0,12.0,29.0,-6.0,2.4,9.666666666666666,-0.3999999999999999,0.0,0.3333333333333333,0.0,2.0,3.0,0.0
2009-10-12,1.0,1.0,0.0,0.0,1.0,1.0,CG,1.0,0.0,86.81944444444444,413.77119100950256,1.8296296296296297,3.642333201524608,0,1,0,0,0,3.0,5.0,-2.0,6.0,12.0,-5.0,2.0,2.4,-1.0,0.0,0.0,0.0,2.0,2.0,-1.0
2009-10-19,6.0,286.0,2.0,0.0,4.0,3.0,CG,47.666666666666664,0.3333333333333333,86.74005550416281,413.58782259143317,1.8288621646623497,3.6407339894463253,1,0,0,0,1,1.0,3.0,5.0,1.0,6.0,285.0,1.0,2.0,46.666666666666664,0.0,0.0,0.3333333333333333,1.0,2.0,2.0
2009-10-26,4.0,17.0,1.0,0.0,3.0,4.0,CG,4.25,0.25,86.92421441774492,413.4408601632493,1.83271719038817,3.6412583103587894,0,0,0,0,0,6.0,1.0,-2.0,286.0,1.0,-269.0,47.666666666666664,1.0,-43.416666666666664,0.3333333333333333,0.0,-0.08333333333333331,3.0,1.0,1.0
2009-11-02,1.0,2.0,0.0,0.0,1.0,1.0,CG,2.0,0.0,86.85964912280701,413.25522436899524,1.83471837488458,3.6401710504365785,0,0,0,0,0,4.0,6.0,-3.0,17.0,286.0,-15.0,4.25,47.666666666666664,-2.25,0.25,0.3333333333333333,-0.25,4.0,3.0,-3.0
2009-11-09,2.0,5.0,1.0,0.0,1.0,2.0,CG,2.5,0.5,86.78136531365314,413.07242962681704,1.8339483394833949,3.6385783934027343,0,0,0,0,0,1.0,4.0,1.0,2.0,17.0,3.0,2.0,4.25,0.5,0.0,0.25,0.5,1.0,4.0,1.0
2009-11-16,4.0,5.0,0.0,0.0,4.0,2.0,CG,1.25,0.0,86.70599078341014,412.8893189198523,1.8341013824884793,3.636903188869655,0,0,0,1,0,2.0,1.0,2.0,5.0,2.0,0.0,2.5,2.0,-1.25,0.5,0.0,-0.5,2.0,1.0,0.0
2009-11-23,1.0,6.0,0.0,0.0,1.0,1.0,CG,6.0,0.0,86.63075506445672,412.70645098494714,1.83609576427256,3.6358208964167575,0,0,0,0,0,4.0,2.0,-3.0,5.0,5.0,1.0,1.25,2.5,4.75,0.0,0.5,0.0,2.0,2.0,-1.0
2009-11-30,2.0,2.0,0.0,0.0,2.0,1.0,CG,1.0,0.0,86.55657773689052,412.52364435887563,1.8353265869365225,3.6342350401349135,0,0,1,0,0,1.0,4.0,1.0,6.0,5.0,-4.0,6.0,1.25,-5.0,0.0,0.0,0.0,1.0,2.0,0.0
2009-12-07,4.0,9.0,3.0,0.0,1.0,2.0,CG,2.25,0.75,86.47886029411765,412.34181602373786,1.8354779411764706,3.6325664048721134,0,1,0,0,1,2.0,1.0,2.0,2.0,6.0,7.0,1.0,6.0,1.25,0.0,0.0,0.75,1.0,1.0,1.0
2009-12-14,11.0,359.0,2.0,0.0,9.0,3.0,CG,32.63636363636363,0.18181818181818182,86.40771349862258,412.1589643884278,1.837465564738292,3.6314890456094093,1,0,0,0,0,4.0,2.0,7.0,9.0,2.0,350.0,2.25,1.0,30.386363636363633,0.75,0.0,-0.5681818181818181,2.0,1.0,1.0
2009-12-21,0.0,0.0,0.0,0.0,0.0,0.0,CG,0.0,0.0,86.65779816513762,412.0524133290779,1.8458715596330275,3.6404152204192326,0,0,0,0,0,11.0,4.0,-11.0,359.0,9.0,-359.0,32.63636363636363,2.25,-32.63636363636363,0.18181818181818182,0.75,-0.18181818181818182,3.0,2.0,-3.0
2009-12-28,2.0,89.0,0.0,0.0,2.0,1.0,CG,44.5,0.0,86.57836846929422,411.8717111764625,1.844179651695692,3.63917403432418,0,0,0,0,1,0.0,11.0,2.0,0.0,359.0,89.0,0.0,32.63636363636363,44.5,0.0,0.18181818181818182,0.0,0.0,3.0,1.0
2010-01-04,3.0,9.0,0.0,0.0,3.0,1.0,CG,3.0,0.0,86.58058608058609,411.682915620916,1.8443223443223444,3.6375088924626704,0,0,0,1,0,2.0,0.0,1.0,89.0,0.0,-80.0,44.5,0.0,-41.5,0.0,0.0,0.0,1.0,0.0,0.0
2010-01-11,1.0,3.0,0.0,0.0,1.0,1.0,CG,3.0,0.0,86.5096065873742,411.5010639043866,1.8453796889295517,3.6360110231748957,0,0,0,0,1,3.0,2.0,-2.0,9.0,89.0,-6.0,3.0,44.5,0.0,0.0,0.0,0.0,1.0,1.0,0.0
2010-01-18,2.0,4.0,0.0,0.0,2.0,2.0,CG,2.0,0.0,86.43327239488117,411.32052603874655,1.8446069469835467,3.634437197544857,0,0,1,0,0,1.0,3.0,1.0,3.0,9.0,1.0,3.0,3.0,-1.0,0.0,0.0,0.0,1.0,1.0,1.0
2010-01-25,2.0,2.0,1.0,0.0,1.0,2.0,CG,1.0,0.5,86.35799086757991,411.14004080282996,1.8447488584474885,3.632778775604523,0,1,0,1,0,2.0,1.0,0.0,4.0,3.0,-2.0,2.0,3.0,-1.0,0.0,0.0,0.5,2.0,1.0,0.0
2010-02-01,7.0,96.0,1.0,0.0,6.0,4.0,CG,13.714285714285714,0.14285714285714285,86.28102189781022,410.960162547596,1.844890510948905,3.6311226218416963,1,0,0,0,0,2.0,2.0,5.0,2.0,4.0,94.0,1.0,2.0,12.714285714285714,0.5,0.0,-0.35714285714285715,2.0,2.0,2.0
2010-02-08,3.0,10.0,1.0,0.0,2.0,2.0,CG,3.3333333333333335,0.3333333333333333,86.28988149498633,410.772742747153,1.8495897903372835,3.6328014862009512,0,0,1,1,0,7.0,2.0,-4.0,96.0,2.0,-86.0,13.714285714285714,1.0,-10.38095238095238,0.14285714285714285,0.5,0.19047619047619047,4.0,2.0,-2.0
2010-02-15,0.0,0.0,0.0,0.0,0.0,0.0,CG,0.0,0.0,86.22040072859745,410.5919295367979,1.8506375227686702,3.631311285659535,0,1,0,0,0,3.0,7.0,-3.0,10.0,96.0,-10.0,3.3333333333333335,13.714285714285714,-3.3333333333333335,0.3333333333333333,0.14285714285714285,-0.3333333333333333,2.0,4.0,-2.0
2010-02-22,6.0,105.0,4.0,0.0,2.0,3.0,CG,17.5,0.6666666666666666,86.14194722474977,410.41315521643696,1.848953594176524,3.6300865696714477,1,0,1,0,0,0.0,3.0,6.0,0.0,10.0,105.0,0.0,3.3333333333333335,17.5,0.0,0.3333333333333333,0.6666666666666666,0.0,2.0,3.0
2010-03-01,3.0,35.0,0.0,0.0,3.0,2.0,CG,11.666666666666666,0.0,86.1590909090909,410.22678558739614,1.8527272727272728,3.630592616405521,0,1,0,0,0,6.0,0.0,-3.0,105.0,0.0,-70.0,17.5,0.0,-5.833333333333334,0.6666666666666666,0.0,-0.6666666666666666,3.0,0.0,-1.0
2010-03-08,9.0,87.0,3.0,0.0,6.0,4.0,CG,9.666666666666666,0.3333333333333333,86.11262488646685,410.0431751485712,1.8537693006357856,3.6291066841457327,1,0,0,0,0,3.0,6.0,6.0,35.0,105.0,52.0,11.666666666666666,17.5,-2.0,0.0,0.6666666666666666,0.3333333333333333,2.0,3.0,2.0
2010-03-15,1.0,5.0,0.0,0.0,1.0,1.0,CG,5.0,0.0,86.11343012704174,409.85691974214785,1.8602540834845736,3.633840234393602,0,0,0,0,0,9.0,3.0,-8.0,87.0,35.0,-82.0,9.666666666666666,11.666666666666666,-4.666666666666666,0.3333333333333333,0.0,-0.3333333333333333,4.0,2.0,-3.0
2010-03-22,1.0,1.0,1.0,0.0,0.0,1.0,CG,1.0,1.0,86.03989120580236,409.6781972078838,1.8594741613780599,3.632283470190113,0,0,0,0,0,1.0,9.0,0.0,5.0,87.0,-4.0,5.0,9.666666666666666,-4.0,0.0,0.3333333333333333,1.0,1.0,4.0,0.0
2010-03-29,1.0,2.0,1.0,0.0,0.0,1.0,CG,2.0,1.0,85.96286231884058,409.500442490775,1.858695652173913,3.6307286958493776,0,0,0,0,0,1.0,1.0,0.0,1.0,5.0,1.0,1.0,5.0,1.0,1.0,0.0,0.0,1.0,1.0,0.0
2010-04-05,2.0,4.0,2.0,0.0,0.0,1.0,CG,2.0,1.0,85.8868778280543,409.3227316004163,1.8579185520361992,3.629175907158449,0,0,0,0,0,1.0,1.0,1.0,2.0,1.0,2.0,2.0,1.0,0.0,1.0,1.0,0.0,1.0,1.0,0.0
2010-04-12,1.0,18.0,1.0,0.0,0.0,1.0,CG,18.0,1.0,85.8128390596745,409.14488495493015,1.8580470162748643,3.6275358902279025,0,0,0,0,0,2.0,1.0,-1.0,4.0,2.0,14.0,2.0,2.0,16.0,1.0,1.0,0.0,1.0,1.0,0.0
2010-04-19,1.0,80.0,0.0,0.0,1.0,1.0,CG,80.0,0.0,85.75158084914183,408.964955904521,1.857271906052394,3.625987296012845,0,0,0,0,0,1.0,2.0,0.0,18.0,4.0,62.0,18.0,2.0,62.0,1.0,1.0,-1.0,1.0,1.0,0.0
2010-04-26,2.0,14.0,1.0,0.0,1.0,2.0,CG,7.0,0.5,85.74638989169675,408.78023300290704,1.8564981949458483,3.6244406742892186,0,0,0,0,0,1.0,1.0,1.0,80.0,18.0,-66.0,80.0,18.0,-73.0,0.0,1.0,0.5,1.0,1.0,1.0
2010-05-03,2.0,3.0,1.0,0.0,1.0,2.0,CG,1.5,0.5,85.68169522091975,408.60140366178365,1.8566275924256086,3.6228072899236428,0,0,0,0,0,2.0,1.0,0.0,14.0,80.0,-11.0,7.0,80.0,-5.5,0.5,0.0,0.0,2.0,1.0,0.0
2010-05-10,1.0,1.0,0.0,0.0,1.0,1.0,CG,1.0,0.0,85.60720720720721,408.4246812284457,1.8567567567567567,3.621176111861284,0,0,0,0,0,2.0,2.0,-1.0,3.0,14.0,-2.0,1.5,7.0,-0.5,0.5,0.5,-0.5,2.0,2.0,-1.0
2010-05-17,1.0,0.0,1.0,0.0,0.0,1.0,CG,0.0,1.0,85.53105310531053,408.2485560223028,1.855985598559856,3.619635850452708,0,0,0,0,0,1.0,2.0,0.0,1.0,3.0,-1.0,1.0,1.5,-1.0,0.0,0.5,1.0,1.0,2.0,0.0
2010-05-24,0.0,0.0,0.0,0.0,0.0,0.0,CG,0.0,0.0,85.45413669064749,408.0728452612082,1.8552158273381294,3.6180975437880236,0,0,0,0,0,1.0,1.0,-1.0,0.0,1.0,0.0,0.0,1.0,0.0,1.0,0.0,-1.0,1.0,1.0,-1.0
2010-05-31,2.0,29.0,0.0,0.0,2.0,2.0,CG,14.5,0.0,85.37735849056604,407.8973605615609,1.853548966756514,3.6168978522159687,0,0,0,0,0,0.0,1.0,2.0,0.0,0.0,29.0,0.0,0.0,14.5,0.0,1.0,0.0,0.0,1.0,2.0
2010-06-07,1.0,3.0,0.0,0.0,1.0,1.0,CG,3.0,0.0,85.32675044883304,407.71757602474503,1.8536804308797128,3.615275308018788,0,0,0,0,0,2.0,0.0,-1.0,29.0,0.0,-26.0,14.5,0.0,-11.5,0.0,0.0,0.0,2.0,0.0,-1.0
2010-06-14,1.0,2.0,0.0,0.0,1.0,1.0,CG,2.0,0.0,85.25291479820628,407.5419955869456,1.8529147982062781,3.6137427231880825,0,0,0,0,0,1.0,2.0,0.0,3.0,29.0,-1.0,3.0,14.5,-1.0,0.0,0.0,0.0,1.0,2.0,0.0
2010-06-21,2.0,6.0,2.0,0.0,0.0,1.0,CG,3.0,1.0,85.17831541218638,407.36682328487836,1.8521505376344085,3.6122120769036883,0,0,0,0,0,1.0,1.0,1.0,2.0,3.0,4.0,2.0,3.0,1.0,0.0,0.0,1.0,1.0,1.0,0.0
2010-06-28,5.0,26.0,2.0,0.0,3.0,4.0,CG,5.2,0.4,85.10743061772605,407.1911621955766,1.8522829006266786,3.610596049667425,0,0,0,0,0,2.0,1.0,3.0,6.0,2.0,20.0,3.0,2.0,2.2,1.0,0.0,-0.6,1.0,1.0,3.0
2010-07-05,1.0,10.0,0.0,0.0,1.0,1.0,CG,10.0,0.0,85.05456171735241,407.01269028774607,1.855098389982111,3.610207097968373,0,0,0,0,0,5.0,2.0,-4.0,26.0,6.0,-16.0,5.2,3.0,4.8,0.4,1.0,-0.4,4.0,1.0,-3.0
2010-07-12,3.0,37.0,2.0,0.0,1.0,3.0,CG,12.333333333333334,0.6666666666666666,84.98748882931189,406.8368093814271,1.8543342269883825,3.608682691555953,0,0,0,0,0,1.0,5.0,2.0,10.0,26.0,27.0,10.0,5.2,2.333333333333334,0.0,0.4,0.6666666666666666,1.0,4.0,2.0
2010-07-19,1.0,0.0,1.0,0.0,0.0,1.0,CG,0.0,1.0,84.94464285714285,406.65751088580237,1.855357142857143,3.607232316339201,0,0,0,0,0,3.0,1.0,-2.0,37.0,10.0,-37.0,12.333333333333334,10.0,-12.333333333333334,0.6666666666666666,0.0,0.33333333333333337,3.0,1.0,-2.0
2010-07-26,2.0,288.0,1.0,0.0,1.0,2.0,CG,144.0,0.5,84.86886708296164,406.483844481572,1.8545941123996432,3.6057120904001976,0,0,0,0,0,1.0,3.0,1.0,0.0,37.0,288.0,0.0,12.333333333333334,144.0,1.0,0.6666666666666666,-0.5,1.0,3.0,1.0
2010-08-02,0.0,0.0,0.0,0.0,0.0,0.0,CG,0.0,0.0,85.04991087344028,406.3477538521064,1.8547237076648841,3.604106088850219,0,0,0,0,0,2.0,1.0,-2.0,288.0,0.0,-288.0,144.0,0.0,-144.0,0.5,1.0,-0.5,2.0,1.0,-2.0
2010-08-09,1.0,2.0,1.0,0.0,0.0,1.0,CG,2.0,1.0,84.97417631344612,406.174560801568,1.8530721282279607,3.6029247503694783,0,0,0,0,0,0.0,2.0,1.0,0.0,288.0,2.0,0.0,144.0,2.0,0.0,0.5,1.0,0.0,2.0,1.0
2010-08-16,1.0,2.0,1.0,0.0,0.0,1.0,CG,2.0,1.0,84.90035587188612,406.0012203832374,1.8523131672597866,3.6014101306909723,0,0,0,0,0,1.0,0.0,0.0,2.0,0.0,0.0,2.0,0.0,0.0,1.0,0.0,0.0,1.0,0.0,0.0
2010-08-23,2.0,8.0,0.0,0.0,2.0,2.0,CG,4.0,0.0,84.82666666666667,405.828101154704,1.8515555555555556,3.599897410778493,0,0,0,0,0,1.0,1.0,1.0,2.0,2.0,6.0,2.0,2.0,2.0,1.0,1.0,-1.0,1.0,1.0,1.0
2010-08-30,2.0,3.0,2.0,0.0,0.0,1.0,CG,1.5,1.0,84.75843694493783,405.6541540604907,1.8516873889875667,3.5982998200027656,0,0,0,0,0,2.0,1.0,0.0,8.0,2.0,-5.0,4.0,2.0,-2.5,0.0,1.0,1.0,2.0,1.0,-1.0
2010-09-06,0.0,0.0,0.0,0.0,0.0,0.0,CG,0.0,0.0,84.68589174800356,405.48129725139455,1.8518189884649512,3.5967043543112047,0,0,0,0,0,2.0,2.0,-2.0,3.0,8.0,-3.0,1.5,4.0,-1.5,1.0,0.0,-1.0,1.0,2.0,-1.0
2010-09-13,2.0,6.0,0.0,0.0,2.0,1.0,CG,3.0,0.0,84.61081560283688,405.3092065650583,1.850177304964539,3.5955310875753117,0,0,0,0,0,0.0,2.0,2.0,0.0,3.0,6.0,0.0,1.5,3.0,0.0,1.0,0.0,0.0,1.0,1.0
2010-09-20,0.0,0.0,0.0,0.0,0.0,0.0,CG,0.0,0.0,84.54118689105402,405.13626367037114,1.8503100088573958,3.5939397364648764,0,0,0,0,0,2.0,0.0,-2.0,6.0,0.0,-6.0,3.0,0.0,-3.0,0.0,0.0,0.0,1.0,0.0,-1.0
2010-09-27,0.0,0.0,0.0,0.0,0.0,0.0,CG,0.0,0.0,84.46637168141594,404.96461066622766,1.8486725663716814,3.592769410382758,0,0,0,0,0,0.0,2.0,0.0,0.0,6.0,0.0,0.0,3.0,0.0,0.0,0.0,0.0,0.0,1.0,0.0
2010-10-04,0.0,0.0,0.0,0.0,0.0,0.0,CG,0.0,0.0,84.39168877099911,404.7931750730606,1.8470380194518126,3.5916000301299347,0,0,0,0,0,0.0,0.0,0.0,0.0,0.0,0.0,0.0,0.0,0.0,0.0,0.0,0.0,0.0,0.0,0.0
2010-10-11,0.0,0.0,0.0,0.0,0.0,0.0,CG,0.0,0.0,84.31713780918727,404.6219564336919,1.8454063604240283,3.590431595082858,0,0,0,0,0,0.0,0.0,0.0,0.0,0.0,0.0,0.0,0.0,0.0,0.0,0.0,0.0,0.0,0.0,0.0
2010-10-18,0.0,0.0,0.0,0.0,0.0,0.0,CG,0.0,0.0,84.24271844660194,404.4509542922838,1.8437775816416593,3.589264104614926,0,0,0,0,0,0.0,0.0,0.0,0.0,0.0,0.0,0.0,0.0,0.0,0.0,0.0,0.0,0.0,0.0,0.0
2010-10-25,0.0,0.0,0.0,0.0,0.0,0.0,CG,0.0,0.0,84.168430335097,404.2801681943341,1.842151675485009,3.588097558096518,0,0,0,0,0,0.0,0.0,0.0,0.0,0.0,0.0,0.0,0.0,0.0,0.0,0.0,0.0,0.0,0.0,0.0
2010-11-01,2.0,31.0,2.0,0.0,0.0,2.0,CG,15.5,1.0,84.0942731277533,404.10959768667027,1.8405286343612335,3.586931954895029,0,0,0,0,1,0.0,0.0,2.0,0.0,0.0,31.0,0.0,0.0,15.5,0.0,0.0,1.0,0.0,0.0,2.0
2010-11-08,1.0,1.0,0.0,0.0,1.0,1.0,CG,1.0,0.0,84.0475352112676,403.93460829998907,1.840669014084507,3.5853545824006345,0,0,0,0,0,2.0,0.0,-1.0,31.0,0.0,-30.0,15.5,0.0,-14.5,1.0,0.0,-1.0,2.0,0.0,-1.0
2010-11-15,5.0,62.0,3.0,0.0,2.0,3.0,CG,12.4,0.6,83.97449428320141,403.76429275309465,1.8399296394019349,3.5838628928129554,0,0,0,0,0,1.0,2.0,4.0,1.0,31.0,61.0,1.0,15.5,11.4,0.0,1.0,0.6,1.0,2.0,2.0
2010-11-22,2.0,4.0,0.0,0.0,2.0,2.0,CG,2.0,0.0,83.95518453427066,403.58722252670134,1.842706502636204,3.583511107734155,0,0,0,0,0,5.0,1.0,-3.0,62.0,1.0,-58.0,12.4,1.0,-10.4,0.6,0.0,-0.6,3.0,1.0,-1.0
2010-11-29,0.0,0.0,0.0,0.0,0.0,0.0,CG,0.0,0.0,83.88498683055312,403.41681699778076,1.8428446005267778,3.581939316199183,0,0,0,1,1,2.0,5.0,-2.0,4.0,62.0,-4.0,2.0,12.4,-2.0,0.0,0.6,0.0,2.0,3.0,-2.0
2010-12-06,0.0,0.0,0.0,0.0,0.0,0.0,CG,0.0,0.0,83.81140350877193,403.24733917429023,1.8412280701754387,3.5807825622757785,0,0,0,0,1,0.0,2.0,0.0,0.0,4.0,0.0,0.0,2.0,0.0,0.0,0.0,0.0,0.0,2.0,0.0
2010-12-13,0.0,0.0,0.0,0.0,0.0,0.0,CG,0.0,0.0,83.73794916739702,403.078074199903,1.8396143733567047,3.579626736191902,0,0,1,0,0,0.0,0.0,0.0,0.0,0.0,0.0,0.0,0.0,0.0,0.0,0.0,0.0,0.0,0.0,0.0
2010-12-20,0.0,0.0,0.0,0.0,0.0,0.0,CG,0.0,0.0,83.6646234676007,402.90902163077783,1.8380035026269703,3.578471837336432,0,1,0,0,0,0.0,0.0,0.0,0.0,0.0,0.0,0.0,0.0,0.0,0.0,0.0,0.0,0.0,0.0,0.0
2010-12-27,7.0,35.0,2.0,0.0,5.0,5.0,CG,5.0,0.2857142857142857,83.59142607174103,402.7401810243635,1.8363954505686788,3.577317865095335,1,0,0,1,0,0.0,0.0,7.0,0.0,0.0,35.0,0.0,0.0,5.0,0.0,0.0,0.2857142857142857,0.0,0.0,5.0
2011-01-03,4.0,3.0,1.0,0.0,3.0,2.0,CG,0.75,0.25,83.54895104895105,402.56652912916337,1.8409090909090908,3.579010143674673,0,0,0,1,0,7.0,0.0,-3.0,35.0,0.0,-32.0,5.0,0.0,-4.25,0.2857142857142857,0.0,-0.0357142857142857,5.0,0.0,-3.0
2011-01-10,3.0,5.0,1.0,0.0,2.0,2.0,CG,1.6666666666666667,0.3333333333333333,83.47860262008733,402.39758472666017,1.8427947598253276,3.578014531368731,0,0,1,0,0,4.0,7.0,-1.0,3.0,35.0,2.0,0.75,5.0,0.9166666666666667,0.25,0.2857142857142857,0.08333333333333331,2.0,5.0,0.0
2011-01-17,3.0,3.0,1.0,0.0,2.0,2.0,CG,1.0,0.3333333333333333,83.41012216404887,402.2285075231048,1.843804537521815,3.5766150976196576,0,1,1,0,0,3.0,4.0,0.0,5.0,3.0,-2.0,1.6666666666666667,0.75,-0.6666666666666667,0.3333333333333333,0.25,0.0,2.0,2.0,0.0
2011-01-24,9.0,33.0,3.0,0.0,6.0,3.0,CG,3.6666666666666665,0.3333333333333333,83.34001743679163,402.05998722503983,1.8448125544899738,3.5752172751190883,1,1,0,0,0,3.0,3.0,6.0,3.0,5.0,30.0,1.0,1.6666666666666667,2.6666666666666665,0.3333333333333333,0.3333333333333333,0.0,2.0,2.0,1.0
2011-01-31,8.0,17.0,3.0,0.0,5.0,2.0,CG,2.125,0.375,83.29616724738676,401.88742942675253,1.8510452961672474,3.579892594771512,1,0,0,0,1,9.0,3.0,-1.0,33.0,3.0,-16.0,3.6666666666666665,1.0,-1.5416666666666665,0.3333333333333333,0.3333333333333333,0.041666666666666685,3.0,2.0,-1.0
2011-02-07,5.0,5.0,0.0,0.0,5.0,1.0,CG,1.0,0.0,83.2384682332463,401.7171143323088,1.8563968668407311,3.58292814805663,0,0,0,0,0,8.0,9.0,-3.0,17.0,33.0,-12.0,2.125,3.6666666666666665,-1.125,0.375,0.3333333333333333,-0.375,2.0,3.0,-1.0
2011-02-14,0.0,0.0,0.0,0.0,0.0,0.0,CG,0.0,0.0,83.1704347826087,401.5488925863469,1.8591304347826088,3.5825681734649155,0,0,0,0,0,5.0,8.0,-5.0,5.0,17.0,-5.0,1.0,2.125,-1.0,0.0,0.375,0.0,1.0,2.0,-1.0
2011-02-21,5.0,13.0,1.0,0.0,4.0,2.0,CG,2.6,0.2,83.0981754995656,401.38175464498323,1.8575152041702867,3.581429456356161,0,0,0,0,0,0.0,5.0,5.0,0.0,5.0,13.0,0.0,1.0,2.6,0.0,0.0,0.2,0.0,1.0,2.0
2011-02-28,5.0,12.0,4.0,0.0,1.0,2.0,CG,2.4,0.8,83.03732638888889,401.2126702539958,1.8602430555555556,3.581070409160425,0,0,0,1,0,5.0,0.0,0.0,13.0,0.0,-1.0,2.6,0.0,-0.20000000000000018,0.2,0.0,0.6000000000000001,2.0,0.0,0.0
2011-03-07,5.0,10.0,4.0,0.0,1.0,3.0,CG,2.0,0.8,82.97571552471813,401.04395163854963,1.8629661751951432,3.5807098748790405,0,0,0,0,1,5.0,5.0,0.0,12.0,13.0,-2.0,2.4,2.6,-0.3999999999999999,0.8,0.2,0.0,2.0,2.0,1.0
2011-03-14,3.0,7.0,1.0,0.0,2.0,2.0,CG,2.3333333333333335,0.3333333333333333,82.91247833622184,400.8757565778857,1.865684575389948,3.5803478622276432,0,0,1,0,0,5.0,5.0,-2.0,10.0,12.0,-3.0,2.0,2.4,0.3333333333333335,0.8,0.8,-0.46666666666666673,3.0,2.0,-1.0
2011-03-21,1.0,3.0,1.0,0.0,0.0,1.0,CG,3.0,1.0,82.84675324675325,400.7082549825992,1.8666666666666667,3.5789518844999253,0,1,0,0,1,3.0,5.0,-2.0,7.0,10.0,-4.0,2.3333333333333335,2.0,0.6666666666666665,0.3333333333333333,0.8,0.6666666666666667,2.0,3.0,-1.0
2011-03-28,7.0,70.0,4.0,0.0,3.0,3.0,CG,10.0,0.5714285714285714,82.77768166089966,400.54163530651147,1.8659169550173011,3.5774930311466364,1,0,0,0,0,1.0,3.0,6.0,3.0,7.0,67.0,3.0,2.3333333333333335,7.0,1.0,0.3333333333333333,-0.4285714285714286,1.0,2.0,2.0
2011-04-04,0.0,0.0,0.0,0.0,0.0,0.0,CG,0.0,0.0,82.76663785652549,400.36852940238873,1.8703543647363872,3.579129375818912,0,0,0,1,0,7.0,1.0,-7.0,70.0,3.0,-70.0,10.0,3.0,-10.0,0.5714285714285714,1.0,-0.5714285714285714,3.0,1.0,-3.0
2011-04-11,2.0,4.0,1.0,0.0,1.0,2.0,CG,2.0,0.5,82.69516407599309,400.20286276852556,1.8687392055267702,3.5780044895528307,0,0,0,0,0,0.0,7.0,2.0,0.0,70.0,4.0,0.0,10.0,2.0,0.0,0.5714285714285714,0.5,0.0,3.0,2.0
2011-04-18,1.0,1.0,0.0,0.0,1.0,1.0,CG,1.0,0.0,82.62726488352028,400.03670489887145,1.8688524590163935,3.5764613272084587,0,0,1,1,0,2.0,0.0,-1.0,4.0,0.0,-3.0,2.0,0.0,-1.0,0.5,0.0,-0.5,2.0,0.0,-1.0
2011-04-25,2.0,3.0,2.0,0.0,0.0,2.0,CG,1.5,1.0,82.55689655172414,399.8712716124256,1.868103448275862,3.5750091050869894,0,1,0,0,0,1.0,2.0,1.0,1.0,4.0,2.0,1.0,2.0,0.5,0.0,0.5,1.0,1.0,2.0,1.0
2011-05-02,6.0,22.0,5.0,0.0,1.0,3.0,CG,3.6666666666666665,0.8333333333333334,82.48837209302326,399.70569571078244,1.8682170542635659,3.573469917237104,1,0,1,0,0,2.0,1.0,4.0,3.0,1.0,19.0,1.5,1.0,2.1666666666666665,1.0,0.0,-0.16666666666666663,2.0,1.0,1.0
2011-05-09,0.0,0.0,0.0,0.0,0.0,0.0,CG,0.0,0.0,82.43631669535284,399.5374605942705,1.8717728055077452,3.573986565791111,0,1,0,0,0,6.0,2.0,-6.0,22.0,3.0,-22.0,3.6666666666666665,1.5,-3.6666666666666665,0.8333333333333334,1.0,-0.8333333333333334,3.0,2.0,-3.0
2011-05-16,6.0,15.0,4.0,0.0,2.0,2.0,CG,2.5,0.6666666666666666,82.36543422184008,399.3728212285111,1.8701633705932932,3.5728699790544516,1,0,0,0,0,0.0,6.0,6.0,0.0,22.0,15.0,0.0,3.6666666666666665,2.5,0.0,0.8333333333333334,0.6666666666666666,0.0,3.0,2.0
2011-05-23,4.0,14.0,2.0,0.0,2.0,2.0,CG,3.5,0.5,82.30756013745705,399.20596801087976,1.8737113402061856,3.5733844117196734,0,0,0,0,0,6.0,0.0,-2.0,15.0,0.0,-1.0,2.5,0.0,1.0,0.6666666666666666,0.0,-0.16666666666666663,2.0,0.0,0.0
2011-05-30,4.0,7.0,2.0,0.0,2.0,3.0,CG,1.75,0.5,82.2489270386266,399.0394693755896,1.8755364806866952,3.5723923262614345,0,0,0,0,0,4.0,6.0,0.0,14.0,15.0,-7.0,3.5,2.5,-1.75,0.5,0.6666666666666666,0.0,2.0,2.0,1.0
2011-06-06,5.0,17.0,0.0,1.0,4.0,2.0,CG,3.4,0.0,82.1843910806175,398.87425853926834,1.8773584905660377,3.571400737950146,0,0,0,0,0,4.0,4.0,1.0,7.0,14.0,10.0,1.75,3.5,1.65,0.5,0.5,-0.5,3.0,2.0,-1.0
2011-06-13,5.0,14.0,1.0,0.0,4.0,3.0,CG,2.8,0.2,82.12853470437018,398.707743982125,1.8800342759211655,3.5710390258833087,0,0,0,0,0,5.0,4.0,0.0,17.0,7.0,-3.0,3.4,1.75,-0.6000000000000001,0.0,0.5,0.2,2.0,3.0,1.0
2011-06-20,1.0,3.0,1.0,0.0,0.0,1.0,CG,3.0,1.0,82.07020547945206,398.54186699220224,1.8827054794520548,3.570675895429506,0,0,0,0,0,5.0,5.0,-4.0,14.0,17.0,-11.0,2.8,3.4,0.20000000000000018,0.2,0.0,0.8,3.0,2.0,-2.0
2011-06-27,2.0,3.0,0.0,0.0,2.0,1.0,CG,1.5,0.0,82.00256629597946,398.37793436547,1.8819503849443968,3.569240397431857,0,0,0,0,0,1.0,5.0,1.0,3.0,14.0,0.0,3.0,2.8,-1.5,1.0,0.2,-1.0,1.0,3.0,0.0
2011-07-04,0.0,0.0,0.0,0.0,0.0,0.0,CG,0.0,0.0,81.93504273504273,398.21420342290617,1.882051282051282,3.5677151188554457,0,0,0,0,0,2.0,1.0,-2.0,3.0,3.0,-3.0,1.5,3.0,-1.5,0.0,1.0,0.0,1.0,1.0,-1.0
2011-07-11,0.0,0.0,0.0,0.0,0.0,0.0,CG,0.0,0.0,81.86507258753203,398.05119144376675,1.8804440649017933,3.5666142063103643,0,0,0,0,0,0.0,2.0,0.0,0.0,3.0,0.0,0.0,1.5,0.0,0.0,0.0,0.0,0.0,1.0,0.0
2011-07-18,1.0,2.0,0.0,0.0,1.0,1.0,CG,2.0,0.0,81.79522184300342,397.88837898229247,1.878839590443686,3.565514111760597,0,0,0,0,0,0.0,0.0,1.0,0.0,0.0,2.0,0.0,0.0,2.0,0.0,0.0,0.0,0.0,0.0,1.0
2011-07-25,3.0,8.0,2.0,0.0,1.0,3.0,CG,2.6666666666666665,0.6666666666666666,81.72719522591645,397.7254192678689,1.8780903665814153,3.5640850371780504,0,0,0,0,0,1.0,0.0,2.0,2.0,0.0,6.0,2.0,0.0,0.6666666666666665,0.0,0.0,0.6666666666666666,1.0,0.0,2.0
2011-08-01,2.0,4.0,0.0,0.0,2.0,2.0,CG,2.0,0.0,81.66439522998296,397.56167281675465,1.879045996592845,3.562715963931974,0,0,0,0,0,3.0,1.0,-1.0,8.0,2.0,-4.0,2.6666666666666665,2.0,-0.6666666666666665,0.6666666666666666,0.0,-0.6666666666666666,3.0,1.0,-1.0
2011-08-08,4.0,4.0,1.0,0.0,3.0,3.0,CG,1.0,0.25,81.59829787234042,397.39877628224593,1.8791489361702127,3.561200048121348,0,0,0,0,0,2.0,3.0,2.0,4.0,8.0,0.0,2.0,2.6666666666666665,-1.0,0.0,0.6666666666666666,0.25,2.0,3.0,1.0
2011-08-15,2.0,4.0,0.0,1.0,1.0,2.0,CG,2.0,0.0,81.53231292517007,397.23607940967963,1.880952380952381,3.56022152470384,0,0,0,0,0,4.0,2.0,-2.0,4.0,4.0,0.0,1.0,2.0,1.0,0.25,0.0,-0.25,3.0,2.0,-1.0
2011-08-22,3.0,48.0,1.0,0.0,2.0,3.0,CG,16.0,0.3333333333333333,81.46644010195412,397.07358179242954,1.881053525913339,3.5587091949240945,0,0,0,0,0,2.0,4.0,1.0,4.0,4.0,44.0,2.0,1.0,14.0,0.0,0.25,0.3333333333333333,2.0,3.0,1.0
2011-08-29,1.0,2.0,1.0,0.0,0.0,1.0,CG,2.0,1.0,81.43803056027164,396.9060633064275,1.8820033955857385,3.5573464942077986,0,0,0,0,0,3.0,2.0,-2.0,48.0,4.0,-46.0,16.0,2.0,-14.0,0.3333333333333333,0.0,0.6666666666666667,3.0,2.0,-2.0
2011-09-05,0.0,0.0,0.0,0.0,0.0,0.0,CG,0.0,0.0,81.37065309584393,396.744306843074,1.8812553011026294,3.5559290431704516,0,0,0,0,1,1.0,3.0,-1.0,2.0,48.0,-2.0,2.0,16.0,-2.0,1.0,0.3333333333333333,-1.0,1.0,3.0,-1.0
2011-09-12,1.0,2.0,0.0,1.0,0.0,1.0,CG,2.0,0.0,81.30169491525423,396.58309102724957,1.8796610169491526,3.5548425756157367,0,0,0,0,0,0.0,1.0,1.0,0.0,2.0,2.0,0.0,2.0,2.0,0.0,1.0,0.0,0.0,1.0,1.0
2011-09-19,4.0,10.0,2.0,0.0,2.0,4.0,CG,2.5,0.5,81.23454699407282,396.4217280454119,1.8789161727349704,3.5534281624480455,0,0,0,0,0,1.0,0.0,3.0,2.0,0.0,8.0,2.0,0.0,0.5,0.0,0.0,0.5,1.0,0.0,3.0
2011-09-26,1.0,2.0,1.0,0.0,0.0,1.0,CG,2.0,1.0,81.17428087986464,396.2592764074838,1.880710659898477,3.5524591908035874,0,0,0,0,0,4.0,1.0,-3.0,10.0,2.0,-8.0,2.5,2.0,-0.5,0.5,0.0,0.5,4.0,1.0,-3.0
2011-10-03,3.0,24.0,2.0,0.0,1.0,2.0,CG,8.0,0.6666666666666666,81.10735418427726,396.0983074641805,1.8799661876584954,3.551048461584371,0,0,0,1,0,1.0,4.0,2.0,2.0,10.0,22.0,2.0,2.5,6.0,1.0,0.5,-0.33333333333333337,1.0,4.0,1.0
2011-10-10,2.0,3.0,1.0,0.0,1.0,2.0,CG,1.5,0.5,81.05912162162163,395.9343378426695,1.880912162162162,3.549696523033182,0,0,0,0,1,3.0,1.0,-1.0,24.0,2.0,-21.0,8.0,2.0,-6.5,0.6666666666666666,1.0,-0.16666666666666663,2.0,1.0,0.0
2011-10-17,0.0,0.0,0.0,0.0,0.0,0.0,CG,0.0,0.0,80.99324894514768,395.7735966676522,1.8810126582278481,3.548198865603986,0,0,1,0,0,2.0,3.0,-2.0,3.0,24.0,-3.0,1.5,8.0,-1.5,0.5,0.6666666666666666,-0.5,2.0,2.0,-2.0
2011-10-24,2.0,5.0,1.0,0.0,1.0,2.0,CG,2.5,0.5,80.92495784148397,395.61355896228855,1.8794266441821248,3.547121970011999,0,1,0,0,0,0.0,2.0,2.0,0.0,3.0,5.0,0.0,1.5,2.5,0.0,0.5,0.5,0.0,2.0,2.0
2011-10-31,9.0,60.0,6.0,1.0,2.0,5.0,CG,6.666666666666667,0.6666666666666666,80.86099410278011,395.4528793900706,1.8795282224094356,3.5456279678183718,1,0,0,0,1,2.0,0.0,7.0,5.0,0.0,55.0,2.5,0.0,4.166666666666667,0.5,0.0,0.16666666666666663,2.0,0.0,3.0
2011-11-07,2.0,9.0,0.0,1.0,1.0,2.0,CG,4.5,0.0,80.84343434343434,395.2867310312749,1.8855218855218856,3.550149916318006,0,0,0,1,1,9.0,2.0,-7.0,60.0,5.0,-51.0,6.666666666666667,2.5,-2.166666666666667,0.6666666666666666,0.5,-0.6666666666666666,5.0,2.0,-3.0
2011-11-14,2.0,3.0,2.0,0.0,0.0,1.0,CG,1.5,1.0,80.7830109335576,395.1258227945557,1.8856181665264928,3.548656983907293,0,0,0,0,0,2.0,9.0,0.0,9.0,60.0,-6.0,4.5,6.666666666666667,-3.0,0.0,0.6666666666666666,1.0,2.0,5.0,-1.0
2011-11-21,4.0,5.0,0.0,1.0,3.0,3.0,CG,1.25,0.0,80.71764705882353,394.96606526088186,1.8857142857142857,3.547165933366658,0,0,1,0,0,2.0,2.0,2.0,3.0,9.0,2.0,1.5,4.5,-0.25,1.0,0.0,-1.0,1.0,2.0,2.0
2011-11-28,2.0,5.0,1.0,0.0,1.0,2.0,CG,2.5,0.5,80.65407220822838,394.8061746319587,1.887489504617968,3.546204456183797,0,1,0,1,0,4.0,2.0,-2.0,5.0,3.0,0.0,1.25,1.5,1.25,0.0,1.0,0.5,3.0,1.0,-1.0
2011-12-05,6.0,5.0,0.0,0.0,6.0,1.0,CG,0.8333333333333334,0.0,80.59060402684564,394.6464776604213,1.8875838926174497,3.544716890684723,1,0,0,1,0,2.0,4.0,4.0,5.0,5.0,0.0,2.5,1.25,-1.6666666666666665,0.5,0.0,-0.5,2.0,3.0,-1.0
2011-12-12,4.0,12.0,0.0,2.0,2.0,3.0,CG,3.0,0.0,80.52724224643755,394.48697395646815,1.8910310142497904,3.545229571027189,0,0,1,0,0,6.0,2.0,-2.0,5.0,5.0,7.0,0.8333333333333334,2.5,2.1666666666666665,0.0,0.5,0.0,1.0,2.0,2.0
2011-12-19,2.0,11.0,0.0,2.0,0.0,1.0,CG,5.5,0.0,80.46984924623115,394.3265922685615,1.8927973199329984,3.544268960141165,0,1,1,0,0,4.0,6.0,-2.0,12.0,5.0,-1.0,3.0,0.8333333333333334,2.5,0.0,0.0,0.0,3.0,1.0,-2.0
2011-12-26,6.0,39.0,1.0,1.0,4.0,4.0,CG,6.5,0.16666666666666666,80.41171548117156,394.16655221417244,1.892887029288703,3.542785806794078,1,1,0,0,0,2.0,4.0,4.0,11.0,12.0,28.0,5.5,3.0,1.0,0.0,0.0,0.16666666666666666,1.0,3.0,3.0
2012-01-02,9.0,38.0,1.0,2.0,6.0,5.0,CG,4.222222222222222,0.1111111111111111,80.37709030100335,394.00341409674945,1.8963210702341138,3.54329395631302,1,0,0,0,1,6.0,2.0,3.0,39.0,11.0,-1.0,6.5,5.5,-2.2777777777777777,0.16666666666666666,0.0,-0.05555555555555555,4.0,1.0,1.0
2012-01-09,4.0,27.0,1.0,1.0,2.0,4.0,CG,6.75,0.25,80.34168755221387,393.8405671706808,1.9022556390977443,3.547758714710558,0,0,0,0,1,9.0,6.0,-5.0,38.0,39.0,-11.0,4.222222222222222,6.5,2.5277777777777777,0.1111111111111111,0.16666666666666666,0.1388888888888889,5.0,4.0,-1.0
2012-01-16,1.0,15.0,1.0,0.0,0.0,1.0,CG,15.0,1.0,80.29716193656094,393.6790378010602,1.9040066777963272,3.546794329389986,0,0,0,0,0,4.0,9.0,-3.0,27.0,38.0,-12.0,6.75,4.222222222222222,8.25,0.25,0.1111111111111111,0.75,4.0,5.0,-3.0
2012-01-23,0.0,0.0,0.0,0.0,0.0,0.0,CG,0.0,0.0,80.24270225187657,393.51921503153494,1.9032527105921602,3.545409846593824,0,0,0,0,0,1.0,4.0,-1.0,15.0,27.0,-15.0,15.0,6.75,-15.0,1.0,0.25,-1.0,1.0,4.0,-1.0
2012-01-30,4.0,18.0,2.0,0.0,2.0,4.0,CG,4.5,0.5,80.17583333333333,393.3618981316359,1.9016666666666666,3.5443569154138648,0,0,0,1,0,0.0,1.0,4.0,0.0,15.0,18.0,0.0,15.0,4.5,0.0,1.0,0.5,0.0,1.0,4.0
2012-02-06,4.0,11.0,2.0,0.0,2.0,3.0,CG,2.75,0.5,80.1240632805995,393.2020563215251,1.903413821815154,3.5433971462579232,0,0,0,1,0,4.0,0.0,0.0,18.0,0.0,-7.0,4.5,0.0,-1.75,0.5,0.0,0.0,4.0,0.0,-1.0
2012-02-13,1.0,1.0,0.0,0.0,1.0,1.0,CG,1.0,0.0,80.06655574043262,393.0433813799417,1.9051580698835275,3.542437855724624,0,0,1,0,0,4.0,4.0,-3.0,11.0,18.0,-10.0,2.75,4.5,-1.75,0.5,0.5,-0.5,3.0,4.0,-2.0
2012-02-20,4.0,9.0,0.0,0.0,4.0,2.0,CG,2.25,0.0,80.00083125519535,392.8864652055827,1.9044056525353283,3.5410601562222377,0,1,1,0,0,1.0,4.0,3.0,1.0,11.0,8.0,1.0,2.75,1.25,0.0,0.5,0.0,1.0,3.0,1.0
2012-02-27,7.0,68.0,2.0,1.0,4.0,5.0,CG,9.714285714285714,0.2857142857142857,79.94186046511628,392.72846745851365,1.9061461794019934,3.540103285270698,1,1,0,0,0,4.0,1.0,3.0,9.0,1.0,59.0,2.25,1.0,7.4642857142857135,0.0,0.0,0.2857142857142857,2.0,1.0,3.0
2012-03-05,6.0,23.0,1.0,0.0,5.0,3.0,CG,3.8333333333333335,0.16666666666666666,79.93195020746887,392.56549109746686,1.9103734439834026,3.541674099237225,1,0,0,0,0,7.0,4.0,-1.0,68.0,9.0,-45.0,9.714285714285714,2.25,-5.88095238095238,0.2857142857142857,0.0,-0.11904761904761904,5.0,2.0,-2.0
2012-03-12,3.0,28.0,0.0,0.0,3.0,3.0,CG,9.333333333333334,0.0,79.88474295190713,392.40599157436503,1.913764510779436,3.5421623502393507,0,0,0,0,1,6.0,7.0,-3.0,23.0,68.0,5.0,3.8333333333333335,9.714285714285714,5.5,0.16666666666666666,0.2857142857142857,-0.16666666666666666,3.0,5.0,0.0
2012-03-19,2.0,2.0,0.0,0.0,2.0,2.0,CG,1.0,0.0,79.84175642087821,392.2461118375026,1.9146644573322287,3.5408315303456,0,0,0,0,1,3.0,6.0,-1.0,28.0,23.0,-26.0,9.333333333333334,3.8333333333333335,-8.333333333333334,0.0,0.16666666666666666,0.0,3.0,3.0,-1.0
2012-03-26,4.0,234.0,1.0,0.0,3.0,4.0,CG,58.5,0.25,79.7773178807947,392.0899866897829,1.9147350993377483,3.5393652878196753,0,0,0,0,0,2.0,3.0,2.0,2.0,28.0,232.0,1.0,9.333333333333334,57.5,0.0,0.0,0.25,2.0,3.0,2.0
2012-04-02,2.0,30.0,0.0,0.0,2.0,2.0,CG,15.0,0.0,79.90488006617039,391.95276110532194,1.9164598842018197,3.5384082795191754,0,0,0,0,1,4.0,2.0,-2.0,234.0,2.0,-204.0,58.5,1.0,-43.5,0.25,0.0,-0.25,4.0,2.0,-2.0
2012-04-09,0.0,0.0,0.0,0.0,0.0,0.0,CG,0.0,0.0,79.86363636363636,391.793256384732,1.9165289256198348,3.5369454305796024,0,0,0,1,0,2.0,4.0,-2.0,30.0,234.0,-30.0,15.0,58.5,-15.0,0.0,0.25,0.0,2.0,4.0,-2.0
2012-04-16,3.0,10.0,1.0,1.0,1.0,3.0,CG,3.3333333333333335,0.3333333333333333,79.79768786127168,391.63804911590313,1.9149463253509496,3.5359125058721066,0,0,0,1,0,0.0,2.0,3.0,0.0,30.0,10.0,0.0,15.0,3.3333333333333335,0.0,0.0,0.3333333333333333,0.0,2.0,3.0
2012-04-23,2.0,241.0,1.0,0.0,1.0,2.0,CG,120.5,0.5,79.74009900990099,391.4814492782184,1.9158415841584158,3.5345897066522047,0,0,1,0,0,3.0,0.0,-1.0,10.0,0.0,231.0,3.3333333333333335,0.0,117.16666666666667,0.3333333333333333,0.0,0.16666666666666669,3.0,0.0,-1.0
2012-04-30,4.0,16.0,2.0,0.0,2.0,4.0,CG,4.0,0.5,79.87304204451773,391.34730514124624,1.9159109645507006,3.533132067994052,0,1,1,1,0,2.0,3.0,2.0,241.0,10.0,-225.0,120.5,3.3333333333333335,-116.5,0.5,0.3333333333333333,0.0,2.0,3.0,2.0
2012-05-07,8.0,143.0,4.0,3.0,1.0,3.0,CG,17.875,0.5,79.82042833607908,391.1902534427517,1.9176276771004943,3.532181897831034,1,1,0,0,0,4.0,2.0,4.0,16.0,241.0,127.0,4.0,120.5,13.875,0.5,0.5,0.0,4.0,2.0,-1.0
2012-05-14,6.0,77.0,0.0,1.0,5.0,5.0,CG,12.833333333333334,0.0,79.8724279835391,391.0333048363231,1.9226337448559672,3.5350361669756287,1,0,1,0,0,8.0,4.0,-2.0,143.0,16.0,-66.0,17.875,4.0,-5.041666666666666,0.5,0.5,-0.5,3.0,4.0,2.0
2012-05-21,3.0,106.0,0.0,1.0,2.0,3.0,CG,35.333333333333336,0.0,79.87006578947368,390.8723613358864,1.925986842105263,3.535515144656904,0,1,0,0,0,6.0,8.0,-3.0,77.0,143.0,29.0,12.833333333333334,17.875,22.5,0.0,0.5,0.0,5.0,3.0,-2.0
2012-05-28,10.0,76.0,2.0,1.0,7.0,6.0,CG,7.6,0.2,79.89153656532457,390.7123256946122,1.9268693508627772,3.5341951938099934,1,0,0,0,0,3.0,6.0,7.0,106.0,77.0,-30.0,35.333333333333336,12.833333333333334,-27.733333333333334,0.0,0.0,0.2,3.0,5.0,3.0
2012-06-04,3.0,27.0,1.0,1.0,1.0,3.0,CG,9.0,0.3333333333333333,79.88834154351396,390.55178589353017,1.9334975369458127,3.540308249058341,0,0,0,0,0,10.0,3.0,-7.0,76.0,106.0,-49.0,7.6,35.333333333333336,1.4000000000000004,0.2,0.0,0.1333333333333333,6.0,3.0,-3.0
2012-06-11,1.0,2.0,1.0,0.0,0.0,1.0,CG,2.0,1.0,79.84495488105004,390.3943668337956,1.9343724364232977,3.5389864536300353,0,0,0,0,0,3.0,10.0,-2.0,27.0,76.0,-25.0,9.0,7.6,-7.0,0.3333333333333333,0.2,0.6666666666666667,3.0,6.0,-2.0
2012-06-18,1.0,6.0,0.0,0.0,1.0,1.0,CG,6.0,0.0,79.78114754098361,390.2405692124068,1.9336065573770491,3.5376357064323876,0,0,0,0,0,1.0,3.0,0.0,2.0,27.0,4.0,2.0,9.0,4.0,1.0,0.3333333333333333,-1.0,1.0,3.0,0.0
2012-06-25,4.0,32.0,3.0,0.0,1.0,3.0,CG,8.0,0.75,79.72072072072072,390.0863163893781,1.9328419328419328,3.5362864933004516,0,0,0,0,0,1.0,1.0,3.0,6.0,2.0,26.0,6.0,2.0,2.0,0.0,1.0,0.75,1.0,1.0,2.0
2012-07-02,5.0,67.0,2.0,0.0,3.0,3.0,CG,13.4,0.4,79.68166939443535,389.92893278173966,1.934533551554828,3.5353326769732725,0,0,0,0,0,4.0,1.0,1.0,32.0,6.0,35.0,8.0,6.0,5.4,0.75,0.0,-0.35,3.0,1.0,0.0
2012-07-09,1.0,6.0,0.0,0.0,1.0,1.0,CG,6.0,0.0,79.67130008176615,389.7695234280335,1.937040065412919,3.5349728150033104,0,0,0,0,0,5.0,4.0,-4.0,67.0,32.0,-61.0,13.4,8.0,-7.4,0.4,0.75,-0.4,3.0,3.0,-2.0
2012-07-16,2.0,2.0,0.0,0.0,2.0,2.0,CG,1.0,0.0,79.61111111111111,389.6158315952675,1.9362745098039216,3.5336288195441408,0,0,0,0,0,1.0,5.0,1.0,6.0,67.0,-4.0,6.0,13.4,-5.0,0.0,0.4,0.0,1.0,3.0,1.0
2012-07-23,4.0,22.0,4.0,0.0,0.0,1.0,CG,5.5,1.0,79.54775510204081,389.462955037667,1.9363265306122448,3.5321855180346233,0,0,0,0,0,2.0,1.0,2.0,2.0,6.0,20.0,1.0,6.0,4.5,0.0,0.0,1.0,2.0,1.0,-1.0
2012-07-30,4.0,38.0,1.0,1.0,2.0,4.0,CG,9.5,0.25,79.50081566068515,389.3074274407803,1.9380097879282219,3.5312354020079018,0,0,0,0,0,4.0,2.0,0.0,22.0,2.0,16.0,5.5,1.0,4.0,1.0,0.0,-0.75,1.0,2.0,3.0
2012-08-06,3.0,21.0,1.0,0.0,2.0,3.0,CG,7.0,0.3333333333333333,79.46699266503667,389.15042719531874,1.9396903015484923,3.5302857795668,0,0,0,0,0,4.0,4.0,-1.0,38.0,22.0,-17.0,9.5,5.5,-2.5,0.25,1.0,0.08333333333333331,4.0,1.0,-1.0
2012-08-13,1.0,18.0,1.0,0.0,0.0,1.0,CG,18.0,1.0,79.41938110749186,388.9953949511202,1.9405537459283388,3.528976618898759,0,0,0,0,0,3.0,4.0,-2.0,21.0,38.0,-3.0,7.0,9.5,11.0,0.3333333333333333,0.25,0.6666666666666667,3.0,4.0,-2.0
2012-08-20,5.0,24.0,2.0,1.0,2.0,3.0,CG,4.8,0.4,79.36940602115541,388.840923874446,1.9397884458909682,3.527641471663829,0,0,0,0,0,1.0,3.0,4.0,18.0,21.0,6.0,18.0,7.0,-13.2,1.0,0.3333333333333333,-0.6,1.0,3.0,2.0
2012-08-27,1.0,2.0,0.0,0.0,1.0,1.0,CG,2.0,0.0,79.32439024390244,388.68590397828655,1.9422764227642277,3.527285440121247,0,0,0,0,0,5.0,1.0,-4.0,24.0,18.0,-22.0,4.8,18.0,-2.8,0.4,1.0,-0.4,3.0,1.0,-2.0
2012-09-03,2.0,2.0,1.0,0.0,1.0,2.0,CG,1.0,0.5,79.26157595450853,388.53412001612054,1.941510966693745,3.525953574486266,0,0,0,0,0,1.0,5.0,1.0,2.0,24.0,0.0,2.0,4.8,-1.0,0.0,0.4,0.5,1.0,3.0,1.0
2012-09-10,1.0,0.0,1.0,0.0,0.0,1.0,CG,0.0,1.0,79.19886363636364,388.38251333972534,1.9415584415584415,3.524521527325632,0,0,0,0,0,2.0,1.0,-1.0,2.0,2.0,-2.0,1.0,2.0,-1.0,0.5,0.0,0.5,2.0,1.0,-1.0
2012-09-17,0.0,0.0,0.0,0.0,0.0,0.0,CG,0.0,0.0,79.1346309813463,388.2314103259582,1.9407948094079481,3.5231928706968163,0,0,0,0,0,1.0,2.0,-1.0,0.0,2.0,0.0,0.0,1.0,0.0,1.0,0.5,-1.0,1.0,2.0,-1.0
2012-09-24,2.0,15.0,1.0,0.0,1.0,2.0,CG,7.5,0.5,79.07050243111831,388.08048310579903,1.9392220421393842,3.522197211687819,0,0,0,0,0,0.0,1.0,2.0,0.0,0.0,15.0,0.0,0.0,7.5,0.0,1.0,0.5,0.0,1.0,2.0
2012-10-01,3.0,6.0,3.0,0.0,0.0,2.0,CG,2.0,1.0,79.01862348178138,387.9274905217204,1.9392712550607287,3.520770200856094,0,0,0,0,0,2.0,0.0,1.0,15.0,0.0,-9.0,7.5,0.0,-5.5,0.5,0.0,0.5,2.0,0.0,0.0
2012-10-08,1.0,0.0,1.0,0.0,0.0,1.0,CG,0.0,1.0,78.95954692556634,387.7759651808504,1.9401294498381878,3.5194738265283103,0,0,0,0,0,3.0,2.0,-2.0,6.0,15.0,-6.0,2.0,7.5,-2.0,1.0,0.5,0.0,2.0,2.0,-1.0
2012-10-15,2.0,8.0,1.0,0.0,1.0,2.0,CG,4.0,0.5,78.89571544058205,387.6255674486397,1.9393694421988683,3.5181513501359656,0,0,0,0,0,1.0,3.0,1.0,0.0,6.0,8.0,0.0,2.0,4.0,1.0,1.0,-0.5,1.0,2.0,1.0
2012-10-22,2.0,38.0,1.0,1.0,0.0,2.0,CG,19.0,0.5,78.83844911147011,387.4740950892799,1.9394184168012925,3.5167294349382505,0,0,0,0,0,2.0,1.0,0.0,8.0,0.0,30.0,4.0,0.0,15.0,0.5,1.0,0.0,2.0,1.0,0.0
2012-10-29,2.0,7.0,0.0,0.0,2.0,2.0,CG,3.5,0.0,78.80548829701372,387.3193091906912,1.9394673123486683,3.515309242415395,0,0,0,0,0,2.0,2.0,0.0,38.0,8.0,-31.0,19.0,4.0,-15.5,0.5,0.5,-0.5,2.0,2.0,0.0
2012-11-05,2.0,12.0,1.0,0.0,1.0,2.0,CG,6.0,0.5,78.74758064516129,387.1683443550817,1.939516129032258,3.513890769091789,0,0,0,0,0,2.0,2.0,0.0,7.0,38.0,5.0,3.5,19.0,2.5,0.0,0.5,0.5,2.0,2.0,0.0
2012-11-12,3.0,128.0,3.0,0.0,0.0,1.0,CG,42.666666666666664,1.0,78.69379532634971,387.016834719928,1.9395648670427075,3.5124740115016295,0,0,0,0,0,2.0,2.0,1.0,12.0,7.0,116.0,6.0,3.5,36.666666666666664,0.5,0.0,0.5,2.0,2.0,-1.0
2012-11-19,5.0,115.0,4.0,0.0,1.0,2.0,CG,23.0,0.8,78.73349436392914,386.86340372270257,1.9404186795491143,3.5111874823326,0,0,0,0,1,3.0,2.0,2.0,128.0,12.0,-13.0,42.666666666666664,6.0,-19.666666666666664,1.0,0.5,-0.19999999999999996,1.0,2.0,1.0
2012-11-26,3.0,21.0,2.0,0.0,1.0,2.0,CG,7.0,0.6666666666666666,78.76267095736122,386.70899837820747,1.9428801287208366,3.5108463739939935,0,0,0,0,0,5.0,3.0,-2.0,115.0,128.0,-94.0,23.0,42.666666666666664,-16.0,0.8,1.0,-0.13333333333333341,2.0,1.0,0.0
2012-12-03,0.0,0.0,0.0,0.0,0.0,0.0,CG,0.0,0.0,78.71623794212219,386.5568816006077,1.9437299035369775,3.50956182595136,0,0,0,0,0,3.0,5.0,-3.0,21.0,115.0,-21.0,7.0,23.0,-7.0,0.6666666666666666,0.8,-0.6666666666666666,2.0,2.0,-2.0
2012-12-10,1.0,1.0,1.0,0.0,0.0,1.0,CG,1.0,1.0,78.65301204819278,386.40792185839473,1.9421686746987952,3.508583428178757,0,0,0,0,0,0.0,3.0,1.0,0.0,21.0,1.0,0.0,7.0,1.0,0.0,0.6666666666666666,1.0,0.0,2.0,1.0
2012-12-17,0.0,0.0,0.0,0.0,0.0,0.0,CG,0.0,0.0,78.59069020866774,386.2589713825414,1.9414125200642054,3.50727564084364,0,0,0,1,0,1.0,0.0,-1.0,1.0,0.0,-1.0,1.0,0.0,-1.0,1.0,0.0,-1.0,1.0,0.0,-1.0
2012-12-24,1.0,11.0,1.0,0.0,0.0,1.0,CG,11.0,1.0,78.52766639935847,386.1103548157108,1.9398556535685645,3.5062989837458303,0,0,0,0,0,0.0,1.0,1.0,0.0,1.0,11.0,0.0,1.0,11.0,0.0,1.0,1.0,0.0,1.0,1.0
2012-12-31,0.0,0.0,0.0,0.0,0.0,0.0,CG,0.0,0.0,78.4735576923077,385.9602415291267,1.939102564102564,3.5049937790581596,0,0,1,0,0,1.0,0.0,-1.0,11.0,0.0,-11.0,11.0,0.0,-11.0,1.0,0.0,-1.0,1.0,0.0,-1.0
2013-01-07,1.0,10.0,0.0,0.0,1.0,1.0,CG,10.0,0.0,78.4107285828663,385.811968758577,1.9375500400320256,3.504018858332997,0,1,0,0,0,0.0,1.0,1.0,0.0,11.0,10.0,0.0,11.0,10.0,0.0,1.0,0.0,0.0,1.0,1.0
2013-01-14,6.0,19.0,2.0,0.0,4.0,3.0,CG,3.1666666666666665,0.3333333333333333,78.356,385.66234353197444,1.9368,3.5027162284120905,1,0,0,0,0,1.0,0.0,5.0,10.0,0.0,9.0,10.0,0.0,-6.833333333333334,0.0,0.0,0.3333333333333333,1.0,0.0,2.0
2013-01-21,2.0,69.0,1.0,0.0,1.0,2.0,CG,34.5,0.5,78.30855315747402,385.5117003656112,1.9400479616306954,3.503198949203119,0,0,0,0,0,6.0,1.0,-4.0,19.0,10.0,50.0,3.1666666666666665,10.0,31.333333333333332,0.3333333333333333,0.0,0.16666666666666669,3.0,1.0,-1.0
2013-01-28,1.0,1.0,1.0,0.0,0.0,1.0,CG,1.0,1.0,78.30111821086263,385.3576779445127,1.9400958466453675,3.5017989197352994,0,0,0,0,0,2.0,6.0,-1.0,69.0,19.0,-68.0,34.5,3.1666666666666665,-33.5,0.5,0.3333333333333333,0.5,2.0,3.0,-1.0
2013-02-04,3.0,19.0,0.0,1.0,2.0,3.0,CG,6.333333333333333,0.0,78.23942537909018,385.2099404490435,1.9393455706304867,3.5005009070323228,0,0,0,0,0,1.0,2.0,2.0,1.0,69.0,18.0,1.0,34.5,5.333333333333333,1.0,0.5,-1.0,1.0,2.0,2.0
2013-02-11,3.0,5.0,2.0,0.0,1.0,3.0,CG,1.6666666666666667,0.6666666666666666,78.19218500797449,385.0598285655755,1.9401913875598087,3.4992319706944595,0,0,0,0,0,3.0,1.0,0.0,19.0,1.0,-14.0,6.333333333333333,1.0,-4.666666666666666,0.0,1.0,0.6666666666666666,3.0,1.0,0.0
2013-02-18,1.0,9.0,0.0,1.0,0.0,1.0,CG,9.0,0.0,78.13386454183266,384.91181026725985,1.9410358565737051,3.49796439475972,0,0,0,0,0,3.0,3.0,-2.0,5.0,19.0,4.0,1.6666666666666667,6.333333333333333,7.333333333333333,0.6666666666666666,0.0,-0.6666666666666666,3.0,3.0,-2.0
2013-02-25,4.0,179.0,2.0,1.0,1.0,3.0,CG,44.75,0.5,78.07882165605096,384.76337344288896,1.9402866242038217,3.4966713251359653,0,0,0,0,1,1.0,3.0,3.0,9.0,5.0,170.0,9.0,1.6666666666666667,35.75,0.0,0.6666666666666666,0.5,1.0,3.0,2.0
2013-03-04,2.0,15.0,1.0,1.0,0.0,2.0,CG,7.5,0.5,78.15910898965791,384.62070630882346,1.9419252187748608,3.4957618267239514,0,0,0,0,0,4.0,1.0,-2.0,179.0,9.0,-164.0,44.75,9.0,-37.25,0.5,0.0,0.0,3.0,1.0,-1.0
2013-03-11,4.0,20.0,0.0,2.0,2.0,3.0,CG,5.0,0.0,78.10890302066773,384.471808153919,1.9419713831478538,3.4943714158431134,0,0,0,0,0,2.0,4.0,2.0,15.0,179.0,5.0,7.5,44.75,-2.5,0.5,0.5,-0.5,2.0,3.0,1.0
2013-03-18,3.0,30.0,3.0,0.0,0.0,2.0,CG,10.0,1.0,78.06274821286736,384.322456319626,1.943606036536934,3.4934638070118207,0,0,0,0,0,4.0,2.0,-1.0,20.0,15.0,10.0,5.0,7.5,5.0,0.0,0.5,1.0,3.0,2.0,-1.0
2013-03-25,1.0,18.0,1.0,0.0,0.0,1.0,CG,18.0,1.0,78.02460317460317,384.17218207256576,1.9444444444444444,3.492202946944211,0,0,0,1,1,3.0,4.0,-2.0,30.0,20.0,-12.0,10.0,5.0,8.0,1.0,0.0,0.0,2.0,3.0,-1.0
2013-04-01,1.0,1.0,0.0,0.0,1.0,1.0,CG,1.0,0.0,77.97700237906423,384.0234226622501,1.943695479777954,3.4909181922030412,0,0,0,0,0,1.0,3.0,0.0,18.0,30.0,-17.0,18.0,10.0,-17.0,1.0,1.0,-1.0,1.0,2.0,0.0
2013-04-08,1.0,1.0,0.0,0.0,1.0,1.0,CG,1.0,0.0,77.91600633914422,383.8772387293754,1.942947702060222,3.4896348427712165,0,0,1,0,0,1.0,1.0,0.0,1.0,18.0,0.0,1.0,18.0,0.0,0.0,1.0,0.0,1.0,1.0,0.0
2013-04-15,1.0,3.0,0.0,0.0,1.0,1.0,CG,3.0,0.0,77.85510688836105,383.731221229449,1.9422011084718924,3.488352896114097,0,1,0,0,0,1.0,1.0,0.0,1.0,1.0,2.0,1.0,1.0,2.0,0.0,0.0,0.0,1.0,1.0,0.0
2013-04-22,7.0,25.0,0.0,1.0,6.0,3.0,CG,3.5714285714285716,0.0,77.79588607594937,383.5850569474607,1.9414556962025316,3.487072349703358,1,0,0,1,0,1.0,1.0,6.0,3.0,1.0,22.0,3.0,1.0,0.5714285714285716,0.0,0.0,0.0,1.0,1.0,2.0
2013-04-29,3.0,65.0,0.0,1.0,2.0,3.0,CG,21.666666666666668,0.0,77.75415019762846,383.43616567728304,1.9454545454545455,3.4885931166097044,0,0,0,0,0,7.0,1.0,-4.0,25.0,3.0,40.0,3.5714285714285716,3.0,18.095238095238095,0.0,0.0,0.0,3.0,1.0,0.0
2013-05-06,2.0,3.0,1.0,0.0,1.0,2.0,CG,1.5,0.5,77.74407582938389,383.28474753393067,1.9462875197472354,3.487339898300551,0,0,1,0,0,3.0,7.0,-1.0,65.0,25.0,-62.0,21.666666666666668,3.5714285714285716,-20.166666666666668,0.0,0.0,0.5,3.0,3.0,-1.0
2013-05-13,3.0,2.0,0.0,1.0,2.0,2.0,CG,0.6666666666666666,0.0,77.68508287292818,383.13909566323895,1.9463299131807419,3.485962646379905,0,1,0,0,0,2.0,3.0,1.0,3.0,65.0,-1.0,1.5,21.666666666666668,-0.8333333333333334,0.5,0.0,-0.5,2.0,3.0,0.0
2013-05-20,6.0,670.0,5.0,0.0,1.0,3.0,CG,111.66666666666667,0.8333333333333334,77.62539432176656,382.993764193944,1.9471608832807572,3.484712331157808,1,0,0,0,0,3.0,2.0,3.0,2.0,3.0,668.0,0.6666666666666666,1.5,111.0,0.0,0.5,0.8333333333333334,2.0,2.0,1.0
2013-05-27,5.0,32.0,0.0,0.0,5.0,4.0,CG,6.4,0.0,78.09219858156028,383.20368583374295,1.950354609929078,3.4851954061806967,0,0,0,0,0,6.0,3.0,-1.0,670.0,2.0,-638.0,111.66666666666667,0.6666666666666666,-105.26666666666667,0.8333333333333334,0.0,-0.8333333333333334,3.0,2.0,1.0
2013-06-03,0.0,0.0,0.0,0.0,0.0,0.0,CG,0.0,0.0,78.05590551181102,383.0548531382582,1.952755905511811,3.4848727868727334,0,0,0,0,0,5.0,6.0,-5.0,32.0,670.0,-32.0,6.4,111.66666666666667,-6.4,0.0,0.8333333333333334,0.0,4.0,3.0,-4.0
2013-06-10,4.0,28.0,1.0,0.0,3.0,3.0,CG,7.0,0.25,77.99449252557042,382.91027398386626,1.951219512195122,3.4839311231242913,0,0,0,0,0,0.0,5.0,4.0,0.0,32.0,28.0,0.0,6.4,7.0,0.0,0.0,0.25,0.0,4.0,3.0
2013-06-17,3.0,5.0,2.0,0.0,1.0,3.0,CG,1.6666666666666667,0.6666666666666666,77.95518867924528,382.7621777210342,1.9528301886792452,3.483034052194954,0,0,0,0,0,4.0,0.0,-1.0,28.0,0.0,-23.0,7.0,0.0,-5.333333333333333,0.25,0.0,0.41666666666666663,3.0,0.0,0.0
2013-06-24,4.0,17.0,4.0,0.0,0.0,1.0,CG,4.25,1.0,77.89787902592302,382.61715508044057,1.9536527886881383,3.4817883691106286,0,0,0,0,1,3.0,4.0,1.0,5.0,28.0,12.0,1.6666666666666667,7.0,2.583333333333333,0.6666666666666666,0.25,0.33333333333333337,3.0,3.0,-2.0
2013-07-01,1.0,5.0,0.0,0.0,1.0,1.0,CG,5.0,0.0,77.85007849293564,382.4706493521583,1.9552590266875982,3.4808927176741515,0,0,0,0,0,4.0,3.0,-3.0,17.0,5.0,-12.0,4.25,1.6666666666666667,0.75,1.0,0.6666666666666666,-1.0,1.0,3.0,0.0
2013-07-08,3.0,63.0,2.0,0.0,1.0,3.0,CG,21.0,0.6666666666666666,77.79294117647059,382.3259573018065,1.9545098039215687,3.4796291652489426,0,0,0,0,0,1.0,4.0,2.0,5.0,17.0,58.0,5.0,4.25,16.0,0.0,1.0,0.6666666666666666,1.0,1.0,2.0
2013-07-15,5.0,195.0,5.0,0.0,0.0,2.0,CG,39.0,1.0,77.78134796238244,382.17622051396427,1.9553291536050157,3.4783874742450256,0,0,0,0,0,3.0,1.0,2.0,63.0,5.0,132.0,21.0,5.0,18.0,0.6666666666666666,0.0,0.33333333333333337,3.0,1.0,-1.0
2013-07-22,3.0,78.0,3.0,0.0,0.0,2.0,CG,26.0,1.0,77.87314017227878,382.0405178095688,1.9577133907595927,3.4780679295848196,0,0,0,1,0,5.0,3.0,-2.0,195.0,63.0,-117.0,39.0,21.0,-13.0,1.0,0.6666666666666666,0.0,2.0,3.0,0.0
2013-07-29,2.0,2.0,0.0,0.0,2.0,2.0,CG,1.0,0.0,77.87323943661971,381.89090336259005,1.958528951486698,3.476828097752672,0,0,0,0,1,3.0,5.0,-1.0,78.0,195.0,-76.0,26.0,39.0,-25.0,1.0,1.0,-1.0,2.0,2.0,0.0
2013-08-05,1.0,2.0,1.0,0.0,0.0,1.0,CG,2.0,1.0,77.81391712275214,381.7473598117213,1.9585613760750586,3.475467763625942,0,0,1,0,0,2.0,3.0,-1.0,2.0,78.0,0.0,1.0,26.0,1.0,0.0,1.0,1.0,2.0,2.0,-1.0
2013-08-12,3.0,27.0,1.0,1.0,1.0,3.0,CG,9.0,0.3333333333333333,77.7546875,381.6039776469337,1.9578125,3.4742121437164015,0,1,0,0,0,1.0,2.0,2.0,2.0,2.0,25.0,2.0,1.0,7.0,1.0,0.0,-0.6666666666666667,1.0,2.0,2.0
2013-08-19,11.0,142.0,9.0,2.0,0.0,2.0,CG,12.909090909090908,0.8181818181818182,77.71506635441062,381.4575203651645,1.9586260733801717,3.4729768370737646,1,0,0,0,0,3.0,1.0,8.0,27.0,2.0,115.0,9.0,2.0,3.9090909090909083,0.3333333333333333,1.0,0.4848484848484849,3.0,1.0,-1.0
2013-08-26,2.0,15.0,2.0,0.0,0.0,1.0,CG,7.5,1.0,77.76521060842434,381.3128276673002,1.965678627145086,3.480792602632408,0,0,0,1,0,11.0,3.0,-9.0,142.0,27.0,-127.0,12.909090909090908,9.0,-5.409090909090908,0.8181818181818182,0.3333333333333333,0.18181818181818177,2.0,3.0,-1.0
2013-09-02,1.0,5.0,0.0,0.0,1.0,1.0,CG,5.0,0.0,77.71628994544038,381.16810849560653,1.965705378020265,3.4794349063122794,0,0,0,0,0,2.0,11.0,-1.0,15.0,142.0,-10.0,7.5,12.909090909090908,-2.5,1.0,0.8181818181818182,-1.0,1.0,2.0,0.0
2013-09-09,0.0,0.0,0.0,0.0,0.0,0.0,CG,0.0,0.0,77.65965732087227,381.0249379349483,1.9649532710280373,3.4781830773047058,0,0,1,0,0,1.0,2.0,-1.0,5.0,15.0,-5.0,5.0,7.5,-5.0,0.0,1.0,0.0,1.0,1.0,-1.0
2013-09-16,0.0,0.0,0.0,0.0,0.0,0.0,CG,0.0,0.0,77.59922178988327,380.8826961054284,1.9634241245136186,3.477260457768744,0,1,0,0,0,0.0,1.0,0.0,0.0,5.0,0.0,0.0,5.0,0.0,0.0,0.0,0.0,0.0,1.0,0.0
2013-09-23,6.0,61.0,1.0,1.0,4.0,5.0,CG,10.166666666666666,0.16666666666666666,77.53888024883359,380.7406130693927,1.9618973561430793,3.4763383583411342,1,0,0,0,1,0.0,0.0,6.0,0.0,0.0,61.0,0.0,0.0,10.166666666666666,0.0,0.0,0.16666666666666666,0.0,0.0,5.0
2013-09-30,2.0,8.0,1.0,0.0,1.0,2.0,CG,4.0,0.5,77.52602952602953,380.5928306005229,1.965034965034965,3.4768090353056973,0,0,0,0,0,6.0,0.0,-4.0,61.0,0.0,-53.0,10.166666666666666,0.0,-6.166666666666666,0.16666666666666666,0.0,0.33333333333333337,5.0,0.0,-3.0
2013-10-07,4.0,18.0,1.0,2.0,1.0,3.0,CG,4.5,0.25,77.472049689441,380.44987376036823,1.9650621118012421,3.4754581677166825,0,0,0,0,0,2.0,6.0,2.0,8.0,61.0,10.0,4.0,10.166666666666666,0.5,0.5,0.16666666666666666,-0.25,2.0,5.0,1.0
2013-10-14,4.0,35.0,1.0,0.0,3.0,2.0,CG,8.75,0.25,77.42591155934834,380.305762461746,1.9666408068269976,3.474571061901464,0,0,0,0,0,4.0,2.0,0.0,18.0,8.0,17.0,4.5,4.0,4.25,0.25,0.5,0.0,3.0,2.0,-1.0
2013-10-21,4.0,28.0,2.0,0.0,2.0,3.0,CG,7.0,0.5,77.39302325581396,380.16004932267083,1.968217054263566,3.4736843901285126,0,0,0,1,0,4.0,4.0,0.0,35.0,18.0,-7.0,8.75,4.5,-1.75,0.25,0.25,0.25,2.0,3.0,1.0
2013-10-28,5.0,21.0,4.0,0.0,1.0,3.0,CG,4.2,0.8,77.35476374903176,380.01515832496244,1.9697908597986058,3.472798152857437,0,0,0,0,0,4.0,4.0,1.0,28.0,35.0,-7.0,7.0,8.75,-2.8,0.5,0.25,0.30000000000000004,3.0,2.0,0.0
2013-11-04,4.0,19.0,3.0,0.0,1.0,2.0,CG,4.75,0.75,77.31114551083591,379.871186654673,1.9721362229102166,3.4724763645366252,0,0,1,0,1,5.0,4.0,-1.0,21.0,28.0,-2.0,4.2,7.0,0.5499999999999998,0.8,0.5,-0.050000000000000044,3.0,3.0,-1.0
2013-11-11,2.0,11.0,0.0,0.0,2.0,1.0,CG,5.5,0.0,77.26604795050271,379.7276118412554,1.9737045630317092,3.471590355120256,0,1,0,0,0,4.0,5.0,-2.0,19.0,21.0,-8.0,4.75,4.2,0.75,0.75,0.8,-0.75,2.0,3.0,-1.0
2013-11-18,9.0,39.0,1.0,0.0,8.0,2.0,CG,4.333333333333333,0.1111111111111111,77.21483771251933,379.58521371910774,1.973724884080371,3.4702477167808463,1,0,0,0,1,2.0,4.0,7.0,11.0,19.0,28.0,5.5,4.75,-1.166666666666667,0.0,0.75,0.1111111111111111,1.0,2.0,1.0
2013-11-25,5.0,5.0,1.0,0.0,4.0,3.0,CG,1.0,0.2,77.18532818532819,379.44000012508803,1.9791505791505792,3.474397089529618,0,0,0,0,0,9.0,2.0,-4.0,39.0,11.0,-34.0,4.333333333333333,5.5,-3.333333333333333,0.1111111111111111,0.0,0.0888888888888889,2.0,1.0,1.0
2013-12-02,0.0,0.0,0.0,0.0,0.0,0.0,CG,0.0,0.0,77.12962962962963,379.29877000638527,1.9814814814814814,3.4740689211866336,0,0,0,1,0,5.0,9.0,-5.0,5.0,39.0,-5.0,1.0,4.333333333333333,-1.0,0.2,0.1111111111111111,-0.2,3.0,2.0,-3.0
2013-12-09,2.0,21.0,0.0,0.0,2.0,1.0,CG,10.5,0.0,77.07016191210485,379.1584559705894,1.9799537393986122,3.473164183032922,0,0,0,0,0,0.0,5.0,2.0,0.0,5.0,21.0,0.0,1.0,10.5,0.0,0.2,0.0,0.0,3.0,1.0
2013-12-16,4.0,5.0,3.0,0.0,1.0,3.0,CG,1.25,0.75,77.02696456086287,379.0154555432577,1.9799691833590138,3.4718250472408125,0,0,1,1,0,2.0,0.0,2.0,21.0,0.0,-16.0,10.5,0.0,-9.25,0.0,0.0,0.75,1.0,0.0,2.0
2013-12-23,3.0,54.0,2.0,0.0,1.0,2.0,CG,18.0,0.6666666666666666,76.97151655119323,378.8746982030512,1.9815242494226328,3.47093995585994,0,1,0,0,0,4.0,2.0,-1.0,5.0,21.0,49.0,1.25,10.5,16.75,0.75,0.0,-0.08333333333333337,3.0,1.0,-1.0
2013-12-30,9.0,167.0,6.0,2.0,1.0,4.0,CG,18.555555555555557,0.6666666666666666,76.95384615384616,378.7293728006755,1.9823076923076923,3.469718678979201,1,0,1,0,0,3.0,4.0,6.0,54.0,5.0,113.0,18.0,1.25,0.5555555555555571,0.6666666666666666,0.75,0.0,2.0,3.0,2.0
2014-01-06,1.0,26.0,1.0,0.0,0.0,1.0,CG,26.0,1.0,77.02305918524212,378.5919107066079,1.9877017678708686,3.4738366318575387,0,1,0,0,0,9.0,3.0,-8.0,167.0,54.0,-141.0,18.555555555555557,18.0,7.444444444444443,0.6666666666666666,0.6666666666666666,0.33333333333333337,4.0,2.0,-3.0
2014-01-13,3.0,691.0,3.0,0.0,0.0,1.0,CG,230.33333333333334,1.0,76.98387096774194,378.449024102572,1.9869431643625193,3.4726091962854353,1,0,0,0,0,1.0,9.0,2.0,26.0,167.0,665.0,26.0,18.555555555555557,204.33333333333334,1.0,0.6666666666666666,0.0,1.0,4.0,0.0
2014-01-20,0.0,0.0,0.0,0.0,0.0,0.0,CG,0.0,0.0,77.45510360706064,378.6858928864988,1.987720644666155,3.471388820899178,0,0,0,0,0,3.0,1.0,-3.0,691.0,26.0,-691.0,230.33333333333334,26.0,-230.33333333333334,1.0,1.0,-1.0,1.0,1.0,-1.0
2014-01-27,2.0,34.0,1.0,0.0,1.0,2.0,CG,17.0,0.5,77.3957055214724,378.54662873595964,1.9861963190184049,3.4704930449784124,0,0,0,0,0,0.0,3.0,2.0,0.0,691.0,34.0,0.0,230.33333333333334,17.0,0.0,1.0,0.5,0.0,1.0,2.0
2014-02-03,2.0,7.0,2.0,0.0,0.0,2.0,CG,3.5,1.0,77.3624521072797,378.403359424081,1.986206896551724,3.4691621002801063,0,0,0,0,0,2.0,0.0,0.0,34.0,0.0,-27.0,17.0,0.0,-13.5,0.5,0.0,0.5,2.0,0.0,0.0
2014-02-10,2.0,4.0,2.0,0.0,0.0,2.0,CG,2.0,1.0,77.30857580398163,378.2633604277685,1.986217457886677,3.467832685672362,0,0,0,0,1,2.0,2.0,0.0,7.0,34.0,-3.0,3.5,17.0,-1.5,1.0,0.5,0.0,2.0,2.0,0.0
2014-02-17,2.0,10.0,1.0,0.0,1.0,2.0,CG,5.0,0.5,77.25248661055853,378.1239523463074,1.9862280030604438,3.4665047982257007,0,0,0,0,0,2.0,2.0,0.0,4.0,7.0,6.0,2.0,3.5,3.0,1.0,1.0,-0.5,2.0,2.0,0.0
2014-02-24,1.0,1.0,0.0,1.0,0.0,1.0,CG,1.0,0.0,77.20107033639144,377.98384540853726,1.9862385321100917,3.4651784350184904,0,0,0,0,0,2.0,2.0,-1.0,10.0,4.0,-9.0,5.0,2.0,-4.0,0.5,1.0,-0.5,2.0,2.0,-1.0
2014-03-03,1.0,24.0,1.0,0.0,0.0,1.0,CG,24.0,1.0,77.14285714285714,377.84519859623447,1.9854851031321619,3.463960829845364,0,0,0,0,0,1.0,2.0,0.0,1.0,10.0,23.0,1.0,5.0,23.0,0.0,0.5,1.0,1.0,2.0,0.0
2014-03-10,1.0,10.0,1.0,0.0,0.0,1.0,CG,10.0,1.0,77.10229007633588,377.7036990255025,1.984732824427481,3.462744494183828,0,0,0,1,0,1.0,1.0,0.0,24.0,1.0,-14.0,24.0,1.0,-14.0,1.0,0.0,0.0,1.0,1.0,0.0
2014-03-17,2.0,5.0,1.0,0.0,1.0,2.0,CG,2.5,0.5,77.0511060259344,377.56405813698314,1.9839816933638443,3.4615294258574227,0,0,0,0,0,1.0,1.0,1.0,10.0,24.0,-5.0,10.0,24.0,-7.5,1.0,1.0,-0.5,1.0,1.0,1.0
2014-03-24,1.0,4.0,1.0,0.0,0.0,1.0,CG,4.0,1.0,76.99618902439025,377.42527407961074,1.9839939024390243,3.460209015607914,0,0,1,0,0,2.0,1.0,-1.0,5.0,10.0,-1.0,2.5,10.0,1.5,0.5,1.0,0.5,2.0,1.0,-1.0
2014-03-31,2.0,2.0,0.0,0.0,2.0,2.0,CG,1.0,0.0,76.94059405940594,377.2867890125045,1.9832444782939833,3.45899668443007,0,1,0,0,0,1.0,2.0,1.0,4.0,5.0,-2.0,4.0,2.5,-3.0,1.0,0.5,-1.0,1.0,2.0,1.0
2014-04-07,6.0,23.0,4.0,1.0,1.0,3.0,CG,3.8333333333333335,0.6666666666666666,76.88356164383562,377.1487543773091,1.9832572298325724,3.4576792532010527,1,0,0,0,0,2.0,1.0,4.0,2.0,4.0,21.0,1.0,4.0,2.8333333333333335,0.0,1.0,0.6666666666666666,2.0,1.0,1.0
2014-04-14,1.0,1.0,1.0,0.0,0.0,1.0,CG,1.0,1.0,76.8425855513308,377.00814360757494,1.9863117870722433,3.4581377358085232,0,0,0,0,0,6.0,2.0,-5.0,23.0,2.0,-22.0,3.8333333333333335,1.0,-2.8333333333333335,0.6666666666666666,0.0,0.33333333333333337,3.0,2.0,-2.0
2014-04-21,0.0,0.0,0.0,0.0,0.0,0.0,CG,0.0,0.0,76.78495440729483,376.8705662189647,1.9855623100303952,3.456929524418875,0,0,0,0,0,1.0,6.0,-1.0,1.0,23.0,-1.0,1.0,3.8333333333333335,-1.0,1.0,0.6666666666666666,-1.0,1.0,3.0,-1.0
2014-04-28,3.0,59.0,3.0,0.0,0.0,2.0,CG,19.666666666666668,1.0,76.72665148063781,376.7332927364237,1.9840546697038723,3.456048962127112,0,0,0,0,0,0.0,1.0,3.0,0.0,1.0,59.0,0.0,1.0,19.666666666666668,0.0,1.0,1.0,0.0,1.0,2.0
2014-05-05,2.0,9.0,2.0,0.0,0.0,2.0,CG,4.5,1.0,76.71320182094082,376.59055505701866,1.984825493171472,3.454849958871868,0,0,0,0,0,3.0,0.0,-1.0,59.0,0.0,-50.0,19.666666666666668,0.0,-15.166666666666668,1.0,0.0,0.0,2.0,0.0,0.0
2014-05-12,0.0,0.0,0.0,0.0,0.0,0.0,CG,0.0,0.0,76.66186504927975,376.4522805999469,1.9848369977255496,3.4535390943409783,0,0,0,0,0,2.0,3.0,-2.0,9.0,59.0,-9.0,4.5,19.666666666666668,-4.5,1.0,1.0,-1.0,2.0,2.0,-2.0
2014-05-19,1.0,1.0,0.0,0.0,1.0,1.0,CG,1.0,0.0,76.60378787878788,376.31546557284935,1.9833333333333334,3.452661929554908,0,0,0,0,0,0.0,2.0,1.0,0.0,9.0,1.0,0.0,4.5,1.0,0.0,1.0,0.0,0.0,2.0,1.0
2014-05-26,1.0,1.0,1.0,0.0,0.0,1.0,CG,1.0,1.0,76.54655563966692,376.1786460950434,1.9825889477668432,3.451459895969213,0,0,0,0,0,1.0,0.0,0.0,1.0,0.0,0.0,1.0,0.0,0.0,0.0,0.0,1.0,1.0,0.0,0.0
2014-06-02,4.0,49.0,0.0,1.0,3.0,3.0,CG,12.25,0.0,76.4894099848714,376.0419753976524,1.9818456883509834,3.4502591040861863,0,0,0,0,0,1.0,1.0,3.0,1.0,1.0,48.0,1.0,1.0,11.25,1.0,0.0,-1.0,1.0,1.0,2.0
2014-06-09,2.0,3.0,1.0,0.0,1.0,2.0,CG,1.5,0.5,76.46863189720332,375.90048358766427,1.9833711262282692,3.449400193949072,0,0,0,0,0,4.0,1.0,-2.0,49.0,1.0,-46.0,12.25,1.0,-10.75,0.0,1.0,0.5,3.0,1.0,-1.0
2014-06-16,3.0,9.0,2.0,0.0,1.0,3.0,CG,3.0,0.6666666666666666,76.41314199395771,375.76381773739377,1.9833836858006042,3.4480963496103505,0,0,0,0,0,2.0,4.0,1.0,3.0,49.0,6.0,1.5,12.25,1.5,0.5,0.0,0.16666666666666663,2.0,3.0,1.0
2014-06-23,2.0,18.0,1.0,1.0,0.0,2.0,CG,9.0,0.5,76.3622641509434,375.6264516821583,1.9841509433962263,3.44690710017826,0,0,0,0,0,3.0,2.0,-1.0,9.0,3.0,9.0,3.0,1.5,6.0,0.6666666666666666,0.5,-0.16666666666666663,3.0,2.0,-1.0
2014-06-30,1.0,9.0,0.0,0.0,1.0,1.0,CG,9.0,0.0,76.31825037707391,375.48809965147996,1.9841628959276019,3.44560616249591,0,0,0,0,0,2.0,3.0,-1.0,18.0,9.0,-9.0,9.0,3.0,0.0,0.5,0.6666666666666666,-0.5,2.0,3.0,-1.0
2014-07-07,1.0,0.0,0.0,0.0,1.0,1.0,CG,0.0,0.0,76.26752072343632,375.3510353270297,1.9834212509419744,3.4444126250296416,0,0,0,0,0,1.0,2.0,0.0,9.0,18.0,-9.0,9.0,9.0,-9.0,0.0,0.5,0.0,1.0,2.0,0.0
2014-07-14,0.0,0.0,0.0,0.0,0.0,0.0,CG,0.0,0.0,76.21009036144578,375.2154170369431,1.9826807228915662,3.443220314123822,0,0,0,0,0,1.0,1.0,-1.0,0.0,9.0,0.0,0.0,9.0,0.0,0.0,0.0,0.0,1.0,1.0,-1.0
2014-07-21,5.0,8.0,1.0,0.0,4.0,4.0,CG,1.6,0.2,76.15274642588412,375.0799452860411,1.981188863807374,3.4423533341458143,0,0,0,0,0,0.0,1.0,5.0,0.0,0.0,8.0,0.0,0.0,1.6,0.0,0.0,0.2,0.0,1.0,4.0
2014-07-28,0.0,0.0,0.0,0.0,0.0,0.0,CG,0.0,0.0,76.1015037593985,374.9434623013079,1.9834586466165414,3.442053485538891,0,0,0,0,0,5.0,0.0,-5.0,8.0,0.0,-8.0,1.6,0.0,-1.6,0.2,0.0,-0.2,4.0,0.0,-4.0
2014-08-04,3.0,8.0,0.0,0.0,3.0,2.0,CG,2.6666666666666665,0.0,76.0443275732532,374.8082842111256,1.981968444778362,3.441188730905395,0,0,0,0,0,0.0,5.0,3.0,0.0,8.0,8.0,0.0,1.6,2.6666666666666665,0.0,0.2,0.0,0.0,4.0,2.0
2014-08-11,3.0,25.0,2.0,0.0,1.0,2.0,CG,8.333333333333334,0.6666666666666666,75.99324324324324,374.6720969993148,1.9827327327327327,3.440008873022126,0,0,0,0,1,3.0,0.0,0.0,8.0,0.0,17.0,2.6666666666666665,0.0,5.666666666666668,0.0,0.0,0.6666666666666666,2.0,0.0,0.0
2014-08-18,2.0,1.0,0.0,0.0,2.0,2.0,CG,0.5,0.0,75.9549887471868,374.5340321195247,1.983495873968492,3.438830213191054,0,0,0,0,0,3.0,3.0,-1.0,25.0,8.0,-24.0,8.333333333333334,2.6666666666666665,-7.833333333333334,0.6666666666666666,0.0,-0.6666666666666666,2.0,2.0,0.0
2014-08-25,3.0,24.0,3.0,0.0,0.0,2.0,CG,8.0,1.0,75.89880059970015,374.39914487546764,1.9835082458770614,3.437540117085342,0,0,0,0,0,2.0,3.0,1.0,1.0,25.0,23.0,0.5,8.333333333333334,7.5,0.0,0.6666666666666666,1.0,2.0,2.0,0.0
2014-09-01,2.0,4.0,1.0,0.0,1.0,2.0,CG,2.0,0.5,75.85992509363295,374.26148449327064,1.9842696629213483,3.4363640593244624,0,0,0,0,0,3.0,2.0,-1.0,24.0,1.0,-20.0,8.0,0.5,-6.0,1.0,0.0,-0.5,2.0,2.0,0.0
2014-09-08,2.0,3.0,0.0,0.0,2.0,2.0,CG,1.5,0.0,75.8061377245509,374.1264510036374,1.9842814371257484,3.435076817439108,0,0,0,1,0,2.0,3.0,0.0,4.0,24.0,-1.0,2.0,8.0,-0.5,0.5,1.0,-0.5,2.0,2.0,0.0
2014-09-15,4.0,6.0,1.0,0.0,3.0,4.0,CG,1.5,0.25,75.75168287210172,373.99170789455644,1.9842931937172774,3.4337910210507196,0,0,0,0,0,2.0,2.0,2.0,3.0,4.0,3.0,1.5,2.0,0.0,0.0,0.5,0.25,2.0,2.0,2.0
2014-09-22,3.0,19.0,1.0,0.0,2.0,3.0,CG,6.333333333333333,0.3333333333333333,75.69955156950672,373.8566826500528,1.9857997010463377,3.4329489531340456,0,0,1,0,0,4.0,2.0,-1.0,6.0,3.0,13.0,1.5,1.5,4.833333333333333,0.25,0.0,0.08333333333333331,4.0,2.0,-1.0
2014-09-29,5.0,23.0,1.0,0.0,4.0,4.0,CG,4.6,0.2,75.6572068707991,373.7201614666538,1.9865571321882,3.431777771930872,0,1,0,0,0,3.0,4.0,2.0,19.0,6.0,4.0,6.333333333333333,1.5,-1.7333333333333334,0.3333333333333333,0.25,-0.1333333333333333,3.0,4.0,1.0
2014-10-06,6.0,49.0,1.0,0.0,5.0,3.0,CG,8.166666666666666,0.16666666666666666,75.61791044776119,373.5833528959469,1.9888059701492538,3.4314836408266345,1,0,0,0,1,5.0,3.0,1.0,23.0,19.0,26.0,4.6,6.333333333333333,3.5666666666666664,0.2,0.3333333333333333,-0.033333333333333354,4.0,3.0,-1.0
2014-10-13,5.0,80.0,1.0,1.0,3.0,4.0,CG,16.0,0.2,75.59806114839672,373.4446375030976,1.9917971662938105,3.4319514670607765,0,0,0,0,0,6.0,5.0,-1.0,49.0,23.0,31.0,8.166666666666666,4.6,7.833333333333334,0.16666666666666666,0.2,0.033333333333333354,3.0,4.0,1.0
2014-10-20,2.0,3.0,0.0,0.0,2.0,2.0,CG,1.5,0.0,75.60134128166915,373.3053897715679,1.9940387481371087,3.4316542352695976,0,0,0,0,0,5.0,6.0,-3.0,80.0,49.0,-77.0,16.0,8.166666666666666,-14.5,0.2,0.16666666666666666,-0.2,4.0,3.0,-2.0
2014-10-27,4.0,31.0,0.0,0.0,4.0,2.0,CG,7.75,0.0,75.54728220402085,373.1715370792969,1.9940431868950113,3.430375441155679,0,0,0,0,0,2.0,5.0,2.0,3.0,80.0,28.0,1.5,16.0,6.25,0.0,0.2,0.0,2.0,4.0,0.0
2014-11-03,4.0,20.0,3.0,0.0,1.0,3.0,CG,5.0,0.75,75.5141369047619,373.034558227142,1.9955357142857142,3.4295345939520288,0,0,0,1,1,4.0,2.0,0.0,31.0,3.0,-11.0,7.75,1.5,-2.75,0.0,0.0,0.75,2.0,2.0,1.0
2014-11-10,2.0,9.0,1.0,0.0,1.0,2.0,CG,4.5,0.5,75.4728624535316,372.8988269803259,1.9970260223048326,3.4286941435229075,0,0,0,0,0,4.0,4.0,-2.0,20.0,31.0,-11.0,5.0,7.75,-0.5,0.75,0.0,-0.25,3.0,2.0,-1.0
2014-11-17,4.0,122.0,0.0,0.0,4.0,2.0,CG,30.5,0.0,75.42347696879644,372.764580438961,1.9970282317979198,3.427419299989196,0,0,1,0,0,2.0,4.0,2.0,9.0,20.0,113.0,4.5,5.0,26.0,0.5,0.75,-0.5,2.0,3.0,0.0
2014-11-24,1.0,5.0,1.0,0.0,0.0,1.0,CG,5.0,1.0,75.4580549368968,372.6282445056279,1.9985152190051967,3.4265805054319887,0,1,0,0,0,4.0,2.0,-3.0,122.0,9.0,-117.0,30.5,4.5,-25.5,0.0,0.5,1.0,2.0,2.0,-1.0
2014-12-01,8.0,69.0,0.0,0.0,8.0,2.0,CG,8.625,0.0,75.40578635014836,372.4948443710979,1.9977744807121662,3.4254163038701875,1,0,0,1,0,1.0,4.0,7.0,5.0,122.0,64.0,5.0,30.5,3.625,1.0,0.0,-1.0,1.0,2.0,1.0
2014-12-08,1.0,5.0,0.0,0.0,1.0,1.0,CG,5.0,0.0,75.40103780578207,372.35669383937926,2.0022238695329873,3.4280429883915806,0,0,0,0,0,8.0,1.0,-7.0,69.0,5.0,-64.0,8.625,5.0,-3.625,0.0,1.0,0.0,2.0,1.0,-1.0
2014-12-15,5.0,18.0,2.0,0.0,3.0,2.0,CG,3.6,0.4,75.3488888888889,372.2235877978063,2.0014814814814814,3.4268807270530677,0,0,1,0,0,1.0,8.0,4.0,5.0,69.0,13.0,5.0,8.625,-1.4,0.0,0.0,0.4,1.0,2.0,1.0
2014-12-22,2.0,17.0,0.0,0.0,2.0,1.0,CG,8.5,0.0,75.30643967431533,372.0889729660692,2.003700962250185,3.4265825211446295,0,1,0,0,0,5.0,1.0,-3.0,18.0,5.0,-1.0,3.6,5.0,4.9,0.4,0.0,-0.4,2.0,1.0,-1.0
2014-12-29,6.0,13.0,3.0,1.0,2.0,4.0,CG,2.1666666666666665,0.5,75.26331360946746,371.954618918332,2.003698224852071,3.4253141226092048,1,0,0,0,0,2.0,5.0,4.0,17.0,18.0,-4.0,8.5,3.6,-6.333333333333334,0.0,0.4,0.5,1.0,2.0,3.0
2015-01-05,0.0,0.0,0.0,0.0,0.0,0.0,CG,0.0,0.0,75.21729490022173,371.820889345824,2.0066518847006654,3.4257703462527322,0,0,0,0,0,6.0,2.0,-6.0,13.0,17.0,-13.0,2.1666666666666665,8.5,-2.1666666666666665,0.5,0.0,-0.5,4.0,1.0,-4.0
2015-01-12,3.0,10.0,1.0,0.0,2.0,3.0,CG,3.3333333333333335,0.3333333333333333,75.16174298375185,371.68907881041844,2.005169867060561,3.4249383021002475,0,0,0,0,0,0.0,6.0,3.0,0.0,13.0,10.0,0.0,2.1666666666666665,3.3333333333333335,0.0,0.5,0.3333333333333333,0.0,4.0,3.0
2015-01-19,1.0,3.0,1.0,0.0,0.0,1.0,CG,3.0,1.0,75.11365313653137,371.5560144301856,2.0059040590405903,3.423779987082491,0,0,0,0,0,3.0,0.0,-2.0,10.0,0.0,-7.0,3.3333333333333335,0.0,-0.3333333333333335,0.3333333333333333,0.0,0.6666666666666667,3.0,0.0,-2.0
2015-01-26,0.0,0.0,0.0,0.0,0.0,0.0,CG,0.0,0.0,75.06047197640117,371.4240463011239,2.0051622418879056,3.422625377616306,0,0,0,0,0,1.0,3.0,-1.0,3.0,10.0,-3.0,3.0,3.3333333333333335,-3.0,1.0,0.3333333333333333,-1.0,1.0,3.0,-1.0
2015-02-02,5.0,43.0,0.0,0.0,5.0,1.0,CG,8.6,0.0,75.00515843773029,371.29265640332085,2.0036845983787765,3.421796089573361,0,0,0,0,1,0.0,1.0,5.0,0.0,3.0,43.0,0.0,3.0,8.6,0.0,1.0,0.0,0.0,1.0,1.0
2015-02-09,5.0,31.0,0.0,0.0,5.0,2.0,CG,6.2,0.0,74.98159057437408,371.1568408976814,2.0058910162002945,3.4215013136638404,0,0,0,0,0,5.0,0.0,0.0,43.0,0.0,-12.0,8.6,0.0,-2.3999999999999995,0.0,0.0,0.0,1.0,0.0,1.0
2015-02-16,4.0,6.0,1.0,0.0,3.0,3.0,CG,1.5,0.25,74.94922737306844,371.02207824525215,2.008094186902134,3.421205525666976,0,0,0,0,0,5.0,5.0,-1.0,31.0,43.0,-25.0,6.2,8.6,-4.7,0.0,0.0,0.25,2.0,1.0,1.0
2015-02-23,3.0,27.0,2.0,0.0,1.0,3.0,CG,9.0,0.6666666666666666,74.89852941176471,370.8902600322609,2.009558823529412,3.4203730755480257,0,0,0,0,0,4.0,5.0,-1.0,6.0,31.0,21.0,1.5,6.2,7.5,0.25,0.0,0.41666666666666663,3.0,2.0,0.0
2015-03-02,4.0,14.0,1.0,0.0,3.0,4.0,CG,3.5,0.25,74.86333578251286,370.75615160940646,2.0102865540044084,3.4192207561944765,0,0,0,1,0,3.0,4.0,1.0,27.0,6.0,-13.0,9.0,1.5,-5.5,0.6666666666666666,0.25,-0.41666666666666663,3.0,3.0,1.0
2015-03-09,0.0,0.0,0.0,0.0,0.0,0.0,CG,0.0,0.0,74.8186490455213,370.6235885420304,2.011747430249633,3.4183895690065844,0,0,0,0,0,4.0,3.0,-4.0,14.0,27.0,-14.0,3.5,9.0,-3.5,0.25,0.6666666666666666,-0.25,4.0,3.0,-4.0
2015-03-16,3.0,6.0,1.0,0.0,2.0,3.0,CG,2.0,0.3333333333333333,74.76375641966251,370.4930476176515,2.0102714600146734,3.417568864755314,0,0,1,0,0,0.0,4.0,3.0,0.0,14.0,6.0,0.0,3.5,2.0,0.0,0.25,0.3333333333333333,0.0,4.0,3.0
2015-03-23,3.0,8.0,1.0,0.0,2.0,3.0,CG,2.6666666666666665,0.3333333333333333,74.7133431085044,370.361791863651,2.0109970674486806,3.416420046046135,0,1,0,0,0,3.0,0.0,0.0,6.0,0.0,2.0,2.0,0.0,0.6666666666666665,0.3333333333333333,0.0,0.0,3.0,0.0,0.0
2015-03-30,6.0,13.0,1.0,1.0,4.0,5.0,CG,2.1666666666666665,0.16666666666666666,74.66446886446886,370.2304073029992,2.0117216117216117,3.415272372298965,1,0,0,0,0,3.0,3.0,3.0,8.0,6.0,5.0,2.6666666666666665,2.0,-0.5,0.3333333333333333,0.3333333333333333,-0.16666666666666666,3.0,3.0,2.0
2015-04-06,0.0,0.0,0.0,0.0,0.0,0.0,CG,0.0,0.0,74.61932650073206,370.0985276693075,2.014641288433382,3.415726093091572,0,0,0,0,0,6.0,3.0,-6.0,13.0,8.0,-13.0,2.1666666666666665,2.6666666666666665,-2.1666666666666665,0.16666666666666666,0.3333333333333333,-0.16666666666666666,5.0,3.0,-5.0
2015-04-13,4.0,26.0,1.0,0.0,3.0,3.0,CG,6.5,0.25,74.56474030724213,369.9685396981553,2.0131675201170447,3.4149103541198387,0,0,0,0,0,0.0,6.0,4.0,0.0,13.0,26.0,0.0,2.1666666666666665,6.5,0.0,0.16666666666666666,0.25,0.0,5.0,3.0
2015-04-20,2.0,6.0,1.0,0.0,1.0,2.0,CG,3.0,0.5,74.52923976608187,369.83552447661555,2.0146198830409356,3.414083701643564,0,0,0,0,0,4.0,0.0,-2.0,26.0,0.0,-20.0,6.5,0.0,-3.5,0.25,0.0,0.25,3.0,0.0,-1.0
2015-04-27,4.0,88.0,2.0,0.0,2.0,3.0,CG,22.0,0.5,74.47918188458729,369.7049654047726,2.014609203798393,3.412835658783264,0,0,0,0,0,2.0,4.0,2.0,6.0,26.0,82.0,3.0,6.5,19.0,0.5,0.25,0.0,2.0,3.0,1.0
2015-05-04,4.0,19.0,2.0,0.0,2.0,4.0,CG,4.75,0.5,74.48905109489051,369.5700938919679,2.016058394160584,3.412010616418288,0,0,0,0,0,4.0,2.0,0.0,88.0,6.0,-69.0,22.0,3.0,-17.25,0.5,0.5,0.0,3.0,2.0,1.0
2015-05-11,4.0,62.0,1.0,0.0,3.0,2.0,CG,15.5,0.25,74.44857768052516,369.43822920825363,2.017505470459519,3.41118596461539,0,0,0,0,0,4.0,4.0,0.0,19.0,88.0,43.0,4.75,22.0,10.75,0.5,0.5,-0.25,4.0,3.0,-2.0
2015-05-18,0.0,0.0,0.0,0.0,0.0,0.0,CG,0.0,0.0,74.43950437317784,369.30362442839174,2.0189504373177845,3.410361703709901,0,0,0,0,0,4.0,4.0,-4.0,62.0,19.0,-62.0,15.5,4.75,-15.5,0.25,0.5,-0.25,2.0,4.0,-2.0
2015-05-25,3.0,9.0,0.0,0.0,3.0,3.0,CG,3.0,0.0,74.38528769118719,369.17448013165074,2.0174799708667153,3.409554026467647,0,0,0,0,0,0.0,4.0,3.0,0.0,62.0,9.0,0.0,15.5,3.0,0.0,0.25,0.0,0.0,2.0,3.0
2015-06-01,3.0,13.0,2.0,0.0,1.0,3.0,CG,4.333333333333333,0.6666666666666666,74.3377001455604,369.0442305053527,2.018195050946143,3.408415223573872,0,0,0,0,0,3.0,0.0,0.0,9.0,0.0,4.0,3.0,0.0,1.333333333333333,0.0,0.0,0.6666666666666666,3.0,0.0,0.0
2015-06-08,1.0,1.0,1.0,0.0,0.0,1.0,CG,1.0,1.0,74.2930909090909,368.91361900255583,2.0189090909090908,3.4072775486841937,0,0,0,0,0,3.0,3.0,-2.0,13.0,9.0,-12.0,4.333333333333333,3.0,-3.333333333333333,0.6666666666666666,0.0,0.33333333333333337,3.0,3.0,-2.0
2015-06-15,1.0,5.0,1.0,0.0,0.0,1.0,CG,5.0,1.0,74.23982558139535,368.7847372680441,2.0181686046511627,3.4061490689509513,0,0,0,0,0,1.0,3.0,0.0,1.0,13.0,4.0,1.0,4.333333333333333,4.0,1.0,0.6666666666666666,0.0,1.0,3.0,0.0
2015-06-22,3.0,66.0,2.0,0.0,1.0,2.0,CG,22.0,0.6666666666666666,74.18954248366013,368.65542887552596,2.017429193899782,3.4050216954695056,0,0,0,0,0,1.0,1.0,2.0,5.0,1.0,61.0,5.0,1.0,17.0,1.0,1.0,-0.33333333333333337,1.0,1.0,1.0
2015-06-29,2.0,2.0,0.0,0.0,2.0,1.0,CG,1.0,0.0,74.18359941944847,368.5216087874854,2.018142235123367,3.4038879948626417,0,0,0,0,0,3.0,1.0,-1.0,66.0,5.0,-64.0,22.0,5.0,-21.0,0.6666666666666666,1.0,-0.6666666666666666,2.0,1.0,-1.0
2015-07-06,2.0,4.0,0.0,0.0,2.0,1.0,CG,2.0,0.0,74.13125453226976,368.39299671838694,2.018129079042785,3.4026527230557018,0,0,0,0,0,2.0,3.0,0.0,2.0,66.0,2.0,1.0,22.0,1.0,0.0,0.6666666666666666,0.0,1.0,2.0,0.0
2015-07-13,1.0,9.0,0.0,0.0,1.0,1.0,CG,9.0,0.0,74.08043478260869,368.2642389992531,2.0181159420289854,3.4014187951147927,0,0,0,0,0,2.0,2.0,-1.0,4.0,2.0,5.0,2.0,1.0,7.0,0.0,0.0,0.0,1.0,1.0,0.0
2015-07-20,1.0,3.0,0.0,0.0,1.0,1.0,CG,3.0,0.0,74.03330919623461,368.13495129905033,2.0173787110789285,3.4002965462038985,0,0,0,0,0,1.0,2.0,0.0,9.0,4.0,-6.0,9.0,2.0,-6.0,0.0,0.0,0.0,1.0,1.0,0.0
2015-07-27,0.0,0.0,0.0,0.0,0.0,0.0,CG,0.0,0.0,73.98191027496382,368.0066021073673,2.016642547033285,3.399175393190233,0,0,0,0,0,1.0,1.0,-1.0,3.0,9.0,-3.0,3.0,9.0,-3.0,0.0,0.0,0.0,1.0,1.0,-1.0
2015-08-03,1.0,1.0,0.0,0.0,1.0,1.0,CG,1.0,0.0,73.92841648590021,367.8788141960898,2.015184381778742,3.398378042509953,0,0,0,0,0,0.0,1.0,1.0,0.0,3.0,1.0,0.0,3.0,1.0,0.0,0.0,0.0,0.0,1.0,1.0
2015-08-10,1.0,4.0,1.0,0.0,0.0,1.0,CG,4.0,1.0,73.8757225433526,367.751014735455,2.014450867052023,3.3972587927455824,0,0,0,0,0,1.0,0.0,0.0,1.0,0.0,3.0,1.0,0.0,3.0,0.0,0.0,1.0,1.0,0.0,0.0
2015-08-17,0.0,0.0,0.0,0.0,0.0,0.0,CG,0.0,0.0,73.82527075812274,367.6229275310183,2.0137184115523468,3.396140634128366,0,0,0,0,0,1.0,1.0,-1.0,4.0,1.0,-4.0,4.0,1.0,-4.0,1.0,0.0,-1.0,1.0,1.0,-1.0
2015-08-24,0.0,0.0,0.0,0.0,0.0,0.0,CG,0.0,0.0,73.77200577200577,367.49553788280434,2.0122655122655124,3.395345240793869,0,0,0,0,0,0.0,1.0,0.0,0.0,4.0,0.0,0.0,4.0,0.0,0.0,1.0,0.0,0.0,1.0,0.0
2015-08-31,3.0,39.0,1.0,0.0,2.0,2.0,CG,13.0,0.3333333333333333,73.71881759192502,367.36828026782786,2.0108147080028838,3.394550188286162,0,0,0,0,1,0.0,0.0,3.0,0.0,0.0,39.0,0.0,0.0,13.0,0.0,0.0,0.3333333333333333,0.0,0.0,2.0
2015-09-07,0.0,0.0,0.0,0.0,0.0,0.0,CG,0.0,0.0,73.69380403458213,367.2370061001446,2.011527377521614,3.3934301385521506,0,0,0,0,0,3.0,0.0,-3.0,39.0,0.0,-39.0,13.0,0.0,-13.0,0.3333333333333333,0.0,-0.3333333333333333,2.0,0.0,-2.0
2015-09-14,1.0,3.0,0.0,0.0,1.0,1.0,CG,3.0,0.0,73.64074874010079,367.1100174849052,2.010079193664507,3.3926368494129657,0,0,0,0,1,0.0,3.0,1.0,0.0,39.0,3.0,0.0,13.0,3.0,0.0,0.3333333333333333,0.0,0.0,2.0,1.0
2015-09-21,1.0,8.0,1.0,0.0,0.0,1.0,CG,8.0,1.0,73.58992805755396,366.9827359429818,2.0093525179856115,3.391523590637456,0,0,0,0,0,1.0,0.0,0.0,3.0,0.0,5.0,3.0,0.0,5.0,0.0,0.0,1.0,1.0,0.0,0.0
2015-09-28,0.0,0.0,0.0,0.0,0.0,0.0,CG,0.0,0.0,73.54277498202732,366.85491928292026,2.0086268871315602,3.390411413391233,0,0,0,1,0,1.0,1.0,-1.0,8.0,3.0,-8.0,8.0,3.0,-8.0,1.0,0.0,-1.0,1.0,1.0,-1.0
2015-10-05,3.0,10.0,3.0,0.0,0.0,1.0,CG,3.3333333333333335,1.0,73.48994252873563,366.7283257235399,2.007183908045977,3.3896200670693855,0,0,0,0,0,0.0,1.0,3.0,0.0,8.0,10.0,0.0,8.0,3.3333333333333335,0.0,1.0,1.0,0.0,1.0,1.0
2015-10-12,5.0,9.0,0.0,0.0,5.0,1.0,CG,1.8,0.0,73.44436468054559,366.6005216640915,2.0078966259870783,3.388506725445088,0,0,1,1,0,3.0,0.0,2.0,10.0,0.0,-1.0,3.3333333333333335,0.0,-1.5333333333333334,1.0,0.0,-1.0,1.0,0.0,0.0
2015-10-19,1.0,1.0,0.0,0.0,1.0,1.0,CG,1.0,0.0,73.39813486370157,366.47297613369653,2.010043041606887,3.3882381114586346,0,1,0,0,0,5.0,3.0,-4.0,9.0,10.0,-8.0,1.8,3.3333333333333335,-0.8,0.0,1.0,0.0,1.0,1.0,0.0
2015-10-26,6.0,44.0,3.0,0.0,3.0,4.0,CG,7.333333333333333,0.5,73.34623655913978,366.3466341613694,2.0093189964157707,3.3871305569236694,1,0,1,0,0,1.0,5.0,5.0,1.0,9.0,43.0,1.0,1.8,6.333333333333333,0.0,0.0,0.5,1.0,1.0,3.0
2015-11-02,3.0,6.0,2.0,0.0,1.0,3.0,CG,2.0,0.6666666666666666,73.32521489971347,366.2161458559914,2.0121776504297992,3.3876005168271632,0,1,0,0,0,6.0,1.0,-3.0,44.0,1.0,-38.0,7.333333333333333,1.0,-5.333333333333333,0.5,0.0,0.16666666666666663,4.0,1.0,-1.0
2015-11-09,6.0,16.0,3.0,0.0,3.0,4.0,CG,2.6666666666666665,0.5,73.27702219040802,366.08938755361146,2.0128847530422336,3.3864901062270873,1,0,0,0,0,3.0,6.0,3.0,6.0,44.0,10.0,2.0,7.333333333333333,0.6666666666666665,0.6666666666666666,0.5,-0.16666666666666663,3.0,4.0,1.0
2015-11-16,0.0,0.0,0.0,0.0,0.0,0.0,CG,0.0,0.0,73.23605150214593,365.9615433119343,2.015736766809728,3.3869569383399405,0,0,0,0,0,6.0,3.0,-6.0,16.0,6.0,-16.0,2.6666666666666665,2.0,-2.6666666666666665,0.5,0.6666666666666666,-0.5,4.0,3.0,-4.0
2015-11-23,2.0,36.0,1.0,0.0,1.0,2.0,CG,18.0,0.5,73.18370264474625,365.83587221518087,2.0142959256611865,3.386174245952701,0,0,0,0,0,0.0,6.0,2.0,0.0,16.0,36.0,0.0,2.6666666666666665,18.0,0.0,0.5,0.5,0.0,4.0,2.0
2015-11-30,3.0,12.0,1.0,0.0,2.0,3.0,CG,4.0,0.3333333333333333,73.15714285714286,365.7064500350838,2.0142857142857142,3.3849638387923116,0,0,0,0,0,2.0,0.0,1.0,36.0,0.0,-24.0,18.0,0.0,-14.0,0.5,0.0,-0.16666666666666669,2.0,0.0,1.0
2015-12-07,1.0,1.0,0.0,0.0,1.0,1.0,CG,1.0,0.0,73.1134903640257,365.5794685496203,2.0149892933618845,3.3838571846805023,0,0,0,0,0,3.0,2.0,-2.0,12.0,36.0,-11.0,4.0,18.0,-3.0,0.3333333333333333,0.5,-0.3333333333333333,3.0,2.0,-2.0
2015-12-14,5.0,42.0,1.0,0.0,4.0,3.0,CG,8.4,0.2,73.06205420827389,365.4540492311138,2.014265335235378,3.3827579240827346,0,0,0,0,0,1.0,3.0,4.0,1.0,12.0,41.0,1.0,4.0,7.4,0.0,0.3333333333333333,0.2,1.0,3.0,2.0
2015-12-21,4.0,18.0,1.0,0.0,3.0,4.0,CG,4.5,0.25,73.03991446899501,365.3246340959102,2.0163934426229506,3.382490678314882,0,0,0,0,0,5.0,1.0,-1.0,42.0,1.0,-24.0,8.4,1.0,-3.9000000000000004,0.2,0.0,0.04999999999999999,3.0,1.0,1.0
2015-12-28,5.0,65.0,0.0,5.0,0.0,2.0,CG,13.0,0.0,73.00071225071225,365.19737094193215,2.0178062678062676,3.3816994006391004,0,0,0,0,0,4.0,5.0,1.0,18.0,42.0,47.0,4.5,8.4,8.5,0.25,0.2,-0.25,4.0,3.0,-2.0
2016-01-04,3.0,21.0,1.0,0.0,2.0,2.0,CG,7.0,0.3333333333333333,72.9950177935943,365.0673541308273,2.0199288256227756,3.3814309831055396,0,0,0,0,0,5.0,4.0,-2.0,65.0,18.0,-44.0,13.0,4.5,-6.0,0.0,0.25,0.3333333333333333,2.0,4.0,0.0
2016-01-11,1.0,12.0,1.0,0.0,0.0,1.0,CG,12.0,1.0,72.95803698435277,364.94004823703153,2.0206258890469417,3.380328465290168,0,0,0,0,0,3.0,5.0,-2.0,21.0,65.0,-9.0,7.0,13.0,5.0,0.3333333333333333,0.0,0.6666666666666667,2.0,2.0,-1.0
2016-01-18,1.0,3.0,0.0,0.0,1.0,1.0,CG,3.0,0.0,72.91471215351812,364.81386528673335,2.0199004975124377,3.37923568947177,0,0,0,0,0,1.0,3.0,0.0,12.0,21.0,-9.0,12.0,7.0,-9.0,1.0,0.3333333333333333,-1.0,1.0,2.0,0.0
2016-01-25,3.0,7.0,1.0,0.0,2.0,3.0,CG,2.3333333333333335,0.3333333333333333,72.86505681818181,364.6889595456594,2.0191761363636362,3.3781439587101447,0,0,0,0,0,1.0,1.0,2.0,3.0,12.0,4.0,3.0,12.0,-0.6666666666666665,0.0,1.0,0.3333333333333333,1.0,1.0,2.0
2016-02-01,4.0,14.0,1.0,2.0,1.0,3.0,CG,3.5,0.25,72.81831085876509,364.56365329873415,2.019872249822569,3.377045211226568,0,0,0,0,0,3.0,1.0,1.0,7.0,3.0,7.0,2.3333333333333335,3.0,1.1666666666666665,0.3333333333333333,0.0,-0.08333333333333331,3.0,1.0,0.0
2016-02-08,1.0,6.0,0.0,0.0,1.0,1.0,CG,6.0,0.0,72.77659574468085,364.43762700891085,2.021276595744681,3.376258454452449,0,0,0,0,0,4.0,3.0,-3.0,14.0,7.0,-8.0,3.5,2.3333333333333335,2.5,0.25,0.3333333333333333,-0.25,3.0,3.0,-2.0
2016-02-15,0.0,0.0,0.0,0.0,0.0,0.0,CG,0.0,0.0,72.72927002126151,364.31270818945075,2.0205527994330263,3.375170494124529,0,0,0,0,0,1.0,4.0,-1.0,6.0,14.0,-6.0,6.0,3.5,-6.0,0.0,0.25,0.0,1.0,3.0,-1.0
2016-02-22,4.0,22.0,0.0,1.0,3.0,3.0,CG,5.5,0.0,72.67776203966005,364.1887311262187,2.0191218130311617,3.374402717555618,0,0,0,0,0,0.0,1.0,4.0,0.0,6.0,22.0,0.0,6.0,5.5,0.0,0.0,0.0,0.0,1.0,3.0
2016-02-29,0.0,0.0,0.0,0.0,0.0,0.0,CG,0.0,0.0,72.6418966737438,364.0622425223389,2.0205237084217975,3.3736192026371463,0,0,0,0,0,4.0,0.0,-4.0,22.0,0.0,-22.0,5.5,0.0,-5.5,0.0,0.0,0.0,3.0,0.0,-3.0
2016-03-07,5.0,101.0,2.0,0.0,3.0,2.0,CG,20.2,0.4,72.59052333804809,363.93852081176146,2.019094766619519,3.3728532467742336,0,0,0,0,0,0.0,4.0,5.0,0.0,22.0,101.0,0.0,5.5,20.2,0.0,0.0,0.4,0.0,3.0,2.0
2016-03-14,4.0,7.0,3.0,1.0,0.0,2.0,CG,1.75,0.75,72.61060070671378,363.81059082697243,2.021201413427562,3.3725914930186236,0,0,0,0,1,5.0,0.0,-1.0,101.0,0.0,-94.0,20.2,0.0,-18.45,0.4,0.0,0.35,2.0,0.0,0.0
2016-03-21,4.0,20.0,2.0,0.0,2.0,3.0,CG,5.0,0.5,72.56426553672317,363.6861926859668,2.022598870056497,3.37180963839414,0,0,0,0,0,4.0,5.0,0.0,7.0,101.0,13.0,1.75,20.2,3.25,0.75,0.4,-0.25,2.0,2.0,1.0
2016-03-28,0.0,0.0,0.0,0.0,0.0,0.0,CG,0.0,0.0,72.5271700776288,363.5604314153652,2.0239943542695835,3.3710281286331467,0,0,0,0,0,4.0,4.0,-4.0,20.0,7.0,-20.0,5.0,1.75,-5.0,0.5,0.75,-0.5,3.0,2.0,-3.0
2016-04-04,1.0,1.0,0.0,1.0,0.0,1.0,CG,1.0,0.0,72.47602256699577,363.4372270214151,2.0225669957686883,3.370267047140928,0,0,0,0,0,0.0,4.0,1.0,0.0,20.0,1.0,0.0,5.0,1.0,0.0,0.5,0.0,0.0,3.0,1.0
2016-04-11,0.0,0.0,0.0,0.0,0.0,0.0,CG,0.0,0.0,72.42565186751233,363.3140079051551,2.02184637068358,3.369187808623992,0,0,0,1,0,1.0,0.0,-1.0,1.0,0.0,-1.0,1.0,0.0,-1.0,0.0,0.0,0.0,1.0,0.0,-1.0
2016-04-18,2.0,8.0,2.0,0.0,0.0,1.0,CG,4.0,1.0,72.37464788732395,363.19105323067953,2.0204225352112677,3.3684277742780444,0,0,0,0,0,0.0,1.0,2.0,0.0,1.0,8.0,0.0,1.0,4.0,0.0,0.0,1.0,0.0,1.0,1.0
2016-04-25,1.0,2.0,1.0,0.0,0.0,1.0,CG,2.0,1.0,72.32934553131598,363.0671627875086,2.020408163265306,3.367241542855711,0,0,1,0,0,2.0,0.0,-1.0,8.0,0.0,-6.0,4.0,0.0,-2.0,1.0,0.0,0.0,1.0,0.0,0.0
2016-05-02,4.0,33.0,1.0,0.0,3.0,2.0,CG,8.25,0.25,72.27988748241913,362.94418160627,2.019690576652602,3.3661652854488735,0,1,0,0,0,1.0,2.0,3.0,2.0,8.0,31.0,2.0,4.0,6.25,1.0,1.0,-0.75,1.0,1.0,1.0
2016-05-09,6.0,28.0,4.0,0.0,2.0,5.0,CG,4.666666666666667,0.6666666666666666,72.25228390723822,362.81803588853967,2.0210822206605763,3.365390944889026,1,0,0,0,0,4.0,1.0,2.0,33.0,2.0,-5.0,8.25,2.0,-3.583333333333333,0.25,1.0,0.41666666666666663,2.0,1.0,3.0
2016-05-16,1.0,2.0,0.0,0.0,1.0,1.0,CG,2.0,0.0,72.22120786516854,362.6924257921592,2.023876404494382,3.365860202040748,0,0,0,0,0,6.0,4.0,-5.0,28.0,33.0,-26.0,4.666666666666667,8.25,-2.666666666666667,0.6666666666666666,0.25,-0.6666666666666666,5.0,2.0,-4.0
2016-05-23,2.0,50.0,2.0,0.0,0.0,2.0,CG,25.0,1.0,72.1719298245614,362.56982558535526,2.0231578947368423,3.3647874815474905,0,0,0,0,1,1.0,6.0,1.0,2.0,28.0,48.0,2.0,4.666666666666667,23.0,0.0,0.6666666666666666,1.0,1.0,5.0,1.0
2016-05-30,1.0,3.0,1.0,0.0,0.0,1.0,CG,3.0,1.0,72.15638148667601,362.4430613498504,2.023141654978962,3.363606703064767,0,0,0,0,0,2.0,1.0,-1.0,50.0,2.0,-47.0,25.0,2.0,-22.0,1.0,0.0,0.0,2.0,1.0,-1.0
2016-06-06,0.0,0.0,0.0,0.0,0.0,0.0,CG,0.0,0.0,72.10791871058164,362.32058033134115,2.0224246671338473,3.36253619413063,0,0,0,0,1,1.0,2.0,-1.0,3.0,50.0,-3.0,3.0,25.0,-3.0,1.0,1.0,-1.0,1.0,2.0,-1.0
2016-06-13,1.0,7.0,1.0,0.0,0.0,1.0,CG,7.0,1.0,72.05742296918767,362.19863271196056,2.0210084033613445,3.3617838379586336,0,0,0,0,1,0.0,1.0,1.0,0.0,3.0,7.0,0.0,3.0,7.0,0.0,1.0,1.0,0.0,1.0,1.0
2016-06-20,0.0,0.0,0.0,0.0,0.0,0.0,CG,0.0,0.0,72.01189643107068,362.0758803561577,2.0202939118264522,3.3607150721101426,0,0,0,1,1,1.0,0.0,-1.0,7.0,0.0,-7.0,7.0,0.0,-7.0,1.0,0.0,-1.0,1.0,0.0,-1.0
2016-06-27,3.0,11.0,3.0,0.0,0.0,2.0,CG,3.6666666666666665,1.0,71.96153846153847,361.9541791040675,2.018881118881119,3.3599637408685163,0,0,0,0,0,0.0,1.0,3.0,0.0,7.0,11.0,0.0,7.0,3.6666666666666665,0.0,1.0,1.0,0.0,1.0,2.0
2016-07-04,5.0,100.0,2.0,1.0,2.0,5.0,CG,20.0,0.4,71.91893780573025,361.83118827561117,2.0195667365478687,3.3588888575846103,0,0,1,1,0,3.0,0.0,2.0,11.0,0.0,89.0,3.6666666666666665,0.0,16.333333333333332,1.0,0.0,-0.6,2.0,0.0,3.0
2016-07-11,2.0,3.0,0.0,0.0,2.0,1.0,CG,1.5,0.0,71.93854748603351,361.7055013902524,2.0216480446927374,3.358638632919155,0,1,0,1,0,5.0,3.0,-3.0,100.0,11.0,-97.0,20.0,3.6666666666666665,-18.5,0.4,1.0,-0.4,5.0,2.0,-4.0
2016-07-18,7.0,117.0,2.0,0.0,5.0,6.0,CG,16.714285714285715,0.2857142857142857,71.89043963712491,361.5837715965682,2.0216329378925333,3.3574657677973563,1,0,1,1,0,2.0,5.0,5.0,3.0,100.0,114.0,1.5,20.0,15.214285714285715,0.0,0.4,0.2857142857142857,1.0,5.0,5.0
2016-07-25,1.0,7.0,1.0,0.0,0.0,1.0,CG,7.0,1.0,71.92189679218968,361.45954927053174,2.0251046025104604,3.358867842762318,0,1,1,0,0,7.0,2.0,-6.0,117.0,3.0,-110.0,16.714285714285715,1.5,-9.714285714285715,0.2857142857142857,0.0,0.7142857142857143,6.0,1.0,-5.0
2016-08-01,6.0,29.0,3.0,0.0,3.0,3.0,CG,4.833333333333333,0.5,71.87665505226481,361.3375597080229,2.024390243902439,3.3578055302094705,1,1,1,0,1,1.0,7.0,5.0,7.0,117.0,22.0,7.0,16.714285714285715,-2.166666666666667,1.0,0.2857142857142857,-0.5,1.0,6.0,2.0
2016-08-08,7.0,115.0,6.0,0.0,1.0,2.0,CG,16.428571428571427,0.8571428571428571,71.84679665738162,361.2134083034064,2.027158774373259,3.3582744872281585,1,1,0,0,0,6.0,1.0,1.0,29.0,7.0,86.0,4.833333333333333,7.0,11.595238095238095,0.5,1.0,0.3571428571428571,3.0,1.0,-1.0
2016-08-15,6.0,125.0,2.0,1.0,3.0,4.0,CG,20.833333333333332,0.3333333333333333,71.87682672233821,361.0894101407967,2.0306193458594293,3.3596670427927378,1,0,0,0,1,7.0,6.0,-1.0,115.0,29.0,10.0,16.428571428571427,4.833333333333333,4.404761904761905,0.8571428571428571,0.5,-0.5238095238095237,2.0,3.0,2.0
2016-08-22,2.0,2.0,0.0,0.0,2.0,1.0,CG,1.0,0.0,71.91376912378303,360.96646666115976,2.0333796940194713,3.3601286732129334,0,0,0,0,0,6.0,7.0,-4.0,125.0,115.0,-123.0,20.833333333333332,16.428571428571427,-19.833333333333332,0.3333333333333333,0.8571428571428571,-0.3333333333333333,4.0,2.0,-3.0
2016-08-29,3.0,11.0,1.0,2.0,0.0,2.0,CG,3.6666666666666665,0.3333333333333333,71.86518415566366,360.84564162985083,2.0333564975677554,3.3589602512508434,0,0,0,1,0,2.0,6.0,1.0,2.0,125.0,9.0,1.0,20.833333333333332,2.6666666666666665,0.0,0.3333333333333333,0.3333333333333333,1.0,4.0,1.0
2016-09-05,2.0,12.0,2.0,0.0,0.0,1.0,CG,6.0,1.0,71.82291666666667,360.72380507354063,2.0340277777777778,3.3578895551655625,0,0,0,0,1,3.0,2.0,-1.0,11.0,2.0,1.0,3.6666666666666665,1.0,2.3333333333333335,0.3333333333333333,0.0,0.6666666666666667,2.0,1.0,-1.0
2016-09-12,2.0,8.0,1.0,0.0,1.0,2.0,CG,4.0,0.5,71.78140180430256,360.6019756192879,2.034004163775156,3.3567235384927865,0,0,1,1,0,2.0,3.0,0.0,12.0,11.0,-4.0,6.0,3.6666666666666665,-2.0,1.0,0.3333333333333333,-0.5,1.0,2.0,1.0
2016-09-19,4.0,229.0,1.0,0.0,3.0,3.0,CG,57.25,0.25,71.7371705963939,360.480744805038,2.033980582524272,3.3555587356640824,0,1,0,0,0,2.0,2.0,2.0,8.0,12.0,221.0,4.0,6.0,53.25,0.5,1.0,-0.25,2.0,1.0,1.0
2016-09-26,38.0,139.0,4.0,0.0,34.0,4.0,CG,3.6578947368421053,0.10526315789473684,71.84615384615384,360.37950970712825,2.0353430353430353,3.3547942700634286,1,0,1,0,0,4.0,2.0,34.0,229.0,8.0,-90.0,57.25,4.0,-53.5921052631579,0.25,0.5,-0.14473684210526316,3.0,2.0,1.0
2016-10-03,4.0,23.0,2.0,0.0,2.0,2.0,CG,5.75,0.5,71.8926592797784,360.25895087493404,2.0602493074792245,3.484622024207707,0,1,0,1,1,38.0,4.0,-34.0,139.0,229.0,-116.0,3.6578947368421053,57.25,2.0921052631578947,0.10526315789473684,0.25,0.39473684210526316,4.0,3.0,-2.0
2016-10-10,6.0,81.0,2.0,1.0,3.0,3.0,CG,13.5,0.3333333333333333,71.85882352941177,360.13648266953516,2.06159169550173,3.483788965105893,1,0,0,0,0,4.0,38.0,2.0,23.0,139.0,58.0,5.75,3.6578947368421053,7.75,0.5,0.10526315789473684,-0.16666666666666669,2.0,4.0,1.0
2016-10-17,4.0,15.0,2.0,0.0,2.0,4.0,CG,3.75,0.5,71.86514522821577,360.0119266606834,2.0643153526970957,3.4841230270984838,0,0,1,0,0,6.0,4.0,-2.0,81.0,23.0,-66.0,13.5,5.75,-9.75,0.3333333333333333,0.5,0.16666666666666669,3.0,2.0,1.0
2016-10-24,4.0,7.0,1.0,0.0,3.0,2.0,CG,1.75,0.25,71.82584657912923,359.8905244190567,2.0656530753282656,3.4832897835740257,0,1,0,0,1,4.0,6.0,0.0,15.0,81.0,-8.0,3.75,13.5,-2.0,0.5,0.3333333333333333,-0.25,4.0,3.0,-2.0
2016-10-31,8.0,434.0,3.0,5.0,0.0,3.0,CG,54.25,0.375,71.7810773480663,359.7701788895083,2.0669889502762433,3.4824569796256593,1,0,0,1,1,4.0,4.0,4.0,7.0,15.0,427.0,1.75,3.75,52.5,0.25,0.5,0.125,2.0,4.0,1.0
2016-11-07,3.0,10.0,0.0,1.0,2.0,3.0,CG,3.3333333333333335,0.0,72.03105590062111,359.7717888564421,2.0710835058661146,3.4847416415897587,0,0,0,0,1,8.0,4.0,-5.0,434.0,7.0,-424.0,54.25,1.75,-50.916666666666664,0.375,0.25,-0.375,3.0,2.0,0.0
2016-11-14,3.0,6.0,1.0,2.0,0.0,2.0,CG,2.0,0.3333333333333333,71.98827586206896,359.6513118494601,2.0717241379310343,3.483624383776621,0,0,1,0,1,3.0,8.0,0.0,10.0,434.0,-4.0,3.3333333333333335,54.25,-1.3333333333333335,0.0,0.375,0.3333333333333333,3.0,3.0,-1.0
2016-11-21,3.0,68.0,0.0,1.0,2.0,3.0,CG,22.666666666666668,0.0,71.94279807029635,359.53144627920045,2.0723638869745002,3.4825081916251577,0,1,0,1,0,3.0,3.0,0.0,6.0,10.0,62.0,2.0,3.3333333333333335,20.666666666666668,0.3333333333333333,0.0,-0.3333333333333333,2.0,3.0,1.0
2016-11-28,9.0,54.0,8.0,0.0,1.0,3.0,CG,6.0,0.8888888888888888,71.9400826446281,359.40754890176424,2.0730027548209367,3.4813930634581127,1,0,0,1,1,3.0,3.0,6.0,68.0,6.0,-14.0,22.666666666666668,2.0,-16.666666666666668,0.0,0.3333333333333333,0.8888888888888888,3.0,2.0,0.0
2016-12-05,4.0,36.0,1.0,0.0,3.0,2.0,CG,9.0,0.25,71.92773571920165,359.2840729141207,2.0777701307639367,3.4849353060881354,0,0,1,1,1,9.0,3.0,-5.0,54.0,68.0,-18.0,6.0,22.666666666666668,3.0,0.8888888888888888,0.0,-0.6388888888888888,3.0,3.0,-1.0
2016-12-12,5.0,31.0,3.0,1.0,1.0,4.0,CG,6.2,0.6,71.90302613480056,359.1616522512136,2.079092159559835,3.4841005895151795,0,1,1,1,1,4.0,9.0,1.0,36.0,54.0,-5.0,9.0,6.0,-2.8,0.25,0.8888888888888888,0.35,2.0,3.0,2.0
2016-12-19,14.0,92.0,3.0,1.0,10.0,7.0,CG,6.571428571428571,0.21428571428571427,71.87491408934707,359.03972418794376,2.0810996563573885,3.4837439583536796,1,1,1,0,1,5.0,4.0,9.0,31.0,36.0,61.0,6.2,9.0,0.371428571428571,0.6,0.25,-0.3857142857142857,4.0,2.0,3.0
2016-12-26,22.0,96.0,10.0,0.0,12.0,5.0,CG,4.363636363636363,0.45454545454545453,71.88873626373626,358.91670914951555,2.0892857142857144,3.496526784993042,1,1,1,1,0,14.0,5.0,8.0,92.0,31.0,4.0,6.571428571428571,6.2,-2.207792207792208,0.21428571428571427,0.6,0.24025974025974026,7.0,4.0,-2.0
2017-01-02,6.0,53.0,2.0,4.0,0.0,4.0,CG,8.833333333333334,0.3333333333333333,71.90528483184626,358.7939896540722,2.1029512697323267,3.5340336382881663,1,1,0,1,1,22.0,14.0,-16.0,96.0,92.0,-43.0,4.363636363636363,6.571428571428571,4.469696969696971,0.45454545454545453,0.21428571428571427,-0.12121212121212122,5.0,7.0,-1.0
2017-01-09,7.0,36.0,3.0,3.0,1.0,4.0,CG,5.142857142857143,0.42857142857142855,71.8923182441701,358.67118259352327,2.1056241426611795,3.5342945660536498,1,0,1,1,1,6.0,22.0,1.0,53.0,96.0,-17.0,8.833333333333334,4.363636363636363,-3.6904761904761907,0.3333333333333333,0.45454545454545453,0.09523809523809523,4.0,5.0,0.0
2017-01-16,3.0,4.0,1.0,1.0,1.0,3.0,CG,1.3333333333333333,0.3333333333333333,71.86771761480466,358.54939172004146,2.1089787525702537,3.5354051285150723,0,1,1,1,0,7.0,6.0,-4.0,36.0,53.0,-32.0,5.142857142857143,8.833333333333334,-3.80952380952381,0.42857142857142855,0.3333333333333333,-0.09523809523809523,4.0,4.0,-1.0
2017-01-23,6.0,31.0,4.0,1.0,1.0,3.0,CG,5.166666666666667,0.6666666666666666,71.82123287671233,358.4308965031434,2.1095890410958904,3.534270266248762,1,1,1,0,1,3.0,7.0,3.0,4.0,36.0,27.0,1.3333333333333333,5.142857142857143,3.833333333333334,0.3333333333333333,0.42857142857142855,0.3333333333333333,3.0,4.0,0.0
2017-01-30,11.0,869.0,5.0,2.0,4.0,6.0,CG,79.0,0.45454545454545453,71.79329226557152,358.30971677175825,2.112251882272416,3.5345254754368174,1,1,1,1,1,6.0,3.0,5.0,31.0,4.0,838.0,5.166666666666667,1.3333333333333333,73.83333333333333,0.6666666666666666,0.3333333333333333,-0.2121212121212121,3.0,3.0,3.0
2017-02-06,8.0,213.0,6.0,1.0,1.0,3.0,CG,26.625,0.75,72.33857729138167,358.7933704599297,2.1183310533515733,3.540953201343798,1,1,0,1,1,11.0,6.0,-3.0,869.0,31.0,-656.0,79.0,5.166666666666667,-52.375,0.45454545454545453,0.6666666666666666,0.29545454545454547,6.0,3.0,-3.0
2017-02-13,7.0,113.0,2.0,2.0,3.0,6.0,CG,16.142857142857142,0.2857142857142857,72.43472317156528,358.68949559717095,2.1223513328776487,3.5430804908797753,1,0,1,0,1,8.0,11.0,-1.0,213.0,869.0,-100.0,26.625,79.0,-10.482142857142858,0.75,0.45454545454545453,-0.4642857142857143,3.0,6.0,3.0
2017-02-20,3.0,41.0,3.0,0.0,0.0,1.0,CG,13.666666666666666,1.0,72.46243169398907,358.5684550173401,2.1256830601092895,3.544162772598612,0,1,1,1,0,7.0,8.0,-4.0,113.0,213.0,-72.0,16.142857142857142,26.625,-2.4761904761904763,0.2857142857142857,0.75,0.7142857142857143,6.0,3.0,-5.0
2017-02-27,24.0,120.0,12.0,0.0,12.0,5.0,CG,5.0,0.5,72.44095563139932,358.4469147185078,2.1262798634812285,3.543025765448001,1,1,0,1,1,3.0,7.0,21.0,41.0,113.0,79.0,13.666666666666666,16.142857142857142,-8.666666666666666,1.0,0.2857142857142857,-0.5,1.0,6.0,4.0
2017-03-06,9.0,93.0,5.0,0.0,4.0,3.0,CG,10.333333333333334,0.5555555555555556,72.47339699863575,358.32670990649234,2.141200545702592,3.587594427962724,1,0,1,1,1,24.0,3.0,-15.0,120.0,41.0,-27.0,5.0,13.666666666666666,5.333333333333334,0.5,1.0,0.05555555555555558,5.0,1.0,-2.0
2017-03-13,2.0,72.0,1.0,0.0,1.0,2.0,CG,36.0,0.5,72.48738922972052,358.20487758047415,2.1458759372869802,3.5908385919729158,0,1,1,1,1,9.0,24.0,-7.0,93.0,120.0,-21.0,10.333333333333334,5.0,25.666666666666664,0.5555555555555556,0.5,-0.05555555555555558,3.0,5.0,-1.0
2017-03-20,16.0,156.0,12.0,0.0,4.0,2.0,CG,9.75,0.75,72.48705722070845,358.082769441676,2.145776566757493,3.5896165310929478,1,1,1,0,1,2.0,9.0,14.0,72.0,93.0,84.0,36.0,10.333333333333334,-26.25,0.5,0.5555555555555556,0.25,2.0,3.0,0.0
2017-03-27,37.0,682.0,17.0,1.0,19.0,5.0,CG,18.43243243243243,0.4594594594594595,72.54390742001361,357.96741743746304,2.155207624234173,3.606553664312484,1,1,1,1,0,16.0,2.0,21.0,156.0,72.0,526.0,9.75,36.0,8.682432432432432,0.75,0.5,-0.2905405405405405,2.0,2.0,3.0
2017-04-03,15.0,404.0,8.0,2.0,5.0,5.0,CG,26.933333333333334,0.5333333333333333,72.95850340136055,358.19843680348436,2.1789115646258503,3.718108892463671,1,1,0,1,1,37.0,16.0,-22.0,682.0,156.0,-278.0,18.43243243243243,9.75,8.500900900900902,0.4594594594594595,0.75,0.07387387387387384,5.0,2.0,0.0
2017-04-10,19.0,233.0,10.0,1.0,8.0,6.0,CG,12.263157894736842,0.5263157894736842,73.1835486063902,358.1805918178954,2.187627464309993,3.73184629214516,1,0,1,1,0,15.0,37.0,4.0,404.0,682.0,-171.0,26.933333333333334,18.43243243243243,-14.670175438596491,0.5333333333333333,0.4594594594594595,-0.007017543859649145,5.0,5.0,1.0
2017-04-17,4.0,26.0,1.0,2.0,1.0,4.0,CG,6.5,0.25,73.29211956521739,358.0830528409214,2.199048913043478,3.7562256202084616,0,1,1,1,0,19.0,15.0,-15.0,233.0,404.0,-207.0,12.263157894736842,26.933333333333334,-5.7631578947368425,0.5263157894736842,0.5333333333333333,-0.2763157894736842,6.0,5.0,-2.0
2017-04-24,15.0,361.0,4.0,2.0,9.0,6.0,CG,24.066666666666666,0.26666666666666666,73.26001357773252,357.9635215418176,2.2002715546503735,3.755242702182501,1,1,1,0,0,4.0,19.0,11.0,26.0,233.0,335.0,6.5,12.263157894736842,17.566666666666666,0.25,0.5263157894736842,0.016666666666666663,4.0,6.0,2.0
2017-05-01,22.0,477.0,9.0,1.0,12.0,5.0,CG,21.681818181818183,0.4090909090909091,73.45522388059702,357.9204680786466,2.208955223880597,3.768742867921749,1,1,1,1,1,15.0,4.0,7.0,361.0,26.0,116.0,24.066666666666666,6.5,-2.384848484848483,0.26666666666666666,0.25,0.14242424242424245,6.0,4.0,-1.0
2017-05-08,7.0,87.0,2.0,1.0,4.0,7.0,CG,12.428571428571429,0.2857142857142857,73.72881355932203,357.95328743761706,2.2223728813559323,3.802543397825216,1,1,0,0,1,22.0,15.0,-15.0,477.0,361.0,-390.0,21.681818181818183,24.066666666666666,-9.253246753246755,0.4090909090909091,0.26666666666666666,-0.12337662337662342,5.0,6.0,2.0
2017-05-15,9.0,188.0,5.0,1.0,3.0,7.0,CG,20.88888888888889,0.5555555555555556,73.73780487804878,357.8320935010074,2.225609756097561,3.8032877794127256,1,0,1,0,1,7.0,22.0,2.0,87.0,477.0,101.0,12.428571428571429,21.681818181818183,8.46031746031746,0.2857142857142857,0.4090909090909091,0.2698412698412699,7.0,5.0,0.0
2017-05-22,2.0,6.0,0.0,0.0,2.0,2.0,CG,3.0,0.0,73.81516587677726,357.7232114778169,2.23019634394042,3.8060831749798476,0,1,0,0,1,9.0,7.0,-7.0,188.0,87.0,-182.0,20.88888888888889,12.428571428571429,-17.88888888888889,0.5555555555555556,0.2857142857142857,-0.5555555555555556,7.0,7.0,-5.0
2017-05-29,8.0,75.0,3.0,1.0,4.0,5.0,CG,9.375,0.375,73.76928281461434,357.6064436422932,2.230040595399188,3.8047992177044243,1,0,0,1,1,2.0,9.0,6.0,6.0,188.0,69.0,3.0,20.88888888888889,6.375,0.0,0.5555555555555556,0.375,2.0,7.0,3.0
2017-06-05,5.0,112.0,3.0,0.0,2.0,4.0,CG,22.4,0.6,73.77011494252874,357.48544813545413,2.23394185260311,3.8064698251489535,0,0,0,1,1,8.0,2.0,-3.0,75.0,6.0,37.0,9.375,3.0,13.024999999999999,0.375,0.0,0.22499999999999998,5.0,2.0,-1.0
2017-06-12,6.0,59.0,6.0,0.0,0.0,2.0,CG,9.833333333333334,1.0,73.79594594594595,357.3659555938357,2.235810810810811,3.805861998159928,0,0,1,1,1,5.0,8.0,1.0,112.0,75.0,-53.0,22.4,9.375,-12.566666666666665,0.6,0.375,0.4,4.0,5.0,-2.0
2017-06-19,4.0,37.0,2.0,1.0,1.0,3.0,CG,9.25,0.5,73.78595543551654,357.24541033863864,2.238352464550979,3.805833145638621,0,1,1,1,1,6.0,5.0,-2.0,59.0,112.0,-22.0,9.833333333333334,22.4,-0.5833333333333339,1.0,0.6,-0.5,2.0,4.0,1.0
2017-06-26,18.0,124.0,14.0,0.0,4.0,3.0,CG,6.888888888888889,0.7777777777777778,73.76113360323886,357.1260588433636,2.239541160593792,3.8048232377274216,1,1,1,1,1,4.0,6.0,14.0,37.0,59.0,87.0,9.25,9.833333333333334,-2.3611111111111107,0.5,1.0,0.2777777777777778,3.0,2.0,0.0
2017-07-03,7.0,208.0,3.0,2.0,2.0,5.0,CG,29.714285714285715,0.42857142857142855,73.7950101146325,357.00793423016427,2.2501685772083615,3.825494019401969,1,1,1,1,1,18.0,4.0,-11.0,124.0,37.0,84.0,6.888888888888889,9.25,22.825396825396826,0.7777777777777778,0.5,-0.34920634920634924,3.0,3.0,2.0
2017-07-10,9.0,21.0,4.0,1.0,4.0,7.0,CG,2.3333333333333335,0.4444444444444444,73.88544474393531,356.90455037062384,2.253369272237197,3.826191206158086,1,1,1,1,0,7.0,18.0,2.0,208.0,124.0,-187.0,29.714285714285715,6.888888888888889,-27.380952380952383,0.42857142857142855,0.7777777777777778,0.015873015873015872,5.0,3.0,2.0
2017-07-17,8.0,42.0,4.0,4.0,0.0,3.0,CG,5.25,0.5,73.84983164983166,356.78691866693333,2.257912457912458,3.828906539578523,1,1,1,1,1,9.0,7.0,-1.0,21.0,208.0,21.0,2.3333333333333335,29.714285714285715,2.9166666666666665,0.4444444444444444,0.42857142857142855,0.05555555555555558,7.0,5.0,-4.0
2017-07-24,8.0,41.0,1.0,2.0,5.0,5.0,CG,5.125,0.125,73.82839838492598,356.66772513917147,2.261776581426649,3.8305144584921225,1,1,1,1,1,8.0,9.0,0.0,42.0,21.0,-1.0,5.25,2.3333333333333335,-0.125,0.5,0.4444444444444444,-0.375,3.0,7.0,2.0
2017-07-31,9.0,80.0,1.0,5.0,3.0,7.0,CG,8.88888888888889,0.1111111111111111,73.8063214525891,356.5487119563011,2.265635507733692,3.8321156488543786,1,1,1,1,0,8.0,8.0,1.0,41.0,42.0,39.0,5.125,5.25,3.7638888888888893,0.125,0.5,-0.013888888888888895,5.0,3.0,2.0
2017-08-07,15.0,96.0,9.0,4.0,2.0,7.0,CG,6.4,0.6,73.81048387096774,356.42883935342866,2.2701612903225805,3.8348028571388904,1,1,1,0,1,9.0,8.0,6.0,80.0,41.0,16.0,8.88888888888889,5.125,-2.488888888888889,0.1111111111111111,0.125,0.4888888888888889,7.0,5.0,0.0
2017-08-14,7.0,6.0,2.0,0.0,5.0,5.0,CG,0.8571428571428571,0.2857142857142857,73.82538616521155,356.30951549685574,2.2787105439892543,3.847682510522041,1,1,1,1,1,15.0,9.0,-8.0,96.0,80.0,-90.0,6.4,8.88888888888889,-5.542857142857144,0.6,0.1111111111111111,-0.3142857142857143,7.0,7.0,-2.0
2017-08-21,9.0,15.0,3.0,1.0,5.0,6.0,CG,1.6666666666666667,0.3333333333333333,73.77986577181208,356.1941821020004,2.2818791946308723,3.8483344620502065,1,1,0,1,1,7.0,15.0,2.0,6.0,96.0,9.0,0.8571428571428571,6.4,0.8095238095238096,0.2857142857142857,0.6,0.047619047619047616,5.0,7.0,1.0
2017-08-28,8.0,14.0,1.0,0.0,7.0,5.0,CG,1.75,0.125,73.74044265593561,356.07788770853443,2.2863849765258215,3.8509750891948977,1,0,1,0,0,9.0,7.0,-1.0,15.0,6.0,-1.0,1.6666666666666667,0.8571428571428571,0.08333333333333326,0.3333333333333333,0.2857142857142857,-0.20833333333333331,6.0,5.0,-1.0
2017-09-04,6.0,11.0,2.0,0.0,4.0,3.0,CG,1.8333333333333333,0.3333333333333333,73.70040214477211,355.9618185763904,2.290214477211796,3.8525242477352246,0,1,1,1,1,8.0,9.0,-2.0,14.0,15.0,-3.0,1.75,1.6666666666666667,0.08333333333333326,0.125,0.3333333333333333,0.20833333333333331,5.0,6.0,-2.0
2017-09-11,7.0,18.0,3.0,0.0,4.0,6.0,CG,2.5714285714285716,0.42857142857142855,73.6584058941728,355.84620833434343,2.2926992632283993,3.8524295476426818,1,1,0,1,0,6.0,8.0,1.0,11.0,14.0,7.0,1.8333333333333333,1.75,0.7380952380952384,0.3333333333333333,0.125,0.09523809523809523,3.0,5.0,3.0
2017-09-18,8.0,25.0,5.0,0.0,3.0,5.0,CG,3.125,0.625,73.62115127175367,355.729931324218,2.2958500669344044,3.8530643219041574,1,0,1,1,0,7.0,6.0,1.0,18.0,11.0,7.0,2.5714285714285716,1.8333333333333333,0.5535714285714284,0.42857142857142855,0.3333333333333333,0.19642857142857145,6.0,3.0,-1.0
2017-09-25,4.0,7.0,1.0,1.0,2.0,4.0,CG,1.75,0.25,73.5886287625418,355.61308186534376,2.299665551839465,3.8545987618657787,0,1,1,0,1,8.0,7.0,-4.0,25.0,18.0,-18.0,3.125,2.5714285714285716,-1.375,0.625,0.42857142857142855,-0.375,5.0,6.0,-1.0
2017-10-02,9.0,138.0,3.0,0.0,6.0,6.0,CG,15.333333333333334,0.3333333333333333,73.54411764705883,355.4982965571099,2.300802139037433,3.853560143237324,1,1,1,1,1,4.0,8.0,5.0,7.0,25.0,131.0,1.75,3.125,13.583333333333334,0.25,0.625,0.08333333333333331,4.0,5.0,2.0
2017-10-09,12.0,46.0,6.0,1.0,5.0,7.0,CG,3.8333333333333335,0.5,73.58717434869739,355.3833650377478,2.3052772211088843,3.856161150265075,1,1,0,0,0,9.0,4.0,3.0,138.0,7.0,-92.0,15.333333333333334,1.75,-11.5,0.3333333333333333,0.25,0.16666666666666669,6.0,4.0,1.0
2017-10-16,7.0,28.0,5.0,1.0,1.0,4.0,CG,4.0,0.7142857142857143,73.56875834445928,355.2653617129874,2.3117489986648865,3.863002423054299,1,0,1,0,0,12.0,9.0,-5.0,46.0,138.0,-18.0,3.8333333333333335,15.333333333333334,0.16666666666666652,0.5,0.3333333333333333,0.2142857142857143,7.0,6.0,-3.0
2017-10-23,6.0,27.0,1.0,2.0,3.0,5.0,CG,4.5,0.16666666666666666,73.53835890593729,355.14871228828724,2.314876584389593,3.8636108525409116,0,1,0,1,1,7.0,12.0,-1.0,28.0,46.0,-1.0,4.0,3.8333333333333335,0.5,0.7142857142857143,0.5,-0.5476190476190477,4.0,7.0,1.0
2017-10-30,11.0,37.0,3.0,2.0,6.0,8.0,CG,3.3636363636363638,0.2727272727272727,73.50733333333334,355.03226409993147,2.3173333333333335,3.8634937485198715,1,0,0,1,1,6.0,7.0,5.0,27.0,28.0,10.0,4.5,4.0,-1.1363636363636362,0.16666666666666666,0.7142857142857143,0.10606060606060605,5.0,4.0,3.0
2017-11-06,5.0,12.0,2.0,2.0,1.0,3.0,CG,2.4,0.4,73.48301132578281,354.9151511904301,2.3231179213857427,3.8687024360568167,0,0,1,0,1,11.0,6.0,-6.0,37.0,27.0,-25.0,3.3636363636363638,4.5,-0.9636363636363638,0.2727272727272727,0.16666666666666666,0.12727272727272732,8.0,5.0,-5.0
2017-11-13,5.0,6.0,1.0,1.0,3.0,5.0,CG,1.2,0.2,73.44207723035952,354.8004519914311,2.324900133155792,3.868030254704899,0,1,1,0,1,5.0,11.0,0.0,12.0,37.0,-6.0,2.4,3.3636363636363638,-1.2,0.4,0.2727272727272727,-0.2,3.0,8.0,2.0
2017-11-20,8.0,40.0,3.0,1.0,4.0,5.0,CG,5.0,0.375,73.39720558882236,354.68658908517125,2.32667997338656,3.8673580315919525,1,1,0,1,1,5.0,5.0,3.0,6.0,12.0,34.0,1.2,2.4,3.8,0.2,0.4,0.175,5.0,3.0,0.0
2017-11-27,10.0,31.0,4.0,1.0,5.0,5.0,CG,3.1,0.4,73.375,354.56962235805685,2.3304521276595747,3.8688380313658666,1,0,0,1,1,8.0,5.0,2.0,40.0,6.0,-9.0,5.0,1.2,-1.9,0.375,0.2,0.025000000000000022,5.0,5.0,0.0
2017-12-04,4.0,97.0,2.0,1.0,1.0,4.0,CG,24.25,0.5,73.3468438538206,354.4534102599181,2.335548172757475,3.8726011940919465,0,0,1,1,1,10.0,8.0,-6.0,31.0,40.0,66.0,3.1,5.0,21.15,0.4,0.375,0.09999999999999998,5.0,5.0,-1.0
2017-12-11,4.0,12.0,0.0,3.0,1.0,3.0,CG,3.0,0.0,73.36254980079681,354.336156297482,2.3366533864541834,3.8715519850316467,0,1,1,1,1,4.0,10.0,0.0,97.0,31.0,-85.0,24.25,3.1,-21.25,0.5,0.4,-0.5,4.0,5.0,-1.0
2017-12-18,9.0,138.0,1.0,4.0,4.0,7.0,CG,15.333333333333334,0.1111111111111111,73.32183145321831,354.22202215172115,2.3377571333775715,3.8705035703194737,1,1,1,1,1,4.0,4.0,5.0,12.0,97.0,126.0,3.0,24.25,12.333333333333334,0.0,0.5,0.1111111111111111,3.0,4.0,4.0
2017-12-25,15.0,28.0,4.0,1.0,10.0,6.0,CG,1.8666666666666667,0.26666666666666666,73.36472148541114,354.1083940640742,2.3421750663129974,3.873020839330225,1,1,1,1,1,9.0,4.0,6.0,138.0,12.0,-110.0,15.333333333333334,3.0,-13.466666666666667,0.1111111111111111,0.0,0.15555555555555556,7.0,3.0,-1.0
2018-01-01,7.0,56.0,5.0,0.0,2.0,4.0,CG,8.0,0.7142857142857143,73.33465871438038,353.99289094802947,2.350563286944997,3.885424031938034,1,1,1,1,1,15.0,9.0,-8.0,28.0,138.0,28.0,1.8666666666666667,15.333333333333334,6.133333333333333,0.26666666666666666,0.1111111111111111,0.44761904761904764,6.0,7.0,-2.0
2018-01-08,12.0,51.0,5.0,4.0,3.0,7.0,CG,4.25,0.4166666666666667,73.32317880794702,353.8758588146184,2.35364238410596,3.8859788541194655,1,1,1,1,1,7.0,15.0,5.0,56.0,28.0,-5.0,8.0,1.8666666666666667,-3.75,0.7142857142857143,0.26666666666666666,-0.2976190476190476,4.0,6.0,3.0
2018-01-15,20.0,136.0,10.0,3.0,7.0,7.0,CG,6.8,0.5,73.3084050297816,353.7591281046867,2.360026472534745,3.8926102173136354,1,1,1,1,1,12.0,7.0,8.0,51.0,56.0,85.0,4.25,8.0,2.55,0.4166666666666667,0.7142857142857143,0.08333333333333331,7.0,4.0,0.0
2018-01-22,14.0,52.0,7.0,5.0,2.0,7.0,CG,3.7142857142857144,0.5,73.34986772486772,353.6457225829826,2.371693121693122,3.9176760478489197,1,1,1,1,1,20.0,12.0,-6.0,136.0,51.0,-84.0,6.8,4.25,-3.0857142857142854,0.5,0.4166666666666667,0.0,7.0,7.0,0.0
2018-01-29,12.0,136.0,3.0,6.0,3.0,4.0,CG,11.333333333333334,0.25,73.33575677461997,353.52918298858395,2.3793787177792467,3.9277735639047067,1,1,1,1,1,14.0,20.0,-2.0,52.0,136.0,84.0,3.7142857142857144,6.8,7.6190476190476195,0.5,0.5,-0.25,7.0,7.0,-3.0
2018-02-05,37.0,259.0,1.0,32.0,4.0,5.0,CG,7.0,0.02702702702702703,73.3771466314399,353.4160025878531,2.3857331571994718,3.9342524395233274,1,1,1,1,0,12.0,14.0,25.0,136.0,52.0,123.0,11.333333333333334,3.7142857142857144,-4.333333333333334,0.25,0.5,-0.22297297297297297,4.0,7.0,1.0
2018-02-12,12.0,62.0,2.0,4.0,6.0,8.0,CG,5.166666666666667,0.16666666666666666,73.4996699669967,353.33145263705615,2.408580858085809,4.032241956701959,1,1,1,1,0,37.0,12.0,-25.0,259.0,136.0,-197.0,7.0,11.333333333333334,-1.833333333333333,0.02702702702702703,0.25,0.13963963963963963,5.0,4.0,3.0
2018-02-19,15.0,58.0,3.0,7.0,5.0,6.0,CG,3.8666666666666667,0.2,73.49208443271768,353.21494582917126,2.4149076517150396,4.038431147126324,1,1,1,1,0,12.0,37.0,3.0,62.0,259.0,-4.0,5.166666666666667,7.0,-1.3000000000000003,0.16666666666666666,0.02702702702702703,0.033333333333333354,8.0,5.0,-2.0
2018-02-26,21.0,141.0,3.0,14.0,4.0,8.0,CG,6.714285714285714,0.14285714285714285,73.48187211601845,353.0986549483135,2.4232036914963744,4.050009220978732,1,1,1,1,1,15.0,12.0,6.0,58.0,62.0,83.0,3.8666666666666667,5.166666666666667,2.8476190476190477,0.2,0.16666666666666666,-0.05714285714285716,6.0,8.0,2.0
2018-03-05,17.0,68.0,1.0,11.0,5.0,5.0,CG,4.0,0.058823529411764705,73.52635046113306,352.9865090540251,2.435441370223979,4.07665292206594,1,1,1,0,0,21.0,15.0,-4.0,141.0,58.0,-73.0,6.714285714285714,3.8666666666666667,-2.7142857142857144,0.14285714285714285,0.2,-0.08403361344537814,8.0,6.0,-3.0
2018-03-12,13.0,62.0,2.0,7.0,4.0,5.0,CG,4.769230769230769,0.15384615384615385,73.52271231073074,352.87025142236564,2.445029624753127,4.092407570018919,1,1,1,0,0,17.0,21.0,-4.0,68.0,141.0,-6.0,4.0,6.714285714285714,0.7692307692307692,0.058823529411764705,0.14285714285714285,0.09502262443438915,5.0,8.0,0.0
2018-03-19,13.0,53.0,2.0,10.0,1.0,4.0,CG,4.076923076923077,0.15384615384615385,73.51513157894736,352.75420395531205,2.451973684210526,4.100008355853604,1,1,0,0,1,13.0,17.0,0.0,62.0,68.0,-9.0,4.769230769230769,4.0,-0.6923076923076925,0.15384615384615385,0.058823529411764705,0.0,5.0,5.0,-1.0
2018-03-26,8.0,37.0,4.0,3.0,1.0,4.0,CG,4.625,0.5,73.50164365548981,352.63853963436054,2.4589086127547666,4.107573379898178,1,0,0,1,0,13.0,13.0,-5.0,53.0,62.0,-16.0,4.076923076923077,4.769230769230769,0.5480769230769234,0.15384615384615385,0.15384615384615385,0.34615384615384615,4.0,5.0,0.0
2018-04-02,4.0,6.0,1.0,0.0,3.0,4.0,CG,1.5,0.25,73.47766097240473,352.5238389507607,2.462549277266754,4.108678561200232,0,0,0,0,1,8.0,13.0,-4.0,37.0,53.0,-31.0,4.625,4.076923076923077,-3.125,0.5,0.15384615384615385,-0.25,4.0,4.0,0.0
2018-04-09,4.0,15.0,2.0,0.0,2.0,3.0,CG,3.75,0.5,73.4333552199606,352.41225223125195,2.4635587655942217,4.1075175073580175,0,0,1,0,0,4.0,8.0,0.0,6.0,37.0,9.0,1.5,4.625,2.25,0.25,0.5,0.25,4.0,4.0,-1.0
2018-04-16,5.0,16.0,1.0,0.0,4.0,3.0,CG,3.2,0.2,73.39501312335958,352.2997162739938,2.4645669291338583,4.106357402730324,0,1,0,1,1,4.0,4.0,1.0,15.0,6.0,1.0,3.75,1.5,-0.5499999999999998,0.5,0.25,-0.3,3.0,4.0,0.0
2018-04-23,11.0,39.0,2.0,7.0,2.0,4.0,CG,3.5454545454545454,0.18181818181818182,73.35737704918033,352.18718014982034,2.4662295081967214,4.1055233600787515,1,0,0,0,0,5.0,4.0,6.0,16.0,15.0,23.0,3.2,3.75,0.34545454545454524,0.2,0.5,-0.018181818181818188,3.0,3.0,1.0
2018-04-30,3.0,6.0,0.0,0.0,3.0,1.0,CG,2.0,0.0,73.3348623853211,352.0727885670673,2.471821756225426,4.109986904013096,0,0,1,1,1,11.0,5.0,-8.0,39.0,16.0,-33.0,3.5454545454545454,3.2,-1.5454545454545454,0.18181818181818182,0.2,-0.18181818181818182,4.0,3.0,-3.0
2018-05-07,2.0,9.0,0.0,0.0,2.0,2.0,CG,4.5,0.0,73.29076620825147,351.9616297185029,2.4721676489849376,4.108662262410273,0,1,0,0,1,3.0,11.0,-1.0,6.0,39.0,3.0,2.0,3.5454545454545454,2.5,0.0,0.18181818181818182,0.0,1.0,4.0,1.0
2018-05-14,9.0,28.0,1.0,1.0,7.0,5.0,CG,3.111111111111111,0.1111111111111111,73.24869109947645,351.8502087756144,2.4718586387434556,4.107334465590056,1,0,1,1,1,2.0,3.0,7.0,9.0,6.0,19.0,4.5,2.0,-1.3888888888888888,0.0,0.0,0.1111111111111111,2.0,1.0,3.0
2018-05-21,4.0,101.0,2.0,1.0,1.0,4.0,CG,25.25,0.5,73.21909744931328,351.7369592226786,2.476128188358404,4.1093829136746285,0,1,0,0,1,9.0,2.0,-5.0,28.0,9.0,73.0,3.111111111111111,4.5,22.13888888888889,0.1111111111111111,0.0,0.3888888888888889,5.0,2.0,-1.0
2018-05-28,7.0,19.0,2.0,3.0,2.0,6.0,CG,2.7142857142857144,0.2857142857142857,73.23725490196078,351.62263580358996,2.477124183006536,4.10822360730159,1,0,1,1,1,4.0,9.0,3.0,101.0,28.0,-82.0,25.25,3.111111111111111,-22.535714285714285,0.5,0.1111111111111111,-0.2142857142857143,4.0,5.0,2.0
2018-06-04,3.0,8.0,1.0,0.0,2.0,3.0,CG,2.6666666666666665,0.3333333333333333,73.2018288700196,351.51044075167573,2.4800783801436967,4.108507226212396,0,1,0,1,0,7.0,4.0,-4.0,19.0,101.0,-11.0,2.7142857142857144,25.25,-0.047619047619047894,0.2857142857142857,0.5,0.047619047619047616,6.0,4.0,-3.0
2018-06-11,9.0,15.0,2.0,1.0,6.0,5.0,CG,1.6666666666666667,0.2222222222222222,73.15926892950391,351.39957283686175,2.480417754569191,4.107186715060456,1,0,1,1,0,3.0,7.0,6.0,8.0,19.0,7.0,2.6666666666666665,2.7142857142857144,-0.9999999999999998,0.3333333333333333,0.2857142857142857,-0.1111111111111111,3.0,6.0,2.0
2018-06-18,4.0,8.0,0.0,0.0,4.0,2.0,CG,2.0,0.0,73.12133072407045,351.28800811102906,2.4846705805609917,4.109221127644113,0,1,1,1,0,9.0,3.0,-5.0,15.0,8.0,-7.0,1.6666666666666667,2.6666666666666665,0.33333333333333326,0.2222222222222222,0.3333333333333333,-0.2222222222222222,5.0,3.0,-3.0
2018-06-25,7.0,30.0,0.0,3.0,4.0,4.0,CG,4.285714285714286,0.0,73.07887874837027,351.1773501839752,2.485658409387223,4.108062847074802,1,1,1,1,0,4.0,9.0,3.0,8.0,15.0,22.0,2.0,1.6666666666666667,2.2857142857142856,0.0,0.2222222222222222,0.0,2.0,5.0,2.0
2018-07-02,11.0,36.0,6.0,1.0,4.0,7.0,CG,3.272727272727273,0.5454545454545454,73.05081433224755,351.06458882339297,2.488599348534202,4.10833973011848,1,1,1,0,1,7.0,4.0,4.0,30.0,8.0,6.0,4.285714285714286,2.0,-1.0129870129870127,0.0,0.0,0.5454545454545454,4.0,2.0,3.0
2018-07-09,7.0,29.0,2.0,2.0,3.0,6.0,CG,4.142857142857143,0.2857142857142857,73.02669270833333,350.9514901987209,2.494140625,4.11273918767217,1,1,1,0,0,11.0,7.0,-4.0,36.0,30.0,-7.0,3.272727272727273,4.285714285714286,0.8701298701298703,0.5454545454545454,0.0,-0.2597402597402597,7.0,4.0,-1.0
2018-07-16,9.0,40.0,3.0,2.0,4.0,5.0,CG,4.444444444444445,0.3333333333333333,72.99804814573845,350.8390268807706,2.4970722186076775,4.11300630313142,1,1,0,0,1,7.0,11.0,2.0,29.0,36.0,11.0,4.142857142857143,3.272727272727273,0.3015873015873014,0.2857142857142857,0.5454545454545454,0.047619047619047616,6.0,7.0,-1.0
2018-07-23,7.0,11.0,3.0,0.0,4.0,6.0,CG,1.5714285714285714,0.42857142857142855,72.97659297789336,350.72588650878004,2.501300390117035,4.1150103224596055,1,0,0,0,1,9.0,7.0,-2.0,40.0,29.0,-29.0,4.444444444444445,4.142857142857143,-2.8730158730158735,0.3333333333333333,0.2857142857142857,0.09523809523809523,5.0,6.0,1.0
2018-07-30,4.0,18.0,1.0,0.0,3.0,4.0,CG,4.5,0.25,72.93632228719947,350.61540709563445,2.5042235217673814,4.115270378809606,0,0,0,1,1,7.0,9.0,-3.0,11.0,40.0,7.0,1.5714285714285714,4.444444444444445,2.928571428571429,0.42857142857142855,0.3333333333333333,-0.17857142857142855,6.0,5.0,-2.0
2018-08-06,6.0,22.0,2.0,1.0,3.0,6.0,CG,3.6666666666666665,0.3333333333333333,72.90064935064935,350.50427405872125,2.505194805194805,4.1141097363087145,0,0,0,0,0,4.0,7.0,2.0,18.0,11.0,4.0,4.5,1.5714285714285714,-0.8333333333333335,0.25,0.42857142857142855,0.08333333333333331,4.0,6.0,2.0
2018-08-13,4.0,23.0,1.0,1.0,2.0,4.0,CG,5.75,0.25,72.86761842959118,350.3928546554711,2.5074626865671643,4.113737216028192,0,0,1,1,0,6.0,4.0,-2.0,22.0,18.0,1.0,3.6666666666666665,4.5,2.0833333333333335,0.3333333333333333,0.25,-0.08333333333333331,6.0,4.0,-2.0
2018-08-20,5.0,24.0,3.0,0.0,2.0,3.0,CG,4.8,0.6,72.83527885862516,350.28144812600686,2.5084306095979247,4.112577880307347,0,1,0,1,1,4.0,6.0,1.0,23.0,22.0,1.0,5.75,3.6666666666666665,-0.9500000000000002,0.25,0.3333333333333333,0.35,4.0,6.0,-1.0
2018-08-27,7.0,16.0,3.0,1.0,3.0,7.0,CG,2.2857142857142856,0.42857142857142855,72.80362929358392,350.1700564260588,2.5100453661697992,4.111733415977074,1,0,1,1,1,5.0,4.0,2.0,24.0,23.0,-8.0,4.8,5.75,-2.5142857142857142,0.6,0.25,-0.17142857142857143,3.0,4.0,4.0
2018-09-03,5.0,18.0,3.0,2.0,0.0,4.0,CG,3.6,0.6,72.76683937823834,350.0595524395309,2.5129533678756477,4.111988773547415,0,1,1,0,1,7.0,5.0,-2.0,16.0,24.0,2.0,2.2857142857142856,4.8,1.3142857142857145,0.42857142857142855,0.6,0.17142857142857143,7.0,3.0,-3.0
2018-09-10,9.0,30.0,5.0,0.0,4.0,5.0,CG,3.3333333333333335,0.5555555555555556,72.73139158576052,349.9489466165362,2.5145631067961167,4.11114389188749,1,1,1,0,1,5.0,7.0,4.0,18.0,16.0,12.0,3.6,2.2857142857142856,-0.2666666666666666,0.6,0.42857142857142855,-0.0444444444444444,4.0,7.0,1.0
2018-09-17,9.0,52.0,7.0,0.0,2.0,5.0,CG,5.777777777777778,0.7777777777777778,72.70375161707632,349.83736426481715,2.51875808538163,4.113121792973589,1,1,0,1,1,9.0,5.0,0.0,30.0,18.0,22.0,3.3333333333333335,3.6,2.444444444444444,0.5555555555555556,0.6,0.2222222222222222,5.0,4.0,0.0
2018-09-24,11.0,40.0,5.0,2.0,4.0,8.0,CG,3.6363636363636362,0.45454545454545453,72.69036845507433,349.7245993617899,2.5229476405946993,4.115091915616324,1,0,0,1,0,9.0,9.0,2.0,52.0,30.0,-12.0,5.777777777777778,3.3333333333333335,-2.1414141414141414,0.7777777777777778,0.5555555555555556,-0.32323232323232326,5.0,5.0,3.0
2018-10-01,6.0,36.0,2.0,2.0,2.0,6.0,CG,6.0,0.3333333333333333,72.66925064599484,349.61253523580666,2.5284237726098193,4.119400028644413,0,0,1,1,1,11.0,9.0,-5.0,40.0,52.0,-4.0,3.6363636363636362,5.777777777777778,2.3636363636363638,0.45454545454545453,0.7777777777777778,-0.12121212121212122,8.0,5.0,-2.0
2018-10-08,5.0,28.0,2.0,0.0,3.0,4.0,CG,5.6,0.4,72.64557779212394,349.5008349147071,2.5306649451258876,4.11901381594676,0,1,1,1,1,6.0,11.0,-1.0,36.0,40.0,-8.0,6.0,3.6363636363636362,-0.40000000000000036,0.3333333333333333,0.45454545454545453,0.06666666666666671,6.0,8.0,-2.0
2018-10-15,10.0,30.0,5.0,0.0,5.0,5.0,CG,3.0,0.5,72.61677419354838,349.38984200161394,2.532258064516129,4.118161690764577,1,1,1,1,1,5.0,6.0,5.0,28.0,36.0,2.0,5.6,6.0,-2.5999999999999996,0.4,0.3333333333333333,0.09999999999999998,4.0,6.0,1.0
2018-10-22,8.0,30.0,5.0,0.0,3.0,4.0,CG,3.75,0.625,72.5892972275951,349.27879370287854,2.5370728562217923,4.121197626651064,1,1,1,0,1,10.0,5.0,-2.0,30.0,28.0,0.0,3.0,5.6,0.75,0.5,0.4,0.125,5.0,4.0,-1.0
2018-10-29,8.0,23.0,3.0,1.0,4.0,6.0,CG,2.875,0.375,72.5618556701031,349.16785119125177,2.5405927835051547,4.122201894085528,1,1,1,1,0,8.0,10.0,0.0,30.0,30.0,-7.0,3.75,3.0,-0.875,0.625,0.5,-0.25,4.0,5.0,2.0
2018-11-05,7.0,36.0,4.0,0.0,3.0,4.0,CG,5.142857142857143,0.5714285714285714,72.52994204764971,349.05760909936356,2.544108177720541,4.123201622181,1,1,0,1,1,8.0,8.0,-1.0,23.0,30.0,13.0,2.875,3.75,2.2678571428571432,0.375,0.625,0.1964285714285714,6.0,4.0,-2.0
2018-11-12,7.0,91.0,3.0,0.0,4.0,5.0,CG,13.0,0.42857142857142855,72.50643500643501,348.94643972250174,2.546975546975547,4.1234234853555805,1,0,1,1,1,7.0,8.0,0.0,36.0,23.0,55.0,5.142857142857143,2.875,7.857142857142857,0.5714285714285714,0.375,-0.14285714285714285,4.0,6.0,1.0
2018-11-19,2.0,4.0,0.0,1.0,1.0,2.0,CG,2.0,0.0,72.51832797427653,348.8344632801886,2.54983922829582,4.123643059821975,0,1,1,1,0,7.0,7.0,-5.0,91.0,36.0,-87.0,13.0,5.142857142857143,-11.0,0.42857142857142855,0.5714285714285714,-0.42857142857142855,5.0,4.0,-3.0
2018-11-26,11.0,37.0,2.0,3.0,6.0,9.0,CG,3.3636363636363638,0.18181818181818182,72.47429305912597,348.7266058690947,2.5494858611825193,4.122340482519519,1,1,1,0,0,2.0,7.0,9.0,4.0,91.0,33.0,2.0,13.0,1.3636363636363638,0.0,0.42857142857142855,0.18181818181818182,2.0,5.0,7.0
2018-12-03,7.0,54.0,2.0,0.0,5.0,3.0,CG,7.714285714285714,0.2857142857142857,72.45150931278098,348.6156883925543,2.554913294797688,4.126576579083797,1,1,1,1,1,11.0,2.0,-4.0,37.0,4.0,17.0,3.3636363636363638,2.0,4.35064935064935,0.18181818181818182,0.0,0.10389610389610388,9.0,2.0,-6.0
2018-12-10,14.0,543.0,2.0,6.0,6.0,8.0,CG,38.785714285714285,0.14285714285714285,72.43966623876766,348.5040328385102,2.5577663671373556,4.126788048037086,1,1,0,1,0,7.0,11.0,7.0,54.0,37.0,489.0,7.714285714285714,3.3636363636363638,31.07142857142857,0.2857142857142857,0.18181818181818182,-0.14285714285714285,3.0,9.0,5.0
2018-12-17,7.0,370.0,1.0,3.0,3.0,4.0,CG,52.857142857142854,0.14285714285714285,72.74150096215523,348.59595035131997,2.565105837075048,4.135629166062799,1,0,1,0,1,14.0,7.0,-7.0,543.0,54.0,-173.0,38.785714285714285,7.714285714285714,14.07142857142857,0.14285714285714285,0.2857142857142857,0.0,8.0,3.0,-4.0
2018-12-24,3.0,35.0,1.0,1.0,1.0,3.0,CG,11.666666666666666,0.3333333333333333,72.93205128205128,348.56539193537014,2.567948717948718,4.135827088522459,0,1,1,0,0,7.0,14.0,-4.0,370.0,543.0,-335.0,52.857142857142854,38.785714285714285,-41.19047619047619,0.14285714285714285,0.14285714285714285,0.19047619047619047,4.0,8.0,-1.0
2018-12-31,10.0,57.0,2.0,2.0,6.0,9.0,CG,5.7,0.2,72.90775144138372,348.4549769653575,2.5682254964766176,4.134515751930921,1,1,0,1,1,3.0,7.0,7.0,35.0,370.0,22.0,11.666666666666666,52.857142857142854,-5.966666666666666,0.3333333333333333,0.14285714285714285,-0.1333333333333333,3.0,4.0,6.0
2019-01-07,8.0,33.0,4.0,0.0,4.0,4.0,CG,4.125,0.5,72.89756722151088,348.34357888423216,2.5729833546734957,4.1374664975441915,1,0,0,0,0,10.0,3.0,-2.0,57.0,35.0,-24.0,5.7,11.666666666666666,-1.5750000000000002,0.2,0.3333333333333333,0.3,9.0,3.0,-5.0
2019-01-14,5.0,51.0,3.0,2.0,0.0,2.0,CG,10.2,0.6,72.87204094689699,348.23351769718033,2.5764555342290465,4.138419162549265,0,0,1,1,0,8.0,10.0,-3.0,33.0,57.0,18.0,4.125,5.7,6.074999999999999,0.5,0.2,0.09999999999999998,4.0,9.0,-2.0
2019-01-21,5.0,42.0,2.0,1.0,2.0,5.0,CG,8.4,0.4,72.85805626598466,348.12254011438955,2.578005115089514,4.137548933974786,0,1,0,0,0,5.0,8.0,0.0,51.0,33.0,-9.0,10.2,4.125,-1.799999999999999,0.6,0.5,-0.19999999999999996,2.0,4.0,3.0
2019-01-28,10.0,53.0,4.0,2.0,4.0,8.0,CG,5.3,0.4,72.83833865814697,348.01210412306625,2.5795527156549523,4.136679055782609,1,0,1,1,0,5.0,5.0,5.0,42.0,51.0,11.0,8.4,10.2,-3.1000000000000005,0.4,0.6,0.0,5.0,2.0,3.0
2019-02-04,5.0,16.0,1.0,1.0,3.0,5.0,CG,3.2,0.2,72.82567049808429,347.9012615680895,2.5842911877394634,4.13960637439888,0,1,0,0,1,10.0,5.0,-5.0,53.0,42.0,-37.0,5.3,8.4,-2.0999999999999996,0.4,0.4,-0.2,8.0,5.0,-3.0
2019-02-11,7.0,33.0,4.0,1.0,2.0,5.0,CG,4.714285714285714,0.5714285714285714,72.78940650925335,347.7931268302137,2.585832801531589,4.13873438124993,1,0,1,0,0,5.0,10.0,2.0,16.0,53.0,17.0,3.2,5.3,1.5142857142857142,0.2,0.4,0.3714285714285714,5.0,8.0,0.0
2019-02-18,5.0,32.0,1.0,1.0,3.0,5.0,CG,6.4,0.2,72.7640306122449,347.6835869547658,2.5886479591836733,4.138915038821058,0,1,0,0,0,7.0,5.0,-2.0,33.0,16.0,-1.0,4.714285714285714,3.2,1.685714285714286,0.5714285714285714,0.2,-0.3714285714285714,5.0,5.0,0.0
2019-02-25,9.0,90.0,3.0,3.0,3.0,8.0,CG,10.0,0.3333333333333333,72.73804971319312,347.57422432455536,2.590184831102613,4.138042834357681,1,0,0,0,0,5.0,7.0,4.0,32.0,33.0,58.0,6.4,4.714285714285714,3.5999999999999996,0.2,0.5714285714285714,0.1333333333333333,5.0,5.0,3.0
2019-03-04,3.0,7.0,2.0,0.0,1.0,3.0,CG,2.3333333333333335,0.6666666666666666,72.74904458598726,347.463716804476,2.594267515923567,4.139885768895681,0,0,0,1,1,9.0,5.0,-6.0,90.0,32.0,-83.0,10.0,6.4,-7.666666666666666,0.3333333333333333,0.2,0.3333333333333333,8.0,5.0,-5.0
2019-03-11,2.0,4.0,0.0,0.0,2.0,2.0,CG,2.0,0.0,72.70719287078295,347.3570028915262,2.594525779758116,4.138579783608189,0,0,0,0,1,3.0,9.0,-1.0,7.0,90.0,-3.0,2.3333333333333335,10.0,-0.3333333333333335,0.6666666666666666,0.3333333333333333,-0.6666666666666666,3.0,8.0,-1.0
2019-03-18,1.0,1.0,0.0,0.0,1.0,1.0,CG,1.0,0.0,72.66348600508906,347.2507564167652,2.594147582697201,4.13728956728498,0,0,1,0,1,2.0,3.0,-1.0,4.0,7.0,-3.0,2.0,2.3333333333333335,-1.0,0.0,0.6666666666666666,0.0,2.0,3.0,-1.0
2019-03-25,3.0,32.0,2.0,1.0,0.0,3.0,CG,10.666666666666666,0.6666666666666666,72.61792752701844,347.1449926363564,2.593134138588684,4.136168729785753,0,1,0,0,0,1.0,2.0,2.0,1.0,4.0,31.0,1.0,2.0,9.666666666666666,0.0,0.0,0.6666666666666666,1.0,2.0,2.0
2019-04-01,7.0,42.0,0.0,3.0,4.0,5.0,CG,6.0,0.0,72.59212198221093,347.0361403875684,2.593392630241423,4.134866499469963,1,0,0,1,1,3.0,1.0,4.0,32.0,1.0,10.0,10.666666666666666,1.0,-4.666666666666666,0.6666666666666666,0.0,-0.6666666666666666,3.0,1.0,2.0
2019-04-08,5.0,18.0,1.0,0.0,4.0,4.0,CG,3.6,0.2,72.57269841269841,346.92673906502506,2.5961904761904764,4.135043865000067,0,0,0,1,1,7.0,3.0,-2.0,42.0,32.0,-24.0,6.0,10.666666666666666,-2.4,0.0,0.6666666666666666,0.2,5.0,3.0,-1.0
2019-04-15,4.0,25.0,2.0,1.0,1.0,4.0,CG,6.25,0.5,72.53807106598985,346.8193104560776,2.5977157360406093,4.134174398042301,0,0,1,1,1,5.0,7.0,-1.0,18.0,42.0,7.0,3.6,6.0,2.65,0.2,0.0,0.3,4.0,5.0,0.0
2019-04-22,6.0,6.0,3.0,0.0,3.0,4.0,CG,1.0,0.5,72.50792644261256,346.71132808089624,2.59860494610019,4.13301343852722,0,1,1,0,0,4.0,5.0,2.0,25.0,18.0,-19.0,6.25,3.6,-5.25,0.5,0.2,0.0,4.0,4.0,0.0
2019-04-29,15.0,78.0,5.0,1.0,9.0,8.0,CG,5.2,0.3333333333333333,72.4657794676806,346.6054268328951,2.6007604562737643,4.132589985958373,1,1,1,1,1,6.0,4.0,9.0,6.0,25.0,72.0,1.0,6.25,4.2,0.5,0.5,-0.16666666666666669,4.0,4.0,4.0
2019-05-06,9.0,33.0,2.0,2.0,5.0,7.0,CG,3.6666666666666665,0.2222222222222222,72.46928435718809,346.4956131383757,2.6086130462317922,4.143047596354628,1,1,0,1,1,15.0,6.0,-6.0,78.0,6.0,-45.0,5.2,1.0,-1.5333333333333337,0.3333333333333333,0.5,-0.1111111111111111,8.0,4.0,-1.0
2019-05-13,15.0,69.0,5.0,3.0,7.0,8.0,CG,4.6,0.3333333333333333,72.44430379746835,346.38729902211213,2.6126582278481014,4.144855486207838,1,0,1,1,1,9.0,15.0,6.0,33.0,78.0,36.0,3.6666666666666665,5.2,0.9333333333333331,0.2222222222222222,0.3333333333333333,0.1111111111111111,7.0,8.0,1.0
2019-05-20,5.0,74.0,1.0,2.0,2.0,5.0,CG,14.8,0.2,72.44212523719165,346.2776762731041,2.620493358633776,4.1552388783546546,0,1,1,0,1,15.0,9.0,-10.0,69.0,33.0,5.0,4.6,3.6666666666666665,10.200000000000001,0.3333333333333333,0.2222222222222222,-0.1333333333333333,8.0,7.0,-3.0
2019-05-27,10.0,57.0,3.0,1.0,6.0,6.0,CG,5.7,0.3,72.44310998735777,346.1681489349711,2.6219974715549936,4.1543553339053485,1,1,1,1,1,5.0,15.0,5.0,74.0,69.0,-17.0,14.8,4.6,-9.100000000000001,0.2,0.3333333333333333,0.09999999999999998,5.0,8.0,1.0
2019-06-03,8.0,29.0,3.0,0.0,5.0,4.0,CG,3.625,0.375,72.43335439039798,346.05894092405947,2.6266582438408084,4.157180057644251,1,1,0,1,1,10.0,5.0,-2.0,57.0,74.0,-28.0,5.7,14.8,-2.075,0.3,0.2,0.07500000000000001,6.0,5.0,-2.0
2019-06-10,20.0,290.0,2.0,16.0,2.0,7.0,CG,14.5,0.1,72.40593434343434,345.9513401385548,2.630050505050505,4.158059219455035,1,0,1,1,1,8.0,10.0,12.0,29.0,57.0,261.0,3.625,5.7,10.875,0.375,0.3,-0.275,4.0,6.0,3.0
2019-06-17,5.0,29.0,1.0,0.0,4.0,4.0,CG,5.8,0.2,72.54321766561515,345.88530577856136,2.6410094637223973,4.1795810759259915,0,1,1,1,0,20.0,8.0,-15.0,290.0,29.0,-261.0,14.5,3.625,-8.7,0.1,0.375,0.1,7.0,4.0,-3.0
2019-06-24,7.0,29.0,3.0,1.0,3.0,5.0,CG,4.142857142857143,0.42857142857142855,72.51576292559899,345.77790514762773,2.64249684741488,4.178682245344941,1,1,1,1,0,5.0,20.0,2.0,29.0,290.0,0.0,5.8,14.5,-1.6571428571428566,0.2,0.1,0.22857142857142854,4.0,7.0,1.0
2019-07-01,15.0,56.0,1.0,4.0,10.0,8.0,CG,3.7333333333333334,0.06666666666666667,72.48834278512918,345.6706044681926,2.6452425960932575,4.1787965032273275,1,1,1,1,1,7.0,5.0,8.0,29.0,29.0,27.0,4.142857142857143,5.8,-0.40952380952380985,0.42857142857142855,0.2,-0.3619047619047619,5.0,4.0,3.0
2019-07-08,11.0,24.0,3.0,2.0,6.0,9.0,CG,2.1818181818181817,0.2727272727272727,72.477959697733,345.5619280863828,2.653022670025189,4.188968581455748,1,1,1,1,0,15.0,7.0,-4.0,56.0,29.0,-32.0,3.7333333333333334,4.142857142857143,-1.5515151515151517,0.06666666666666667,0.42857142857142855,0.20606060606060606,8.0,5.0,1.0
2019-07-15,11.0,37.0,1.0,4.0,6.0,6.0,CG,3.3636363636363638,0.09090909090909091,72.4474512271869,345.45524746174027,2.658275645059786,4.192881372465592,1,1,1,0,0,11.0,15.0,0.0,24.0,56.0,13.0,2.1818181818181817,3.7333333333333334,1.181818181818182,0.2727272727272727,0.06666666666666667,-0.1818181818181818,9.0,8.0,-3.0
2019-07-22,11.0,32.0,1.0,0.0,10.0,6.0,CG,2.909090909090909,0.09090909090909091,72.42515723270441,345.34767242324097,2.6635220125786163,4.196779030793733,1,1,1,0,1,11.0,11.0,0.0,37.0,24.0,-5.0,3.3636363636363638,2.1818181818181817,-0.4545454545454546,0.09090909090909091,0.2727272727272727,0.0,6.0,9.0,0.0
2019-07-29,10.0,110.0,1.0,1.0,8.0,6.0,CG,11.0,0.1,72.3997485857951,345.2405430325294,2.668761785040855,4.20066163257576,1,1,0,1,0,11.0,11.0,-1.0,32.0,37.0,78.0,2.909090909090909,3.3636363636363638,8.09090909090909,0.09090909090909091,0.09090909090909091,0.009090909090909094,6.0,6.0,0.0
2019-08-05,7.0,15.0,1.0,0.0,6.0,4.0,CG,2.142857142857143,0.14285714285714285,72.42336683417085,345.1333145449311,2.6733668341708543,4.203359133315393,1,0,0,0,0,10.0,11.0,-3.0,110.0,32.0,-95.0,11.0,2.909090909090909,-8.857142857142858,0.1,0.09090909090909091,0.042857142857142844,6.0,6.0,-2.0
2019-08-12,5.0,6.0,1.0,0.0,4.0,5.0,CG,1.2,0.2,72.38731952291275,345.0279010856175,2.6760828625235407,4.2034368234586195,0,0,1,0,0,7.0,10.0,-2.0,15.0,110.0,-9.0,2.142857142857143,11.0,-0.9428571428571428,0.14285714285714285,0.1,0.05714285714285716,4.0,6.0,1.0
2019-08-19,3.0,5.0,0.0,0.0,3.0,1.0,CG,1.6666666666666667,0.0,72.3456712672522,344.92359711068445,2.6775407779171894,4.202520389840379,0,1,0,1,0,5.0,7.0,-2.0,6.0,15.0,-1.0,1.2,2.142857142857143,0.4666666666666668,0.2,0.14285714285714285,-0.2,5.0,4.0,-4.0
2019-08-26,12.0,115.0,1.0,3.0,8.0,8.0,CG,9.583333333333334,0.08333333333333333,72.30344827586207,344.81950903143377,2.677742946708464,4.201209710667139,1,0,0,0,1,3.0,5.0,9.0,5.0,6.0,110.0,1.6666666666666667,1.2,7.916666666666667,0.0,0.2,0.08333333333333333,1.0,5.0,7.0
2019-09-02,5.0,14.0,0.0,2.0,3.0,5.0,CG,2.8,0.0,72.33020050125313,344.7130549780655,2.6835839598997495,4.206369994007736,0,0,1,0,1,12.0,3.0,-7.0,115.0,5.0,-101.0,9.583333333333334,1.6666666666666667,-6.783333333333334,0.08333333333333333,0.0,-0.08333333333333333,8.0,1.0,-3.0
2019-09-09,4.0,13.0,2.0,0.0,2.0,3.0,CG,3.25,0.5,72.29367564182843,344.6081364544429,2.685034439574202,4.205451492715748,0,1,0,0,1,5.0,12.0,-1.0,14.0,115.0,-1.0,2.8,9.583333333333334,0.4500000000000002,0.0,0.08333333333333333,0.5,5.0,8.0,-2.0
2019-09-16,10.0,89.0,4.0,0.0,6.0,6.0,CG,8.9,0.4,72.25657071339174,344.5034203621306,2.685857321652065,4.204263302382523,1,0,0,0,1,4.0,5.0,6.0,13.0,14.0,76.0,3.25,2.8,5.65,0.5,0.0,-0.09999999999999998,3.0,5.0,3.0
2019-09-23,3.0,13.0,2.0,0.0,1.0,2.0,CG,4.333333333333333,0.6666666666666666,72.26704190118824,344.3958659723082,2.6904315196998123,4.206925841121758,0,0,0,1,1,10.0,4.0,-7.0,89.0,13.0,-76.0,8.9,3.25,-4.566666666666667,0.4,0.5,0.2666666666666666,6.0,3.0,-4.0
2019-09-30,6.0,31.0,2.0,2.0,2.0,5.0,CG,5.166666666666667,0.3333333333333333,72.23,344.29134636523855,2.690625,4.205617269766991,0,0,0,1,1,3.0,10.0,3.0,13.0,89.0,18.0,4.333333333333333,8.9,0.8333333333333339,0.6666666666666666,0.4,-0.3333333333333333,2.0,6.0,3.0
2019-10-07,3.0,10.0,3.0,0.0,0.0,2.0,CG,3.3333333333333335,1.0,72.20424734540912,344.18528096353674,2.692692067457839,4.2051162660196795,0,0,1,1,1,6.0,3.0,-3.0,31.0,13.0,-21.0,5.166666666666667,4.333333333333333,-1.8333333333333335,0.3333333333333333,0.6666666666666666,0.6666666666666667,5.0,2.0,-3.0
2019-10-14,4.0,7.0,3.0,0.0,1.0,3.0,CG,1.75,0.75,72.16541822721598,344.0812833062197,2.6928838951310863,4.203809794372336,0,1,1,1,1,3.0,6.0,1.0,10.0,31.0,-3.0,3.3333333333333335,5.166666666666667,-1.5833333333333335,1.0,0.3333333333333333,-0.25,2.0,5.0,1.0
2019-10-21,9.0,16.0,1.0,3.0,5.0,6.0,CG,1.7777777777777777,0.1111111111111111,72.12476606363069,343.97772610907236,2.69369931378665,4.202624348267695,1,1,1,1,1,4.0,3.0,5.0,7.0,10.0,9.0,1.75,3.3333333333333335,0.02777777777777768,0.75,1.0,-0.6388888888888888,3.0,2.0,3.0
2019-10-28,13.0,96.0,4.0,4.0,5.0,10.0,CG,7.384615384615385,0.3076923076923077,72.08977556109726,343.8732729770475,2.697630922693267,4.20426297910183,1,1,1,1,1,9.0,4.0,4.0,16.0,7.0,80.0,1.7777777777777777,1.75,5.606837606837607,0.1111111111111111,0.75,0.1965811965811966,6.0,3.0,4.0
2019-11-04,16.0,89.0,8.0,1.0,7.0,9.0,CG,5.5625,0.5,72.10467289719627,343.7665819305524,2.70404984423676,4.210811970852309,1,1,1,1,1,13.0,9.0,3.0,96.0,16.0,-7.0,7.384615384615385,1.7777777777777777,-1.822115384615385,0.3076923076923077,0.1111111111111111,0.1923076923076923,10.0,6.0,-1.0
2019-11-11,19.0,73.0,8.0,1.0,10.0,7.0,CG,3.8421052631578947,0.42105263157894735,72.11519302615193,343.65973145156903,2.712328767123288,4.22255447411403,1,1,1,1,1,16.0,13.0,3.0,89.0,96.0,-16.0,5.5625,7.384615384615385,-1.7203947368421053,0.5,0.3076923076923077,-0.07894736842105265,9.0,10.0,-2.0
2019-11-18,8.0,36.0,3.0,0.0,5.0,4.0,CG,4.5,0.375,72.11574362165526,343.5527230558758,2.722464219041693,4.240748412654893,1,1,1,1,1,19.0,16.0,-11.0,73.0,89.0,-37.0,3.8421052631578947,5.5625,0.6578947368421053,0.42105263157894735,0.5,-0.046052631578947345,7.0,9.0,-3.0
2019-11-25,11.0,91.0,4.0,1.0,6.0,6.0,CG,8.272727272727273,0.36363636363636365,72.09328358208955,343.4469947640895,2.7257462686567164,4.241471115948865,1,1,1,1,1,8.0,19.0,3.0,36.0,73.0,55.0,4.5,3.8421052631578947,3.7727272727272734,0.375,0.42105263157894735,-0.011363636363636354,4.0,7.0,2.0
2019-12-02,20.0,149.0,8.0,2.0,10.0,8.0,CG,7.45,0.4,72.10503418272219,343.34050847078834,2.73088875077688,4.245166612787696,1,1,1,1,1,11.0,8.0,9.0,91.0,36.0,58.0,8.272727272727273,4.5,-0.8227272727272732,0.36363636363636365,0.375,0.036363636363636376,6.0,4.0,2.0
2019-12-09,15.0,81.0,3.0,0.0,12.0,8.0,CG,5.4,0.2,72.1527950310559,343.2391480419349,2.741614906832298,4.265614885925517,1,1,1,1,1,20.0,11.0,-5.0,149.0,91.0,-68.0,7.45,8.272727272727273,-2.05,0.4,0.36363636363636365,-0.2,8.0,6.0,0.0
2019-12-16,10.0,45.0,3.0,1.0,6.0,7.0,CG,4.5,0.3,72.1582867783985,343.1326062745131,2.749224084419615,4.275212866016731,1,1,1,1,1,15.0,20.0,-5.0,81.0,149.0,-36.0,5.4,7.45,-0.9000000000000004,0.2,0.4,0.09999999999999998,8.0,8.0,-1.0
2019-12-23,11.0,46.0,2.0,2.0,7.0,5.0,CG,4.181818181818182,0.18181818181818182,72.14143920595534,343.02675990162044,2.753722084367246,4.277699572893889,1,1,1,1,1,10.0,15.0,1.0,45.0,81.0,1.0,4.5,5.4,-0.31818181818181834,0.3,0.2,-0.11818181818181817,7.0,8.0,-2.0
2019-12-30,13.0,114.0,5.0,4.0,4.0,10.0,CG,8.76923076923077,0.38461538461538464,72.12523248605083,342.92096325046083,2.758834469931804,4.281298895053495,1,1,1,1,1,11.0,10.0,2.0,46.0,45.0,68.0,4.181818181818182,4.5,4.587412587412588,0.18181818181818182,0.3,0.2027972027972028,5.0,7.0,5.0
2020-01-06,12.0,176.0,7.0,4.0,1.0,7.0,CG,14.666666666666666,0.5833333333333334,72.15117719950433,342.8162322174504,2.765179677819083,4.287556289118312,1,1,1,1,0,13.0,11.0,-1.0,114.0,46.0,62.0,8.76923076923077,4.181818181818182,5.897435897435896,0.38461538461538464,0.18181818181818182,0.19871794871794873,10.0,5.0,-3.0
2020-01-13,11.0,39.0,3.0,2.0,6.0,8.0,CG,3.5454545454545454,0.2727272727272727,72.21547987616098,342.71975738529045,2.7708978328173375,4.292383401476145,1,1,1,1,1,12.0,13.0,-1.0,176.0,114.0,-137.0,14.666666666666666,8.76923076923077,-11.121212121212121,0.5833333333333334,0.38461538461538464,-0.31060606060606066,7.0,10.0,1.0
2020-01-20,12.0,50.0,2.0,2.0,8.0,10.0,CG,4.166666666666667,0.16666666666666666,72.19492574257426,342.6146321000238,2.775990099009901,4.295934316382865,1,1,1,1,1,11.0,12.0,1.0,39.0,176.0,11.0,3.5454545454545454,14.666666666666666,0.6212121212121215,0.2727272727272727,0.5833333333333334,-0.10606060606060605,8.0,7.0,2.0
2020-01-27,23.0,173.0,5.0,0.0,18.0,8.0,CG,7.521739130434782,0.21739130434782608,72.18119975262833,342.50905342200065,2.78169449598021,4.300726550198215,1,1,1,1,1,12.0,11.0,11.0,50.0,39.0,123.0,4.166666666666667,3.5454545454545454,3.3550724637681153,0.16666666666666666,0.2727272727272727,0.050724637681159424,10.0,8.0,-2.0
2020-02-03,13.0,103.0,0.0,3.0,10.0,4.0,CG,7.923076923076923,0.0,72.24351050679851,342.41230165848685,2.7941903584672434,4.328678251462132,1,1,1,0,1,23.0,12.0,-10.0,173.0,50.0,-70.0,7.521739130434782,4.166666666666667,0.4013377926421411,0.21739130434782608,0.16666666666666666,-0.21739130434782608,8.0,10.0,-4.0
2020-02-10,13.0,44.0,2.0,3.0,8.0,8.0,CG,3.3846153846153846,0.15384615384615385,72.26250772081532,342.307325316775,2.8004941321803583,4.3347675706608335,1,1,1,1,1,13.0,23.0,0.0,103.0,173.0,-59.0,7.923076923076923,7.521739130434782,-4.538461538461538,0.0,0.21739130434782608,0.15384615384615385,4.0,8.0,4.0
2020-02-17,20.0,60.0,7.0,5.0,8.0,11.0,CG,3.0,0.35,72.24506172839506,342.20231375536713,2.80679012345679,4.3408316982338295,1,1,0,1,1,13.0,13.0,7.0,44.0,103.0,16.0,3.3846153846153846,7.923076923076923,-0.3846153846153846,0.15384615384615385,0.0,0.19615384615384612,8.0,4.0,3.0
2020-02-24,23.0,99.0,2.0,1.0,20.0,9.0,CG,4.304347826086956,0.08695652173913043,72.23750771128933,342.0968146479928,2.8173966687230103,4.360452845858084,1,0,1,1,1,20.0,13.0,3.0,60.0,44.0,39.0,3.0,3.3846153846153846,1.304347826086956,0.35,0.15384615384615385,-0.26304347826086955,11.0,8.0,-2.0
2020-03-02,7.0,67.0,2.0,1.0,4.0,5.0,CG,9.571428571428571,0.2857142857142857,72.25400739827374,341.9919236584326,2.8298397040690504,4.387818632232477,0,1,1,1,1,23.0,20.0,-16.0,99.0,60.0,-32.0,4.304347826086956,3.0,5.267080745341615,0.08695652173913043,0.35,0.19875776397515527,9.0,11.0,-4.0
2020-03-09,16.0,64.0,6.0,3.0,7.0,7.0,CG,4.0,0.375,72.25077017868145,341.88650936770057,2.832409118915588,4.387687014456955,1,1,1,1,1,7.0,23.0,9.0,67.0,99.0,-3.0,9.571428571428571,4.304347826086956,-5.571428571428571,0.2857142857142857,0.08695652173913043,0.0892857142857143,5.0,9.0,2.0
2020-03-16,9.0,119.0,3.0,1.0,5.0,6.0,CG,13.222222222222221,0.3333333333333333,72.24568965517241,341.7812289816134,2.8405172413793105,4.398488367284766,1,1,1,1,1,16.0,7.0,-7.0,64.0,67.0,55.0,4.0,9.571428571428571,9.222222222222221,0.375,0.2857142857142857,-0.041666666666666685,7.0,5.0,-1.0
2020-03-23,10.0,50.0,5.0,1.0,4.0,6.0,CG,5.0,0.5,72.27446153846154,341.67795310680674,2.844307692307692,4.399787965541107,1,1,1,1,1,9.0,16.0,1.0,119.0,64.0,-69.0,13.222222222222221,4.0,-8.222222222222221,0.3333333333333333,0.375,0.16666666666666669,6.0,7.0,0.0
2020-03-30,10.0,37.0,1.0,4.0,5.0,7.0,CG,3.7,0.1,72.26076260762608,341.57325191319717,2.848708487084871,4.402012287252476,1,1,1,1,1,10.0,9.0,0.0,50.0,119.0,-13.0,5.0,13.222222222222221,-1.2999999999999998,0.5,0.3333333333333333,-0.4,6.0,6.0,1.0
2020-04-06,16.0,70.0,3.0,2.0,11.0,11.0,CG,4.375,0.1875,72.23909035033805,341.4693198944588,2.853103872157345,4.404228359761049,1,1,1,1,1,10.0,10.0,6.0,37.0,50.0,33.0,3.7,5.0,0.6749999999999998,0.1,0.5,0.0875,7.0,6.0,4.0
2020-04-13,12.0,49.0,6.0,0.0,6.0,8.0,CG,4.083333333333333,0.5,72.237714987715,341.36436994747584,2.861179361179361,4.414914832503395,1,1,1,1,1,16.0,10.0,-4.0,70.0,37.0,-21.0,4.375,3.7,-0.29166666666666696,0.1875,0.1,0.3125,11.0,7.0,-3.0
2020-04-20,26.0,188.0,12.0,1.0,13.0,10.0,CG,7.230769230769231,0.46153846153846156,72.22344996930633,341.25999788632976,2.8667894413750767,4.419363058822728,1,1,1,1,1,12.0,16.0,14.0,49.0,70.0,139.0,4.083333333333333,4.375,3.147435897435898,0.5,0.1875,-0.038461538461538436,8.0,11.0,2.0
2020-04-27,8.0,91.0,2.0,0.0,6.0,6.0,CG,11.375,0.25,72.29447852760737,341.16728869690843,2.8809815950920243,4.455007351625513,1,1,1,1,1,26.0,12.0,-18.0,188.0,49.0,-97.0,7.230769230769231,4.083333333333333,4.144230769230769,0.46153846153846156,0.5,-0.21153846153846156,10.0,8.0,-4.0
2020-05-04,16.0,37.0,0.0,2.0,14.0,6.0,CG,2.3125,0.0,72.30594727161251,341.06293459894795,2.88412017167382,4.455443951525125,1,1,1,1,1,8.0,26.0,8.0,91.0,188.0,-54.0,11.375,7.230769230769231,-9.0625,0.25,0.46153846153846156,-0.25,6.0,10.0,0.0
2020-05-11,25.0,119.0,5.0,6.0,14.0,8.0,CG,4.76,0.2,72.2843137254902,340.95948224632133,2.892156862745098,4.465894986512767,1,1,1,1,1,16.0,8.0,9.0,37.0,91.0,82.0,2.3125,11.375,2.4475,0.0,0.25,0.2,6.0,6.0,2.0
2020-05-18,19.0,78.0,0.0,6.0,13.0,7.0,CG,4.105263157894737,0.0,72.3129210042866,340.8569659852082,2.9056950398040415,4.497921431451524,1,1,1,1,1,25.0,16.0,-6.0,119.0,37.0,-41.0,4.76,2.3125,-0.6547368421052626,0.2,0.0,-0.2,8.0,6.0,-1.0
2020-05-25,16.0,115.0,7.0,0.0,9.0,6.0,CG,7.1875,0.4375,72.31640146878824,340.7526137786224,2.915544675642595,4.514136817773323,1,1,1,1,1,19.0,25.0,-3.0,78.0,119.0,37.0,4.105263157894737,4.76,3.082236842105263,0.0,0.2,0.4375,7.0,8.0,-1.0
2020-06-01,19.0,80.0,9.0,6.0,4.0,9.0,CG,4.2105263157894735,0.47368421052631576,72.34250764525994,340.6499639169164,2.923547400611621,4.524342119996437,1,1,1,1,1,16.0,19.0,3.0,115.0,78.0,-35.0,7.1875,4.105263157894737,-2.9769736842105265,0.4375,0.0,0.03618421052631576,6.0,7.0,3.0
2020-06-08,20.0,53.0,12.0,0.0,8.0,9.0,CG,2.65,0.6,72.34718826405867,340.5458263064154,2.9333740831295843,4.540388765034562,1,1,1,1,1,19.0,16.0,1.0,80.0,115.0,-27.0,4.2105263157894735,7.1875,-1.5605263157894735,0.47368421052631576,0.4375,0.12631578947368421,9.0,6.0,0.0
2020-06-15,23.0,80.0,5.0,4.0,14.0,9.0,CG,3.4782608695652173,0.21739130434782608,72.33536957849725,340.44206742510255,2.9437996334758707,4.558558782125956,1,1,1,1,1,20.0,19.0,3.0,53.0,80.0,27.0,2.65,4.2105263157894735,0.8282608695652174,0.6,0.47368421052631576,-0.3826086956521739,9.0,9.0,0.0
2020-06-22,26.0,104.0,4.0,12.0,10.0,10.0,CG,4.0,0.15384615384615385,72.34004884004884,340.3381207030191,2.956043956043956,4.584030816283819,1,1,1,1,1,23.0,20.0,3.0,80.0,53.0,24.0,3.4782608695652173,2.65,0.5217391304347827,0.21739130434782608,0.6,-0.06354515050167223,9.0,9.0,1.0
2020-06-29,19.0,106.0,4.0,6.0,9.0,12.0,CG,5.578947368421052,0.21052631578947367,72.35936546674802,340.2351152646974,2.970103721781574,4.617846087981683,1,1,1,1,1,26.0,23.0,-7.0,104.0,80.0,2.0,4.0,3.4782608695652173,1.5789473684210522,0.15384615384615385,0.21739130434782608,0.05668016194331982,10.0,9.0,2.0
2020-07-06,19.0,96.0,1.0,3.0,15.0,9.0,CG,5.052631578947368,0.05263157894736842,72.37987804878048,340.1323203166132,2.979878048780488,4.633376011237042,1,1,1,1,1,19.0,26.0,0.0,106.0,104.0,-10.0,5.578947368421052,4.0,-0.5263157894736841,0.21052631578947367,0.15384615384615385,-0.15789473684210525,12.0,10.0,-3.0
2020-07-13,23.0,101.0,4.0,2.0,17.0,10.0,CG,4.391304347826087,0.17391304347826086,72.39427178549664,340.02910555672156,2.9896404631322366,4.648814685531197,1,1,1,1,1,19.0,19.0,4.0,96.0,106.0,5.0,5.052631578947368,5.578947368421052,-0.6613272311212812,0.05263157894736842,0.21052631578947367,0.12128146453089245,9.0,12.0,1.0
2020-07-20,16.0,44.0,4.0,2.0,10.0,7.0,CG,2.75,0.25,72.41169305724726,339.9262185560985,3.0018270401948843,4.673560320439544,1,1,1,1,0,23.0,19.0,-7.0,101.0,96.0,-57.0,4.391304347826087,5.052631578947368,-1.641304347826087,0.17391304347826086,0.05263157894736842,0.07608695652173914,10.0,9.0,-3.0
2020-07-27,21.0,88.0,9.0,1.0,11.0,11.0,CG,4.190476190476191,0.42857142857142855,72.39440048691418,339.8234158735011,3.009738283627511,4.683128826699913,1,1,1,1,1,16.0,23.0,5.0,44.0,101.0,44.0,2.75,4.391304347826087,1.4404761904761907,0.25,0.17391304347826086,0.17857142857142855,7.0,10.0,4.0
2020-08-03,22.0,64.0,7.0,1.0,14.0,12.0,CG,2.909090909090909,0.3181818181818182,72.40389294403893,339.7202026335046,3.0206812652068127,4.7026815906481145,1,1,1,1,1,21.0,16.0,1.0,88.0,44.0,-24.0,4.190476190476191,2.75,-1.2813852813852815,0.42857142857142855,0.25,-0.11038961038961037,11.0,7.0,1.0
2020-08-10,20.0,67.0,7.0,4.0,9.0,10.0,CG,3.35,0.35,72.39878419452887,339.61692889589807,3.0322188449848024,4.724482772783273,1,1,1,1,1,22.0,21.0,-2.0,64.0,88.0,3.0,2.909090909090909,4.190476190476191,0.4409090909090909,0.3181818181818182,0.42857142857142855,0.0318181818181818,12.0,11.0,-2.0
2020-08-17,12.0,59.0,4.0,0.0,8.0,7.0,CG,4.916666666666667,0.3333333333333333,72.3955042527339,339.51371225110137,3.0425273390036454,4.741527275415322,1,1,1,0,1,20.0,22.0,-8.0,67.0,64.0,-8.0,3.35,2.909090909090909,1.5666666666666669,0.35,0.3181818181818182,-0.016666666666666663,10.0,12.0,-3.0
2020-08-24,14.0,78.0,6.0,0.0,8.0,7.0,CG,5.571428571428571,0.42857142857142855,72.38737097753491,339.4107241175508,3.047965998785671,4.745222748664669,1,1,1,1,1,12.0,20.0,2.0,59.0,67.0,19.0,4.916666666666667,3.35,0.6547619047619042,0.3333333333333333,0.35,0.09523809523809523,7.0,10.0,0.0
2020-08-31,15.0,59.0,4.0,2.0,9.0,10.0,CG,3.933333333333333,0.26666666666666666,72.39077669902913,339.3076975617476,3.054611650485437,4.751447224739182,1,1,0,1,1,14.0,12.0,1.0,78.0,59.0,-19.0,5.571428571428571,4.916666666666667,-1.638095238095238,0.42857142857142855,0.3333333333333333,-0.16190476190476188,7.0,7.0,3.0
2020-09-07,21.0,118.0,3.0,4.0,14.0,12.0,CG,5.619047619047619,0.14285714285714285,72.3826561552456,339.2048969309275,3.0618556701030926,4.759105396580137,1,0,1,1,1,15.0,14.0,6.0,59.0,78.0,59.0,3.933333333333333,5.571428571428571,1.6857142857142855,0.26666666666666666,0.42857142857142855,-0.12380952380952381,10.0,7.0,2.0
2020-09-14,7.0,29.0,4.0,1.0,2.0,5.0,CG,4.142857142857143,0.5714285714285714,72.41030303030303,339.1038892143829,3.0727272727272728,4.778113174756107,0,1,1,1,1,21.0,15.0,-14.0,118.0,59.0,-89.0,5.619047619047619,3.933333333333333,-1.4761904761904754,0.14285714285714285,0.26666666666666666,0.42857142857142855,12.0,10.0,-7.0
2020-09-21,15.0,78.0,3.0,0.0,12.0,6.0,CG,5.2,0.2,72.38400969109631,339.0027983596451,3.075105996365839,4.77764281022465,1,1,1,1,0,7.0,21.0,8.0,29.0,118.0,49.0,4.142857142857143,5.619047619047619,1.057142857142857,0.5714285714285714,0.14285714285714285,-0.3714285714285714,5.0,12.0,1.0
2020-09-28,22.0,43.0,6.0,1.0,15.0,10.0,CG,1.9545454545454546,0.2727272727272727,72.38740920096852,338.9001450769812,3.082324455205811,4.785198501274872,1,1,1,1,1,15.0,7.0,7.0,78.0,29.0,-35.0,5.2,4.142857142857143,-3.2454545454545456,0.2,0.5714285714285714,0.0727272727272727,6.0,5.0,4.0
2020-10-05,22.0,51.0,6.0,1.0,15.0,12.0,CG,2.3181818181818183,0.2727272727272727,72.36963097398669,338.7983279103359,3.0937689050211734,4.80632564800788,1,1,1,1,1,22.0,15.0,0.0,43.0,78.0,8.0,1.9545454545454546,5.2,0.36363636363636376,0.2727272727272727,0.2,0.0,10.0,6.0,2.0
2020-10-12,12.0,16.0,5.0,0.0,7.0,7.0,CG,1.3333333333333333,0.4166666666666667,72.35671100362757,338.69624015879754,3.105199516324063,4.827307837537841,1,1,1,1,1,22.0,22.0,-10.0,51.0,43.0,-35.0,2.3181818181818183,1.9545454545454546,-0.9848484848484851,0.2727272727272727,0.2727272727272727,0.14393939393939398,12.0,10.0,-5.0
2020-10-19,20.0,127.0,6.0,5.0,9.0,12.0,CG,6.35,0.3,72.3226586102719,338.59667155137885,3.110574018126888,4.830798822556802,1,1,1,0,1,12.0,22.0,8.0,16.0,51.0,111.0,1.3333333333333333,2.3181818181818183,5.016666666666667,0.4166666666666667,0.2727272727272727,-0.1166666666666667,7.0,12.0,5.0
2020-10-26,16.0,103.0,1.0,4.0,11.0,12.0,CG,6.4375,0.0625,72.35567632850241,338.49702770979246,3.1207729468599035,4.847140460195356,1,1,1,1,1,20.0,12.0,-4.0,127.0,16.0,-24.0,6.35,1.3333333333333333,0.08750000000000036,0.3,0.4166666666666667,-0.2375,12.0,7.0,0.0
2020-11-02,9.0,28.0,4.0,1.0,4.0,8.0,CG,3.111111111111111,0.4444444444444444,72.3741701870851,338.39564644852686,3.128545564272782,4.855995086683062,1,1,0,1,1,16.0,20.0,-7.0,103.0,127.0,-75.0,6.4375,6.35,-3.326388888888889,0.0625,0.3,0.3819444444444444,12.0,12.0,-4.0
2020-11-09,9.0,42.0,4.0,1.0,4.0,6.0,CG,4.666666666666667,0.4444444444444444,72.34740651387213,338.295275399737,3.132086851628468,4.856670653518639,1,0,1,1,1,9.0,16.0,0.0,28.0,103.0,14.0,3.111111111111111,6.4375,1.5555555555555558,0.4444444444444444,0.0625,0.0,8.0,12.0,-2.0
2020-11-16,6.0,19.0,0.0,0.0,6.0,4.0,CG,3.1666666666666665,0.0,72.32911392405063,338.1940616623324,3.135623869801085,4.857342732954806,0,1,1,1,0,9.0,9.0,-3.0,42.0,28.0,-23.0,4.666666666666667,3.111111111111111,-1.5000000000000004,0.4444444444444444,0.4444444444444444,-0.4444444444444444,6.0,8.0,-2.0
2020-11-23,12.0,24.0,8.0,0.0,4.0,6.0,CG,2.0,0.6666666666666666,72.29698795180722,338.09465290781833,3.1373493975903615,4.8563874741607975,1,1,1,1,0,6.0,9.0,6.0,19.0,42.0,5.0,3.1666666666666665,4.666666666666667,-1.1666666666666665,0.0,0.4444444444444444,0.6666666666666666,4.0,6.0,2.0
2020-11-30,11.0,49.0,2.0,0.0,9.0,6.0,CG,4.454545454545454,0.18181818181818182,72.26791089704997,337.99487928292103,3.142685129440096,4.859792227717141,1,1,1,1,0,12.0,6.0,-1.0,24.0,19.0,25.0,2.0,3.1666666666666665,2.454545454545454,0.6666666666666666,0.0,-0.4848484848484848,6.0,4.0,0.0
2020-12-07,11.0,57.0,4.0,1.0,6.0,7.0,CG,5.181818181818182,0.36363636363636365,72.25391095066185,337.8936015999039,3.147412755716005,4.862150558373066,1,1,1,1,1,11.0,12.0,0.0,49.0,24.0,8.0,4.454545454545454,2.0,0.7272727272727275,0.18181818181818182,0.6666666666666666,0.18181818181818182,6.0,6.0,1.0
2020-12-14,15.0,57.0,10.0,0.0,5.0,5.0,CG,3.8,0.6666666666666666,72.24473842453398,337.7921407016037,3.15213469633193,4.864500320745626,1,1,1,0,1,11.0,11.0,4.0,57.0,49.0,0.0,5.181818181818182,4.454545454545454,-1.3818181818181818,0.36363636363636365,0.18181818181818182,0.303030303030303,7.0,6.0,-2.0
2020-12-21,14.0,74.0,4.0,3.0,7.0,9.0,CG,5.285714285714286,0.2857142857142857,72.23557692307692,337.6907711465124,3.1592548076923075,4.871703210207625,1,1,1,0,1,15.0,11.0,-1.0,57.0,57.0,17.0,3.8,5.181818181818182,1.4857142857142858,0.6666666666666666,0.36363636363636365,-0.38095238095238093,5.0,7.0,4.0
2020-12-28,17.0,94.0,5.0,3.0,9.0,11.0,CG,5.529411764705882,0.29411764705882354,72.23663663663663,337.5892890837409,3.165765765765766,4.877480178310608,1,1,0,0,1,14.0,15.0,3.0,74.0,57.0,20.0,5.285714285714286,3.8,0.24369747899159666,0.2857142857142857,0.6666666666666666,0.00840336134453784,9.0,5.0,2.0
2021-01-04,9.0,46.0,3.0,2.0,4.0,8.0,CG,5.111111111111111,0.3333333333333333,72.24969987995198,337.48831689252427,3.1740696278511407,4.887780916432419,1,0,0,1,0,17.0,14.0,-8.0,94.0,74.0,-48.0,5.529411764705882,5.285714285714286,-0.41830065359477153,0.29411764705882354,0.2857142857142857,0.039215686274509776,11.0,9.0,-3.0
2021-01-11,8.0,65.0,7.0,0.0,1.0,3.0,CG,8.125,0.875,72.23395320935813,337.3876272469942,3.1775644871025794,4.888396783848168,0,0,0,1,1,9.0,17.0,-1.0,46.0,94.0,19.0,5.111111111111111,5.529411764705882,3.0138888888888893,0.3333333333333333,0.29411764705882354,0.5416666666666667,8.0,11.0,-5.0
2021-01-18,6.0,31.0,1.0,1.0,4.0,4.0,CG,5.166666666666667,0.16666666666666666,72.22961630695444,337.2864625249761,3.1804556354916067,4.88835662632433,0,0,1,1,1,8.0,9.0,-2.0,65.0,46.0,-34.0,8.125,5.111111111111111,-2.958333333333333,0.875,0.3333333333333333,-0.7083333333333334,3.0,8.0,1.0
2021-01-25,6.0,34.0,3.0,1.0,2.0,4.0,CG,5.666666666666667,0.5,72.20491312162972,337.1868526098979,3.182144997004194,4.887378395263011,0,1,1,1,1,6.0,8.0,0.0,31.0,65.0,3.0,5.166666666666667,8.125,0.5,0.16666666666666666,0.875,0.33333333333333337,4.0,3.0,0.0
2021-02-01,12.0,106.0,5.0,5.0,2.0,4.0,CG,8.833333333333334,0.4166666666666667,72.18203592814372,337.08711927374844,3.1838323353293414,4.886400557594452,1,1,1,0,1,6.0,6.0,6.0,34.0,31.0,72.0,5.666666666666667,5.166666666666667,3.166666666666667,0.5,0.16666666666666666,-0.08333333333333331,4.0,4.0,0.0
2021-02-08,15.0,81.0,6.0,1.0,8.0,8.0,CG,5.4,0.4,72.20227408737283,336.9871953637657,3.189108318372232,4.889695983312069,1,1,1,1,1,12.0,6.0,3.0,106.0,34.0,-25.0,8.833333333333334,5.666666666666667,-3.4333333333333336,0.4166666666666667,0.5,-0.016666666666666663,4.0,4.0,4.0
2021-02-15,11.0,40.0,3.0,0.0,8.0,4.0,CG,3.6363636363636362,0.2727272727272727,72.20753588516746,336.88641498858135,3.1961722488038276,4.896759117193806,1,1,0,1,1,15.0,12.0,-4.0,81.0,106.0,-41.0,5.4,8.833333333333334,-1.7636363636363641,0.4,0.4166666666666667,-0.12727272727272732,8.0,4.0,-4.0
2021-02-22,18.0,69.0,7.0,0.0,11.0,6.0,CG,3.8333333333333335,0.3888888888888889,72.18828451882845,336.7865768990976,3.200836820083682,4.899011155743373,1,0,1,1,1,11.0,15.0,7.0,40.0,81.0,29.0,3.6363636363636362,5.4,0.19696969696969724,0.2727272727272727,0.4,0.11616161616161619,4.0,8.0,2.0
2021-03-01,5.0,52.0,1.0,0.0,4.0,3.0,CG,10.4,0.2,72.18637992831542,336.68591738178947,3.2096774193548385,4.910885673958785,0,1,1,1,1,18.0,11.0,-13.0,69.0,40.0,-17.0,3.8333333333333335,3.6363636363636362,6.566666666666666,0.3888888888888889,0.2727272727272727,-0.18888888888888888,6.0,4.0,-3.0
2021-03-08,18.0,58.0,6.0,3.0,9.0,7.0,CG,3.2222222222222223,0.3333333333333333,72.17432835820895,336.5857004526117,3.2107462686567163,4.909613528405872,1,1,1,1,1,5.0,18.0,13.0,52.0,69.0,6.0,10.4,3.8333333333333335,-7.177777777777778,0.2,0.3888888888888889,0.1333333333333333,3.0,6.0,4.0
2021-03-15,21.0,77.0,6.0,1.0,14.0,7.0,CG,3.6666666666666665,0.2857142857142857,72.16587112171838,336.4853902377925,3.2195704057279237,4.921424262402344,1,1,1,1,1,18.0,5.0,3.0,58.0,52.0,19.0,3.2222222222222223,10.4,0.4444444444444442,0.3333333333333333,0.2,-0.047619047619047616,7.0,3.0,0.0
2021-03-22,14.0,47.0,3.0,0.0,11.0,8.0,CG,3.357142857142857,0.21428571428571427,72.16875372689326,336.38501250271696,3.2301729278473466,4.939077124926589,1,1,1,1,0,21.0,18.0,-7.0,77.0,58.0,-30.0,3.6666666666666665,3.2222222222222223,-0.3095238095238093,0.2857142857142857,0.3333333333333333,-0.07142857142857142,7.0,7.0,1.0
2021-03-29,17.0,143.0,5.0,4.0,8.0,9.0,CG,8.411764705882353,0.29411764705882354,72.15375446960668,336.28526516263236,3.236591179976162,4.944599054534858,1,1,1,1,1,14.0,21.0,3.0,47.0,77.0,96.0,3.357142857142857,3.6666666666666665,5.054621848739496,0.21428571428571427,0.2857142857142857,0.07983193277310927,8.0,7.0,1.0
2021-04-05,24.0,73.0,7.0,3.0,14.0,9.0,CG,3.0416666666666665,0.2916666666666667,72.19594997022037,336.1894920612238,3.244788564621799,4.954524539124266,1,1,1,1,1,17.0,14.0,7.0,143.0,47.0,-70.0,8.411764705882353,3.357142857142857,-5.370098039215687,0.29411764705882354,0.21428571428571427,-0.002450980392156854,9.0,8.0,0.0
2021-04-12,15.0,83.0,4.0,1.0,10.0,4.0,CG,5.533333333333333,0.26666666666666666,72.19642857142857,336.0893617328949,3.257142857142857,4.978866252834855,1,1,1,1,1,24.0,17.0,-9.0,73.0,143.0,10.0,3.0416666666666665,8.411764705882353,2.4916666666666667,0.2916666666666667,0.29411764705882354,-0.025000000000000022,9.0,9.0,-5.0
2021-04-19,21.0,80.0,7.0,3.0,11.0,9.0,CG,3.8095238095238093,0.3333333333333333,72.20285544318858,335.9894235742345,3.264128494943486,4.985617824125825,1,1,1,0,1,15.0,24.0,6.0,83.0,73.0,-3.0,5.533333333333333,3.0416666666666665,-1.723809523809524,0.26666666666666666,0.2916666666666667,0.06666666666666665,4.0,9.0,5.0
2021-04-26,23.0,87.0,9.0,3.0,11.0,8.0,CG,3.782608695652174,0.391304347826087,72.20749108204518,335.88952514581985,3.2746730083234246,5.002860637365724,1,1,1,1,1,21.0,15.0,2.0,80.0,83.0,7.0,3.8095238095238093,5.533333333333333,-0.026915113871635477,0.3333333333333333,0.26666666666666666,0.05797101449275366,9.0,4.0,-1.0
2021-05-03,18.0,73.0,9.0,0.0,9.0,7.0,CG,4.055555555555555,0.5,72.21628045157458,335.78985564565187,3.2863933452168745,5.024432481816372,1,1,0,1,1,23.0,21.0,-5.0,87.0,80.0,-14.0,3.782608695652174,3.8095238095238093,0.2729468599033815,0.391304347826087,0.3333333333333333,0.10869565217391303,8.0,9.0,-1.0
2021-05-10,11.0,50.0,4.0,0.0,7.0,5.0,CG,4.545454545454546,0.36363636363636365,72.2167458432304,335.6900820504345,3.295130641330166,5.03572030091571,1,0,1,1,1,18.0,23.0,-7.0,73.0,87.0,-23.0,4.055555555555555,3.782608695652174,0.4898989898989905,0.5,0.391304347826087,-0.13636363636363635,7.0,8.0,-2.0
2021-05-17,4.0,4.0,2.0,0.0,2.0,3.0,CG,1.0,0.5,72.20356083086054,335.59083323406406,3.2997032640949553,5.03772289143596,0,1,1,1,1,11.0,18.0,-7.0,50.0,73.0,-46.0,4.545454545454546,4.055555555555555,-3.545454545454546,0.36363636363636365,0.5,0.13636363636363635,5.0,7.0,-2.0
2021-05-24,14.0,88.0,2.0,1.0,11.0,5.0,CG,6.285714285714286,0.14285714285714285,72.16310794780546,335.4953485066861,3.30011862396204,5.0362566745111375,1,1,1,1,1,4.0,11.0,10.0,4.0,50.0,84.0,1.0,4.545454545454546,5.285714285714286,0.5,0.36363636363636365,-0.35714285714285715,3.0,5.0,2.0
2021-05-31,18.0,101.0,6.0,0.0,12.0,7.0,CG,5.611111111111111,0.3333333333333333,72.1724955542383,335.39606091488383,3.3064611736810905,5.041497991739739,1,1,1,1,1,14.0,4.0,4.0,88.0,4.0,13.0,6.285714285714286,1.0,-0.6746031746031749,0.14285714285714285,0.5,0.19047619047619047,5.0,3.0,2.0
2021-06-07,11.0,64.0,5.0,0.0,6.0,5.0,CG,5.818181818181818,0.45454545454545453,72.18957345971565,335.2973742602656,3.315165876777251,5.0526763878398,1,1,1,1,1,18.0,14.0,-7.0,101.0,88.0,-37.0,5.611111111111111,6.285714285714286,0.20707070707070763,0.3333333333333333,0.14285714285714285,0.12121212121212122,7.0,5.0,-2.0
2021-06-14,11.0,39.0,5.0,0.0,6.0,6.0,CG,3.5454545454545454,0.45454545454545453,72.1847246891652,335.198100836567,3.319715808170515,5.054639454399679,1,1,1,1,0,11.0,18.0,0.0,64.0,101.0,-25.0,5.818181818181818,5.611111111111111,-2.272727272727273,0.45454545454545453,0.3333333333333333,0.0,5.0,7.0,1.0
2021-06-21,9.0,33.0,5.0,0.0,4.0,6.0,CG,3.6666666666666665,0.5555555555555556,72.16508875739645,335.0998286613693,3.324260355029586,5.056595346494568,1,1,1,1,0,11.0,11.0,-2.0,39.0,64.0,-6.0,3.5454545454545454,5.818181818181818,0.1212121212121211,0.45454545454545453,0.45454545454545453,0.10101010101010105,6.0,5.0,0.0
2021-06-28,13.0,60.0,6.0,0.0,7.0,6.0,CG,4.615384615384615,0.46153846153846156,72.14192785334122,335.0020259033639,3.3276167947959787,5.0569830035345475,1,1,1,1,1,9.0,11.0,4.0,33.0,39.0,27.0,3.6666666666666665,3.5454545454545454,0.9487179487179485,0.5555555555555556,0.45454545454545453,-0.09401709401709402,6.0,6.0,0.0
2021-07-05,15.0,41.0,3.0,1.0,11.0,7.0,CG,2.7333333333333334,0.2,72.13475177304964,334.9030869259384,3.3333333333333335,5.060953131540064,1,1,1,1,1,13.0,9.0,2.0,60.0,33.0,-19.0,4.615384615384615,3.6666666666666665,-1.8820512820512816,0.46153846153846156,0.5555555555555556,-0.26153846153846155,6.0,6.0,1.0
2021-07-12,17.0,25.0,0.0,1.0,16.0,7.0,CG,1.4705882352941178,0.0,72.11636148848199,334.8049607570203,3.340224453632605,5.067396289075526,1,1,1,0,1,15.0,13.0,2.0,41.0,60.0,-16.0,2.7333333333333334,4.615384615384615,-1.2627450980392156,0.2,0.46153846153846156,-0.2,7.0,6.0,0.0
2021-07-19,20.0,96.0,6.0,0.0,14.0,9.0,CG,4.8,0.3,72.08854781582055,334.708024605445,3.3482880755608027,5.076759296923663,1,1,1,0,1,17.0,15.0,3.0,25.0,41.0,71.0,1.4705882352941178,2.7333333333333334,3.329411764705882,0.0,0.2,0.3,7.0,7.0,2.0
2021-07-26,20.0,53.0,6.0,0.0,14.0,8.0,CG,2.65,0.3,72.10265486725663,334.609721856778,3.3581120943952802,5.091351207535991,1,1,0,1,1,20.0,17.0,0.0,96.0,25.0,-43.0,4.8,1.4705882352941178,-2.15,0.3,0.0,0.0,9.0,7.0,-1.0
2021-08-02,14.0,130.0,5.0,0.0,9.0,6.0,CG,9.285714285714286,0.35714285714285715,72.09139150943396,334.51132396520364,3.3679245283018866,5.105865393113076,1,0,0,1,1,20.0,20.0,-6.0,53.0,96.0,77.0,2.65,4.8,6.635714285714286,0.3,0.3,0.05714285714285716,8.0,9.0,-2.0
2021-08-09,6.0,49.0,4.0,0.0,2.0,3.0,CG,8.166666666666666,0.6666666666666666,72.12551561579258,334.41564623803913,3.3741897466116675,5.110880775948126,0,0,1,1,1,14.0,20.0,-8.0,130.0,53.0,-81.0,9.285714285714286,2.65,-1.1190476190476204,0.35714285714285715,0.3,0.3095238095238095,6.0,8.0,-3.0
2021-08-16,8.0,43.0,3.0,0.0,5.0,5.0,CG,5.375,0.375,72.11189634864546,334.3175713345928,3.375736160188457,5.1097720474614245,0,1,1,1,0,6.0,14.0,2.0,49.0,130.0,-6.0,8.166666666666666,9.285714285714286,-2.791666666666666,0.6666666666666666,0.35714285714285715,-0.29166666666666663,3.0,6.0,2.0
2021-08-23,16.0,42.0,2.0,0.0,14.0,6.0,CG,2.625,0.125,72.09476162448499,334.21985857420015,3.3784579164214246,5.109498969288668,1,1,1,1,1,8.0,6.0,8.0,43.0,49.0,-1.0,5.375,8.166666666666666,-2.75,0.375,0.6666666666666666,-0.25,5.0,3.0,1.0
2021-08-30,16.0,68.0,6.0,1.0,9.0,7.0,CG,4.25,0.375,72.07705882352941,334.1222835374273,3.3858823529411763,5.117159511816731,1,1,1,1,1,16.0,8.0,0.0,42.0,43.0,26.0,2.625,5.375,1.625,0.125,0.375,0.25,6.0,5.0,1.0
2021-09-06,15.0,56.0,4.0,1.0,10.0,8.0,CG,3.7333333333333334,0.26666666666666666,72.07466196355085,334.02401244955485,3.3932980599647267,5.124788867839486,1,1,1,1,1,16.0,16.0,-1.0,68.0,42.0,-12.0,4.25,2.625,-0.5166666666666666,0.375,0.125,-0.10833333333333334,7.0,6.0,1.0
2021-09-13,15.0,40.0,9.0,0.0,6.0,4.0,CG,2.6666666666666665,0.6,72.06521739130434,333.9260407372612,3.4001175088131608,5.131001095088584,1,1,1,0,1,15.0,16.0,0.0,56.0,68.0,-16.0,3.7333333333333334,4.25,-1.0666666666666669,0.26666666666666666,0.375,0.3333333333333333,8.0,7.0,-4.0
2021-09-20,13.0,59.0,6.0,0.0,7.0,4.0,CG,4.538461538461538,0.46153846153846156,72.04638872577804,333.82883246686055,3.4069289489136816,5.137189481491247,1,1,1,1,1,15.0,15.0,-2.0,40.0,56.0,19.0,2.6666666666666665,3.7333333333333334,1.8717948717948718,0.6,0.26666666666666666,-0.1384615384615384,4.0,8.0,0.0
2021-09-27,15.0,47.0,4.0,2.0,9.0,8.0,CG,3.1333333333333333,0.26666666666666666,72.03873239436619,333.73095573883614,3.4125586854460095,5.140936259845377,1,1,0,1,1,13.0,15.0,2.0,59.0,40.0,-12.0,4.538461538461538,2.6666666666666665,-1.405128205128205,0.46153846153846156,0.6,-0.1948717948717949,4.0,4.0,4.0
2021-10-04,17.0,63.0,8.0,2.0,7.0,6.0,CG,3.7058823529411766,0.47058823529411764,72.02404692082112,333.63356668023147,3.4193548387096775,5.147083207600587,1,0,1,1,1,15.0,13.0,2.0,47.0,59.0,16.0,3.1333333333333333,4.538461538461538,0.5725490196078433,0.26666666666666666,0.46153846153846156,0.20392156862745098,8.0,4.0,-2.0
2021-10-11,8.0,26.0,3.0,3.0,2.0,6.0,CG,3.25,0.375,72.01875732708089,333.5357841312536,3.4273153575615476,5.1560679228295125,0,1,1,1,1,17.0,15.0,-9.0,63.0,47.0,-37.0,3.7058823529411766,3.1333333333333333,-0.4558823529411766,0.47058823529411764,0.26666666666666666,-0.09558823529411764,6.0,8.0,0.0
2021-10-18,13.0,63.0,4.0,0.0,9.0,5.0,CG,4.846153846153846,0.3076923076923077,71.99179847685998,333.43987638500164,3.4299941417691855,5.155744602212971,1,1,1,1,1,8.0,17.0,5.0,26.0,63.0,37.0,3.25,3.7058823529411766,1.5961538461538458,0.375,0.47058823529411764,-0.06730769230769229,6.0,6.0,-1.0
2021-10-25,17.0,78.0,7.0,1.0,9.0,8.0,CG,4.588235294117647,0.4117647058823529,71.98653395784544,333.3422646931298,3.4355971896955504,5.159433246967726,1,1,1,1,1,13.0,8.0,4.0,63.0,26.0,15.0,4.846153846153846,3.25,-0.25791855203619907,0.3076923076923077,0.375,0.10407239819004521,5.0,6.0,3.0
2021-11-01,30.0,139.0,10.0,3.0,17.0,8.0,CG,4.633333333333334,0.3333333333333333,71.99005266237566,333.24469952345424,3.443534230544178,5.168348606135979,1,1,1,1,1,17.0,13.0,13.0,78.0,63.0,61.0,4.588235294117647,4.846153846153846,0.045098039215687,0.4117647058823529,0.3076923076923077,-0.0784313725490196,8.0,5.0,0.0
2021-11-08,21.0,106.0,7.0,0.0,14.0,8.0,CG,5.0476190476190474,0.3333333333333333,72.02923976608187,333.15112933675726,3.4590643274853803,5.206594060449925,1,1,1,1,1,30.0,17.0,-9.0,139.0,78.0,-33.0,4.633333333333334,4.588235294117647,0.4142857142857137,0.3333333333333333,0.4117647058823529,0.0,8.0,8.0,0.0
2021-11-15,31.0,137.0,7.0,4.0,20.0,11.0,CG,4.419354838709677,0.22580645161290322,72.04909409701929,333.0547150280194,3.469316189362946,5.2223171068863765,1,1,1,1,1,21.0,30.0,10.0,106.0,139.0,31.0,5.0476190476190474,4.633333333333334,-0.6282642089093704,0.3333333333333333,0.3333333333333333,-0.1075268817204301,8.0,8.0,3.0
2021-11-22,25.0,121.0,4.0,4.0,17.0,8.0,CG,4.84,0.16,72.08703271028037,332.96107367407,3.4853971962616823,5.263019809578703,1,1,1,1,1,31.0,21.0,-6.0,137.0,106.0,-16.0,4.419354838709677,5.0476190476190474,0.4206451612903228,0.22580645161290322,0.3333333333333333,-0.06580645161290322,11.0,8.0,-3.0
2021-11-29,15.0,62.0,6.0,0.0,9.0,5.0,CG,4.133333333333334,0.4,72.11558669001751,332.8659141037125,3.497956800934034,5.287098720373383,1,1,1,1,1,25.0,31.0,-10.0,121.0,137.0,-59.0,4.84,4.419354838709677,-0.7066666666666661,0.16,0.22580645161290322,0.24000000000000002,8.0,11.0,-3.0
2021-12-06,14.0,208.0,1.0,1.0,12.0,9.0,CG,14.857142857142858,0.07142857142857142,72.10968494749125,332.76883086057154,3.5046674445740957,5.292851839576224,1,1,1,1,1,15.0,25.0,-1.0,62.0,121.0,146.0,4.133333333333334,4.84,10.723809523809525,0.4,0.16,-0.3285714285714286,5.0,8.0,4.0
2021-12-13,28.0,78.0,8.0,1.0,19.0,8.0,CG,2.7857142857142856,0.2857142857142857,72.18892128279883,332.68792584524533,3.510787172011662,5.297373385232137,1,1,1,1,1,14.0,15.0,14.0,208.0,62.0,-130.0,14.857142857142858,4.133333333333334,-12.071428571428573,0.07142857142857142,0.4,0.21428571428571427,9.0,5.0,-1.0
2021-12-20,31.0,149.0,9.0,2.0,20.0,10.0,CG,4.806451612903226,0.2903225806451613,72.1923076923077,332.5909477216594,3.525058275058275,5.328723119478585,1,1,1,1,1,28.0,14.0,3.0,78.0,208.0,71.0,2.7857142857142856,14.857142857142858,2.0207373271889404,0.2857142857142857,0.07142857142857142,0.004608294930875612,8.0,9.0,2.0
2021-12-27,22.0,75.0,4.0,1.0,17.0,11.0,CG,3.409090909090909,0.18181818181818182,72.23704135119394,332.4991916180738,3.541059988351776,5.368276152775665,1,1,1,1,1,31.0,28.0,-9.0,149.0,78.0,-74.0,4.806451612903226,2.7857142857142856,-1.3973607038123168,0.2903225806451613,0.2857142857142857,-0.10850439882697949,10.0,8.0,1.0
2022-01-03,45.0,188.0,9.0,8.0,28.0,15.0,CG,4.177777777777778,0.2,72.23864959254948,332.4023585761585,3.551804423748545,5.385158826718529,1,1,1,1,1,22.0,31.0,23.0,75.0,149.0,113.0,3.409090909090909,4.806451612903226,0.7686868686868689,0.18181818181818182,0.2903225806451613,0.018181818181818188,11.0,10.0,4.0
2022-01-10,38.0,151.0,5.0,5.0,28.0,16.0,CG,3.973684210526316,0.13157894736842105,72.30599185573007,332.3173328168467,3.575916230366492,5.4756229243568475,1,1,1,1,1,45.0,22.0,-7.0,188.0,75.0,-37.0,4.177777777777778,3.409090909090909,-0.2040935672514621,0.2,0.18181818181818182,-0.06842105263157897,15.0,11.0,1.0
2022-01-17,20.0,52.0,3.0,2.0,15.0,9.0,CG,2.6,0.15,72.35174418604652,332.2260773766904,3.5959302325581395,5.5366025956614395,1,1,1,1,1,38.0,45.0,-18.0,151.0,188.0,-99.0,3.973684210526316,4.177777777777778,-1.3736842105263158,0.13157894736842105,0.2,0.01842105263157895,16.0,15.0,-7.0
2022-01-24,14.0,98.0,8.0,2.0,4.0,9.0,CG,7.0,0.5714285714285714,72.33991865194655,332.1298483008099,3.6054619407321327,5.5490994795173485,1,1,1,1,1,20.0,38.0,-6.0,52.0,151.0,46.0,2.6,3.973684210526316,4.4,0.15,0.13157894736842105,0.4214285714285714,9.0,16.0,0.0
2022-01-31,19.0,158.0,4.0,0.0,15.0,6.0,CG,8.31578947368421,0.21052631578947367,72.3548199767712,332.0339168048509,3.6114982578397212,5.553139431415205,1,1,1,1,1,14.0,20.0,5.0,98.0,52.0,60.0,7.0,2.6,1.3157894736842106,0.5714285714285714,0.15,-0.3609022556390977,9.0,9.0,-3.0
2022-02-07,22.0,102.0,5.0,2.0,15.0,10.0,CG,4.636363636363637,0.22727272727272727,72.40452698781196,331.94390596037937,3.620429483459083,5.563891430698744,1,1,1,1,1,19.0,14.0,3.0,158.0,98.0,-56.0,8.31578947368421,7.0,-3.679425837320574,0.21052631578947367,0.5714285714285714,0.016746411483253593,6.0,9.0,4.0
2022-02-14,33.0,139.0,6.0,2.0,25.0,11.0,CG,4.212121212121212,0.18181818181818182,72.42169373549883,331.8483301690929,3.6310904872389793,5.57986251356385,1,1,1,1,1,22.0,19.0,11.0,102.0,158.0,37.0,4.636363636363637,8.31578947368421,-0.42424242424242475,0.22727272727272727,0.21052631578947367,-0.04545454545454544,10.0,6.0,1.0
2022-02-21,32.0,92.0,4.0,3.0,25.0,13.0,CG,2.875,0.125,72.46028985507246,331.75594533918667,3.6481159420289857,5.6228840504277064,1,1,1,1,1,33.0,22.0,-1.0,139.0,102.0,-47.0,4.212121212121212,4.636363636363637,-1.337121212121212,0.18181818181818182,0.22727272727272727,-0.05681818181818182,11.0,10.0,2.0
2022-02-28,26.0,68.0,2.0,1.0,23.0,9.0,CG,2.6153846153846154,0.07692307692307693,72.47161066048668,331.66010373719894,3.664542294322132,5.662527217244632,1,1,1,1,1,32.0,33.0,-6.0,92.0,139.0,-24.0,2.875,4.212121212121212,-0.2596153846153846,0.125,0.18181818181818182,-0.04807692307692307,13.0,11.0,-4.0
2022-03-07,21.0,128.0,2.0,2.0,17.0,8.0,CG,6.095238095238095,0.09523809523809523,72.46902142443544,331.5640296104883,3.6774753908511872,5.68634363501873,1,1,1,1,1,26.0,32.0,-5.0,68.0,92.0,60.0,2.6153846153846154,2.875,3.4798534798534795,0.07692307692307693,0.125,0.018315018315018305,9.0,13.0,-1.0
2022-03-14,33.0,174.0,7.0,2.0,24.0,10.0,CG,5.2727272727272725,0.21212121212121213,72.5011574074074,331.4707133586998,3.6875,5.6999502227633805,1,1,1,1,1,21.0,26.0,12.0,128.0,68.0,46.0,6.095238095238095,2.6153846153846154,-0.8225108225108224,0.09523809523809523,0.07692307692307693,0.1168831168831169,8.0,9.0,2.0
2022-03-21,21.0,78.0,4.0,1.0,16.0,8.0,CG,3.7142857142857144,0.19047619047619047,72.55986119144013,331.38377806524505,3.7044534412955468,5.741740026769999,1,1,1,1,1,33.0,21.0,-12.0,174.0,128.0,-96.0,5.2727272727272725,6.095238095238095,-1.558441558441558,0.21212121212121213,0.09523809523809523,-0.02164502164502166,10.0,8.0,-2.0
2022-03-28,21.0,94.0,5.0,1.0,15.0,9.0,CG,4.476190476190476,0.23809523809523808,72.56300578034683,331.2879589716664,3.7144508670520233,5.755121375978132,1,1,1,1,1,21.0,33.0,0.0,78.0,174.0,16.0,3.7142857142857144,5.2727272727272725,0.7619047619047619,0.19047619047619047,0.21212121212121213,0.047619047619047616,8.0,10.0,1.0
2022-04-04,22.0,128.0,4.0,2.0,16.0,8.0,CG,5.818181818181818,0.18181818181818182,72.57538994800693,331.19259795944754,3.7244367417677644,5.768438961244957,1,1,1,1,1,21.0,21.0,1.0,94.0,78.0,34.0,4.476190476190476,3.7142857142857144,1.341991341991342,0.23809523809523808,0.19047619047619047,-0.05627705627705626,9.0,8.0,-1.0
2022-04-11,25.0,102.0,4.0,1.0,20.0,11.0,CG,4.08,0.16,72.60739030023095,331.0995974023563,3.734988452655889,5.7834681274829585,1,1,1,1,1,22.0,21.0,3.0,128.0,94.0,-26.0,5.818181818181818,4.476190476190476,-1.7381818181818183,0.18181818181818182,0.23809523809523808,-0.02181818181818182,8.0,9.0,3.0
2022-04-18,23.0,49.0,6.0,1.0,16.0,9.0,CG,2.130434782608696,0.2608695652173913,72.62435083669936,331.0047536100775,3.7472590882862087,5.80431966047191,1,1,1,1,1,25.0,22.0,-2.0,102.0,128.0,-53.0,4.08,5.818181818181818,-1.9495652173913043,0.16,0.18181818181818182,0.1008695652173913,11.0,8.0,-2.0
2022-04-25,16.0,47.0,3.0,2.0,11.0,7.0,CG,2.9375,0.1875,72.61072664359861,330.90972565384806,3.7583621683967703,5.8210352254159,1,1,1,1,1,23.0,25.0,-7.0,49.0,102.0,-2.0,2.130434782608696,4.08,0.8070652173913042,0.2608695652173913,0.16,-0.0733695652173913,9.0,11.0,-2.0
2022-05-02,20.0,110.0,3.0,6.0,11.0,9.0,CG,5.5,0.15,72.59596541786743,330.81486524976174,3.7654178674351586,5.826772966391606,1,1,1,1,1,16.0,23.0,4.0,47.0,49.0,63.0,2.9375,2.130434782608696,2.5625,0.1875,0.2608695652173913,-0.037500000000000006,7.0,9.0,2.0
2022-05-09,28.0,233.0,5.0,1.0,22.0,10.0,CG,8.321428571428571,0.17857142857142858,72.61751152073732,330.72073423134304,3.7747695852534564,5.838110650709971,1,1,1,1,1,20.0,16.0,8.0,110.0,47.0,123.0,5.5,2.9375,2.821428571428571,0.15,0.1875,0.02857142857142858,9.0,7.0,1.0
2022-05-16,27.0,113.0,6.0,3.0,18.0,9.0,CG,4.185185185185185,0.2222222222222222,72.70984455958549,330.64786091433047,3.7887161773172138,5.8653015270251565,1,1,1,1,1,28.0,20.0,-1.0,233.0,110.0,-120.0,8.321428571428571,5.5,-4.136243386243386,0.17857142857142858,0.15,0.043650793650793634,10.0,9.0,-1.0
2022-05-23,20.0,199.0,10.0,1.0,9.0,9.0,CG,9.95,0.5,72.73302646720369,330.55408214535726,3.802071346375144,5.889987041396108,1,1,1,1,1,27.0,28.0,-7.0,113.0,233.0,86.0,4.185185185185185,8.321428571428571,5.764814814814814,0.2222222222222222,0.17857142857142858,0.2777777777777778,9.0,10.0,0.0
2022-05-30,20.0,113.0,4.0,3.0,13.0,13.0,CG,5.65,0.2,72.80563542265669,330.4728438473921,3.8113858539390453,5.901089919032249,1,1,1,1,1,20.0,27.0,0.0,199.0,113.0,-86.0,9.95,4.185185185185185,-4.299999999999999,0.5,0.2222222222222222,-0.3,9.0,9.0,4.0
2022-06-06,35.0,73.0,7.0,4.0,24.0,15.0,CG,2.085714285714286,0.2,72.8287356321839,330.3792173183617,3.820689655172414,5.9121445544853195,1,1,1,1,1,20.0,20.0,15.0,113.0,199.0,-40.0,5.65,9.95,-3.5642857142857145,0.2,0.5,0.0,13.0,9.0,2.0
2022-06-13,23.0,59.0,5.0,3.0,15.0,8.0,CG,2.5652173913043477,0.21739130434782608,72.82883400344629,330.2842671429347,3.838598506605399,5.957495335991929,1,1,1,1,1,35.0,20.0,-12.0,73.0,113.0,-14.0,2.085714285714286,5.65,0.4795031055900618,0.2,0.2,0.01739130434782607,15.0,13.0,-7.0
2022-06-20,24.0,121.0,3.0,2.0,19.0,8.0,CG,5.041666666666667,0.125,72.82089552238806,330.1895649981395,3.8495981630309988,5.973452407910005,1,1,1,1,1,23.0,35.0,1.0,59.0,73.0,62.0,2.5652173913043477,2.085714285714286,2.4764492753623193,0.21739130434782608,0.2,-0.09239130434782608,8.0,15.0,0.0
2022-06-27,26.0,115.0,11.0,3.0,12.0,10.0,CG,4.423076923076923,0.4230769230769231,72.84853700516351,330.0967954739743,3.8611589213998854,5.991210576088708,1,1,1,1,1,24.0,23.0,2.0,121.0,59.0,-6.0,5.041666666666667,2.5652173913043477,-0.6185897435897436,0.125,0.21739130434782608,0.2980769230769231,8.0,8.0,2.0
2022-07-04,18.0,49.0,3.0,3.0,12.0,9.0,CG,2.7222222222222223,0.16666666666666666,72.87270642201835,330.00363333665064,3.873853211009174,6.012906738892185,1,1,1,1,1,26.0,24.0,-8.0,115.0,121.0,-66.0,4.423076923076923,5.041666666666667,-1.700854700854701,0.4230769230769231,0.125,-0.2564102564102564,10.0,8.0,-1.0
2022-07-11,16.0,70.0,5.0,1.0,10.0,6.0,CG,4.375,0.3125,72.85902578796562,329.90950361211435,3.881948424068768,6.020686880530613,1,1,1,1,1,18.0,26.0,-2.0,49.0,115.0,21.0,2.7222222222222223,4.423076923076923,1.6527777777777777,0.16666666666666666,0.4230769230769231,0.14583333333333334,9.0,10.0,-3.0
2022-07-18,17.0,68.0,2.0,4.0,11.0,9.0,CG,4.0,0.11764705882352941,72.8573883161512,329.81496721880586,3.888888888888889,6.025944120796306,1,1,1,1,1,16.0,18.0,1.0,70.0,49.0,-2.0,4.375,2.7222222222222223,-0.375,0.3125,0.16666666666666666,-0.1948529411764706,6.0,9.0,3.0
2022-07-25,12.0,33.0,1.0,2.0,9.0,6.0,CG,2.75,0.08333333333333333,72.85460789925587,329.72052544107714,3.896393817973669,6.032379568110191,1,1,1,1,1,17.0,16.0,-5.0,68.0,70.0,-35.0,4.0,4.375,-1.25,0.11764705882352941,0.3125,-0.03431372549019608,9.0,6.0,-3.0
2022-08-01,31.0,142.0,9.0,5.0,17.0,15.0,CG,4.580645161290323,0.2903225806451613,72.83180778032036,329.6275226568542,3.901029748283753,6.033766753869351,1,1,1,1,1,12.0,17.0,19.0,33.0,68.0,109.0,2.75,4.0,1.830645161290323,0.08333333333333333,0.11764705882352941,0.206989247311828,6.0,9.0,9.0
2022-08-08,22.0,92.0,6.0,2.0,14.0,8.0,CG,4.181818181818182,0.2727272727272727,72.8713550600343,329.53737253018966,3.9165237278444827,6.066744160170039,1,1,1,1,1,31.0,12.0,-9.0,142.0,33.0,-50.0,4.580645161290323,2.75,-0.3988269794721413,0.2903225806451613,0.08333333333333333,-0.017595307917888603,15.0,6.0,-7.0
2022-08-15,18.0,94.0,3.0,5.0,10.0,10.0,CG,5.222222222222222,0.16666666666666666,72.88228571428571,329.44346902890027,3.926857142857143,6.080395143145716,1,1,1,1,1,22.0,31.0,-4.0,92.0,142.0,2.0,4.181818181818182,4.580645161290323,1.0404040404040407,0.2727272727272727,0.2903225806451613,-0.10606060606060605,8.0,15.0,2.0
2022-08-22,16.0,94.0,5.0,4.0,7.0,8.0,CG,5.875,0.3125,72.89434608794974,329.3497155252855,3.9348943460879497,6.087954287206548,1,1,1,1,1,18.0,22.0,-2.0,94.0,92.0,0.0,5.222222222222222,4.181818181818182,0.6527777777777777,0.16666666666666666,0.2727272727272727,0.14583333333333334,10.0,8.0,-2.0
2022-08-29,24.0,117.0,7.0,3.0,14.0,10.0,CG,4.875,0.2916666666666667,72.90639269406392,329.25604201610787,3.941780821917808,6.093037550574445,1,1,1,1,1,16.0,18.0,8.0,94.0,94.0,23.0,5.875,5.222222222222222,-1.0,0.3125,0.16666666666666666,-0.020833333333333315,8.0,10.0,2.0
2022-09-05,24.0,109.0,4.0,6.0,14.0,14.0,CG,4.541666666666667,0.16666666666666666,72.93154592127782,329.16374756133877,3.953223046206503,6.110108600184117,1,1,1,1,1,24.0,16.0,0.0,117.0,94.0,-8.0,4.875,5.875,-0.33333333333333304,0.2916666666666667,0.3125,-0.12500000000000003,10.0,8.0,4.0
2022-09-12,19.0,66.0,3.0,4.0,12.0,7.0,CG,3.473684210526316,0.15789473684210525,72.9521094640821,329.07097528550537,3.9646522234891677,6.12709134874051,1,1,1,1,1,24.0,24.0,-5.0,109.0,117.0,-43.0,4.541666666666667,4.875,-1.067982456140351,0.16666666666666666,0.2916666666666667,-0.008771929824561403,14.0,10.0,-7.0
2022-09-19,16.0,174.0,3.0,7.0,6.0,8.0,CG,10.875,0.1875,72.94814814814815,328.97719790241877,3.973219373219373,6.135850002335765,1,1,1,1,1,19.0,24.0,-3.0,66.0,109.0,108.0,3.473684210526316,4.541666666666667,7.401315789473684,0.15789473684210525,0.16666666666666666,0.029605263157894746,7.0,14.0,1.0
2022-09-26,19.0,101.0,4.0,1.0,14.0,7.0,CG,5.315789473684211,0.21052631578947367,73.00569476082005,328.8922995402841,3.9800683371298406,6.1408121622812555,1,1,1,1,1,16.0,19.0,3.0,174.0,66.0,-73.0,10.875,3.473684210526316,-5.559210526315789,0.1875,0.15789473684210525,0.023026315789473673,8.0,7.0,-1.0
2022-10-03,18.0,48.0,0.0,3.0,15.0,8.0,CG,2.6666666666666665,0.0,73.02162777461582,328.7993163319469,3.9886169607285145,6.149512098876009,1,1,1,1,1,19.0,16.0,-1.0,101.0,174.0,-53.0,5.315789473684211,10.875,-2.649122807017544,0.21052631578947367,0.1875,-0.21052631578947367,7.0,8.0,1.0
2022-10-10,14.0,123.0,1.0,3.0,10.0,10.0,CG,8.785714285714286,0.07142857142857142,73.00739476678044,328.7062763459227,3.9965870307167237,6.156837453026091,1,1,1,1,1,18.0,19.0,-4.0,48.0,101.0,75.0,2.6666666666666665,5.315789473684211,6.11904761904762,0.0,0.21052631578947367,0.07142857142857142,8.0,7.0,2.0
2022-10-17,19.0,64.0,9.0,2.0,8.0,8.0,CG,3.3684210526315788,0.47368421052631576,73.03581580443434,328.61493621664073,4.002274019329164,6.159705703041249,1,1,1,1,1,14.0,18.0,5.0,123.0,48.0,-59.0,8.785714285714286,2.6666666666666665,-5.417293233082708,0.07142857142857142,0.0,0.4022556390977443,10.0,8.0,-2.0
2022-10-24,12.0,33.0,7.0,1.0,4.0,5.0,CG,2.75,0.5833333333333334,73.03068181818182,328.52158395113617,4.0107954545454545,6.168322811157932,1,1,1,1,1,19.0,14.0,-7.0,64.0,123.0,-31.0,3.3684210526315788,8.785714285714286,-0.6184210526315788,0.47368421052631576,0.07142857142857142,0.10964912280701761,8.0,10.0,-3.0
2022-10-31,15.0,384.0,2.0,3.0,10.0,10.0,CG,25.6,0.13333333333333333,73.00795002839295,328.42962603112244,4.015332197614992,6.16950832497764,1,1,1,1,1,12.0,19.0,3.0,33.0,64.0,351.0,2.75,3.3684210526315788,22.85,0.5833333333333334,0.47368421052631576,-0.45000000000000007,5.0,8.0,5.0
2022-11-07,30.0,154.0,7.0,9.0,14.0,11.0,CG,5.133333333333334,0.23333333333333334,73.1844494892168,328.41993921779215,4.021566401816118,6.1733053792401575,1,1,1,1,1,15.0,12.0,15.0,384.0,33.0,-230.0,25.6,2.75,-20.46666666666667,0.13333333333333333,0.5833333333333334,0.1,10.0,5.0,1.0
2022-11-14,20.0,73.0,8.0,1.0,11.0,9.0,CG,3.65,0.4,73.23028927963698,328.33237231460237,4.036301758366421,6.202489187965132,1,1,1,1,1,30.0,15.0,-10.0,154.0,384.0,-81.0,5.133333333333334,25.6,-1.4833333333333338,0.23333333333333334,0.13333333333333333,0.16666666666666669,11.0,10.0,-2.0
2022-11-21,47.0,303.0,15.0,1.0,31.0,13.0,CG,6.446808510638298,0.3191489361702128,73.23015873015873,328.23924163314854,4.045351473922903,6.212368131428561,1,1,1,1,1,20.0,30.0,27.0,73.0,154.0,230.0,3.65,5.133333333333334,2.796808510638298,0.4,0.23333333333333334,-0.08085106382978724,9.0,11.0,4.0
2022-11-28,14.0,174.0,0.0,1.0,13.0,5.0,CG,12.428571428571429,0.0,73.36033994334278,328.1917637606677,4.069688385269122,6.294205498871552,1,1,1,1,1,47.0,20.0,-33.0,303.0,73.0,-129.0,6.446808510638298,3.65,5.981762917933131,0.3191489361702128,0.4,-0.3191489361702128,13.0,9.0,-8.0
2022-12-05,34.0,123.0,6.0,5.0,23.0,13.0,CG,3.6176470588235294,0.17647058823529413,73.41732729331824,328.10751833245206,4.075311438278596,6.296857599257811,1,1,1,1,1,14.0,47.0,20.0,174.0,303.0,-51.0,12.428571428571429,6.446808510638298,-8.8109243697479,0.0,0.3191489361702128,0.17647058823529413,5.0,13.0,8.0
2022-12-12,24.0,124.0,2.0,1.0,21.0,11.0,CG,5.166666666666667,0.08333333333333333,73.44538766270514,328.0167302999759,4.092246745897,6.335199075603738,1,1,1,1,1,34.0,14.0,-10.0,123.0,174.0,1.0,3.6176470588235294,12.428571428571429,1.5490196078431375,0.17647058823529413,0.0,-0.0931372549019608,13.0,5.0,-2.0
2022-12-19,15.0,68.0,0.0,2.0,13.0,8.0,CG,4.533333333333333,0.0,73.47398190045249,327.9261038709508,4.103506787330317,6.351078330336905,1,1,1,1,0,24.0,34.0,-9.0,124.0,123.0,-56.0,5.166666666666667,3.6176470588235294,-0.6333333333333337,0.08333333333333333,0.17647058823529413,-0.08333333333333333,11.0,13.0,-3.0
2022-12-26,27.0,95.0,7.0,2.0,18.0,11.0,CG,3.5185185185185186,0.25925925925925924,73.47088750706614,327.83337730512824,4.109666478236291,6.354565319339324,1,1,1,1,1,15.0,24.0,12.0,68.0,124.0,27.0,4.533333333333333,5.166666666666667,-1.0148148148148146,0.0,0.08333333333333333,0.25925925925925924,8.0,11.0,3.0
2023-01-02,22.0,63.0,6.0,0.0,16.0,8.0,CG,2.8636363636363638,0.2727272727272727,73.48305084745763,327.74110305847876,4.122598870056497,6.376025440762738,1,1,1,1,1,27.0,15.0,-5.0,95.0,68.0,-32.0,3.5185185185185186,4.533333333333333,-0.6548821548821548,0.25925925925925924,0.0,0.013468013468013462,11.0,8.0,-3.0
2023-01-09,27.0,162.0,3.0,0.0,24.0,9.0,CG,6.0,0.1111111111111111,73.47713156408808,327.6486024388461,4.132693393562959,6.388364115708021,1,1,1,1,1,22.0,27.0,5.0,63.0,95.0,99.0,2.8636363636363638,3.5185185185185186,3.1363636363636362,0.2727272727272727,0.25925925925925924,-0.1616161616161616,8.0,11.0,1.0
2023-01-16,27.0,97.0,8.0,1.0,18.0,8.0,CG,3.5925925925925926,0.2962962962962963,73.52708803611738,327.5628358991953,4.145598194130925,6.409621669998996,1,1,1,0,1,27.0,22.0,0.0,162.0,63.0,-65.0,6.0,2.8636363636363638,-2.4074074074074074,0.1111111111111111,0.2727272727272727,0.18518518518518517,9.0,8.0,-1.0
2023-01-23,17.0,63.0,6.0,0.0,11.0,5.0,CG,3.7058823529411766,0.35294117647058826,73.54032712915962,327.4708699041559,4.1584884376762545,6.430759214865568,1,1,1,1,1,27.0,27.0,-10.0,97.0,162.0,-34.0,3.5925925925925926,6.0,0.11328976034858407,0.2962962962962963,0.1111111111111111,0.05664488017429198,8.0,9.0,-3.0
2023-01-30,18.0,74.0,3.0,2.0,13.0,8.0,CG,4.111111111111111,0.16666666666666666,73.53438556933483,327.3786031554191,4.165727170236753,6.436170885225049,1,1,0,1,1,17.0,27.0,1.0,63.0,97.0,11.0,3.7058823529411766,3.5925925925925926,0.4052287581699341,0.35294117647058826,0.2962962962962963,-0.1862745098039216,5.0,8.0,3.0
2023-02-06,18.0,86.0,2.0,1.0,15.0,8.0,CG,4.777777777777778,0.1111111111111111,73.53464788732394,327.2863190263933,4.173521126760563,6.442729902615785,1,0,1,1,1,18.0,17.0,0.0,74.0,63.0,12.0,4.111111111111111,3.7058823529411766,0.666666666666667,0.16666666666666666,0.35294117647058826,-0.05555555555555555,8.0,5.0,0.0
2023-02-13,7.0,64.0,2.0,0.0,5.0,5.0,CG,9.142857142857142,0.2857142857142857,73.54166666666667,327.1942464081988,4.181306306306307,6.449265461804763,0,1,1,1,1,18.0,18.0,-11.0,86.0,74.0,-22.0,4.777777777777778,4.111111111111111,4.365079365079365,0.1111111111111111,0.16666666666666666,0.1746031746031746,8.0,8.0,-3.0
2023-02-20,21.0,72.0,4.0,1.0,16.0,9.0,CG,3.4285714285714284,0.19047619047619047,73.53629712999437,327.1021962560253,4.182892515475521,6.447796254423148,1,1,1,1,1,7.0,18.0,14.0,64.0,86.0,8.0,9.142857142857142,4.777777777777778,-5.7142857142857135,0.2857142857142857,0.1111111111111111,-0.09523809523809523,5.0,8.0,4.0
2023-02-27,14.0,27.0,1.0,1.0,12.0,10.0,CG,1.9285714285714286,0.07142857142857142,73.53543307086615,327.0101475743686,4.1923509561304835,6.458308176142749,1,1,1,1,1,21.0,7.0,-7.0,72.0,64.0,-45.0,3.4285714285714284,9.142857142857142,-1.4999999999999998,0.19047619047619047,0.2857142857142857,-0.11904761904761904,9.0,5.0,1.0
2023-03-06,29.0,176.0,7.0,4.0,18.0,12.0,CG,6.068965517241379,0.2413793103448276,73.50927487352445,326.92003628108716,4.1978639685216415,6.460677626209884,1,1,1,1,1,14.0,21.0,15.0,27.0,72.0,149.0,1.9285714285714286,3.4285714285714284,4.14039408866995,0.07142857142857142,0.19047619047619047,0.16995073891625617,10.0,9.0,2.0
2023-03-13,24.0,159.0,4.0,0.0,20.0,8.0,CG,6.625,0.16666666666666666,73.56685393258427,326.83716831922726,4.211797752808989,6.485559357828628,1,1,1,1,1,29.0,14.0,-5.0,176.0,27.0,-17.0,6.068965517241379,1.9285714285714286,0.556034482758621,0.2413793103448276,0.07142857142857142,-0.07471264367816094,12.0,10.0,-4.0
2023-03-20,25.0,117.0,3.0,3.0,19.0,9.0,CG,4.68,0.12,73.61482313307131,326.75161835063346,4.222908478382931,6.500670031761634,1,1,1,1,1,24.0,29.0,1.0,159.0,176.0,-42.0,6.625,6.068965517241379,-1.9450000000000003,0.16666666666666666,0.2413793103448276,-0.04666666666666666,8.0,12.0,1.0
2023-03-27,20.0,90.0,3.0,1.0,16.0,9.0,CG,4.5,0.15,73.6391694725028,326.6614896129716,4.234567901234568,6.517455963701589,1,1,1,1,1,25.0,24.0,-5.0,117.0,159.0,-27.0,4.68,6.625,-0.17999999999999972,0.12,0.16666666666666666,0.03,9.0,8.0,0.0
2023-04-03,22.0,90.0,3.0,3.0,16.0,9.0,CG,4.090909090909091,0.13636363636363635,73.64834548513741,326.57005074408795,4.243409983174425,6.526315549417025,1,1,1,1,1,20.0,25.0,2.0,90.0,117.0,0.0,4.5,4.68,-0.40909090909090917,0.15,0.12,-0.013636363636363641,9.0,9.0,0.0
2023-04-10,30.0,133.0,1.0,5.0,24.0,12.0,CG,4.433333333333334,0.03333333333333333,73.65751121076234,326.4786886182637,4.253363228699552,6.5380151480022075,1,1,1,1,1,22.0,20.0,8.0,90.0,90.0,43.0,4.090909090909091,4.5,0.34242424242424274,0.13636363636363635,0.15,-0.10303030303030303,9.0,9.0,3.0
2023-04-17,31.0,202.0,5.0,3.0,23.0,10.0,CG,6.516129032258065,0.16129032258064516,73.69075630252101,326.39019615228455,4.267787114845938,6.564529539216532,1,1,1,1,1,30.0,22.0,1.0,133.0,90.0,69.0,4.433333333333334,4.090909090909091,2.0827956989247314,0.03333333333333333,0.13636363636363635,0.12795698924731183,12.0,9.0,-2.0
2023-04-24,33.0,82.0,1.0,9.0,23.0,11.0,CG,2.484848484848485,0.030303030303030304,73.76259798432251,326.31288223131713,4.282754759238522,6.59310431920449,1,1,1,1,1,31.0,30.0,2.0,202.0,133.0,-120.0,6.516129032258065,4.433333333333334,-4.03128054740958,0.16129032258064516,0.03333333333333333,-0.13098729227761485,10.0,12.0,1.0
2023-05-01,17.0,131.0,2.0,2.0,13.0,10.0,CG,7.705882352941177,0.11764705882352941,73.76720761052043,326.22157464852376,4.2988248461108,6.62617343797385,1,1,1,1,1,33.0,31.0,-16.0,82.0,202.0,49.0,2.484848484848485,6.516129032258065,5.221033868092691,0.030303030303030304,0.16129032258064516,0.0873440285204991,11.0,10.0,-1.0
2023-05-08,15.0,75.0,2.0,2.0,11.0,6.0,CG,5.0,0.13333333333333333,73.79921700223714,326.13309421474514,4.30592841163311,6.631125718351137,1,1,1,1,1,17.0,33.0,-2.0,131.0,82.0,-56.0,7.705882352941177,2.484848484848485,-2.7058823529411766,0.11764705882352941,0.030303030303030304,0.01568627450980392,10.0,11.0,-4.0
2023-05-15,17.0,47.0,0.0,0.0,17.0,5.0,CG,2.764705882352941,0.0,73.7998882057015,326.04188216571504,4.311906092789267,6.634090841830867,1,1,1,1,1,15.0,17.0,2.0,75.0,131.0,-28.0,5.0,7.705882352941177,-2.235294117647059,0.13333333333333333,0.11764705882352941,-0.13333333333333333,6.0,10.0,-1.0
2023-05-22,16.0,41.0,2.0,0.0,14.0,5.0,CG,2.5625,0.125,73.78491620111731,325.95136087301097,4.318994413407821,6.639013299489738,1,1,1,1,1,17.0,15.0,-1.0,47.0,75.0,-6.0,2.764705882352941,5.0,-0.20220588235294112,0.0,0.13333333333333333,0.125,5.0,6.0,0.0
2023-05-29,12.0,38.0,0.0,2.0,10.0,6.0,CG,3.1666666666666665,0.0,73.76661083193747,325.8612211405338,4.325516471245114,6.642895305750669,1,1,1,1,1,16.0,17.0,-4.0,41.0,47.0,-3.0,2.5625,2.764705882352941,0.6041666666666665,0.125,0.0,-0.125,5.0,5.0,1.0
2023-06-05,16.0,100.0,0.0,1.0,15.0,8.0,CG,6.25,0.0,73.74665178571429,325.7713322324001,4.329799107142857,6.643514602987703,1,1,1,1,1,12.0,16.0,4.0,38.0,41.0,62.0,3.1666666666666665,2.5625,3.0833333333333335,0.0,0.125,0.0,6.0,5.0,2.0
2023-06-12,12.0,36.0,3.0,2.0,7.0,9.0,CG,3.0,0.25,73.76129392080313,325.6810136853399,4.336307863915226,6.647376561860092,1,1,1,1,1,16.0,12.0,-4.0,100.0,38.0,-64.0,6.25,3.1666666666666665,-3.25,0.0,0.0,0.25,8.0,6.0,1.0
2023-06-19,15.0,31.0,3.0,0.0,12.0,8.0,CG,2.066666666666667,0.2,73.7402452619844,325.5914014692401,4.340579710144928,6.647985315466467,1,1,1,1,1,12.0,16.0,3.0,36.0,100.0,-5.0,3.0,6.25,-0.9333333333333331,0.25,0.0,-0.04999999999999999,9.0,8.0,-1.0
2023-06-26,17.0,70.0,3.0,4.0,10.0,7.0,CG,4.117647058823529,0.17647058823529413,73.71643454038997,325.50220752605856,4.346518105849582,6.650892670999906,1,1,1,1,1,15.0,12.0,2.0,31.0,36.0,39.0,2.066666666666667,3.0,2.050980392156862,0.2,0.25,-0.023529411764705882,8.0,9.0,-1.0
2023-07-03,16.0,39.0,2.0,2.0,12.0,9.0,CG,2.4375,0.125,73.71436525612472,325.41153757229927,4.353563474387528,6.6557402788479125,1,1,1,1,1,17.0,15.0,-1.0,70.0,31.0,-31.0,4.117647058823529,2.066666666666667,-1.680147058823529,0.17647058823529413,0.2,-0.05147058823529413,7.0,8.0,2.0
2023-07-10,14.0,69.0,2.0,2.0,10.0,7.0,CG,4.928571428571429,0.14285714285714285,73.69504730105731,325.321962234996,4.360044518642181,6.659556624137093,1,1,1,1,0,16.0,17.0,-2.0,39.0,70.0,30.0,2.4375,4.117647058823529,2.491071428571429,0.125,0.17647058823529413,0.01785714285714285,9.0,7.0,-2.0
2023-07-17,17.0,48.0,3.0,2.0,12.0,11.0,CG,2.823529411764706,0.17647058823529413,73.6924360400445,325.2314504114642,4.365406006674083,6.661583826974989,1,1,1,1,0,14.0,16.0,3.0,69.0,39.0,-21.0,4.928571428571429,2.4375,-2.1050420168067228,0.14285714285714285,0.125,0.03361344537815128,7.0,9.0,4.0
2023-07-24,12.0,18.0,7.0,0.0,5.0,7.0,CG,1.5,0.5833333333333334,73.6781545302946,325.1415595286823,4.37242912729294,6.666389743796282,1,1,1,1,1,17.0,14.0,-5.0,48.0,69.0,-30.0,2.823529411764706,4.928571428571429,-1.323529411764706,0.17647058823529413,0.14285714285714285,0.4068627450980392,11.0,7.0,-4.0
2023-07-31,14.0,67.0,5.0,1.0,8.0,8.0,CG,4.785714285714286,0.35714285714285715,73.64722222222223,325.0538288565667,4.376666666666667,6.666961175633058,1,1,1,1,0,12.0,17.0,2.0,18.0,48.0,49.0,1.5,2.823529411764706,3.2857142857142856,0.5833333333333334,0.17647058823529413,-0.22619047619047622,7.0,11.0,1.0
2023-08-07,15.0,49.0,3.0,1.0,11.0,9.0,CG,3.2666666666666666,0.2,73.6435313714603,324.96356133089114,4.382009994447529,6.668965317207928,1,1,1,0,0,14.0,12.0,1.0,67.0,18.0,-18.0,4.785714285714286,1.5,-1.519047619047619,0.35714285714285715,0.5833333333333334,-0.15714285714285714,8.0,7.0,1.0
2023-08-14,17.0,46.0,2.0,2.0,13.0,7.0,CG,2.7058823529411766,0.11764705882352941,73.62985571587126,324.8738499576722,4.387902330743618,6.671803991521537,1,1,1,0,0,15.0,14.0,2.0,49.0,67.0,-3.0,3.2666666666666666,4.785714285714286,-0.56078431372549,0.2,0.35714285714285715,-0.0823529411764706,9.0,8.0,-2.0
2023-08-21,22.0,114.0,3.0,1.0,18.0,6.0,CG,5.181818181818182,0.13636363636363635,73.61453133666112,324.784346704386,4.394897393233499,6.676562658457364,1,1,0,1,1,17.0,15.0,5.0,46.0,49.0,68.0,2.7058823529411766,3.2666666666666666,2.475935828877005,0.11764705882352941,0.2,0.018716577540106943,7.0,9.0,-1.0
2023-08-28,14.0,99.0,3.0,1.0,10.0,6.0,CG,7.071428571428571,0.21428571428571427,73.6369179600887,324.6956586721567,4.404656319290465,6.687568490613674,1,0,0,0,0,22.0,17.0,-8.0,114.0,46.0,-15.0,5.181818181818182,2.7058823529411766,1.8896103896103895,0.13636363636363635,0.11764705882352941,0.07792207792207792,6.0,7.0,0.0
2023-09-04,11.0,51.0,1.0,1.0,9.0,7.0,CG,4.636363636363637,0.09090909090909091,73.65096952908587,324.6062019034642,4.409972299168975,6.6895283565718255,0,0,1,0,1,14.0,22.0,-3.0,99.0,114.0,-48.0,7.071428571428571,5.181818181818182,-2.4350649350649345,0.21428571428571427,0.13636363636363635,-0.12337662337662336,6.0,6.0,1.0
2023-09-11,6.0,93.0,3.0,0.0,3.0,4.0,CG,15.5,0.5,73.63842746400886,324.51670854305786,4.413621262458472,6.689472645531554,0,1,0,0,0,11.0,14.0,-5.0,51.0,99.0,42.0,4.636363636363637,7.071428571428571,10.863636363636363,0.09090909090909091,0.21428571428571427,0.40909090909090906,7.0,6.0,-3.0
2023-09-18,18.0,90.0,2.0,1.0,15.0,9.0,CG,5.0,0.1111111111111111,73.6491422246818,324.4271717773803,4.414499169894853,6.6877244995695015,1,0,0,1,0,6.0,11.0,12.0,93.0,51.0,-3.0,15.5,4.636363636363637,-10.5,0.5,0.09090909090909091,-0.3888888888888889,4.0,7.0,5.0
2023-09-25,11.0,23.0,0.0,2.0,9.0,7.0,CG,2.090909090909091,0.0,73.65818584070796,324.33761775758785,4.422013274336283,6.693503605820325,0,0,0,0,0,18.0,6.0,-7.0,90.0,93.0,-67.0,5.0,15.5,-2.909090909090909,0.1111111111111111,0.5,-0.1111111111111111,9.0,4.0,-2.0
2023-10-02,8.0,88.0,3.0,1.0,4.0,6.0,CG,11.0,0.375,73.6301824212272,324.2500977340685,4.425649530127142,6.69343927651113,0,0,1,1,0,11.0,18.0,-3.0,23.0,90.0,65.0,2.090909090909091,5.0,8.90909090909091,0.0,0.1111111111111111,0.375,7.0,9.0,-1.0
2023-10-09,4.0,13.0,2.0,0.0,2.0,2.0,CG,3.25,0.5,73.63812154696133,324.1606399484224,4.427624309392265,6.692116381301144,0,1,0,0,0,8.0,11.0,-4.0,88.0,23.0,-75.0,11.0,2.090909090909091,-7.75,0.375,0.0,0.125,6.0,7.0,-4.0
2023-10-16,17.0,160.0,2.0,6.0,9.0,7.0,CG,9.411764705882353,0.11764705882352941,73.6046383213694,324.0742130075843,4.427388183324131,6.690275021232511,1,0,1,0,0,4.0,8.0,13.0,13.0,88.0,147.0,3.25,11.0,6.161764705882353,0.5,0.375,-0.38235294117647056,2.0,6.0,5.0
2023-10-23,8.0,78.0,3.0,2.0,3.0,6.0,CG,9.75,0.375,73.6523178807947,323.99108399313786,4.434326710816777,6.694945837518312,0,1,0,0,0,17.0,4.0,-9.0,160.0,13.0,-82.0,9.411764705882353,3.25,0.33823529411764675,0.11764705882352941,0.5,0.25735294117647056,7.0,2.0,-1.0
2023-10-30,13.0,84.0,3.0,3.0,7.0,6.0,CG,6.461538461538462,0.23076923076923078,73.65471594043022,323.90168623623583,4.436293436293436,6.6936220463421785,1,0,0,0,0,8.0,17.0,5.0,78.0,160.0,6.0,9.75,9.411764705882353,-3.2884615384615383,0.375,0.11764705882352941,-0.14423076923076922,6.0,7.0,0.0
2023-11-06,8.0,91.0,3.0,0.0,5.0,4.0,CG,11.375,0.375,73.66041896361632,323.8124374691699,4.441014332965821,6.694795853821039,0,0,0,0,1,13.0,8.0,-5.0,84.0,78.0,7.0,6.461538461538462,9.75,4.913461538461538,0.23076923076923078,0.375,0.14423076923076922,6.0,6.0,-2.0
2023-11-13,4.0,13.0,2.0,0.0,2.0,4.0,CG,3.25,0.5,73.66997245179063,323.7234273178749,4.44297520661157,6.693471614702421,0,0,0,0,1,8.0,13.0,-4.0,91.0,84.0,-78.0,11.375,6.461538461538462,-8.125,0.375,0.23076923076923078,0.125,4.0,6.0,0.0
2023-11-20,11.0,68.0,3.0,1.0,7.0,6.0,CG,6.181818181818182,0.2727272727272727,73.63656387665198,323.6373664711723,4.442731277533039,6.691635502928784,0,0,0,0,0,4.0,8.0,7.0,13.0,91.0,55.0,3.25,11.375,2.9318181818181817,0.5,0.375,-0.2272727272727273,4.0,4.0,2.0
2023-11-27,5.0,24.0,2.0,0.0,3.0,3.0,CG,4.8,0.4,73.63346175013758,323.5482740176229,4.446340121078701,6.691561281184581,0,0,0,0,1,11.0,4.0,-6.0,68.0,13.0,-44.0,6.181818181818182,3.25,-1.3818181818181818,0.2727272727272727,0.5,0.12727272727272732,6.0,4.0,-3.0
2023-12-04,6.0,46.0,4.0,1.0,1.0,4.0,CG,7.666666666666667,0.6666666666666666,73.6061606160616,323.46132273240653,4.446644664466446,6.689732253932761,0,0,0,1,1,5.0,11.0,1.0,24.0,68.0,22.0,4.8,6.181818181818182,2.866666666666667,0.4,0.2727272727272727,0.2666666666666666,3.0,6.0,1.0
2023-12-11,9.0,44.0,1.0,0.0,8.0,5.0,CG,4.888888888888889,0.1111111111111111,73.59098405717427,323.3729975434408,4.447498625618472,6.6879913119029535,0,0,0,1,1,6.0,5.0,3.0,46.0,24.0,-2.0,7.666666666666667,4.8,-2.7777777777777777,0.6666666666666666,0.4,-0.5555555555555556,4.0,3.0,1.0
2023-12-18,8.0,26.0,1.0,1.0,6.0,5.0,CG,3.25,0.125,73.57472527472528,323.28484185082465,4.45,6.687004208808313,0,0,1,0,1,9.0,6.0,-1.0,44.0,46.0,-18.0,4.888888888888889,7.666666666666667,-1.6388888888888893,0.1111111111111111,0.6666666666666666,0.013888888888888895,5.0,4.0,0.0
2023-12-25,11.0,40.0,4.0,0.0,7.0,7.0,CG,3.6363636363636362,0.36363636363636365,73.54859967051071,323.1979379804212,4.451949478308622,6.685684459496397,0,1,1,1,0,8.0,9.0,3.0,26.0,44.0,14.0,3.25,4.888888888888889,0.38636363636363624,0.125,0.1111111111111111,0.23863636363636365,5.0,5.0,2.0
2024-01-01,23.0,1274.0,5.0,0.0,18.0,9.0,CG,55.391304347826086,0.21739130434782608,73.53018660812295,323.1101398285761,4.455543358946213,6.685608689053612,1,1,0,1,0,11.0,8.0,12.0,40.0,26.0,1234.0,3.6363636363636362,3.25,51.75494071146245,0.36363636363636365,0.125,-0.14624505928853757,7.0,5.0,2.0
2024-01-08,14.0,58.0,4.0,1.0,9.0,6.0,CG,4.142857142857143,0.2857142857142857,74.18869994514536,324.2427918751565,4.465715852989578,6.697870921806988,1,0,1,1,1,23.0,11.0,-9.0,1274.0,40.0,-1216.0,55.391304347826086,3.6363636363636362,-51.24844720496894,0.21739130434782608,0.36363636363636365,0.06832298136645962,9.0,7.0,-3.0
2024-01-15,10.0,127.0,5.0,2.0,3.0,7.0,CG,12.7,0.5,74.1798245614035,324.1540702002622,4.47094298245614,6.699753967452382,0,1,1,1,0,14.0,23.0,-4.0,58.0,1274.0,69.0,4.142857142857143,55.391304347826086,8.557142857142857,0.2857142857142857,0.21739130434782608,0.2142857142857143,6.0,9.0,1.0
2024-01-22,19.0,91.0,6.0,2.0,11.0,8.0,CG,4.7894736842105265,0.3157894736842105,74.20876712328767,324.0675586949949,4.473972602739726,6.699167502720925,1,1,1,0,0,10.0,14.0,9.0,127.0,58.0,-36.0,12.7,4.142857142857143,-7.910526315789473,0.5,0.2857142857142857,-0.1842105263157895,7.0,6.0,1.0
2024-01-29,21.0,79.0,10.0,2.0,9.0,7.0,CG,3.761904761904762,0.47619047619047616,74.21796276013143,323.97899919324755,4.481927710843373,6.705953340107796,1,1,1,0,1,19.0,10.0,2.0,91.0,127.0,-12.0,4.7894736842105265,12.7,-1.0275689223057647,0.3157894736842105,0.5,0.16040100250626566,8.0,7.0,-1.0
2024-02-05,12.0,231.0,7.0,1.0,4.0,4.0,CG,19.25,0.5833333333333334,74.22058018609742,323.89029360656025,4.490968801313629,6.715245646161594,1,1,0,1,1,21.0,19.0,-9.0,79.0,91.0,152.0,3.761904761904762,4.7894736842105265,15.488095238095237,0.47619047619047616,0.3157894736842105,0.1071428571428572,7.0,8.0,-3.0
2024-02-12,13.0,99.0,4.0,0.0,9.0,3.0,CG,7.615384615384615,0.3076923076923077,74.30634573304158,323.822404013696,4.49507658643326,6.715704527130314,1,0,0,0,1,12.0,21.0,1.0,231.0,79.0,-132.0,19.25,3.761904761904762,-11.634615384615385,0.5833333333333334,0.47619047619047616,-0.27564102564102566,4.0,7.0,-1.0
2024-02-19,11.0,37.0,4.0,1.0,6.0,6.0,CG,3.3636363636363638,0.36363636363636365,74.31984691088026,323.73433394804107,4.499726626571897,6.7168119954749725,0,0,1,0,1,13.0,12.0,-2.0,99.0,231.0,-62.0,7.615384615384615,19.25,-4.251748251748252,0.3076923076923077,0.5833333333333334,0.05594405594405594,3.0,4.0,3.0
2024-02-26,11.0,17.0,5.0,1.0,5.0,6.0,CG,1.5454545454545454,0.45454545454545453,74.29945355191256,323.64699726800785,4.50327868852459,6.716694571278568,0,1,0,1,0,11.0,13.0,0.0,37.0,99.0,-20.0,3.3636363636363638,7.615384615384615,-1.8181818181818183,0.36363636363636365,0.3076923076923077,0.09090909090909088,6.0,3.0,0.0
2024-03-04,18.0,82.0,4.0,2.0,12.0,8.0,CG,4.555555555555555,0.2222222222222222,74.26815947569634,323.56132798780754,4.506826870562534,6.71657539690872,1,0,0,1,1,11.0,11.0,7.0,17.0,37.0,65.0,1.5454545454545454,3.3636363636363638,3.01010101010101,0.45454545454545453,0.36363636363636365,-0.23232323232323232,6.0,6.0,2.0
2024-03-11,6.0,29.0,0.0,2.0,4.0,4.0,CG,4.833333333333333,0.0,74.27237991266375,323.473009908019,4.514192139737991,6.722137145387755,0,0,1,1,1,18.0,11.0,-12.0,82.0,17.0,-53.0,4.555555555555555,1.5454545454545454,0.2777777777777777,0.2222222222222222,0.45454545454545453,-0.2222222222222222,8.0,6.0,-4.0
2024-03-18,11.0,39.0,4.0,0.0,7.0,4.0,CG,3.5454545454545454,0.36363636363636365,74.24768139661757,323.38644257378394,4.515002727768685,6.7203918573767405,0,1,1,1,1,6.0,18.0,5.0,29.0,82.0,10.0,4.833333333333333,4.555555555555555,-1.2878787878787876,0.0,0.2222222222222222,0.36363636363636365,4.0,8.0,0.0
2024-03-25,17.0,61.0,5.0,0.0,12.0,9.0,CG,3.588235294117647,0.29411764705882354,74.22846237731734,323.29926587609134,4.518538713195202,6.720264754113884,1,1,1,0,1,11.0,6.0,6.0,39.0,29.0,22.0,3.5454545454545454,4.833333333333333,0.042780748663101775,0.36363636363636365,0.0,-0.06951871657754011,4.0,4.0,5.0
2024-04-01,29.0,130.0,9.0,2.0,18.0,11.0,CG,4.482758620689655,0.3103448275862069,74.22125340599455,323.21126090727745,4.525340599455041,6.724747653587484,1,1,1,1,1,17.0,11.0,12.0,61.0,39.0,69.0,3.588235294117647,3.5454545454545454,0.8945233265720076,0.29411764705882354,0.36363636363636365,0.016227180527383367,9.0,4.0,2.0
2024-04-08,20.0,82.0,4.0,0.0,16.0,6.0,CG,4.1,0.2,74.2516339869281,323.12580263691984,4.538671023965142,6.747136009923205,1,1,0,1,1,29.0,17.0,-9.0,130.0,61.0,-48.0,4.482758620689655,3.588235294117647,-0.38275862068965516,0.3103448275862069,0.29411764705882354,-0.1103448275862069,11.0,9.0,-5.0
2024-04-15,22.0,95.0,5.0,2.0,15.0,9.0,CG,4.318181818181818,0.22727272727272727,74.25585193249864,323.0378440142191,4.5470876428960265,6.7549375517743435,1,0,1,1,1,20.0,29.0,2.0,82.0,130.0,13.0,4.1,4.482758620689655,0.2181818181818187,0.2,0.3103448275862069,0.027272727272727254,6.0,11.0,3.0
2024-04-22,7.0,17.0,3.0,0.0,4.0,3.0,CG,2.4285714285714284,0.42857142857142855,74.2671381936888,322.9502691425103,4.556583242655059,6.765357953007043,0,1,1,1,1,22.0,20.0,-15.0,95.0,82.0,-78.0,4.318181818181818,4.1,-1.88961038961039,0.22727272727272727,0.2,0.20129870129870128,9.0,6.0,-6.0
2024-04-29,14.0,175.0,6.0,0.0,8.0,5.0,CG,12.5,0.42857142857142855,74.23599782490484,322.86516519278456,4.557911908646004,6.763757285154093,1,1,1,1,1,7.0,22.0,7.0,17.0,95.0,158.0,2.4285714285714284,4.318181818181818,10.071428571428571,0.42857142857142855,0.22727272727272727,0.0,3.0,9.0,2.0
2024-05-06,19.0,59.0,8.0,2.0,9.0,8.0,CG,3.1052631578947367,0.42105263157894735,74.29076086956522,322.785918245151,4.5630434782608695,6.76549987488789,1,1,1,1,0,14.0,7.0,5.0,175.0,17.0,-116.0,12.5,2.4285714285714284,-9.394736842105264,0.42857142857142855,0.42857142857142855,-0.007518796992481203,5.0,3.0,3.0
2024-05-13,19.0,68.0,4.0,3.0,12.0,8.0,CG,3.5789473684210527,0.21052631578947367,74.28245518739816,322.69838953811114,4.570885388375883,6.772025235610713,1,1,1,1,1,19.0,14.0,0.0,59.0,175.0,9.0,3.1052631578947367,12.5,0.47368421052631593,0.42105263157894735,0.42857142857142855,-0.21052631578947367,8.0,5.0,0.0
2024-05-20,12.0,60.0,2.0,0.0,10.0,6.0,CG,5.0,0.16666666666666666,74.27904451682953,322.61076869462903,4.57871878393051,6.778528173744163,1,1,1,1,1,19.0,19.0,-7.0,68.0,59.0,-8.0,3.5789473684210527,3.1052631578947367,1.4210526315789473,0.21052631578947367,0.42105263157894735,-0.043859649122807015,8.0,8.0,-2.0
2024-05-27,13.0,95.0,5.0,1.0,7.0,6.0,CG,7.3076923076923075,0.38461538461538464,74.27129679869778,322.5233575290197,4.582745523602822,6.778892454020508,1,1,1,1,1,12.0,19.0,1.0,60.0,68.0,35.0,5.0,3.5789473684210527,2.3076923076923075,0.16666666666666666,0.21052631578947367,0.21794871794871798,6.0,8.0,0.0
2024-06-03,28.0,423.0,4.0,1.0,23.0,7.0,CG,15.107142857142858,0.14285714285714285,74.28253796095444,322.4362074370236,4.587310195227766,6.7798872331700775,1,1,1,0,0,13.0,12.0,15.0,95.0,60.0,328.0,7.3076923076923075,5.0,7.79945054945055,0.38461538461538464,0.16666666666666666,-0.2417582417582418,6.0,6.0,1.0
2024-06-10,20.0,178.0,4.0,3.0,13.0,7.0,CG,8.9,0.2,74.47154471544715,322.45098482058717,4.6,6.799929819722062,1,1,1,1,0,28.0,13.0,-8.0,423.0,95.0,-245.0,15.107142857142858,7.3076923076923075,-6.207142857142857,0.14285714285714285,0.38461538461538464,0.05714285714285716,7.0,6.0,0.0
2024-06-17,15.0,400.0,6.0,0.0,9.0,5.0,CG,26.666666666666668,0.4,74.52762730227519,322.37259334226206,4.608342361863489,6.807529369201069,1,1,0,1,1,20.0,28.0,-5.0,178.0,423.0,222.0,8.9,15.107142857142858,17.766666666666666,0.2,0.14285714285714285,0.2,7.0,7.0,-2.0
2024-06-24,13.0,39.0,7.0,0.0,6.0,4.0,CG,3.0,0.5384615384615384,74.70384407146724,322.37423241001005,4.613968597726042,6.809979278504541,1,0,1,1,0,15.0,20.0,-2.0,400.0,178.0,-361.0,26.666666666666668,8.9,-23.666666666666668,0.4,0.2,0.1384615384615384,5.0,7.0,-1.0
2024-07-01,11.0,35.0,5.0,2.0,4.0,6.0,CG,3.1818181818181817,0.45454545454545453,74.68452380952381,322.2880210794962,4.6185064935064934,6.810929744441301,0,1,1,0,1,13.0,15.0,-2.0,39.0,400.0,-4.0,3.0,26.666666666666668,0.18181818181818166,0.5384615384615384,0.4,-0.0839160839160839,4.0,5.0,2.0
2024-07-08,13.0,34.0,5.0,2.0,6.0,8.0,CG,2.6153846153846154,0.38461538461538464,74.66306111411573,322.202131885726,4.621957815035154,6.810703812722029,1,1,1,0,0,11.0,13.0,2.0,35.0,39.0,-1.0,3.1818181818181817,3.0,-0.5664335664335662,0.45454545454545453,0.5384615384615384,-0.0699300699300699,6.0,4.0,2.0
2024-07-15,22.0,87.0,6.0,0.0,16.0,4.0,CG,3.9545454545454546,0.2727272727272727,74.64108108108108,322.1163786997324,4.6264864864864865,6.811647445411812,1,1,0,1,1,13.0,11.0,9.0,34.0,35.0,53.0,2.6153846153846154,3.1818181818181817,1.3391608391608392,0.38461538461538464,0.45454545454545453,-0.11188811188811193,8.0,6.0,-4.0
2024-07-22,13.0,107.0,2.0,1.0,10.0,5.0,CG,8.23076923076923,0.15384615384615385,74.64775796866559,322.02943657474276,4.6358725013506215,6.821768735766102,1,0,0,0,1,22.0,13.0,-9.0,87.0,34.0,20.0,3.9545454545454546,2.6153846153846154,4.276223776223775,0.2727272727272727,0.38461538461538464,-0.11888111888111885,4.0,8.0,1.0
2024-07-29,10.0,28.0,2.0,3.0,5.0,4.0,CG,2.8,0.2,74.66522678185746,321.9433145864622,4.640388768898488,6.822694631256852,0,0,1,1,1,13.0,22.0,-3.0,107.0,87.0,-79.0,8.23076923076923,3.9545454545454546,-5.43076923076923,0.15384615384615385,0.2727272727272727,0.046153846153846156,5.0,4.0,-1.0
2024-08-05,8.0,20.0,1.0,1.0,6.0,3.0,CG,2.5,0.125,74.6400431732326,321.8582107607687,4.64328116567728,6.821988684900283,0,1,0,0,0,10.0,13.0,-2.0,28.0,107.0,-8.0,2.8,8.23076923076923,-0.2999999999999998,0.2,0.15384615384615385,-0.07500000000000001,4.0,5.0,-1.0
2024-08-12,24.0,89.0,7.0,3.0,14.0,8.0,CG,3.7083333333333335,0.2916666666666667,74.61057173678533,321.77385343405604,4.645091693635383,6.82059317625611,1,0,1,1,1,8.0,10.0,16.0,20.0,28.0,69.0,2.5,2.8,1.2083333333333335,0.125,0.2,0.16666666666666669,3.0,4.0,5.0
2024-08-19,10.0,42.0,2.0,6.0,2.0,6.0,CG,4.2,0.2,74.61832884097035,321.6872369437805,4.655525606469003,6.833545693382439,0,1,0,1,1,24.0,8.0,-14.0,89.0,20.0,-47.0,3.7083333333333335,2.5,0.4916666666666667,0.2916666666666667,0.125,-0.09166666666666667,8.0,3.0,-2.0
2024-08-26,13.0,42.0,3.0,1.0,9.0,7.0,CG,3.230769230769231,0.23076923076923078,74.60075431034483,321.6014083518263,4.658405172413793,6.832829775296081,1,0,1,1,1,10.0,24.0,3.0,42.0,89.0,0.0,4.2,3.7083333333333335,-0.9692307692307693,0.2,0.2916666666666667,0.03076923076923077,6.0,8.0,1.0
2024-09-02,10.0,35.0,2.0,3.0,5.0,5.0,CG,3.5,0.2,74.58319870759289,321.5156484130454,4.662897145934303,6.833730900791813,0,1,1,0,0,13.0,10.0,-3.0,42.0,42.0,-7.0,3.230769230769231,4.2,0.26923076923076916,0.23076923076923078,0.2,-0.03076923076923077,7.0,6.0,-2.0
2024-09-09,15.0,26.0,3.0,2.0,10.0,8.0,CG,1.7333333333333334,0.2,74.56189451022605,321.4303799681482,4.665769644779332,6.83301257305961,1,1,1,1,0,10.0,13.0,5.0,35.0,42.0,-9.0,3.5,3.230769230769231,-1.7666666666666666,0.2,0.23076923076923078,0.0,5.0,7.0,3.0
2024-09-16,29.0,127.0,4.0,2.0,23.0,12.0,CG,4.379310344827586,0.13793103448275862,74.5357719203873,321.34584313391105,4.671328671328672,6.835377084010402,1,1,0,1,0,15.0,10.0,14.0,26.0,35.0,101.0,1.7333333333333334,3.5,2.645977011494253,0.2,0.2,-0.06206896551724139,8.0,5.0,4.0
2024-09-23,16.0,59.0,4.0,2.0,10.0,7.0,CG,3.6875,0.25,74.56397849462365,321.2617049201103,4.684408602150538,6.856782346487444,1,0,1,1,0,29.0,15.0,-13.0,127.0,26.0,-68.0,4.379310344827586,1.7333333333333334,-0.6918103448275863,0.13793103448275862,0.2,0.11206896551724138,12.0,8.0,-5.0
2024-09-30,7.0,13.0,0.0,1.0,6.0,3.0,CG,1.8571428571428572,0.0,74.55561526061257,321.1755352747829,4.69048898441698,6.85995554920801,0,1,1,0,0,16.0,29.0,-9.0,59.0,127.0,-46.0,3.6875,4.379310344827586,-1.8303571428571428,0.25,0.13793103448275862,-0.25,7.0,12.0,-4.0
2024-10-07,20.0,43.0,5.0,3.0,12.0,7.0,CG,2.15,0.25,74.52255639097744,321.0924013848649,4.69172932330827,6.858321061035128,1,1,1,0,1,7.0,16.0,13.0,13.0,59.0,30.0,1.8571428571428572,3.6875,0.2928571428571427,0.0,0.25,0.25,3.0,7.0,4.0
2024-10-14,15.0,87.0,6.0,1.0,8.0,9.0,CG,5.8,0.4,74.50563607085346,321.006998135887,4.699946323134729,6.865645965175934,1,1,0,0,1,20.0,7.0,-5.0,43.0,13.0,44.0,2.15,1.8571428571428572,3.65,0.25,0.0,0.15000000000000002,7.0,3.0,2.0
2024-10-21,15.0,65.0,5.0,1.0,9.0,7.0,CG,4.333333333333333,0.3333333333333333,74.51233905579399,320.9209638078828,4.705472103004292,6.867947920134651,1,0,0,0,0,15.0,20.0,0.0,87.0,43.0,-22.0,5.8,2.15,-1.4666666666666668,0.4,0.25,-0.06666666666666671,9.0,7.0,-2.0
2024-10-28,7.0,37.0,3.0,0.0,4.0,3.0,CG,5.285714285714286,0.42857142857142855,74.50723860589812,320.8349439205352,4.710991957104557,6.870242195476523,0,0,0,0,1,15.0,15.0,-8.0,65.0,87.0,-28.0,4.333333333333333,5.8,0.9523809523809526,0.3333333333333333,0.4,0.09523809523809523,7.0,9.0,-4.0
2024-11-04,9.0,30.0,3.0,0.0,6.0,7.0,CG,3.3333333333333335,0.3333333333333333,74.4871382636656,320.7500928861873,4.712218649517685,6.868604465257555,0,0,0,1,0,7.0,15.0,2.0,37.0,65.0,-7.0,5.285714285714286,4.333333333333333,-1.952380952380952,0.42857142857142855,0.3333333333333333,-0.09523809523809523,3.0,7.0,4.0
2024-11-11,9.0,56.0,1.0,1.0,7.0,4.0,CG,6.222222222222222,0.1111111111111111,74.46331012319229,320.66578835678393,4.714515265131227,6.867480751607173,0,0,0,1,,9.0,7.0,0.0,30.0,37.0,26.0,3.3333333333333335,5.285714285714286,2.888888888888889,0.3333333333333333,0.42857142857142855,-0.2222222222222222,7.0,3.0,-3.0
2024-11-18,6.0,12.0,0.0,1.0,5.0,5.0,CG,2.0,0.0,74.45342612419701,320.5801841944763,4.716809421841542,6.866357290779882,0,0,1,0,,9.0,9.0,-3.0,56.0,30.0,-44.0,6.222222222222222,3.3333333333333335,-4.222222222222222,0.1111111111111111,0.3333333333333333,-0.1111111111111111,4.0,7.0,1.0
2024-11-25,10.0,30.0,2.0,1.0,7.0,8.0,CG,3.0,0.2,74.42001070090957,320.4976200538332,4.717495987158909,6.864583324504734,0,1,1,1,,6.0,9.0,4.0,12.0,56.0,18.0,2.0,6.222222222222222,1.0,0.0,0.1111111111111111,0.2,5.0,4.0,3.0
2024-12-02,17.0,31.0,5.0,1.0,11.0,8.0,CG,1.8235294117647058,0.29411764705882354,74.39625668449197,320.41351473481484,4.720320855614974,6.863833762205211,1,1,0,0,,10.0,6.0,7.0,30.0,12.0,1.0,3.0,2.0,-1.1764705882352942,0.2,0.0,0.09411764705882353,8.0,5.0,0.0
2024-12-09,17.0,42.0,4.0,0.0,13.0,9.0,CG,2.4705882352941178,0.23529411764705882,74.37306253340459,320.32940231980336,4.726884019241048,6.867868210835701,1,0,1,,,17.0,10.0,0.0,31.0,30.0,11.0,1.8235294117647058,3.0,0.6470588235294119,0.29411764705882354,0.2,-0.05882352941176472,8.0,8.0,1.0
2024-12-16,10.0,52.0,3.0,0.0,7.0,5.0,CG,5.2,0.3,74.35576923076923,320.24466116159994,4.733440170940171,6.871889720442992,0,1,0,,,17.0,17.0,-7.0,42.0,31.0,10.0,2.4705882352941178,1.8235294117647058,2.7294117647058824,0.23529411764705882,0.29411764705882354,0.06470588235294117,9.0,8.0,-4.0
2024-12-23,24.0,104.0,4.0,3.0,17.0,6.0,CG,4.333333333333333,0.16666666666666666,74.34383342231713,320.15953102347095,4.736252002135611,6.871131720171589,1,0,,,,10.0,17.0,14.0,52.0,42.0,52.0,5.2,2.4705882352941178,-0.8666666666666671,0.3,0.23529411764705882,-0.13333333333333333,5.0,9.0,1.0
2024-12-30,6.0,31.0,0.0,0.0,6.0,2.0,CG,5.166666666666667,0.0,74.35965848452508,320.07478570031196,4.7465314834578445,6.883695634791043,0,,,,,24.0,10.0,-18.0,104.0,52.0,-73.0,4.333333333333333,5.2,0.8333333333333339,0.16666666666666666,0.3,-0.16666666666666666,6.0,5.0,-4.0
