country,week,countryweek_escalation_prob
Afghanistan,2016-01-04,0.9824444514637424
Afghanistan,2016-01-11,0.9812752666394674
Afghanistan,2016-01-18,0.9807169892215422
Afghanistan,2016-01-25,0.9811088425173872
Afghanistan,2016-02-01,0.9852502208568649
Afghanistan,2016-02-08,0.9812804300856287
Afghanistan,2016-02-15,0.9785306620810797
Afghanistan,2016-02-22,0.9837721883977905
Afghanistan,2016-02-29,0.9763383101492349
Afghanistan,2016-03-07,0.9836462829291169
Afghanistan,2016-03-14,0.9751117976240545
Afghanistan,2016-03-21,0.9840286988359205
Afghanistan,2016-03-28,0.981042522557416
Afghanistan,2016-04-04,0.9825630300989104
Afghanistan,2016-04-11,0.9851067933462772
Afghanistan,2016-04-18,0.9720651941154334
Afghanistan,2016-04-25,0.9844784332100023
Afghanistan,2016-05-02,0.9733375799873727
Afghanistan,2016-05-09,0.9819638084229391
Afghanistan,2016-05-16,0.982269861836421
Afghanistan,2016-05-23,0.9803356110177597
Afghanistan,2016-05-30,0.9745472214046988
Afghanistan,2016-06-06,0.9745449771110813
Afghanistan,2016-06-13,0.9845199097890961
Afghanistan,2016-06-20,0.9809089714103257
Afghanistan,2016-06-27,0.9788821263966155
Afghanistan,2016-07-04,0.9719644507948516
Afghanistan,2016-07-11,0.9782416672641197
Afghanistan,2016-07-18,0.9773382711899846
Afghanistan,2016-07-25,0.9811071875867009
Afghanistan,2016-08-01,0.9648001017102903
Afghanistan,2016-08-08,0.9842804061515619
Afghanistan,2016-08-15,0.9760477836425322
Afghanistan,2016-08-22,0.9826059035058711
Afghanistan,2016-08-29,0.9774893758147066
Afghanistan,2016-09-05,0.9711795533858206
Afghanistan,2016-09-12,0.972416721548476
Afghanistan,2016-09-19,0.9817763326366484
Afghanistan,2016-09-26,0.9808118155452737
Afghanistan,2016-10-03,0.9845969812106369
Afghanistan,2016-10-10,0.9699493196438524
Afghanistan,2016-10-17,0.9421113626833565
Afghanistan,2016-10-24,0.9790951021014277
Afghanistan,2016-10-31,0.9807183781840866
Afghanistan,2016-11-07,0.9728835498352749
Afghanistan,2016-11-14,0.9743691170734698
Afghanistan,2016-11-21,0.9759051478560311
Afghanistan,2016-11-28,0.9843627402475196
Afghanistan,2016-12-05,0.9772106934108112
Afghanistan,2016-12-12,0.9786470348610127
Afghanistan,2016-12-19,0.979805546516284
Bolivia,2016-01-04,0.17260030439772578
Bolivia,2016-01-11,0.17260030439772578
Bolivia,2016-01-18,0.17260030439772578
Bolivia,2016-01-25,0.17260030439772578
Bolivia,2016-02-01,0.17260030439772578
Bolivia,2016-02-08,0.17260030439772578
Bolivia,2016-02-15,0.17260030439772578
Bolivia,2016-02-22,0.17260030439772578
Bolivia,2016-02-29,0.17260030439772578
Bolivia,2016-03-07,0.17260030439772578
Bolivia,2016-03-14,0.17260030439772578
Bolivia,2016-03-21,0.17260030439772578
Bolivia,2016-03-28,0.17260030439772578
Bolivia,2016-04-04,0.17260030439772578
Bolivia,2016-04-11,0.17260030439772578
Bolivia,2016-04-18,0.17260030439772578
Bolivia,2016-04-25,0.17260030439772578
Bolivia,2016-05-02,0.17260030439772578
Bolivia,2016-05-09,0.17260030439772578
Bolivia,2016-05-16,0.17260030439772578
Bolivia,2016-05-23,0.17260030439772578
Bolivia,2016-05-30,0.17260030439772578
Bolivia,2016-06-06,0.17260030439772578
Bolivia,2016-06-13,0.17260030439772578
Bolivia,2016-06-20,0.17260030439772578
Bolivia,2016-06-27,0.17260030439772578
Bolivia,2016-07-04,0.17260030439772578
Bolivia,2016-07-11,0.17260030439772578
Bolivia,2016-07-18,0.17260030439772578
Bolivia,2016-07-25,0.17260030439772578
Bolivia,2016-08-01,0.17260030439772578
Bolivia,2016-08-08,0.17260030439772578
Bolivia,2016-08-15,0.17260030439772578
Bolivia,2016-08-22,0.17260030439772578
Bolivia,2016-08-29,0.17260030439772578
Bolivia,2016-09-05,0.17260030439772578
Bolivia,2016-09-12,0.17260030439772578
Bolivia,2016-09-19,0.17260030439772578
Bolivia,2016-09-26,0.17260030439772578
Bolivia,2016-10-03,0.17260030439772578
Bolivia,2016-10-10,0.17260030439772578
Bolivia,2016-10-17,0.17260030439772578
Bolivia,2016-10-24,0.17260030439772578
Bolivia,2016-10-31,0.17260030439772578
Bolivia,2016-11-07,0.17260030439772578
Bolivia,2016-11-14,0.17260030439772578
Bolivia,2016-11-21,0.17260030439772578
Bolivia,2016-11-28,0.17260030439772578
Bolivia,2016-12-05,0.17260030439772578
Bolivia,2016-12-12,0.17260030439772578
Bolivia,2016-12-19,0.17260030439772578
Colombia,2016-01-04,0.47706784391758594
Colombia,2016-01-11,0.4592158992169281
Colombia,2016-01-18,0.3957570683583389
Colombia,2016-01-25,0.4496324078519427
Colombia,2016-02-01,0.49192867936397483
Colombia,2016-02-08,0.46084406850972254
Colombia,2016-02-15,0.5442328703631122
Colombia,2016-02-22,0.5551903288443493
Colombia,2016-02-29,0.4398146845265913
Colombia,2016-03-07,0.4627129922093844
Colombia,2016-03-14,0.6033339424582546
Colombia,2016-03-21,0.4946304054862427
Colombia,2016-03-28,0.4708593467351609
Colombia,2016-04-04,0.4278519129497926
Colombia,2016-04-11,0.4875294657920894
Colombia,2016-04-18,0.3827255520586437
Colombia,2016-04-25,0.4218081706595651
Colombia,2016-05-02,0.609157336005478
Colombia,2016-05-09,0.6595113277324396
Colombia,2016-05-16,0.5907735936844292
Colombia,2016-05-23,0.4692473707406666
Colombia,2016-05-30,0.48980787292340744
Colombia,2016-06-06,0.4902913442748514
Colombia,2016-06-13,0.4788941021077741
Colombia,2016-06-20,0.47337846038362036
Colombia,2016-06-27,0.456827801749867
Colombia,2016-07-04,0.513928618638503
Colombia,2016-07-11,0.5008639475087148
Colombia,2016-07-18,0.42455820318607357
Colombia,2016-07-25,0.4235412310935454
Colombia,2016-08-01,0.4643300935041071
Colombia,2016-08-08,0.4424365279061264
Colombia,2016-08-15,0.3706988640062572
Colombia,2016-08-22,0.35562998223897263
Colombia,2016-08-29,0.4593461188263872
Colombia,2016-09-05,0.5352990716793925
Colombia,2016-09-12,0.48056773762636623
Colombia,2016-09-19,0.5099642784884034
Colombia,2016-09-26,0.5389026048333069
Colombia,2016-10-03,0.4434101977830592
Colombia,2016-10-10,0.4436759168194761
Colombia,2016-10-17,0.47055892088182727
Colombia,2016-10-24,0.5411071408397005
Colombia,2016-10-31,0.5543661303921524
Colombia,2016-11-07,0.4593038158857718
Colombia,2016-11-14,0.5027215966859625
Colombia,2016-11-21,0.43524929292524855
Colombia,2016-11-28,0.37795387784189555
Colombia,2016-12-05,0.44785976566764124
Colombia,2016-12-12,0.48410780636646905
Colombia,2016-12-19,0.5125870609487547
Ecuador,2016-01-04,0.17260030439772578
Ecuador,2016-01-11,0.17260030439772578
Ecuador,2016-01-18,0.17260030439772578
Ecuador,2016-01-25,0.17260030439772578
Ecuador,2016-02-01,0.17260030439772578
Ecuador,2016-02-08,0.17260030439772578
Ecuador,2016-02-15,0.17260030439772578
Ecuador,2016-02-22,0.17260030439772578
Ecuador,2016-02-29,0.17260030439772578
Ecuador,2016-03-07,0.17260030439772578
Ecuador,2016-03-14,0.17260030439772578
Ecuador,2016-03-21,0.17260030439772578
Ecuador,2016-03-28,0.17260030439772578
Ecuador,2016-04-04,0.17260030439772578
Ecuador,2016-04-11,0.17260030439772578
Ecuador,2016-04-18,0.17260030439772578
Ecuador,2016-04-25,0.17260030439772578
Ecuador,2016-05-02,0.17260030439772578
Ecuador,2016-05-09,0.17260030439772578
Ecuador,2016-05-16,0.17260030439772578
Ecuador,2016-05-23,0.17260030439772578
Ecuador,2016-05-30,0.17260030439772578
Ecuador,2016-06-06,0.17260030439772578
Ecuador,2016-06-13,0.17260030439772578
Ecuador,2016-06-20,0.17260030439772578
Ecuador,2016-06-27,0.17260030439772578
Ecuador,2016-07-04,0.17260030439772578
Ecuador,2016-07-11,0.17260030439772578
Ecuador,2016-07-18,0.17260030439772578
Ecuador,2016-07-25,0.17260030439772578
Ecuador,2016-08-01,0.17260030439772578
Ecuador,2016-08-08,0.17260030439772578
Ecuador,2016-08-15,0.17260030439772578
Ecuador,2016-08-22,0.17260030439772578
Ecuador,2016-08-29,0.17260030439772578
Ecuador,2016-09-05,0.17260030439772578
Ecuador,2016-09-12,0.17260030439772578
Ecuador,2016-09-19,0.17260030439772578
Ecuador,2016-09-26,0.17260030439772578
Ecuador,2016-10-03,0.17260030439772578
Ecuador,2016-10-10,0.17260030439772578
Ecuador,2016-10-17,0.17260030439772578
Ecuador,2016-10-24,0.17260030439772578
Ecuador,2016-10-31,0.17260030439772578
Ecuador,2016-11-07,0.17260030439772578
Ecuador,2016-11-14,0.17260030439772578
Ecuador,2016-11-21,0.17260030439772578
Ecuador,2016-11-28,0.17260030439772578
Ecuador,2016-12-05,0.17260030439772578
Ecuador,2016-12-12,0.17260030439772578
Ecuador,2016-12-19,0.17260030439772578
Eritrea,2016-01-04,0.17260030439772578
Eritrea,2016-01-11,0.17260030439772578
Eritrea,2016-01-18,0.17260030439772578
Eritrea,2016-01-25,0.17260030439772578
Eritrea,2016-02-01,0.17260030439772578
Eritrea,2016-02-08,0.17260030439772578
Eritrea,2016-02-15,0.17260030439772578
Eritrea,2016-02-22,0.17260030439772578
Eritrea,2016-02-29,0.17260030439772578
Eritrea,2016-03-07,0.17260030439772578
Eritrea,2016-03-14,0.17260030439772578
Eritrea,2016-03-21,0.17260030439772578
Eritrea,2016-03-28,0.17260030439772578
Eritrea,2016-04-04,0.17260030439772578
Eritrea,2016-04-11,0.17260030439772578
Eritrea,2016-04-18,0.17260030439772578
Eritrea,2016-04-25,0.17260030439772578
Eritrea,2016-05-02,0.17260030439772578
Eritrea,2016-05-09,0.17260030439772578
Eritrea,2016-05-16,0.17260030439772578
Eritrea,2016-05-23,0.17260030439772578
Eritrea,2016-05-30,0.17260030439772578
Eritrea,2016-06-06,0.44371842729232974
Eritrea,2016-06-13,0.348169435452002
Eritrea,2016-06-20,0.32129541129876754
Eritrea,2016-06-27,0.17260030439772578
Eritrea,2016-07-04,0.17260030439772578
Eritrea,2016-07-11,0.17260030439772578
Eritrea,2016-07-18,0.17260030439772578
Eritrea,2016-07-25,0.17260030439772578
Eritrea,2016-08-01,0.17260030439772578
Eritrea,2016-08-08,0.17260030439772578
Eritrea,2016-08-15,0.17260030439772578
Eritrea,2016-08-22,0.17260030439772578
Eritrea,2016-08-29,0.17260030439772578
Eritrea,2016-09-05,0.17260030439772578
Eritrea,2016-09-12,0.17260030439772578
Eritrea,2016-09-19,0.17260030439772578
Eritrea,2016-09-26,0.17260030439772578
Eritrea,2016-10-03,0.17260030439772578
Eritrea,2016-10-10,0.17260030439772578
Eritrea,2016-10-17,0.17260030439772578
Eritrea,2016-10-24,0.17260030439772578
Eritrea,2016-10-31,0.17260030439772578
Eritrea,2016-11-07,0.17260030439772578
Eritrea,2016-11-14,0.17260030439772578
Eritrea,2016-11-21,0.17260030439772578
Eritrea,2016-11-28,0.17260030439772578
Eritrea,2016-12-05,0.17260030439772578
Eritrea,2016-12-12,0.17260030439772578
Eritrea,2016-12-19,0.17260030439772578
Ethiopia,2016-01-04,0.7868972811848445
Ethiopia,2016-01-11,0.7872475544084466
Ethiopia,2016-01-18,0.7605607242237569
Ethiopia,2016-01-25,0.804216816857921
Ethiopia,2016-02-01,0.6449796408637919
Ethiopia,2016-02-08,0.5626854700195757
Ethiopia,2016-02-15,0.730731020607328
Ethiopia,2016-02-22,0.7722695791210396
Ethiopia,2016-02-29,0.8398904190956832
Ethiopia,2016-03-07,0.7650199761846744
Ethiopia,2016-03-14,0.6876725780682044
Ethiopia,2016-03-21,0.6922998652060907
Ethiopia,2016-03-28,0.7064745552430426
Ethiopia,2016-04-04,0.5573971397175673
Ethiopia,2016-04-11,0.5485401005539051
Ethiopia,2016-04-18,0.5236831116309507
Ethiopia,2016-04-25,0.6163448266257857
Ethiopia,2016-05-02,0.5936685800793555
Ethiopia,2016-05-09,0.4442308799193475
Ethiopia,2016-05-16,0.4162460243849883
Ethiopia,2016-05-23,0.2305244781596022
Ethiopia,2016-05-30,0.3962599664131084
Ethiopia,2016-06-06,0.40121486817422286
Ethiopia,2016-06-13,0.3225884362817545
Ethiopia,2016-06-20,0.4998403232452407
Ethiopia,2016-06-27,0.3791682787390404
Ethiopia,2016-07-04,0.3001264970496144
Ethiopia,2016-07-11,0.17260030439772578
Ethiopia,2016-07-18,0.4141032077522086
Ethiopia,2016-07-25,0.5451535907127797
Ethiopia,2016-08-01,0.7076754392800867
Ethiopia,2016-08-08,0.7153115562581918
Ethiopia,2016-08-15,0.6587612142084183
Ethiopia,2016-08-22,0.3835974371269526
Ethiopia,2016-08-29,0.5278472110569689
Ethiopia,2016-09-05,0.5959948146336927
Ethiopia,2016-09-12,0.42590746497560117
Ethiopia,2016-09-19,0.22428379414332753
Ethiopia,2016-09-26,0.17260030439772578
Ethiopia,2016-10-03,0.39625717581716274
Ethiopia,2016-10-10,0.4026081700049342
Ethiopia,2016-10-17,0.3250918695406417
Ethiopia,2016-10-24,0.17260030439772578
Ethiopia,2016-10-31,0.17260030439772578
Ethiopia,2016-11-07,0.17260030439772578
Ethiopia,2016-11-14,0.17260030439772578
Ethiopia,2016-11-21,0.17260030439772578
Ethiopia,2016-11-28,0.17260030439772578
Ethiopia,2016-12-05,0.17260030439772578
Ethiopia,2016-12-12,0.4379121111817261
Ethiopia,2016-12-19,0.500033483767203
Haiti,2016-01-04,0.17260030439772578
Haiti,2016-01-11,0.17260030439772578
Haiti,2016-01-18,0.17260030439772578
Haiti,2016-01-25,0.17260030439772578
Haiti,2016-02-01,0.17260030439772578
Haiti,2016-02-08,0.17260030439772578
Haiti,2016-02-15,0.17260030439772578
Haiti,2016-02-22,0.17260030439772578
Haiti,2016-02-29,0.17260030439772578
Haiti,2016-03-07,0.17260030439772578
Haiti,2016-03-14,0.17260030439772578
Haiti,2016-03-21,0.17260030439772578
Haiti,2016-03-28,0.17260030439772578
Haiti,2016-04-04,0.17260030439772578
Haiti,2016-04-11,0.17260030439772578
Haiti,2016-04-18,0.17260030439772578
Haiti,2016-04-25,0.17260030439772578
Haiti,2016-05-02,0.17260030439772578
Haiti,2016-05-09,0.17260030439772578
Haiti,2016-05-16,0.17260030439772578
Haiti,2016-05-23,0.17260030439772578
Haiti,2016-05-30,0.17260030439772578
Haiti,2016-06-06,0.17260030439772578
Haiti,2016-06-13,0.17260030439772578
Haiti,2016-06-20,0.17260030439772578
Haiti,2016-06-27,0.17260030439772578
Haiti,2016-07-04,0.17260030439772578
Haiti,2016-07-11,0.17260030439772578
Haiti,2016-07-18,0.17260030439772578
Haiti,2016-07-25,0.17260030439772578
Haiti,2016-08-01,0.17260030439772578
Haiti,2016-08-08,0.17260030439772578
Haiti,2016-08-15,0.17260030439772578
Haiti,2016-08-22,0.17260030439772578
Haiti,2016-08-29,0.17260030439772578
Haiti,2016-09-05,0.17260030439772578
Haiti,2016-09-12,0.17260030439772578
Haiti,2016-09-19,0.17260030439772578
Haiti,2016-09-26,0.17260030439772578
Haiti,2016-10-03,0.17260030439772578
Haiti,2016-10-10,0.17260030439772578
Haiti,2016-10-17,0.17260030439772578
Haiti,2016-10-24,0.17260030439772578
Haiti,2016-10-31,0.17260030439772578
Haiti,2016-11-07,0.17260030439772578
Haiti,2016-11-14,0.17260030439772578
Haiti,2016-11-21,0.17260030439772578
Haiti,2016-11-28,0.17260030439772578
Haiti,2016-12-05,0.17260030439772578
Haiti,2016-12-12,0.17260030439772578
Haiti,2016-12-19,0.17260030439772578
Kenya,2016-01-04,0.3001276029741289
Kenya,2016-01-11,0.17260030439772578
Kenya,2016-01-18,0.4204869142974869
Kenya,2016-01-25,0.5470618998416573
Kenya,2016-02-01,0.5827671102774552
Kenya,2016-02-08,0.491969293389892
Kenya,2016-02-15,0.2883542816778631
Kenya,2016-02-22,0.17260030439772578
Kenya,2016-02-29,0.17260030439772578
Kenya,2016-03-07,0.17260030439772578
Kenya,2016-03-14,0.17260030439772578
Kenya,2016-03-21,0.37362251687857456
Kenya,2016-03-28,0.3767407273647973
Kenya,2016-04-04,0.37940948916853806
Kenya,2016-04-11,0.3921125075550648
Kenya,2016-04-18,0.4184545479187964
Kenya,2016-04-25,0.39951594224617626
Kenya,2016-05-02,0.41744856538552666
Kenya,2016-05-09,0.4284843320105445
Kenya,2016-05-16,0.41403901844670027
Kenya,2016-05-23,0.47521577091300854
Kenya,2016-05-30,0.40179069554073177
Kenya,2016-06-06,0.47360012181492156
Kenya,2016-06-13,0.47237641146024084
Kenya,2016-06-20,0.6513607550997559
Kenya,2016-06-27,0.6624211638404914
Kenya,2016-07-04,0.7130461844669641
Kenya,2016-07-11,0.607931011870449
Kenya,2016-07-18,0.5673264598037514
Kenya,2016-07-25,0.5569176625987825
Kenya,2016-08-01,0.568645073211835
Kenya,2016-08-08,0.5861471888439665
Kenya,2016-08-15,0.41349220538590475
Kenya,2016-08-22,0.3519642685627728
Kenya,2016-08-29,0.31902576961361745
Kenya,2016-09-05,0.22428379414332753
Kenya,2016-09-12,0.39368810566101664
Kenya,2016-09-19,0.4514931840876006
Kenya,2016-09-26,0.5506561599080473
Kenya,2016-10-03,0.5015831242774975
Kenya,2016-10-10,0.44919044702756344
Kenya,2016-10-17,0.3932306485960453
Kenya,2016-10-24,0.46961354644886316
Kenya,2016-10-31,0.44093502769475634
Kenya,2016-11-07,0.289548678125159
Kenya,2016-11-14,0.17260030439772578
Kenya,2016-11-21,0.31252836826178687
Kenya,2016-11-28,0.349770584696383
Kenya,2016-12-05,0.42819651087109073
Kenya,2016-12-12,0.5129806571615282
Kenya,2016-12-19,0.4684853253805248
Kyrgyzstan,2016-01-04,0.17260030439772578
Kyrgyzstan,2016-01-11,0.17260030439772578
Kyrgyzstan,2016-01-18,0.17260030439772578
Kyrgyzstan,2016-01-25,0.17260030439772578
Kyrgyzstan,2016-02-01,0.17260030439772578
Kyrgyzstan,2016-02-08,0.17260030439772578
Kyrgyzstan,2016-02-15,0.17260030439772578
Kyrgyzstan,2016-02-22,0.17260030439772578
Kyrgyzstan,2016-02-29,0.17260030439772578
Kyrgyzstan,2016-03-07,0.17260030439772578
Kyrgyzstan,2016-03-14,0.17260030439772578
Kyrgyzstan,2016-03-21,0.17260030439772578
Kyrgyzstan,2016-03-28,0.17260030439772578
Kyrgyzstan,2016-04-04,0.17260030439772578
Kyrgyzstan,2016-04-11,0.17260030439772578
Kyrgyzstan,2016-04-18,0.17260030439772578
Kyrgyzstan,2016-04-25,0.17260030439772578
Kyrgyzstan,2016-05-02,0.17260030439772578
Kyrgyzstan,2016-05-09,0.17260030439772578
Kyrgyzstan,2016-05-16,0.17260030439772578
Kyrgyzstan,2016-05-23,0.17260030439772578
Kyrgyzstan,2016-05-30,0.17260030439772578
Kyrgyzstan,2016-06-06,0.17260030439772578
Kyrgyzstan,2016-06-13,0.17260030439772578
Kyrgyzstan,2016-06-20,0.17260030439772578
Kyrgyzstan,2016-06-27,0.17260030439772578
Kyrgyzstan,2016-07-04,0.17260030439772578
Kyrgyzstan,2016-07-11,0.17260030439772578
Kyrgyzstan,2016-07-18,0.17260030439772578
Kyrgyzstan,2016-07-25,0.17260030439772578
Kyrgyzstan,2016-08-01,0.17260030439772578
Kyrgyzstan,2016-08-08,0.17260030439772578
Kyrgyzstan,2016-08-15,0.17260030439772578
Kyrgyzstan,2016-08-22,0.17260030439772578
Kyrgyzstan,2016-08-29,0.17260030439772578
Kyrgyzstan,2016-09-05,0.17260030439772578
Kyrgyzstan,2016-09-12,0.17260030439772578
Kyrgyzstan,2016-09-19,0.17260030439772578
Kyrgyzstan,2016-09-26,0.17260030439772578
Kyrgyzstan,2016-10-03,0.17260030439772578
Kyrgyzstan,2016-10-10,0.17260030439772578
Kyrgyzstan,2016-10-17,0.17260030439772578
Kyrgyzstan,2016-10-24,0.17260030439772578
Kyrgyzstan,2016-10-31,0.17260030439772578
Kyrgyzstan,2016-11-07,0.17260030439772578
Kyrgyzstan,2016-11-14,0.17260030439772578
Kyrgyzstan,2016-11-21,0.17260030439772578
Kyrgyzstan,2016-11-28,0.17260030439772578
Kyrgyzstan,2016-12-05,0.17260030439772578
Kyrgyzstan,2016-12-12,0.17260030439772578
Kyrgyzstan,2016-12-19,0.17260030439772578
Myanmar,2016-01-04,0.46584423956462473
Myanmar,2016-01-11,0.2600818524805837
Myanmar,2016-01-18,0.17260030439772578
Myanmar,2016-01-25,0.17260030439772578
Myanmar,2016-02-01,0.17260030439772578
Myanmar,2016-02-08,0.3765416867350851
Myanmar,2016-02-15,0.3625996642032691
Myanmar,2016-02-22,0.40673056728654283
Myanmar,2016-02-29,0.5544715456689154
Myanmar,2016-03-07,0.42664840224944484
Myanmar,2016-03-14,0.3298771739263537
Myanmar,2016-03-21,0.43366091709426197
Myanmar,2016-03-28,0.4892816355451958
Myanmar,2016-04-04,0.39655737937770774
Myanmar,2016-04-11,0.5894223656676395
Myanmar,2016-04-18,0.6778387585692208
Myanmar,2016-04-25,0.4871600189141099
Myanmar,2016-05-02,0.5444209554781777
Myanmar,2016-05-09,0.6232073652164093
Myanmar,2016-05-16,0.6267083919696618
Myanmar,2016-05-23,0.539386767675024
Myanmar,2016-05-30,0.45062386759691053
Myanmar,2016-06-06,0.23196391621670065
Myanmar,2016-06-13,0.17260030439772578
Myanmar,2016-06-20,0.46013210814897376
Myanmar,2016-06-27,0.46780483296685893
Myanmar,2016-07-04,0.5465550016160314
Myanmar,2016-07-11,0.41813568006780993
Myanmar,2016-07-18,0.26945977131246707
Myanmar,2016-07-25,0.3903860820463076
Myanmar,2016-08-01,0.4760134471079067
Myanmar,2016-08-08,0.3906055032683084
Myanmar,2016-08-15,0.2305244781596022
Myanmar,2016-08-22,0.17260030439772578
Myanmar,2016-08-29,0.17260030439772578
Myanmar,2016-09-05,0.17260030439772578
Myanmar,2016-09-12,0.17260030439772578
Myanmar,2016-09-19,0.3918836078131034
Myanmar,2016-09-26,0.5762489588163887
Myanmar,2016-10-03,0.6653349720622442
Myanmar,2016-10-10,0.7347782196906826
Myanmar,2016-10-17,0.6599198680038257
Myanmar,2016-10-24,0.39111844626867276
Myanmar,2016-10-31,0.4389835148674974
Myanmar,2016-11-07,0.6152937399932509
Myanmar,2016-11-14,0.6087442757059612
Myanmar,2016-11-21,0.5731411028618361
Myanmar,2016-11-28,0.48888604313771117
Myanmar,2016-12-05,0.4312688409458884
Myanmar,2016-12-12,0.4613275292791333
Myanmar,2016-12-19,0.42972240657305977
Pakistan,2016-01-04,0.6976862819631574
Pakistan,2016-01-11,0.7000741324421585
Pakistan,2016-01-18,0.7850297621792315
Pakistan,2016-01-25,0.7884468022755909
Pakistan,2016-02-01,0.7000693048572012
Pakistan,2016-02-08,0.6348485073374747
Pakistan,2016-02-15,0.7185254990987268
Pakistan,2016-02-22,0.7732584352411359
Pakistan,2016-02-29,0.8149382408223694
Pakistan,2016-03-07,0.836431499194043
Pakistan,2016-03-14,0.842314719385981
Pakistan,2016-03-21,0.8282393550685491
Pakistan,2016-03-28,0.6373445533010109
Pakistan,2016-04-04,0.633201282527589
Pakistan,2016-04-11,0.6798687553189643
Pakistan,2016-04-18,0.7186364186343203
Pakistan,2016-04-25,0.6611408996310746
Pakistan,2016-05-02,0.6760607527402341
Pakistan,2016-05-09,0.4555540347067366
Pakistan,2016-05-16,0.6471235609403162
Pakistan,2016-05-23,0.7087194876375005
Pakistan,2016-05-30,0.7626656152339352
Pakistan,2016-06-06,0.4962910562458766
Pakistan,2016-06-13,0.3085246529167597
Pakistan,2016-06-20,0.46013210814897376
Pakistan,2016-06-27,0.538674326296806
Pakistan,2016-07-04,0.549046874865898
Pakistan,2016-07-11,0.38839503034760287
Pakistan,2016-07-18,0.38311393099772434
Pakistan,2016-07-25,0.6452118724718038
Pakistan,2016-08-01,0.6380070152081413
Pakistan,2016-08-08,0.611354865484584
Pakistan,2016-08-15,0.6979388615763663
Pakistan,2016-08-22,0.5537088914563849
Pakistan,2016-08-29,0.6817829930746844
Pakistan,2016-09-05,0.6837819000059109
Pakistan,2016-09-12,0.7638468716773025
Pakistan,2016-09-19,0.5470314179955859
Pakistan,2016-09-26,0.5235558566962318
Pakistan,2016-10-03,0.5688447528482751
Pakistan,2016-10-10,0.6976465959123472
Pakistan,2016-10-17,0.6924062831217858
Pakistan,2016-10-24,0.8454111254266646
Pakistan,2016-10-31,0.8547082568805875
Pakistan,2016-11-07,0.8728326991554844
Pakistan,2016-11-14,0.7856155099059831
Pakistan,2016-11-21,0.7863045512105692
Pakistan,2016-11-28,0.6626761330084174
Pakistan,2016-12-05,0.6322887589020251
Pakistan,2016-12-12,0.5134033493866818
Pakistan,2016-12-19,0.4701232666582589
Peru,2016-01-04,0.22748596394467913
Peru,2016-01-11,0.17260030439772578
Peru,2016-01-18,0.17260030439772578
Peru,2016-01-25,0.17260030439772578
Peru,2016-02-01,0.17260030439772578
Peru,2016-02-08,0.17260030439772578
Peru,2016-02-15,0.17260030439772578
Peru,2016-02-22,0.17260030439772578
Peru,2016-02-29,0.17260030439772578
Peru,2016-03-07,0.17260030439772578
Peru,2016-03-14,0.17260030439772578
Peru,2016-03-21,0.17260030439772578
Peru,2016-03-28,0.17260030439772578
Peru,2016-04-04,0.4459178995003595
Peru,2016-04-11,0.38940018186530795
Peru,2016-04-18,0.28954657808301726
Peru,2016-04-25,0.17260030439772578
Peru,2016-05-02,0.17260030439772578
Peru,2016-05-09,0.17260030439772578
Peru,2016-05-16,0.17260030439772578
Peru,2016-05-23,0.17260030439772578
Peru,2016-05-30,0.17260030439772578
Peru,2016-06-06,0.17260030439772578
Peru,2016-06-13,0.17260030439772578
Peru,2016-06-20,0.17260030439772578
Peru,2016-06-27,0.17260030439772578
Peru,2016-07-04,0.17260030439772578
Peru,2016-07-11,0.17260030439772578
Peru,2016-07-18,0.17260030439772578
Peru,2016-07-25,0.17260030439772578
Peru,2016-08-01,0.17260030439772578
Peru,2016-08-08,0.17260030439772578
Peru,2016-08-15,0.17260030439772578
Peru,2016-08-22,0.17260030439772578
Peru,2016-08-29,0.17260030439772578
Peru,2016-09-05,0.17260030439772578
Peru,2016-09-12,0.17260030439772578
Peru,2016-09-19,0.17260030439772578
Peru,2016-09-26,0.17260030439772578
Peru,2016-10-03,0.17260030439772578
Peru,2016-10-10,0.31252836826178687
Peru,2016-10-17,0.349770584696383
Peru,2016-10-24,0.22748596394467913
Peru,2016-10-31,0.17260030439772578
Peru,2016-11-07,0.17260030439772578
Peru,2016-11-14,0.17260030439772578
Peru,2016-11-21,0.17260030439772578
Peru,2016-11-28,0.17260030439772578
Peru,2016-12-05,0.17260030439772578
Peru,2016-12-12,0.17260030439772578
Peru,2016-12-19,0.17260030439772578
Somalia,2016-01-04,0.8794394586905604
Somalia,2016-01-11,0.9019499008980949
Somalia,2016-01-18,0.8666461843789128
Somalia,2016-01-25,0.811094641415333
Somalia,2016-02-01,0.7928634849975569
Somalia,2016-02-08,0.7455621662619851
Somalia,2016-02-15,0.826818138853807
Somalia,2016-02-22,0.8448821000742135
Somalia,2016-02-29,0.869283227786727
Somalia,2016-03-07,0.8885930301298487
Somalia,2016-03-14,0.9221681169075143
Somalia,2016-03-21,0.9006488633041118
Somalia,2016-03-28,0.9218603745097975
Somalia,2016-04-04,0.9414434029645337
Somalia,2016-04-11,0.8859878112410068
Somalia,2016-04-18,0.8655444920177016
Somalia,2016-04-25,0.8249445771715586
Somalia,2016-05-02,0.7488946128128587
Somalia,2016-05-09,0.8117204126293845
Somalia,2016-05-16,0.7430307723373694
Somalia,2016-05-23,0.8677109646623468
Somalia,2016-05-30,0.8575858192760056
Somalia,2016-06-06,0.895799551631955
Somalia,2016-06-13,0.8516757540540048
Somalia,2016-06-20,0.8126585105798757
Somalia,2016-06-27,0.789736873590602
Somalia,2016-07-04,0.6834175627201654
Somalia,2016-07-11,0.6627098465878009
Somalia,2016-07-18,0.6788320552434849
Somalia,2016-07-25,0.8115006095899951
Somalia,2016-08-01,0.7830944268989137
Somalia,2016-08-08,0.8213685734969777
Somalia,2016-08-15,0.7816663624789891
Somalia,2016-08-22,0.8428490949150755
Somalia,2016-08-29,0.8207241826962193
Somalia,2016-09-05,0.8262301332505017
Somalia,2016-09-12,0.8027365498733664
Somalia,2016-09-19,0.750098162064027
Somalia,2016-09-26,0.8057175286925983
Somalia,2016-10-03,0.6992479230020802
Somalia,2016-10-10,0.696227004563184
Somalia,2016-10-17,0.693981458363722
Somalia,2016-10-24,0.7881106612767242
Somalia,2016-10-31,0.7559562501609154
Somalia,2016-11-07,0.8159276425202048
Somalia,2016-11-14,0.8127065057720406
Somalia,2016-11-21,0.7596191566783407
Somalia,2016-11-28,0.8170470325820527
Somalia,2016-12-05,0.8378323492170087
Somalia,2016-12-12,0.7872425103133164
Somalia,2016-12-19,0.8039654771528033
South Sudan,2016-01-04,0.485522948251423
South Sudan,2016-01-11,0.47554827464281185
South Sudan,2016-01-18,0.3252953174826479
South Sudan,2016-01-25,0.17260030439772578
South Sudan,2016-02-01,0.4248307119752697
South Sudan,2016-02-08,0.5896684596613805
South Sudan,2016-02-15,0.5805985657603728
South Sudan,2016-02-22,0.5218432129138534
South Sudan,2016-02-29,0.5037018042716751
South Sudan,2016-03-07,0.3928795967404041
South Sudan,2016-03-14,0.2710274116573184
South Sudan,2016-03-21,0.3903860820463076
South Sudan,2016-03-28,0.3471582560713465
South Sudan,2016-04-04,0.48686960708139587
South Sudan,2016-04-11,0.44934957522017144
South Sudan,2016-04-18,0.3072517207365838
South Sudan,2016-04-25,0.3918836078131034
South Sudan,2016-05-02,0.35801537481030116
South Sudan,2016-05-09,0.31859388851748355
South Sudan,2016-05-16,0.349770584696383
South Sudan,2016-05-23,0.22748596394467913
South Sudan,2016-05-30,0.3765416867350851
South Sudan,2016-06-06,0.5224661105174776
South Sudan,2016-06-13,0.4089970649083705
South Sudan,2016-06-20,0.48788601934676273
South Sudan,2016-06-27,0.6170951241142515
South Sudan,2016-07-04,0.7670475652361294
South Sudan,2016-07-11,0.6948810734079043
South Sudan,2016-07-18,0.5042500449232836
South Sudan,2016-07-25,0.5796724254970455
South Sudan,2016-08-01,0.4826966826111266
South Sudan,2016-08-08,0.5680984870425466
South Sudan,2016-08-15,0.5768733225857181
South Sudan,2016-08-22,0.5322667750754841
South Sudan,2016-08-29,0.616733608633078
South Sudan,2016-09-05,0.573286398343933
South Sudan,2016-09-12,0.5033559785195353
South Sudan,2016-09-19,0.3983139545783548
South Sudan,2016-09-26,0.3767407273647973
South Sudan,2016-10-03,0.4822475307169034
South Sudan,2016-10-10,0.5388179938966432
South Sudan,2016-10-17,0.5136344135806735
South Sudan,2016-10-24,0.34509145225883087
South Sudan,2016-10-31,0.443800561317093
South Sudan,2016-11-07,0.6502247424252686
South Sudan,2016-11-14,0.6976333045128295
South Sudan,2016-11-21,0.528568278878461
South Sudan,2016-11-28,0.3907283884367651
South Sudan,2016-12-05,0.4587236908024683
South Sudan,2016-12-12,0.6123238939803094
South Sudan,2016-12-19,0.634763232943691
Sudan,2016-01-04,0.7875093865212901
Sudan,2016-01-11,0.8829180082124243
Sudan,2016-01-18,0.7748516407116037
Sudan,2016-01-25,0.860581379402437
Sudan,2016-02-01,0.814455383628277
Sudan,2016-02-08,0.7574098518076918
Sudan,2016-02-15,0.835232122754082
Sudan,2016-02-22,0.8593566048550603
Sudan,2016-02-29,0.8402986238795527
Sudan,2016-03-07,0.8518209001648938
Sudan,2016-03-14,0.7840966399878746
Sudan,2016-03-21,0.7470716858115546
Sudan,2016-03-28,0.8573428633636943
Sudan,2016-04-04,0.8613132323148306
Sudan,2016-04-11,0.936614377794918
Sudan,2016-04-18,0.8840958275616964
Sudan,2016-04-25,0.8162786044792986
Sudan,2016-05-02,0.7936633238528628
Sudan,2016-05-09,0.7578175464950924
Sudan,2016-05-16,0.6799599240888945
Sudan,2016-05-23,0.6280275424688023
Sudan,2016-05-30,0.6673220425056922
Sudan,2016-06-06,0.5126652318569612
Sudan,2016-06-13,0.6723333548906586
Sudan,2016-06-20,0.6648777882305458
Sudan,2016-06-27,0.7333676950164989
Sudan,2016-07-04,0.6652471456670542
Sudan,2016-07-11,0.7453760785567617
Sudan,2016-07-18,0.6968477808327392
Sudan,2016-07-25,0.7303422050683119
Sudan,2016-08-01,0.7314941557930537
Sudan,2016-08-08,0.721502053248833
Sudan,2016-08-15,0.6719645078139743
Sudan,2016-08-22,0.6004024189119216
Sudan,2016-08-29,0.5686144974488867
Sudan,2016-09-05,0.6634699124546098
Sudan,2016-09-12,0.7400415115796459
Sudan,2016-09-19,0.7265454687123301
Sudan,2016-09-26,0.5256782248685417
Sudan,2016-10-03,0.4152071645168505
Sudan,2016-10-10,0.4398072077505253
Sudan,2016-10-17,0.4351009195771372
Sudan,2016-10-24,0.49687079656793576
Sudan,2016-10-31,0.45076848163615096
Sudan,2016-11-07,0.43538717797165954
Sudan,2016-11-14,0.538262682724269
Sudan,2016-11-21,0.5089908712736722
Sudan,2016-11-28,0.44118237430030954
Sudan,2016-12-05,0.22748596394467913
Sudan,2016-12-12,0.17260030439772578
Sudan,2016-12-19,0.17260030439772578
Tajikistan,2016-01-04,0.17260030439772578
Tajikistan,2016-01-11,0.17260030439772578
Tajikistan,2016-01-18,0.17260030439772578
Tajikistan,2016-01-25,0.17260030439772578
Tajikistan,2016-02-01,0.17260030439772578
Tajikistan,2016-02-08,0.17260030439772578
Tajikistan,2016-02-15,0.17260030439772578
Tajikistan,2016-02-22,0.17260030439772578
Tajikistan,2016-02-29,0.17260030439772578
Tajikistan,2016-03-07,0.17260030439772578
Tajikistan,2016-03-14,0.17260030439772578
Tajikistan,2016-03-21,0.17260030439772578
Tajikistan,2016-03-28,0.17260030439772578
Tajikistan,2016-04-04,0.17260030439772578
Tajikistan,2016-04-11,0.17260030439772578
Tajikistan,2016-04-18,0.17260030439772578
Tajikistan,2016-04-25,0.17260030439772578
Tajikistan,2016-05-02,0.17260030439772578
Tajikistan,2016-05-09,0.17260030439772578
Tajikistan,2016-05-16,0.17260030439772578
Tajikistan,2016-05-23,0.17260030439772578
Tajikistan,2016-05-30,0.17260030439772578
Tajikistan,2016-06-06,0.17260030439772578
Tajikistan,2016-06-13,0.17260030439772578
Tajikistan,2016-06-20,0.17260030439772578
Tajikistan,2016-06-27,0.17260030439772578
Tajikistan,2016-07-04,0.17260030439772578
Tajikistan,2016-07-11,0.17260030439772578
Tajikistan,2016-07-18,0.17260030439772578
Tajikistan,2016-07-25,0.17260030439772578
Tajikistan,2016-08-01,0.17260030439772578
Tajikistan,2016-08-08,0.17260030439772578
Tajikistan,2016-08-15,0.17260030439772578
Tajikistan,2016-08-22,0.17260030439772578
Tajikistan,2016-08-29,0.17260030439772578
Tajikistan,2016-09-05,0.17260030439772578
Tajikistan,2016-09-12,0.17260030439772578
Tajikistan,2016-09-19,0.17260030439772578
Tajikistan,2016-09-26,0.17260030439772578
Tajikistan,2016-10-03,0.17260030439772578
Tajikistan,2016-10-10,0.17260030439772578
Tajikistan,2016-10-17,0.17260030439772578
Tajikistan,2016-10-24,0.17260030439772578
Tajikistan,2016-10-31,0.17260030439772578
Tajikistan,2016-11-07,0.17260030439772578
Tajikistan,2016-11-14,0.17260030439772578
Tajikistan,2016-11-21,0.17260030439772578
Tajikistan,2016-11-28,0.17260030439772578
Tajikistan,2016-12-05,0.17260030439772578
Tajikistan,2016-12-12,0.17260030439772578
Tajikistan,2016-12-19,0.17260030439772578
Venezuela,2016-01-04,0.31252836826178687
Venezuela,2016-01-11,0.349770584696383
Venezuela,2016-01-18,0.4235907151970258
Venezuela,2016-01-25,0.49510865425857414
Venezuela,2016-02-01,0.4560817494365315
Venezuela,2016-02-08,0.40788435453565675
Venezuela,2016-02-15,0.4650808453970064
Venezuela,2016-02-22,0.45706106670685687
Venezuela,2016-02-29,0.41890598091301134
Venezuela,2016-03-07,0.3469095031547149
Venezuela,2016-03-14,0.4699525214507998
Venezuela,2016-03-21,0.391506138545028
Venezuela,2016-03-28,0.3848575679488165
Venezuela,2016-04-04,0.4097968498284655
Venezuela,2016-04-11,0.44505814596603166
Venezuela,2016-04-18,0.40598698398735306
Venezuela,2016-04-25,0.5205213476088665
Venezuela,2016-05-02,0.4810651053426786
Venezuela,2016-05-09,0.4445745159228902
Venezuela,2016-05-16,0.3837297911105275
Venezuela,2016-05-23,0.37252586431848417
Venezuela,2016-05-30,0.40571536784482354
Venezuela,2016-06-06,0.411603657431523
Venezuela,2016-06-13,0.36040273351063173
Venezuela,2016-06-20,0.39851359116521556
Venezuela,2016-06-27,0.3655003354767261
Venezuela,2016-07-04,0.33021958065568563
Venezuela,2016-07-11,0.349770584696383
Venezuela,2016-07-18,0.3471562378596227
Venezuela,2016-07-25,0.4350513272816546
Venezuela,2016-08-01,0.43942701180137633
Venezuela,2016-08-08,0.464018001694895
Venezuela,2016-08-15,0.3951223975778901
Venezuela,2016-08-22,0.3939083731308466
Venezuela,2016-08-29,0.40775840691079396
Venezuela,2016-09-05,0.440939037332841
Venezuela,2016-09-12,0.46649142618090034
Venezuela,2016-09-19,0.4476782404875465
Venezuela,2016-09-26,0.3788093240342743
Venezuela,2016-10-03,0.37444791928368576
Venezuela,2016-10-10,0.35041675076460654
Venezuela,2016-10-17,0.3376233065025369
Venezuela,2016-10-24,0.349770584696383
Venezuela,2016-10-31,0.22748596394467913
Venezuela,2016-11-07,0.4667377468689928
Venezuela,2016-11-14,0.4648133049643413
Venezuela,2016-11-21,0.41568840355562714
Venezuela,2016-11-28,0.31902576961361745
Venezuela,2016-12-05,0.22428379414332753
Venezuela,2016-12-12,0.17260030439772578
Venezuela,2016-12-19,0.17260030439772578
Afghanistan,2016-12-26,0.9845144908088016
Afghanistan,2017-01-02,0.9782497469952008
Afghanistan,2017-01-09,0.9807945272174452
Afghanistan,2017-01-16,0.9806625360093727
Afghanistan,2017-01-23,0.9770808385599573
Afghanistan,2017-01-30,0.9846761821809297
Afghanistan,2017-02-06,0.9788971965486658
Afghanistan,2017-02-13,0.9823407547591166
Afghanistan,2017-02-20,0.984442279778856
Afghanistan,2017-02-27,0.9811664909643601
Afghanistan,2017-03-06,0.9787029620282052
Afghanistan,2017-03-13,0.9795376570451212
Afghanistan,2017-03-20,0.9706027539351131
Afghanistan,2017-03-27,0.9844829311482227
Afghanistan,2017-04-03,0.9786741013905305
Afghanistan,2017-04-10,0.9738294048614384
Afghanistan,2017-04-17,0.9807709557304366
Afghanistan,2017-04-24,0.9823826814850188
Afghanistan,2017-05-01,0.9637999636043159
Afghanistan,2017-05-08,0.9761416385467475
Afghanistan,2017-05-15,0.9846612843576662
Afghanistan,2017-05-22,0.9777644806779943
Afghanistan,2017-05-29,0.9737379731605712
Afghanistan,2017-06-05,0.9799895052045079
Afghanistan,2017-06-12,0.9796036309525283
Afghanistan,2017-06-19,0.980654103567701
Afghanistan,2017-06-26,0.9854501238328539
Afghanistan,2017-07-03,0.9838184233332427
Afghanistan,2017-07-10,0.9756358723273656
Afghanistan,2017-07-17,0.9850692289346092
Afghanistan,2017-07-24,0.9761904052861118
Afghanistan,2017-07-31,0.968543407467168
Afghanistan,2017-08-07,0.970114680712782
Afghanistan,2017-08-14,0.9672318707881402
Afghanistan,2017-08-21,0.9793603213699704
Afghanistan,2017-08-28,0.9737458691271493
Afghanistan,2017-09-04,0.9836662427276254
Afghanistan,2017-09-11,0.9813238944561428
Afghanistan,2017-09-18,0.9795620048760622
Afghanistan,2017-09-25,0.9792148394377148
Afghanistan,2017-10-02,0.9733208229211331
Afghanistan,2017-10-09,0.9554217139591961
Afghanistan,2017-10-16,0.9819311343031881
Afghanistan,2017-10-23,0.9734188214448544
Afghanistan,2017-10-30,0.9734482289610905
Afghanistan,2017-11-06,0.9738269142676746
Afghanistan,2017-11-13,0.9749039593802734
Afghanistan,2017-11-20,0.9803748002323177
Afghanistan,2017-11-27,0.9768726787030255
Afghanistan,2017-12-04,0.9793147379129615
Afghanistan,2017-12-11,0.979830877403325
Bolivia,2016-12-26,0.16973592886729683
Bolivia,2017-01-02,0.16973592886729683
Bolivia,2017-01-09,0.16973592886729683
Bolivia,2017-01-16,0.16973592886729683
Bolivia,2017-01-23,0.16973592886729683
Bolivia,2017-01-30,0.16973592886729683
Bolivia,2017-02-06,0.16973592886729683
Bolivia,2017-02-13,0.16973592886729683
Bolivia,2017-02-20,0.16973592886729683
Bolivia,2017-02-27,0.16973592886729683
Bolivia,2017-03-06,0.16973592886729683
Bolivia,2017-03-13,0.16973592886729683
Bolivia,2017-03-20,0.16973592886729683
Bolivia,2017-03-27,0.16973592886729683
Bolivia,2017-04-03,0.16973592886729683
Bolivia,2017-04-10,0.16973592886729683
Bolivia,2017-04-17,0.16973592886729683
Bolivia,2017-04-24,0.16973592886729683
Bolivia,2017-05-01,0.16973592886729683
Bolivia,2017-05-08,0.16973592886729683
Bolivia,2017-05-15,0.16973592886729683
Bolivia,2017-05-22,0.16973592886729683
Bolivia,2017-05-29,0.16973592886729683
Bolivia,2017-06-05,0.16973592886729683
Bolivia,2017-06-12,0.16973592886729683
Bolivia,2017-06-19,0.16973592886729683
Bolivia,2017-06-26,0.16973592886729683
Bolivia,2017-07-03,0.16973592886729683
Bolivia,2017-07-10,0.16973592886729683
Bolivia,2017-07-17,0.16973592886729683
Bolivia,2017-07-24,0.16973592886729683
Bolivia,2017-07-31,0.16973592886729683
Bolivia,2017-08-07,0.16973592886729683
Bolivia,2017-08-14,0.16973592886729683
Bolivia,2017-08-21,0.16973592886729683
Bolivia,2017-08-28,0.16973592886729683
Bolivia,2017-09-04,0.16973592886729683
Bolivia,2017-09-11,0.16973592886729683
Bolivia,2017-09-18,0.16973592886729683
Bolivia,2017-09-25,0.16973592886729683
Bolivia,2017-10-02,0.16973592886729683
Bolivia,2017-10-09,0.16973592886729683
Bolivia,2017-10-16,0.16973592886729683
Bolivia,2017-10-23,0.16973592886729683
Bolivia,2017-10-30,0.16973592886729683
Bolivia,2017-11-06,0.16973592886729683
Bolivia,2017-11-13,0.16973592886729683
Bolivia,2017-11-20,0.16973592886729683
Bolivia,2017-11-27,0.16973592886729683
Bolivia,2017-12-04,0.16973592886729683
Bolivia,2017-12-11,0.16973592886729683
Colombia,2016-12-26,0.55447698468158
Colombia,2017-01-02,0.5568048462931642
Colombia,2017-01-09,0.5557949989946421
Colombia,2017-01-16,0.6324733775722046
Colombia,2017-01-23,0.5714668132739519
Colombia,2017-01-30,0.4723952198014108
Colombia,2017-02-06,0.5433434424440292
Colombia,2017-02-13,0.6789550447570957
Colombia,2017-02-20,0.6931196693204593
Colombia,2017-02-27,0.6530445721530935
Colombia,2017-03-06,0.6205922496346651
Colombia,2017-03-13,0.5724014991774243
Colombia,2017-03-20,0.6668231267656458
Colombia,2017-03-27,0.6339573811182727
Colombia,2017-04-03,0.7135190941974622
Colombia,2017-04-10,0.6748186376560182
Colombia,2017-04-17,0.6093090690654573
Colombia,2017-04-24,0.5257342149897918
Colombia,2017-05-01,0.7072271148561335
Colombia,2017-05-08,0.6083408517225914
Colombia,2017-05-15,0.6841992652344194
Colombia,2017-05-22,0.6376567635511471
Colombia,2017-05-29,0.745662738844
Colombia,2017-06-05,0.6901806724950355
Colombia,2017-06-12,0.8020704785065372
Colombia,2017-06-19,0.6168951662427776
Colombia,2017-06-26,0.6013967801038551
Colombia,2017-07-03,0.4913990354054447
Colombia,2017-07-10,0.6610448825894061
Colombia,2017-07-17,0.6156649501731696
Colombia,2017-07-24,0.61910056847176
Colombia,2017-07-31,0.6758140624124737
Colombia,2017-08-07,0.6776426979538038
Colombia,2017-08-14,0.8267795503829881
Colombia,2017-08-21,0.6555176257930143
Colombia,2017-08-28,0.6411403633595364
Colombia,2017-09-04,0.6346271608655008
Colombia,2017-09-11,0.6608530177842448
Colombia,2017-09-18,0.5557285115698923
Colombia,2017-09-25,0.619149062636354
Colombia,2017-10-02,0.6913033269133724
Colombia,2017-10-09,0.6847850773303569
Colombia,2017-10-16,0.6391964456669602
Colombia,2017-10-23,0.5611981040128248
Colombia,2017-10-30,0.5860075252030327
Colombia,2017-11-06,0.5861556997122757
Colombia,2017-11-13,0.4954654522904734
Colombia,2017-11-20,0.539621987721474
Colombia,2017-11-27,0.5546148658915796
Colombia,2017-12-04,0.5880501750488033
Colombia,2017-12-11,0.44454403307029855
Ecuador,2016-12-26,0.16973592886729683
Ecuador,2017-01-02,0.16973592886729683
Ecuador,2017-01-09,0.16973592886729683
Ecuador,2017-01-16,0.16973592886729683
Ecuador,2017-01-23,0.16973592886729683
Ecuador,2017-01-30,0.16973592886729683
Ecuador,2017-02-06,0.16973592886729683
Ecuador,2017-02-13,0.16973592886729683
Ecuador,2017-02-20,0.16973592886729683
Ecuador,2017-02-27,0.16973592886729683
Ecuador,2017-03-06,0.16973592886729683
Ecuador,2017-03-13,0.16973592886729683
Ecuador,2017-03-20,0.16973592886729683
Ecuador,2017-03-27,0.16973592886729683
Ecuador,2017-04-03,0.16973592886729683
Ecuador,2017-04-10,0.16973592886729683
Ecuador,2017-04-17,0.16973592886729683
Ecuador,2017-04-24,0.16973592886729683
Ecuador,2017-05-01,0.16973592886729683
Ecuador,2017-05-08,0.16973592886729683
Ecuador,2017-05-15,0.16973592886729683
Ecuador,2017-05-22,0.16973592886729683
Ecuador,2017-05-29,0.16973592886729683
Ecuador,2017-06-05,0.16973592886729683
Ecuador,2017-06-12,0.16973592886729683
Ecuador,2017-06-19,0.16973592886729683
Ecuador,2017-06-26,0.16973592886729683
Ecuador,2017-07-03,0.16973592886729683
Ecuador,2017-07-10,0.16973592886729683
Ecuador,2017-07-17,0.16973592886729683
Ecuador,2017-07-24,0.16973592886729683
Ecuador,2017-07-31,0.16973592886729683
Ecuador,2017-08-07,0.16973592886729683
Ecuador,2017-08-14,0.16973592886729683
Ecuador,2017-08-21,0.16973592886729683
Ecuador,2017-08-28,0.16973592886729683
Ecuador,2017-09-04,0.16973592886729683
Ecuador,2017-09-11,0.16973592886729683
Ecuador,2017-09-18,0.16973592886729683
Ecuador,2017-09-25,0.16973592886729683
Ecuador,2017-10-02,0.16973592886729683
Ecuador,2017-10-09,0.16973592886729683
Ecuador,2017-10-16,0.16973592886729683
Ecuador,2017-10-23,0.16973592886729683
Ecuador,2017-10-30,0.16973592886729683
Ecuador,2017-11-06,0.16973592886729683
Ecuador,2017-11-13,0.16973592886729683
Ecuador,2017-11-20,0.16973592886729683
Ecuador,2017-11-27,0.16973592886729683
Ecuador,2017-12-04,0.16973592886729683
Ecuador,2017-12-11,0.16973592886729683
Eritrea,2016-12-26,0.16973592886729683
Eritrea,2017-01-02,0.16973592886729683
Eritrea,2017-01-09,0.16973592886729683
Eritrea,2017-01-16,0.16973592886729683
Eritrea,2017-01-23,0.16973592886729683
Eritrea,2017-01-30,0.16973592886729683
Eritrea,2017-02-06,0.16973592886729683
Eritrea,2017-02-13,0.16973592886729683
Eritrea,2017-02-20,0.16973592886729683
Eritrea,2017-02-27,0.16973592886729683
Eritrea,2017-03-06,0.16973592886729683
Eritrea,2017-03-13,0.16973592886729683
Eritrea,2017-03-20,0.16973592886729683
Eritrea,2017-03-27,0.16973592886729683
Eritrea,2017-04-03,0.16973592886729683
Eritrea,2017-04-10,0.16973592886729683
Eritrea,2017-04-17,0.16973592886729683
Eritrea,2017-04-24,0.16973592886729683
Eritrea,2017-05-01,0.16973592886729683
Eritrea,2017-05-08,0.16973592886729683
Eritrea,2017-05-15,0.16973592886729683
Eritrea,2017-05-22,0.16973592886729683
Eritrea,2017-05-29,0.16973592886729683
Eritrea,2017-06-05,0.16973592886729683
Eritrea,2017-06-12,0.16973592886729683
Eritrea,2017-06-19,0.16973592886729683
Eritrea,2017-06-26,0.16973592886729683
Eritrea,2017-07-03,0.16973592886729683
Eritrea,2017-07-10,0.16973592886729683
Eritrea,2017-07-17,0.16973592886729683
Eritrea,2017-07-24,0.16973592886729683
Eritrea,2017-07-31,0.16973592886729683
Eritrea,2017-08-07,0.16973592886729683
Eritrea,2017-08-14,0.16973592886729683
Eritrea,2017-08-21,0.16973592886729683
Eritrea,2017-08-28,0.16973592886729683
Eritrea,2017-09-04,0.16973592886729683
Eritrea,2017-09-11,0.16973592886729683
Eritrea,2017-09-18,0.16973592886729683
Eritrea,2017-09-25,0.16973592886729683
Eritrea,2017-10-02,0.16973592886729683
Eritrea,2017-10-09,0.16973592886729683
Eritrea,2017-10-16,0.16973592886729683
Eritrea,2017-10-23,0.16973592886729683
Eritrea,2017-10-30,0.16973592886729683
Eritrea,2017-11-06,0.16973592886729683
Eritrea,2017-11-13,0.16973592886729683
Eritrea,2017-11-20,0.16973592886729683
Eritrea,2017-11-27,0.16973592886729683
Eritrea,2017-12-04,0.16973592886729683
Eritrea,2017-12-11,0.16973592886729683
Ethiopia,2016-12-26,0.4486524030770506
Ethiopia,2017-01-02,0.40620638107404755
Ethiopia,2017-01-09,0.533166939596638
Ethiopia,2017-01-16,0.49984567472662006
Ethiopia,2017-01-23,0.37532713248469474
Ethiopia,2017-01-30,0.39865657047242564
Ethiopia,2017-02-06,0.4191756156684668
Ethiopia,2017-02-13,0.3176523166237757
Ethiopia,2017-02-20,0.3946366542938556
Ethiopia,2017-02-27,0.5913023847348765
Ethiopia,2017-03-06,0.547434186383422
Ethiopia,2017-03-13,0.3525437254532693
Ethiopia,2017-03-20,0.16973592886729683
Ethiopia,2017-03-27,0.3352124697113372
Ethiopia,2017-04-03,0.36714534249384306
Ethiopia,2017-04-10,0.23313131235827542
Ethiopia,2017-04-17,0.16973592886729683
Ethiopia,2017-04-24,0.16973592886729683
Ethiopia,2017-05-01,0.16973592886729683
Ethiopia,2017-05-08,0.16973592886729683
Ethiopia,2017-05-15,0.16973592886729683
Ethiopia,2017-05-22,0.16973592886729683
Ethiopia,2017-05-29,0.3813487607000184
Ethiopia,2017-06-05,0.34502463288355667
Ethiopia,2017-06-12,0.22474091769841187
Ethiopia,2017-06-19,0.16973592886729683
Ethiopia,2017-06-26,0.16973592886729683
Ethiopia,2017-07-03,0.16973592886729683
Ethiopia,2017-07-10,0.16973592886729683
Ethiopia,2017-07-17,0.16973592886729683
Ethiopia,2017-07-24,0.39405463528844614
Ethiopia,2017-07-31,0.39800019515352325
Ethiopia,2017-08-07,0.29002078847904933
Ethiopia,2017-08-14,0.49452819533660786
Ethiopia,2017-08-21,0.49633219182216126
Ethiopia,2017-08-28,0.3604131202642064
Ethiopia,2017-09-04,0.16973592886729683
Ethiopia,2017-09-11,0.484474864713917
Ethiopia,2017-09-18,0.5277705386054036
Ethiopia,2017-09-25,0.45965159411360573
Ethiopia,2017-10-02,0.22884262982395534
Ethiopia,2017-10-09,0.4445913242124466
Ethiopia,2017-10-16,0.4851170744274402
Ethiopia,2017-10-23,0.5210572970929902
Ethiopia,2017-10-30,0.41415275619424
Ethiopia,2017-11-06,0.22884262982395534
Ethiopia,2017-11-13,0.16973592886729683
Ethiopia,2017-11-20,0.392245270609267
Ethiopia,2017-11-27,0.39558405997622553
Ethiopia,2017-12-04,0.31127044954624244
Ethiopia,2017-12-11,0.46291073352291695
Haiti,2016-12-26,0.16973592886729683
Haiti,2017-01-02,0.16973592886729683
Haiti,2017-01-09,0.16973592886729683
Haiti,2017-01-16,0.16973592886729683
Haiti,2017-01-23,0.16973592886729683
Haiti,2017-01-30,0.16973592886729683
Haiti,2017-02-06,0.16973592886729683
Haiti,2017-02-13,0.16973592886729683
Haiti,2017-02-20,0.16973592886729683
Haiti,2017-02-27,0.16973592886729683
Haiti,2017-03-06,0.16973592886729683
Haiti,2017-03-13,0.16973592886729683
Haiti,2017-03-20,0.16973592886729683
Haiti,2017-03-27,0.16973592886729683
Haiti,2017-04-03,0.16973592886729683
Haiti,2017-04-10,0.16973592886729683
Haiti,2017-04-17,0.16973592886729683
Haiti,2017-04-24,0.16973592886729683
Haiti,2017-05-01,0.16973592886729683
Haiti,2017-05-08,0.16973592886729683
Haiti,2017-05-15,0.16973592886729683
Haiti,2017-05-22,0.16973592886729683
Haiti,2017-05-29,0.16973592886729683
Haiti,2017-06-05,0.16973592886729683
Haiti,2017-06-12,0.16973592886729683
Haiti,2017-06-19,0.16973592886729683
Haiti,2017-06-26,0.16973592886729683
Haiti,2017-07-03,0.16973592886729683
Haiti,2017-07-10,0.16973592886729683
Haiti,2017-07-17,0.16973592886729683
Haiti,2017-07-24,0.16973592886729683
Haiti,2017-07-31,0.16973592886729683
Haiti,2017-08-07,0.16973592886729683
Haiti,2017-08-14,0.16973592886729683
Haiti,2017-08-21,0.16973592886729683
Haiti,2017-08-28,0.16973592886729683
Haiti,2017-09-04,0.16973592886729683
Haiti,2017-09-11,0.16973592886729683
Haiti,2017-09-18,0.16973592886729683
Haiti,2017-09-25,0.16973592886729683
Haiti,2017-10-02,0.16973592886729683
Haiti,2017-10-09,0.16973592886729683
Haiti,2017-10-16,0.16973592886729683
Haiti,2017-10-23,0.16973592886729683
Haiti,2017-10-30,0.16973592886729683
Haiti,2017-11-06,0.16973592886729683
Haiti,2017-11-13,0.39033616276728117
Haiti,2017-11-20,0.40453491391391433
Haiti,2017-11-27,0.28017219316866976
Haiti,2017-12-04,0.16973592886729683
Haiti,2017-12-11,0.16973592886729683
Kenya,2016-12-26,0.4719176427806489
Kenya,2017-01-02,0.3999974136430196
Kenya,2017-01-09,0.22884262982395534
Kenya,2017-01-16,0.16973592886729683
Kenya,2017-01-23,0.3638387354294044
Kenya,2017-01-30,0.4684263785599378
Kenya,2017-02-06,0.42590826329111264
Kenya,2017-02-13,0.3956904399608807
Kenya,2017-02-20,0.386242551779453
Kenya,2017-02-27,0.36054040118627917
Kenya,2017-03-06,0.373116365937291
Kenya,2017-03-13,0.4628258799938363
Kenya,2017-03-20,0.4395137411515669
Kenya,2017-03-27,0.3549164260227724
Kenya,2017-04-03,0.31769688349926833
Kenya,2017-04-10,0.43125793721892136
Kenya,2017-04-17,0.41089816534913126
Kenya,2017-04-24,0.3298623834356588
Kenya,2017-05-01,0.42104891124789573
Kenya,2017-05-08,0.438617130762513
Kenya,2017-05-15,0.5948237338856148
Kenya,2017-05-22,0.6292539937746755
Kenya,2017-05-29,0.732386553627391
Kenya,2017-06-05,0.6140508065561727
Kenya,2017-06-12,0.6452985411867113
Kenya,2017-06-19,0.5945146111360248
Kenya,2017-06-26,0.5341925341017845
Kenya,2017-07-03,0.6430347584303071
Kenya,2017-07-10,0.6394336598873936
Kenya,2017-07-17,0.6631547987573009
Kenya,2017-07-24,0.49403128827061416
Kenya,2017-07-31,0.5376807973379617
Kenya,2017-08-07,0.5917867247379704
Kenya,2017-08-14,0.656326069849229
Kenya,2017-08-21,0.7628476502837409
Kenya,2017-08-28,0.6794907675956793
Kenya,2017-09-04,0.6213146217261406
Kenya,2017-09-11,0.6435047266513664
Kenya,2017-09-18,0.501543766227064
Kenya,2017-09-25,0.24486418364680793
Kenya,2017-10-02,0.3003250167897127
Kenya,2017-10-09,0.5733848625834047
Kenya,2017-10-16,0.5606622265774558
Kenya,2017-10-23,0.6950840610378081
Kenya,2017-10-30,0.6376461437310357
Kenya,2017-11-06,0.6054068605773435
Kenya,2017-11-13,0.5943457191594635
Kenya,2017-11-20,0.5774950487351362
Kenya,2017-11-27,0.6625981425815097
Kenya,2017-12-04,0.6435507471123904
Kenya,2017-12-11,0.47653294132224344
Kyrgyzstan,2016-12-26,0.16973592886729683
Kyrgyzstan,2017-01-02,0.16973592886729683
Kyrgyzstan,2017-01-09,0.16973592886729683
Kyrgyzstan,2017-01-16,0.16973592886729683
Kyrgyzstan,2017-01-23,0.16973592886729683
Kyrgyzstan,2017-01-30,0.16973592886729683
Kyrgyzstan,2017-02-06,0.16973592886729683
Kyrgyzstan,2017-02-13,0.16973592886729683
Kyrgyzstan,2017-02-20,0.16973592886729683
Kyrgyzstan,2017-02-27,0.16973592886729683
Kyrgyzstan,2017-03-06,0.16973592886729683
Kyrgyzstan,2017-03-13,0.16973592886729683
Kyrgyzstan,2017-03-20,0.16973592886729683
Kyrgyzstan,2017-03-27,0.16973592886729683
Kyrgyzstan,2017-04-03,0.16973592886729683
Kyrgyzstan,2017-04-10,0.16973592886729683
Kyrgyzstan,2017-04-17,0.16973592886729683
Kyrgyzstan,2017-04-24,0.16973592886729683
Kyrgyzstan,2017-05-01,0.16973592886729683
Kyrgyzstan,2017-05-08,0.16973592886729683
Kyrgyzstan,2017-05-15,0.16973592886729683
Kyrgyzstan,2017-05-22,0.16973592886729683
Kyrgyzstan,2017-05-29,0.16973592886729683
Kyrgyzstan,2017-06-05,0.16973592886729683
Kyrgyzstan,2017-06-12,0.16973592886729683
Kyrgyzstan,2017-06-19,0.16973592886729683
Kyrgyzstan,2017-06-26,0.16973592886729683
Kyrgyzstan,2017-07-03,0.16973592886729683
Kyrgyzstan,2017-07-10,0.16973592886729683
Kyrgyzstan,2017-07-17,0.16973592886729683
Kyrgyzstan,2017-07-24,0.16973592886729683
Kyrgyzstan,2017-07-31,0.16973592886729683
Kyrgyzstan,2017-08-07,0.16973592886729683
Kyrgyzstan,2017-08-14,0.16973592886729683
Kyrgyzstan,2017-08-21,0.16973592886729683
Kyrgyzstan,2017-08-28,0.16973592886729683
Kyrgyzstan,2017-09-04,0.16973592886729683
Kyrgyzstan,2017-09-11,0.16973592886729683
Kyrgyzstan,2017-09-18,0.16973592886729683
Kyrgyzstan,2017-09-25,0.16973592886729683
Kyrgyzstan,2017-10-02,0.16973592886729683
Kyrgyzstan,2017-10-09,0.16973592886729683
Kyrgyzstan,2017-10-16,0.16973592886729683
Kyrgyzstan,2017-10-23,0.16973592886729683
Kyrgyzstan,2017-10-30,0.16973592886729683
Kyrgyzstan,2017-11-06,0.16973592886729683
Kyrgyzstan,2017-11-13,0.16973592886729683
Kyrgyzstan,2017-11-20,0.16973592886729683
Kyrgyzstan,2017-11-27,0.16973592886729683
Kyrgyzstan,2017-12-04,0.16973592886729683
Kyrgyzstan,2017-12-11,0.16973592886729683
Myanmar,2016-12-26,0.3920067836256845
Myanmar,2017-01-02,0.5988595448015034
Myanmar,2017-01-09,0.48398839069051663
Myanmar,2017-01-16,0.5948447286930719
Myanmar,2017-01-23,0.5739415517671973
Myanmar,2017-01-30,0.5069177767443944
Myanmar,2017-02-06,0.29129680917177175
Myanmar,2017-02-13,0.3638387354294044
Myanmar,2017-02-20,0.36054040118627917
Myanmar,2017-02-27,0.30903082934992676
Myanmar,2017-03-06,0.5371796891825983
Myanmar,2017-03-13,0.4196687212366574
Myanmar,2017-03-20,0.32691207710624354
Myanmar,2017-03-27,0.16973592886729683
Myanmar,2017-04-03,0.41841952663728926
Myanmar,2017-04-10,0.3547364125230361
Myanmar,2017-04-17,0.23333935080030196
Myanmar,2017-04-24,0.4354277571093135
Myanmar,2017-05-01,0.5792592222597929
Myanmar,2017-05-08,0.4380376444151808
Myanmar,2017-05-15,0.2797354097636577
Myanmar,2017-05-22,0.3727937388773896
Myanmar,2017-05-29,0.5881610365489642
Myanmar,2017-06-05,0.5149195333476013
Myanmar,2017-06-12,0.33563169536293064
Myanmar,2017-06-19,0.5426116951065233
Myanmar,2017-06-26,0.6283021455858857
Myanmar,2017-07-03,0.6128959144203537
Myanmar,2017-07-10,0.5632545796972404
Myanmar,2017-07-17,0.41176942806919126
Myanmar,2017-07-24,0.22884262982395534
Myanmar,2017-07-31,0.48786346582113554
Myanmar,2017-08-07,0.5710331743484526
Myanmar,2017-08-14,0.5348984517269525
Myanmar,2017-08-21,0.8015705820347617
Myanmar,2017-08-28,0.5772935932611664
Myanmar,2017-09-04,0.752308947838307
Myanmar,2017-09-11,0.5332738277344135
Myanmar,2017-09-18,0.3034930738865809
Myanmar,2017-09-25,0.16973592886729683
Myanmar,2017-10-02,0.16973592886729683
Myanmar,2017-10-09,0.16973592886729683
Myanmar,2017-10-16,0.16973592886729683
Myanmar,2017-10-23,0.16973592886729683
Myanmar,2017-10-30,0.16973592886729683
Myanmar,2017-11-06,0.4921456693144586
Myanmar,2017-11-13,0.3907756629234021
Myanmar,2017-11-20,0.45888846999123833
Myanmar,2017-11-27,0.5888563211982158
Myanmar,2017-12-04,0.4236094915620201
Myanmar,2017-12-11,0.3107980279462844
Pakistan,2016-12-26,0.24082724498233335
Pakistan,2017-01-02,0.16973592886729683
Pakistan,2017-01-09,0.16973592886729683
Pakistan,2017-01-16,0.4845998427458851
Pakistan,2017-01-23,0.44384563825737106
Pakistan,2017-01-30,0.455479511586355
Pakistan,2017-02-06,0.6499510255797423
Pakistan,2017-02-13,0.7903884118280319
Pakistan,2017-02-20,0.8449733304342465
Pakistan,2017-02-27,0.8145242758841741
Pakistan,2017-03-06,0.7532067668776516
Pakistan,2017-03-13,0.7419239797326612
Pakistan,2017-03-20,0.6353826652386728
Pakistan,2017-03-27,0.7085798324422387
Pakistan,2017-04-03,0.6892142179976317
Pakistan,2017-04-10,0.678930446255173
Pakistan,2017-04-17,0.6404701986155463
Pakistan,2017-04-24,0.6755729749561095
Pakistan,2017-05-01,0.7136374175075685
Pakistan,2017-05-08,0.6761531790710777
Pakistan,2017-05-15,0.6307521227727099
Pakistan,2017-05-22,0.6044326840405998
Pakistan,2017-05-29,0.645147850613865
Pakistan,2017-06-05,0.5836576870303487
Pakistan,2017-06-12,0.7497019745628691
Pakistan,2017-06-19,0.7471522004164087
Pakistan,2017-06-26,0.7937230992358378
Pakistan,2017-07-03,0.7097128251927262
Pakistan,2017-07-10,0.7284304306285437
Pakistan,2017-07-17,0.7448460051003103
Pakistan,2017-07-24,0.7330526323698869
Pakistan,2017-07-31,0.6243197075686554
Pakistan,2017-08-07,0.7712460837263612
Pakistan,2017-08-14,0.7726188104871133
Pakistan,2017-08-21,0.7862805270792865
Pakistan,2017-08-28,0.6716778373036728
Pakistan,2017-09-04,0.5855885886968613
Pakistan,2017-09-11,0.6983250991952604
Pakistan,2017-09-18,0.7393360097093038
Pakistan,2017-09-25,0.7590252471869481
Pakistan,2017-10-02,0.7472071295677393
Pakistan,2017-10-09,0.7941387916437579
Pakistan,2017-10-16,0.7802491970311888
Pakistan,2017-10-23,0.643020104485197
Pakistan,2017-10-30,0.5949136286607554
Pakistan,2017-11-06,0.6591405355056752
Pakistan,2017-11-13,0.6164046811833456
Pakistan,2017-11-20,0.6878061276690158
Pakistan,2017-11-27,0.6971931989874682
Pakistan,2017-12-04,0.7462316358163988
Pakistan,2017-12-11,0.7172564833722399
Peru,2016-12-26,0.16973592886729683
Peru,2017-01-02,0.16973592886729683
Peru,2017-01-09,0.16973592886729683
Peru,2017-01-16,0.16973592886729683
Peru,2017-01-23,0.16973592886729683
Peru,2017-01-30,0.16973592886729683
Peru,2017-02-06,0.16973592886729683
Peru,2017-02-13,0.16973592886729683
Peru,2017-02-20,0.16973592886729683
Peru,2017-02-27,0.16973592886729683
Peru,2017-03-06,0.16973592886729683
Peru,2017-03-13,0.16973592886729683
Peru,2017-03-20,0.16973592886729683
Peru,2017-03-27,0.16973592886729683
Peru,2017-04-03,0.16973592886729683
Peru,2017-04-10,0.16973592886729683
Peru,2017-04-17,0.16973592886729683
Peru,2017-04-24,0.16973592886729683
Peru,2017-05-01,0.16973592886729683
Peru,2017-05-08,0.16973592886729683
Peru,2017-05-15,0.16973592886729683
Peru,2017-05-22,0.16973592886729683
Peru,2017-05-29,0.16973592886729683
Peru,2017-06-05,0.16973592886729683
Peru,2017-06-12,0.16973592886729683
Peru,2017-06-19,0.16973592886729683
Peru,2017-06-26,0.16973592886729683
Peru,2017-07-03,0.16973592886729683
Peru,2017-07-10,0.16973592886729683
Peru,2017-07-17,0.16973592886729683
Peru,2017-07-24,0.16973592886729683
Peru,2017-07-31,0.16973592886729683
Peru,2017-08-07,0.16973592886729683
Peru,2017-08-14,0.16973592886729683
Peru,2017-08-21,0.16973592886729683
Peru,2017-08-28,0.16973592886729683
Peru,2017-09-04,0.41841952663728926
Peru,2017-09-11,0.3547364125230361
Peru,2017-09-18,0.23333935080030196
Peru,2017-09-25,0.16973592886729683
Peru,2017-10-02,0.16973592886729683
Peru,2017-10-09,0.4191490442427767
Peru,2017-10-16,0.3851935570122198
Peru,2017-10-23,0.26514779505916486
Peru,2017-10-30,0.16973592886729683
Peru,2017-11-06,0.16973592886729683
Peru,2017-11-13,0.16973592886729683
Peru,2017-11-20,0.16973592886729683
Peru,2017-11-27,0.16973592886729683
Peru,2017-12-04,0.16973592886729683
Peru,2017-12-11,0.16973592886729683
Somalia,2016-12-26,0.7359051170227658
Somalia,2017-01-02,0.7308322416497157
Somalia,2017-01-09,0.7036162346632752
Somalia,2017-01-16,0.8091634525503063
Somalia,2017-01-23,0.8427989041159756
Somalia,2017-01-30,0.8465765165384669
Somalia,2017-02-06,0.8299820427213227
Somalia,2017-02-13,0.7750232543890773
Somalia,2017-02-20,0.7632536253922803
Somalia,2017-02-27,0.7799218304310652
Somalia,2017-03-06,0.6592151819189351
Somalia,2017-03-13,0.7473424033912633
Somalia,2017-03-20,0.7546487994459037
Somalia,2017-03-27,0.7980040068185733
Somalia,2017-04-03,0.7848196542647358
Somalia,2017-04-10,0.845299666717993
Somalia,2017-04-17,0.8084422702153881
Somalia,2017-04-24,0.8115211569820048
Somalia,2017-05-01,0.7732224793092556
Somalia,2017-05-08,0.8079094414669555
Somalia,2017-05-15,0.7179760020838796
Somalia,2017-05-22,0.7505802656365411
Somalia,2017-05-29,0.7605586747422408
Somalia,2017-06-05,0.8398896032966746
Somalia,2017-06-12,0.8265467289781689
Somalia,2017-06-19,0.8139461727404232
Somalia,2017-06-26,0.7261079246418701
Somalia,2017-07-03,0.7820899446591106
Somalia,2017-07-10,0.8248514680426379
Somalia,2017-07-17,0.7731085337013347
Somalia,2017-07-24,0.7950910163039264
Somalia,2017-07-31,0.7154233028969738
Somalia,2017-08-07,0.7688372175273882
Somalia,2017-08-14,0.7505590167207563
Somalia,2017-08-21,0.7074193337445563
Somalia,2017-08-28,0.6983580247255031
Somalia,2017-09-04,0.8071364210454958
Somalia,2017-09-11,0.8159753785198783
Somalia,2017-09-18,0.821920549444077
Somalia,2017-09-25,0.7858082092002402
Somalia,2017-10-02,0.7827206386412039
Somalia,2017-10-09,0.7880127590496032
Somalia,2017-10-16,0.7438004525228711
Somalia,2017-10-23,0.7979816455265462
Somalia,2017-10-30,0.7662324746768178
Somalia,2017-11-06,0.8410186424082157
Somalia,2017-11-13,0.807817772030664
Somalia,2017-11-20,0.792966321944247
Somalia,2017-11-27,0.719844272216832
Somalia,2017-12-04,0.7411607096935113
Somalia,2017-12-11,0.8108467860567955
South Sudan,2016-12-26,0.7447456517366788
South Sudan,2017-01-02,0.7294310288942304
South Sudan,2017-01-09,0.653549858918954
South Sudan,2017-01-16,0.6043334200438228
South Sudan,2017-01-23,0.6486619594712496
South Sudan,2017-01-30,0.7015352959591784
South Sudan,2017-02-06,0.5745086861650647
South Sudan,2017-02-13,0.36345923361088595
South Sudan,2017-02-20,0.16973592886729683
South Sudan,2017-02-27,0.38994252121775325
South Sudan,2017-03-06,0.5578559824588432
South Sudan,2017-03-13,0.47517479043656313
South Sudan,2017-03-20,0.49058616162835783
South Sudan,2017-03-27,0.6208977617951279
South Sudan,2017-04-03,0.749651138957817
South Sudan,2017-04-10,0.8524835427233176
South Sudan,2017-04-17,0.737746463996405
South Sudan,2017-04-24,0.582733539435889
South Sudan,2017-05-01,0.6087996432372997
South Sudan,2017-05-08,0.56140759632567
South Sudan,2017-05-15,0.6218240112158769
South Sudan,2017-05-22,0.5544226517626807
South Sudan,2017-05-29,0.5751661455358644
South Sudan,2017-06-05,0.5962285363309032
South Sudan,2017-06-12,0.5025170054404741
South Sudan,2017-06-19,0.4730634090262731
South Sudan,2017-06-26,0.6174031516343416
South Sudan,2017-07-03,0.7209487846780931
South Sudan,2017-07-10,0.6707533002844294
South Sudan,2017-07-17,0.5414686431768042
South Sudan,2017-07-24,0.3638925135328692
South Sudan,2017-07-31,0.5619229363777555
South Sudan,2017-08-07,0.5925150190872991
South Sudan,2017-08-14,0.3738468059640236
South Sudan,2017-08-21,0.43847302258925064
South Sudan,2017-08-28,0.38284181387435384
South Sudan,2017-09-04,0.30273419053431544
South Sudan,2017-09-11,0.46516577836767387
South Sudan,2017-09-18,0.5749285179305793
South Sudan,2017-09-25,0.5570390673941056
South Sudan,2017-10-02,0.4697754751680196
South Sudan,2017-10-09,0.4926087408255235
South Sudan,2017-10-16,0.45777328356386165
South Sudan,2017-10-23,0.462754929121147
South Sudan,2017-10-30,0.45665083247032645
South Sudan,2017-11-06,0.38552427479721
South Sudan,2017-11-13,0.49396888282562773
South Sudan,2017-11-20,0.5147166088354139
South Sudan,2017-11-27,0.6720339348663559
South Sudan,2017-12-04,0.5555693101950308
South Sudan,2017-12-11,0.6324529986676476
Sudan,2016-12-26,0.4382264362888972
Sudan,2017-01-02,0.38656636778714715
Sudan,2017-01-09,0.2815645660666154
Sudan,2017-01-16,0.3813487607000184
Sudan,2017-01-23,0.5255640999852204
Sudan,2017-01-30,0.49429327799049777
Sudan,2017-02-06,0.4354521338903006
Sudan,2017-02-13,0.36229505319757727
Sudan,2017-02-20,0.5105173485504464
Sudan,2017-02-27,0.5356297432819015
Sudan,2017-03-06,0.48874869432531504
Sudan,2017-03-13,0.43837530927863955
Sudan,2017-03-20,0.4179763488942026
Sudan,2017-03-27,0.48224271179714756
Sudan,2017-04-03,0.6728834145377874
Sudan,2017-04-10,0.6883355724767842
Sudan,2017-04-17,0.6212899608440665
Sudan,2017-04-24,0.6255820649751023
Sudan,2017-05-01,0.6693495317343997
Sudan,2017-05-08,0.5618487904179555
Sudan,2017-05-15,0.5690166530746116
Sudan,2017-05-22,0.5080343322365419
Sudan,2017-05-29,0.6634335053556317
Sudan,2017-06-05,0.6564410721644807
Sudan,2017-06-12,0.6397852310623647
Sudan,2017-06-19,0.4620908943595882
Sudan,2017-06-26,0.4542055837605931
Sudan,2017-07-03,0.4178349699302744
Sudan,2017-07-10,0.2926870170071774
Sudan,2017-07-17,0.5174331126085132
Sudan,2017-07-24,0.5669536697837989
Sudan,2017-07-31,0.4802246428782846
Sudan,2017-08-07,0.4084049479862601
Sudan,2017-08-14,0.4437053310660763
Sudan,2017-08-21,0.35412629139104584
Sudan,2017-08-28,0.34564541155607703
Sudan,2017-09-04,0.30903082934992676
Sudan,2017-09-11,0.35647801554812264
Sudan,2017-09-18,0.5549618037678364
Sudan,2017-09-25,0.49622284983467485
Sudan,2017-10-02,0.4291958022042664
Sudan,2017-10-09,0.22884262982395534
Sudan,2017-10-16,0.3922139096836776
Sudan,2017-10-23,0.40105094427805027
Sudan,2017-10-30,0.4679049287932087
Sudan,2017-11-06,0.28017329074356495
Sudan,2017-11-13,0.16973592886729683
Sudan,2017-11-20,0.4845940325179689
Sudan,2017-11-27,0.5494047191504251
Sudan,2017-12-04,0.4887710522874311
Sudan,2017-12-11,0.2770109113762668
Tajikistan,2016-12-26,0.16973592886729683
Tajikistan,2017-01-02,0.16973592886729683
Tajikistan,2017-01-09,0.16973592886729683
Tajikistan,2017-01-16,0.16973592886729683
Tajikistan,2017-01-23,0.16973592886729683
Tajikistan,2017-01-30,0.16973592886729683
Tajikistan,2017-02-06,0.16973592886729683
Tajikistan,2017-02-13,0.16973592886729683
Tajikistan,2017-02-20,0.16973592886729683
Tajikistan,2017-02-27,0.16973592886729683
Tajikistan,2017-03-06,0.16973592886729683
Tajikistan,2017-03-13,0.16973592886729683
Tajikistan,2017-03-20,0.16973592886729683
Tajikistan,2017-03-27,0.16973592886729683
Tajikistan,2017-04-03,0.16973592886729683
Tajikistan,2017-04-10,0.16973592886729683
Tajikistan,2017-04-17,0.16973592886729683
Tajikistan,2017-04-24,0.16973592886729683
Tajikistan,2017-05-01,0.16973592886729683
Tajikistan,2017-05-08,0.16973592886729683
Tajikistan,2017-05-15,0.16973592886729683
Tajikistan,2017-05-22,0.16973592886729683
Tajikistan,2017-05-29,0.16973592886729683
Tajikistan,2017-06-05,0.16973592886729683
Tajikistan,2017-06-12,0.16973592886729683
Tajikistan,2017-06-19,0.16973592886729683
Tajikistan,2017-06-26,0.16973592886729683
Tajikistan,2017-07-03,0.16973592886729683
Tajikistan,2017-07-10,0.16973592886729683
Tajikistan,2017-07-17,0.16973592886729683
Tajikistan,2017-07-24,0.16973592886729683
Tajikistan,2017-07-31,0.16973592886729683
Tajikistan,2017-08-07,0.16973592886729683
Tajikistan,2017-08-14,0.16973592886729683
Tajikistan,2017-08-21,0.16973592886729683
Tajikistan,2017-08-28,0.16973592886729683
Tajikistan,2017-09-04,0.16973592886729683
Tajikistan,2017-09-11,0.16973592886729683
Tajikistan,2017-09-18,0.16973592886729683
Tajikistan,2017-09-25,0.16973592886729683
Tajikistan,2017-10-02,0.16973592886729683
Tajikistan,2017-10-09,0.16973592886729683
Tajikistan,2017-10-16,0.16973592886729683
Tajikistan,2017-10-23,0.16973592886729683
Tajikistan,2017-10-30,0.16973592886729683
Tajikistan,2017-11-06,0.16973592886729683
Tajikistan,2017-11-13,0.16973592886729683
Tajikistan,2017-11-20,0.16973592886729683
Tajikistan,2017-11-27,0.16973592886729683
Tajikistan,2017-12-04,0.16973592886729683
Tajikistan,2017-12-11,0.16973592886729683
Venezuela,2016-12-26,0.16973592886729683
Venezuela,2017-01-02,0.16973592886729683
Venezuela,2017-01-09,0.16973592886729683
Venezuela,2017-01-16,0.3999149901359675
Venezuela,2017-01-23,0.39692300888365484
Venezuela,2017-01-30,0.37562400701561827
Venezuela,2017-02-06,0.3973927847753598
Venezuela,2017-02-13,0.4404929417164789
Venezuela,2017-02-20,0.5126804628281028
Venezuela,2017-02-27,0.4253460557040727
Venezuela,2017-03-06,0.25252828820027373
Venezuela,2017-03-13,0.3262013428522789
Venezuela,2017-03-20,0.36656854003475053
Venezuela,2017-03-27,0.4046483328234298
Venezuela,2017-04-03,0.42716600990076553
Venezuela,2017-04-10,0.44129279822119716
Venezuela,2017-04-17,0.3956904399608807
Venezuela,2017-04-24,0.4135169282098919
Venezuela,2017-05-01,0.4012147941947379
Venezuela,2017-05-08,0.45847903339188734
Venezuela,2017-05-15,0.5243540881266492
Venezuela,2017-05-22,0.5210487586809786
Venezuela,2017-05-29,0.5588240160731585
Venezuela,2017-06-05,0.4586238596617684
Venezuela,2017-06-12,0.41468953823936544
Venezuela,2017-06-19,0.42969423294244374
Venezuela,2017-06-26,0.5031280152685382
Venezuela,2017-07-03,0.49554712071212936
Venezuela,2017-07-10,0.4133406433338589
Venezuela,2017-07-17,0.22474091769841187
Venezuela,2017-07-24,0.3594406673210447
Venezuela,2017-07-31,0.3741426554688887
Venezuela,2017-08-07,0.35481460925719954
Venezuela,2017-08-14,0.5129978956538167
Venezuela,2017-08-21,0.5189314842599855
Venezuela,2017-08-28,0.4624082768135283
Venezuela,2017-09-04,0.45919735017024826
Venezuela,2017-09-11,0.4684070740059769
Venezuela,2017-09-18,0.4530322487961905
Venezuela,2017-09-25,0.4433682313423703
Venezuela,2017-10-02,0.4294146132310647
Venezuela,2017-10-09,0.43572079257415225
Venezuela,2017-10-16,0.5663726223382962
Venezuela,2017-10-23,0.4924190687305692
Venezuela,2017-10-30,0.47761919771615546
Venezuela,2017-11-06,0.43068731950362377
Venezuela,2017-11-13,0.4547809565703873
Venezuela,2017-11-20,0.4189478201483015
Venezuela,2017-11-27,0.42371608980132497
Venezuela,2017-12-04,0.4142145324566135
Venezuela,2017-12-11,0.40845054794317986
Afghanistan,2017-12-18,0.9809765535176709
Afghanistan,2017-12-25,0.9769820541984703
Afghanistan,2018-01-01,0.9850644349399754
Afghanistan,2018-01-08,0.9779599563923984
Afghanistan,2018-01-15,0.9804601049774653
Afghanistan,2018-01-22,0.9769244377645058
Afghanistan,2018-01-29,0.968925107135651
Afghanistan,2018-02-05,0.9770218315814935
Afghanistan,2018-02-12,0.9668523774611965
Afghanistan,2018-02-19,0.9748081861238876
Afghanistan,2018-02-26,0.9769151576088048
Afghanistan,2018-03-05,0.985188277997449
Afghanistan,2018-03-12,0.980210708663242
Afghanistan,2018-03-19,0.9763405281350407
Afghanistan,2018-03-26,0.9740489711778091
Afghanistan,2018-04-02,0.9829829105072397
Afghanistan,2018-04-09,0.9855105242701252
Afghanistan,2018-04-16,0.9819510372821737
Afghanistan,2018-04-23,0.9825032037390793
Afghanistan,2018-04-30,0.9763907410874539
Afghanistan,2018-05-07,0.9808819760752655
Afghanistan,2018-05-14,0.977913375572946
Afghanistan,2018-05-21,0.9601046915697325
Afghanistan,2018-05-28,0.9700091895092338
Afghanistan,2018-06-04,0.9784616916783483
Afghanistan,2018-06-11,0.9589680161842291
Afghanistan,2018-06-18,0.9815240416910184
Afghanistan,2018-06-25,0.9769460760917937
Afghanistan,2018-07-02,0.9832918872980777
Afghanistan,2018-07-09,0.9831633139158343
Afghanistan,2018-07-16,0.9585591895279499
Afghanistan,2018-07-23,0.9144213563455167
Afghanistan,2018-07-30,0.9629508264906229
Afghanistan,2018-08-06,0.9783020445853374
Afghanistan,2018-08-13,0.9621107924200033
Afghanistan,2018-08-20,0.9512088517501539
Afghanistan,2018-08-27,0.9723902038506821
Afghanistan,2018-09-03,0.9819475230448683
Afghanistan,2018-09-10,0.9835286596750797
Afghanistan,2018-09-17,0.9696785315987609
Afghanistan,2018-09-24,0.970918785046979
Afghanistan,2018-10-01,0.9811491587169484
Afghanistan,2018-10-08,0.9774631063041003
Afghanistan,2018-10-15,0.9780235290272411
Afghanistan,2018-10-22,0.9717093739052277
Afghanistan,2018-10-29,0.9744771471134245
Afghanistan,2018-11-05,0.9779174665287663
Afghanistan,2018-11-12,0.9794092936037057
Afghanistan,2018-11-19,0.9644309930209358
Afghanistan,2018-11-26,0.9784914501348134
Afghanistan,2018-12-03,0.9686254801356077
Bolivia,2017-12-18,0.16802988223604046
Bolivia,2017-12-25,0.16802988223604046
Bolivia,2018-01-01,0.16802988223604046
Bolivia,2018-01-08,0.16802988223604046
Bolivia,2018-01-15,0.16802988223604046
Bolivia,2018-01-22,0.16802988223604046
Bolivia,2018-01-29,0.16802988223604046
Bolivia,2018-02-05,0.16802988223604046
Bolivia,2018-02-12,0.16802988223604046
Bolivia,2018-02-19,0.16802988223604046
Bolivia,2018-02-26,0.16802988223604046
Bolivia,2018-03-05,0.16802988223604046
Bolivia,2018-03-12,0.16802988223604046
Bolivia,2018-03-19,0.16802988223604046
Bolivia,2018-03-26,0.16802988223604046
Bolivia,2018-04-02,0.16802988223604046
Bolivia,2018-04-09,0.16802988223604046
Bolivia,2018-04-16,0.16802988223604046
Bolivia,2018-04-23,0.16802988223604046
Bolivia,2018-04-30,0.16802988223604046
Bolivia,2018-05-07,0.16802988223604046
Bolivia,2018-05-14,0.16802988223604046
Bolivia,2018-05-21,0.16802988223604046
Bolivia,2018-05-28,0.16802988223604046
Bolivia,2018-06-04,0.16802988223604046
Bolivia,2018-06-11,0.16802988223604046
Bolivia,2018-06-18,0.16802988223604046
Bolivia,2018-06-25,0.16802988223604046
Bolivia,2018-07-02,0.16802988223604046
Bolivia,2018-07-09,0.16802988223604046
Bolivia,2018-07-16,0.16802988223604046
Bolivia,2018-07-23,0.16802988223604046
Bolivia,2018-07-30,0.16802988223604046
Bolivia,2018-08-06,0.16802988223604046
Bolivia,2018-08-13,0.16802988223604046
Bolivia,2018-08-20,0.16802988223604046
Bolivia,2018-08-27,0.16802988223604046
Bolivia,2018-09-03,0.16802988223604046
Bolivia,2018-09-10,0.16802988223604046
Bolivia,2018-09-17,0.16802988223604046
Bolivia,2018-09-24,0.16802988223604046
Bolivia,2018-10-01,0.16802988223604046
Bolivia,2018-10-08,0.16802988223604046
Bolivia,2018-10-15,0.16802988223604046
Bolivia,2018-10-22,0.16802988223604046
Bolivia,2018-10-29,0.16802988223604046
Bolivia,2018-11-05,0.16802988223604046
Bolivia,2018-11-12,0.16802988223604046
Bolivia,2018-11-19,0.16802988223604046
Bolivia,2018-11-26,0.16802988223604046
Bolivia,2018-12-03,0.16802988223604046
Colombia,2017-12-18,0.35539058207109325
Colombia,2017-12-25,0.38961948830392834
Colombia,2018-01-01,0.40277337967324306
Colombia,2018-01-08,0.5326416273243085
Colombia,2018-01-15,0.7894530243740842
Colombia,2018-01-22,0.7622351412851137
Colombia,2018-01-29,0.887572721303191
Colombia,2018-02-05,0.8502009099208315
Colombia,2018-02-12,0.6481440661863425
Colombia,2018-02-19,0.7701839727890042
Colombia,2018-02-26,0.7792761065932456
Colombia,2018-03-05,0.7547293547523671
Colombia,2018-03-12,0.788976786056835
Colombia,2018-03-19,0.7699748990161742
Colombia,2018-03-26,0.8443809499781892
Colombia,2018-04-02,0.739123784892238
Colombia,2018-04-09,0.7297931789776323
Colombia,2018-04-16,0.6930800401128115
Colombia,2018-04-23,0.6362764930480711
Colombia,2018-04-30,0.6741738192019696
Colombia,2018-05-07,0.6291593163010093
Colombia,2018-05-14,0.7738259890067999
Colombia,2018-05-21,0.6670722364222903
Colombia,2018-05-28,0.7945812486846279
Colombia,2018-06-04,0.6957918851335876
Colombia,2018-06-11,0.6769115048339772
Colombia,2018-06-18,0.7799774513781569
Colombia,2018-06-25,0.6142095941144783
Colombia,2018-07-02,0.7191397077736342
Colombia,2018-07-09,0.5742065769793444
Colombia,2018-07-16,0.7533667363783527
Colombia,2018-07-23,0.7161393924259373
Colombia,2018-07-30,0.672936438563001
Colombia,2018-08-06,0.5915692709885724
Colombia,2018-08-13,0.679938690790506
Colombia,2018-08-20,0.6071228770603656
Colombia,2018-08-27,0.6701150023477288
Colombia,2018-09-03,0.6851319466523526
Colombia,2018-09-10,0.6175382383824882
Colombia,2018-09-17,0.6017583907345305
Colombia,2018-09-24,0.6449918709656177
Colombia,2018-10-01,0.6836003087527095
Colombia,2018-10-08,0.7996351334399132
Colombia,2018-10-15,0.6962071693321086
Colombia,2018-10-22,0.6468381735971189
Colombia,2018-10-29,0.561070337513995
Colombia,2018-11-05,0.5466268108981859
Colombia,2018-11-12,0.5125195799773
Colombia,2018-11-19,0.5876671072721034
Colombia,2018-11-26,0.6146790176940408
Colombia,2018-12-03,0.5627005298766679
Ecuador,2017-12-18,0.16802988223604046
Ecuador,2017-12-25,0.16802988223604046
Ecuador,2018-01-01,0.16802988223604046
Ecuador,2018-01-08,0.16802988223604046
Ecuador,2018-01-15,0.16802988223604046
Ecuador,2018-01-22,0.16802988223604046
Ecuador,2018-01-29,0.16802988223604046
Ecuador,2018-02-05,0.16802988223604046
Ecuador,2018-02-12,0.16802988223604046
Ecuador,2018-02-19,0.16802988223604046
Ecuador,2018-02-26,0.16802988223604046
Ecuador,2018-03-05,0.16802988223604046
Ecuador,2018-03-12,0.16802988223604046
Ecuador,2018-03-19,0.16802988223604046
Ecuador,2018-03-26,0.16802988223604046
Ecuador,2018-04-02,0.16802988223604046
Ecuador,2018-04-09,0.16802988223604046
Ecuador,2018-04-16,0.16802988223604046
Ecuador,2018-04-23,0.16802988223604046
Ecuador,2018-04-30,0.16802988223604046
Ecuador,2018-05-07,0.16802988223604046
Ecuador,2018-05-14,0.16802988223604046
Ecuador,2018-05-21,0.16802988223604046
Ecuador,2018-05-28,0.16802988223604046
Ecuador,2018-06-04,0.16802988223604046
Ecuador,2018-06-11,0.16802988223604046
Ecuador,2018-06-18,0.16802988223604046
Ecuador,2018-06-25,0.16802988223604046
Ecuador,2018-07-02,0.16802988223604046
Ecuador,2018-07-09,0.16802988223604046
Ecuador,2018-07-16,0.16802988223604046
Ecuador,2018-07-23,0.16802988223604046
Ecuador,2018-07-30,0.16802988223604046
Ecuador,2018-08-06,0.16802988223604046
Ecuador,2018-08-13,0.16802988223604046
Ecuador,2018-08-20,0.16802988223604046
Ecuador,2018-08-27,0.16802988223604046
Ecuador,2018-09-03,0.16802988223604046
Ecuador,2018-09-10,0.16802988223604046
Ecuador,2018-09-17,0.16802988223604046
Ecuador,2018-09-24,0.16802988223604046
Ecuador,2018-10-01,0.16802988223604046
Ecuador,2018-10-08,0.16802988223604046
Ecuador,2018-10-15,0.16802988223604046
Ecuador,2018-10-22,0.16802988223604046
Ecuador,2018-10-29,0.16802988223604046
Ecuador,2018-11-05,0.16802988223604046
Ecuador,2018-11-12,0.16802988223604046
Ecuador,2018-11-19,0.16802988223604046
Ecuador,2018-11-26,0.16802988223604046
Ecuador,2018-12-03,0.16802988223604046
Eritrea,2017-12-18,0.16802988223604046
Eritrea,2017-12-25,0.16802988223604046
Eritrea,2018-01-01,0.16802988223604046
Eritrea,2018-01-08,0.16802988223604046
Eritrea,2018-01-15,0.16802988223604046
Eritrea,2018-01-22,0.16802988223604046
Eritrea,2018-01-29,0.16802988223604046
Eritrea,2018-02-05,0.16802988223604046
Eritrea,2018-02-12,0.16802988223604046
Eritrea,2018-02-19,0.16802988223604046
Eritrea,2018-02-26,0.16802988223604046
Eritrea,2018-03-05,0.16802988223604046
Eritrea,2018-03-12,0.16802988223604046
Eritrea,2018-03-19,0.16802988223604046
Eritrea,2018-03-26,0.16802988223604046
Eritrea,2018-04-02,0.16802988223604046
Eritrea,2018-04-09,0.16802988223604046
Eritrea,2018-04-16,0.16802988223604046
Eritrea,2018-04-23,0.16802988223604046
Eritrea,2018-04-30,0.16802988223604046
Eritrea,2018-05-07,0.16802988223604046
Eritrea,2018-05-14,0.16802988223604046
Eritrea,2018-05-21,0.16802988223604046
Eritrea,2018-05-28,0.16802988223604046
Eritrea,2018-06-04,0.16802988223604046
Eritrea,2018-06-11,0.16802988223604046
Eritrea,2018-06-18,0.16802988223604046
Eritrea,2018-06-25,0.16802988223604046
Eritrea,2018-07-02,0.16802988223604046
Eritrea,2018-07-09,0.16802988223604046
Eritrea,2018-07-16,0.16802988223604046
Eritrea,2018-07-23,0.16802988223604046
Eritrea,2018-07-30,0.16802988223604046
Eritrea,2018-08-06,0.16802988223604046
Eritrea,2018-08-13,0.16802988223604046
Eritrea,2018-08-20,0.16802988223604046
Eritrea,2018-08-27,0.16802988223604046
Eritrea,2018-09-03,0.16802988223604046
Eritrea,2018-09-10,0.16802988223604046
Eritrea,2018-09-17,0.16802988223604046
Eritrea,2018-09-24,0.16802988223604046
Eritrea,2018-10-01,0.16802988223604046
Eritrea,2018-10-08,0.16802988223604046
Eritrea,2018-10-15,0.16802988223604046
Eritrea,2018-10-22,0.16802988223604046
Eritrea,2018-10-29,0.16802988223604046
Eritrea,2018-11-05,0.16802988223604046
Eritrea,2018-11-12,0.16802988223604046
Eritrea,2018-11-19,0.16802988223604046
Eritrea,2018-11-26,0.16802988223604046
Eritrea,2018-12-03,0.16802988223604046
Ethiopia,2017-12-18,0.41045640989803855
Ethiopia,2017-12-25,0.3538074476656304
Ethiopia,2018-01-01,0.16802988223604046
Ethiopia,2018-01-08,0.16802988223604046
Ethiopia,2018-01-15,0.4602247414998486
Ethiopia,2018-01-22,0.5952491718143227
Ethiopia,2018-01-29,0.594577090998698
Ethiopia,2018-02-05,0.36917363267925185
Ethiopia,2018-02-12,0.31446484819921433
Ethiopia,2018-02-19,0.35438832699926587
Ethiopia,2018-02-26,0.5261051038562287
Ethiopia,2018-03-05,0.5456506944159102
Ethiopia,2018-03-12,0.5913338162758738
Ethiopia,2018-03-19,0.29973223471430793
Ethiopia,2018-03-26,0.16802988223604046
Ethiopia,2018-04-02,0.16802988223604046
Ethiopia,2018-04-09,0.4555185437098718
Ethiopia,2018-04-16,0.6136380205111609
Ethiopia,2018-04-23,0.5760677318019053
Ethiopia,2018-04-30,0.47205389337391973
Ethiopia,2018-05-07,0.40837174383432995
Ethiopia,2018-05-14,0.3951611360733158
Ethiopia,2018-05-21,0.37988437992864094
Ethiopia,2018-05-28,0.41847248895659833
Ethiopia,2018-06-04,0.43442219165800317
Ethiopia,2018-06-11,0.23754254601108904
Ethiopia,2018-06-18,0.16802988223604046
Ethiopia,2018-06-25,0.31446484819921433
Ethiopia,2018-07-02,0.35438832699926587
Ethiopia,2018-07-09,0.46562212020970595
Ethiopia,2018-07-16,0.4082624399030385
Ethiopia,2018-07-23,0.33626534037396955
Ethiopia,2018-07-30,0.4763380516231199
Ethiopia,2018-08-06,0.4827424027041165
Ethiopia,2018-08-13,0.4971659018954271
Ethiopia,2018-08-20,0.3354003164201633
Ethiopia,2018-08-27,0.39282332700309547
Ethiopia,2018-09-03,0.4151611714592343
Ethiopia,2018-09-10,0.5318831338358817
Ethiopia,2018-09-17,0.5759974853800461
Ethiopia,2018-09-24,0.6889661008193064
Ethiopia,2018-10-01,0.5961325639378976
Ethiopia,2018-10-08,0.5355016733678991
Ethiopia,2018-10-15,0.4381108428421226
Ethiopia,2018-10-22,0.4746302968225482
Ethiopia,2018-10-29,0.4433100437621235
Ethiopia,2018-11-05,0.4118721928144115
Ethiopia,2018-11-12,0.3446445873928714
Ethiopia,2018-11-19,0.507795897253778
Ethiopia,2018-11-26,0.49536641743070753
Ethiopia,2018-12-03,0.48630504677735376
Haiti,2017-12-18,0.16802988223604046
Haiti,2017-12-25,0.16802988223604046
Haiti,2018-01-01,0.16802988223604046
Haiti,2018-01-08,0.16802988223604046
Haiti,2018-01-15,0.16802988223604046
Haiti,2018-01-22,0.16802988223604046
Haiti,2018-01-29,0.16802988223604046
Haiti,2018-02-05,0.16802988223604046
Haiti,2018-02-12,0.16802988223604046
Haiti,2018-02-19,0.16802988223604046
Haiti,2018-02-26,0.16802988223604046
Haiti,2018-03-05,0.16802988223604046
Haiti,2018-03-12,0.16802988223604046
Haiti,2018-03-19,0.16802988223604046
Haiti,2018-03-26,0.16802988223604046
Haiti,2018-04-02,0.16802988223604046
Haiti,2018-04-09,0.16802988223604046
Haiti,2018-04-16,0.16802988223604046
Haiti,2018-04-23,0.16802988223604046
Haiti,2018-04-30,0.16802988223604046
Haiti,2018-05-07,0.16802988223604046
Haiti,2018-05-14,0.16802988223604046
Haiti,2018-05-21,0.16802988223604046
Haiti,2018-05-28,0.16802988223604046
Haiti,2018-06-04,0.16802988223604046
Haiti,2018-06-11,0.16802988223604046
Haiti,2018-06-18,0.16802988223604046
Haiti,2018-06-25,0.16802988223604046
Haiti,2018-07-02,0.16802988223604046
Haiti,2018-07-09,0.16802988223604046
Haiti,2018-07-16,0.16802988223604046
Haiti,2018-07-23,0.16802988223604046
Haiti,2018-07-30,0.16802988223604046
Haiti,2018-08-06,0.16802988223604046
Haiti,2018-08-13,0.16802988223604046
Haiti,2018-08-20,0.16802988223604046
Haiti,2018-08-27,0.16802988223604046
Haiti,2018-09-03,0.16802988223604046
Haiti,2018-09-10,0.16802988223604046
Haiti,2018-09-17,0.16802988223604046
Haiti,2018-09-24,0.16802988223604046
Haiti,2018-10-01,0.16802988223604046
Haiti,2018-10-08,0.16802988223604046
Haiti,2018-10-15,0.16802988223604046
Haiti,2018-10-22,0.16802988223604046
Haiti,2018-10-29,0.16802988223604046
Haiti,2018-11-05,0.16802988223604046
Haiti,2018-11-12,0.3783562075046189
Haiti,2018-11-19,0.4229898159701033
Haiti,2018-11-26,0.32743245201024657
Haiti,2018-12-03,0.16802988223604046
Kenya,2017-12-18,0.29599315686526745
Kenya,2017-12-25,0.43159635180542155
Kenya,2018-01-01,0.5606378781632043
Kenya,2018-01-08,0.6679630257033478
Kenya,2018-01-15,0.6413850238936706
Kenya,2018-01-22,0.6305570921443516
Kenya,2018-01-29,0.5484606796210728
Kenya,2018-02-05,0.5216088816625448
Kenya,2018-02-12,0.648971785588048
Kenya,2018-02-19,0.5251474897155036
Kenya,2018-02-26,0.5271704267540572
Kenya,2018-03-05,0.42588616539175356
Kenya,2018-03-12,0.2825372144716236
Kenya,2018-03-19,0.16802988223604046
Kenya,2018-03-26,0.41779981702571534
Kenya,2018-04-02,0.4164997533117356
Kenya,2018-04-09,0.28182384958964707
Kenya,2018-04-16,0.16802988223604046
Kenya,2018-04-23,0.16802988223604046
Kenya,2018-04-30,0.4822056974015101
Kenya,2018-05-07,0.4848399259122884
Kenya,2018-05-14,0.4326073323707329
Kenya,2018-05-21,0.3196238264374978
Kenya,2018-05-28,0.35438832699926587
Kenya,2018-06-04,0.4449814125702432
Kenya,2018-06-11,0.5236590548991379
Kenya,2018-06-18,0.4205558286203377
Kenya,2018-06-25,0.48431513773698603
Kenya,2018-07-02,0.5070321507788632
Kenya,2018-07-09,0.5237663537943377
Kenya,2018-07-16,0.47078026013915514
Kenya,2018-07-23,0.560127405827095
Kenya,2018-07-30,0.5087212401057081
Kenya,2018-08-06,0.48193586727392823
Kenya,2018-08-13,0.5131155328445275
Kenya,2018-08-20,0.4152196223070923
Kenya,2018-08-27,0.540499666656072
Kenya,2018-09-03,0.4878015039590009
Kenya,2018-09-10,0.5865637002575249
Kenya,2018-09-17,0.4812583399725347
Kenya,2018-09-24,0.45486791166081786
Kenya,2018-10-01,0.38896494446029556
Kenya,2018-10-08,0.48242644159516646
Kenya,2018-10-15,0.6319000298583749
Kenya,2018-10-22,0.5513298546480564
Kenya,2018-10-29,0.5194763229691511
Kenya,2018-11-05,0.43480407925539644
Kenya,2018-11-12,0.4320427599088774
Kenya,2018-11-19,0.4160107877196006
Kenya,2018-11-26,0.24575560768627677
Kenya,2018-12-03,0.39630126096889545
Kyrgyzstan,2017-12-18,0.16802988223604046
Kyrgyzstan,2017-12-25,0.16802988223604046
Kyrgyzstan,2018-01-01,0.16802988223604046
Kyrgyzstan,2018-01-08,0.16802988223604046
Kyrgyzstan,2018-01-15,0.16802988223604046
Kyrgyzstan,2018-01-22,0.16802988223604046
Kyrgyzstan,2018-01-29,0.16802988223604046
Kyrgyzstan,2018-02-05,0.16802988223604046
Kyrgyzstan,2018-02-12,0.16802988223604046
Kyrgyzstan,2018-02-19,0.16802988223604046
Kyrgyzstan,2018-02-26,0.16802988223604046
Kyrgyzstan,2018-03-05,0.16802988223604046
Kyrgyzstan,2018-03-12,0.16802988223604046
Kyrgyzstan,2018-03-19,0.16802988223604046
Kyrgyzstan,2018-03-26,0.16802988223604046
Kyrgyzstan,2018-04-02,0.16802988223604046
Kyrgyzstan,2018-04-09,0.16802988223604046
Kyrgyzstan,2018-04-16,0.16802988223604046
Kyrgyzstan,2018-04-23,0.16802988223604046
Kyrgyzstan,2018-04-30,0.16802988223604046
Kyrgyzstan,2018-05-07,0.16802988223604046
Kyrgyzstan,2018-05-14,0.16802988223604046
Kyrgyzstan,2018-05-21,0.16802988223604046
Kyrgyzstan,2018-05-28,0.16802988223604046
Kyrgyzstan,2018-06-04,0.16802988223604046
Kyrgyzstan,2018-06-11,0.16802988223604046
Kyrgyzstan,2018-06-18,0.16802988223604046
Kyrgyzstan,2018-06-25,0.16802988223604046
Kyrgyzstan,2018-07-02,0.16802988223604046
Kyrgyzstan,2018-07-09,0.16802988223604046
Kyrgyzstan,2018-07-16,0.16802988223604046
Kyrgyzstan,2018-07-23,0.16802988223604046
Kyrgyzstan,2018-07-30,0.16802988223604046
Kyrgyzstan,2018-08-06,0.16802988223604046
Kyrgyzstan,2018-08-13,0.16802988223604046
Kyrgyzstan,2018-08-20,0.16802988223604046
Kyrgyzstan,2018-08-27,0.16802988223604046
Kyrgyzstan,2018-09-03,0.16802988223604046
Kyrgyzstan,2018-09-10,0.16802988223604046
Kyrgyzstan,2018-09-17,0.16802988223604046
Kyrgyzstan,2018-09-24,0.16802988223604046
Kyrgyzstan,2018-10-01,0.16802988223604046
Kyrgyzstan,2018-10-08,0.16802988223604046
Kyrgyzstan,2018-10-15,0.16802988223604046
Kyrgyzstan,2018-10-22,0.16802988223604046
Kyrgyzstan,2018-10-29,0.16802988223604046
Kyrgyzstan,2018-11-05,0.16802988223604046
Kyrgyzstan,2018-11-12,0.16802988223604046
Kyrgyzstan,2018-11-19,0.16802988223604046
Kyrgyzstan,2018-11-26,0.16802988223604046
Kyrgyzstan,2018-12-03,0.16802988223604046
Myanmar,2017-12-18,0.3853901818380785
Myanmar,2017-12-25,0.45979162125224704
Myanmar,2018-01-01,0.5197536167904518
Myanmar,2018-01-08,0.3993891652714341
Myanmar,2018-01-15,0.4017459802492163
Myanmar,2018-01-22,0.5220398953558902
Myanmar,2018-01-29,0.558486894757629
Myanmar,2018-02-05,0.4254257815075046
Myanmar,2018-02-12,0.44054100857239437
Myanmar,2018-02-19,0.4822154253862399
Myanmar,2018-02-26,0.5854602386759886
Myanmar,2018-03-05,0.5580934812118845
Myanmar,2018-03-12,0.4041095121857283
Myanmar,2018-03-19,0.22810065944267313
Myanmar,2018-03-26,0.5300608097021148
Myanmar,2018-04-02,0.6034984408698301
Myanmar,2018-04-09,0.6399286838526539
Myanmar,2018-04-16,0.44093184925276047
Myanmar,2018-04-23,0.40897034847529645
Myanmar,2018-04-30,0.5737293990359165
Myanmar,2018-05-07,0.7204471818407899
Myanmar,2018-05-14,0.6935263886019486
Myanmar,2018-05-21,0.650884817171672
Myanmar,2018-05-28,0.43910434248316627
Myanmar,2018-06-04,0.5632020223204278
Myanmar,2018-06-11,0.5735366718091487
Myanmar,2018-06-18,0.5733931097688548
Myanmar,2018-06-25,0.5260390074574339
Myanmar,2018-07-02,0.40303177749196656
Myanmar,2018-07-09,0.6069870234537798
Myanmar,2018-07-16,0.5994436984456072
Myanmar,2018-07-23,0.46874015766869287
Myanmar,2018-07-30,0.4086602691108025
Myanmar,2018-08-06,0.3451279658847551
Myanmar,2018-08-13,0.5506476866360991
Myanmar,2018-08-20,0.4153508013552633
Myanmar,2018-08-27,0.5157872995220011
Myanmar,2018-09-03,0.5757008833207814
Myanmar,2018-09-10,0.5812959568367512
Myanmar,2018-09-17,0.5340413677103858
Myanmar,2018-09-24,0.386745570575831
Myanmar,2018-10-01,0.3193982312911779
Myanmar,2018-10-08,0.35438832699926587
Myanmar,2018-10-15,0.23207151920262578
Myanmar,2018-10-22,0.16802988223604046
Myanmar,2018-10-29,0.4134078086780037
Myanmar,2018-11-05,0.3588951326652475
Myanmar,2018-11-12,0.4351774741030217
Myanmar,2018-11-19,0.5772792561425576
Myanmar,2018-11-26,0.5183611138724555
Myanmar,2018-12-03,0.5667451776623507
Pakistan,2017-12-18,0.6742166405528137
Pakistan,2017-12-25,0.6514896917703091
Pakistan,2018-01-01,0.637783529548645
Pakistan,2018-01-08,0.6480842068815863
Pakistan,2018-01-15,0.633262485880777
Pakistan,2018-01-22,0.6426850524769288
Pakistan,2018-01-29,0.639517014980232
Pakistan,2018-02-05,0.7146603730187576
Pakistan,2018-02-12,0.6858254695397847
Pakistan,2018-02-19,0.7374258486858989
Pakistan,2018-02-26,0.7449859502195736
Pakistan,2018-03-05,0.7125733857292884
Pakistan,2018-03-12,0.6699106636721858
Pakistan,2018-03-19,0.4314465346119607
Pakistan,2018-03-26,0.459808544163771
Pakistan,2018-04-02,0.5067102497705068
Pakistan,2018-04-09,0.49700874803001477
Pakistan,2018-04-16,0.5236859351772883
Pakistan,2018-04-23,0.4278033368688013
Pakistan,2018-04-30,0.37114608298658824
Pakistan,2018-05-07,0.4704875221391898
Pakistan,2018-05-14,0.5584006837178207
Pakistan,2018-05-21,0.7042915545869933
Pakistan,2018-05-28,0.7197420308437009
Pakistan,2018-06-04,0.7375104536552106
Pakistan,2018-06-11,0.5399216497280029
Pakistan,2018-06-18,0.5216067528098697
Pakistan,2018-06-25,0.3955582583680302
Pakistan,2018-07-02,0.5697755366548781
Pakistan,2018-07-09,0.5448851825980422
Pakistan,2018-07-16,0.6074104833941344
Pakistan,2018-07-23,0.655833622956531
Pakistan,2018-07-30,0.5637983764500488
Pakistan,2018-08-06,0.5583378896029106
Pakistan,2018-08-13,0.5874536267535769
Pakistan,2018-08-20,0.568314016360898
Pakistan,2018-08-27,0.40757191663751385
Pakistan,2018-09-03,0.5166239087828167
Pakistan,2018-09-10,0.5736926765561093
Pakistan,2018-09-17,0.640029658229794
Pakistan,2018-09-24,0.5843087322695449
Pakistan,2018-10-01,0.5541286459483888
Pakistan,2018-10-08,0.5683829021764331
Pakistan,2018-10-15,0.546181853344425
Pakistan,2018-10-22,0.5397359849340657
Pakistan,2018-10-29,0.5512472573020312
Pakistan,2018-11-05,0.4118982986675872
Pakistan,2018-11-12,0.5910445133141741
Pakistan,2018-11-19,0.6725911232810534
Pakistan,2018-11-26,0.6554454260044816
Pakistan,2018-12-03,0.4748733687437044
Peru,2017-12-18,0.16802988223604046
Peru,2017-12-25,0.16802988223604046
Peru,2018-01-01,0.16802988223604046
Peru,2018-01-08,0.16802988223604046
Peru,2018-01-15,0.16802988223604046
Peru,2018-01-22,0.16802988223604046
Peru,2018-01-29,0.16802988223604046
Peru,2018-02-05,0.16802988223604046
Peru,2018-02-12,0.16802988223604046
Peru,2018-02-19,0.16802988223604046
Peru,2018-02-26,0.16802988223604046
Peru,2018-03-05,0.16802988223604046
Peru,2018-03-12,0.16802988223604046
Peru,2018-03-19,0.16802988223604046
Peru,2018-03-26,0.16802988223604046
Peru,2018-04-02,0.16802988223604046
Peru,2018-04-09,0.16802988223604046
Peru,2018-04-16,0.16802988223604046
Peru,2018-04-23,0.16802988223604046
Peru,2018-04-30,0.16802988223604046
Peru,2018-05-07,0.16802988223604046
Peru,2018-05-14,0.16802988223604046
Peru,2018-05-21,0.16802988223604046
Peru,2018-05-28,0.16802988223604046
Peru,2018-06-04,0.16802988223604046
Peru,2018-06-11,0.16802988223604046
Peru,2018-06-18,0.16802988223604046
Peru,2018-06-25,0.16802988223604046
Peru,2018-07-02,0.16802988223604046
Peru,2018-07-09,0.16802988223604046
Peru,2018-07-16,0.16802988223604046
Peru,2018-07-23,0.16802988223604046
Peru,2018-07-30,0.16802988223604046
Peru,2018-08-06,0.16802988223604046
Peru,2018-08-13,0.16802988223604046
Peru,2018-08-20,0.16802988223604046
Peru,2018-08-27,0.16802988223604046
Peru,2018-09-03,0.16802988223604046
Peru,2018-09-10,0.16802988223604046
Peru,2018-09-17,0.16802988223604046
Peru,2018-09-24,0.16802988223604046
Peru,2018-10-01,0.16802988223604046
Peru,2018-10-08,0.16802988223604046
Peru,2018-10-15,0.16802988223604046
Peru,2018-10-22,0.16802988223604046
Peru,2018-10-29,0.16802988223604046
Peru,2018-11-05,0.16802988223604046
Peru,2018-11-12,0.16802988223604046
Peru,2018-11-19,0.16802988223604046
Peru,2018-11-26,0.16802988223604046
Peru,2018-12-03,0.16802988223604046
Somalia,2017-12-18,0.7780850285020477
Somalia,2017-12-25,0.7986142374123174
Somalia,2018-01-01,0.7049722497959775
Somalia,2018-01-08,0.8177797627396873
Somalia,2018-01-15,0.836265868029456
Somalia,2018-01-22,0.8686241940767961
Somalia,2018-01-29,0.8698870787066166
Somalia,2018-02-05,0.8071999874920147
Somalia,2018-02-12,0.8638636673346903
Somalia,2018-02-19,0.8034950321837369
Somalia,2018-02-26,0.8520884978998717
Somalia,2018-03-05,0.8606643096040619
Somalia,2018-03-12,0.8903496712616938
Somalia,2018-03-19,0.8404994872896098
Somalia,2018-03-26,0.8883664204785383
Somalia,2018-04-02,0.8989579353463887
Somalia,2018-04-09,0.8539780442155026
Somalia,2018-04-16,0.8451227283556203
Somalia,2018-04-23,0.8040356272477357
Somalia,2018-04-30,0.8283062156951703
Somalia,2018-05-07,0.8615350006212691
Somalia,2018-05-14,0.867974992363286
Somalia,2018-05-21,0.9127840847749596
Somalia,2018-05-28,0.9200648512684882
Somalia,2018-06-04,0.9321537375982549
Somalia,2018-06-11,0.9197277594668213
Somalia,2018-06-18,0.8847978524862299
Somalia,2018-06-25,0.8671637899441395
Somalia,2018-07-02,0.9278576499013536
Somalia,2018-07-09,0.906940935420621
Somalia,2018-07-16,0.856232873215887
Somalia,2018-07-23,0.843426419693554
Somalia,2018-07-30,0.8628154756223566
Somalia,2018-08-06,0.8760382292260024
Somalia,2018-08-13,0.8905565641415839
Somalia,2018-08-20,0.8325420118059651
Somalia,2018-08-27,0.8333143807190554
Somalia,2018-09-03,0.8663242241497949
Somalia,2018-09-10,0.8731187923017222
Somalia,2018-09-17,0.9316369184718379
Somalia,2018-09-24,0.95081747816343
Somalia,2018-10-01,0.9154209690098547
Somalia,2018-10-08,0.8916637143691418
Somalia,2018-10-15,0.8643527397731501
Somalia,2018-10-22,0.8427502889198851
Somalia,2018-10-29,0.8558134387300905
Somalia,2018-11-05,0.919070006541621
Somalia,2018-11-12,0.9283876574539923
Somalia,2018-11-19,0.9338579786575386
Somalia,2018-11-26,0.9035199891681032
Somalia,2018-12-03,0.9482994866268198
South Sudan,2017-12-18,0.7488212582978656
South Sudan,2017-12-25,0.7714548940654616
South Sudan,2018-01-01,0.7574835441005502
South Sudan,2018-01-08,0.6611146335042218
South Sudan,2018-01-15,0.6641426239889056
South Sudan,2018-01-22,0.6147482554327657
South Sudan,2018-01-29,0.47753230756891224
South Sudan,2018-02-05,0.5068617736259153
South Sudan,2018-02-12,0.6923664969499499
South Sudan,2018-02-19,0.6915686910028748
South Sudan,2018-02-26,0.7196443271028513
South Sudan,2018-03-05,0.5922459910039266
South Sudan,2018-03-12,0.48419680895304534
South Sudan,2018-03-19,0.6279809416694953
South Sudan,2018-03-26,0.7046356745107549
South Sudan,2018-04-02,0.7449101213182545
South Sudan,2018-04-09,0.6828816011049296
South Sudan,2018-04-16,0.7976659864777216
South Sudan,2018-04-23,0.7790650880189623
South Sudan,2018-04-30,0.816908088951235
South Sudan,2018-05-07,0.7694671924254658
South Sudan,2018-05-14,0.7730713709533391
South Sudan,2018-05-21,0.5540894926931083
South Sudan,2018-05-28,0.5092552859312408
South Sudan,2018-06-04,0.7299806621951861
South Sudan,2018-06-11,0.77745430198379
South Sudan,2018-06-18,0.7748527851630809
South Sudan,2018-06-25,0.7271620146441483
South Sudan,2018-07-02,0.770222240208479
South Sudan,2018-07-09,0.7621929801477729
South Sudan,2018-07-16,0.6376079264657508
South Sudan,2018-07-23,0.44983454233665326
South Sudan,2018-07-30,0.4169444564260691
South Sudan,2018-08-06,0.38875638045535266
South Sudan,2018-08-13,0.43922535311754524
South Sudan,2018-08-20,0.47983715382468534
South Sudan,2018-08-27,0.566031029421355
South Sudan,2018-09-03,0.6215670637443388
South Sudan,2018-09-10,0.6653247240761319
South Sudan,2018-09-17,0.6085252442049905
South Sudan,2018-09-24,0.6041593765831554
South Sudan,2018-10-01,0.6716013846718045
South Sudan,2018-10-08,0.6373754171440745
South Sudan,2018-10-15,0.5653886716552807
South Sudan,2018-10-22,0.5391197471515263
South Sudan,2018-10-29,0.6321370063644229
South Sudan,2018-11-05,0.6760387400209938
South Sudan,2018-11-12,0.5299964238161426
South Sudan,2018-11-19,0.4886638861690256
South Sudan,2018-11-26,0.471166055563014
South Sudan,2018-12-03,0.5493309223231883
Sudan,2017-12-18,0.16802988223604046
Sudan,2017-12-25,0.16802988223604046
Sudan,2018-01-01,0.3451566685976166
Sudan,2018-01-08,0.3748527013898963
Sudan,2018-01-15,0.49237094548010707
Sudan,2018-01-22,0.5379240887110553
Sudan,2018-01-29,0.660542416742172
Sudan,2018-02-05,0.5106722725699179
Sudan,2018-02-12,0.5670301064075898
Sudan,2018-02-19,0.49863574740666666
Sudan,2018-02-26,0.5842187336362568
Sudan,2018-03-05,0.5842799346990392
Sudan,2018-03-12,0.46957432037715935
Sudan,2018-03-19,0.48341415569553203
Sudan,2018-03-26,0.6228328773166575
Sudan,2018-04-02,0.6521105235409271
Sudan,2018-04-09,0.6303379011177942
Sudan,2018-04-16,0.5603511883329558
Sudan,2018-04-23,0.6029938749915859
Sudan,2018-04-30,0.44725231653699243
Sudan,2018-05-07,0.5044201199540042
Sudan,2018-05-14,0.4258388666499667
Sudan,2018-05-21,0.641290933135438
Sudan,2018-05-28,0.5675862839770441
Sudan,2018-06-04,0.43563383264639494
Sudan,2018-06-11,0.6426005631603161
Sudan,2018-06-18,0.49815061615358713
Sudan,2018-06-25,0.5236829297137743
Sudan,2018-07-02,0.6097817472636214
Sudan,2018-07-09,0.5320012820888219
Sudan,2018-07-16,0.5913079629846504
Sudan,2018-07-23,0.6453137075074483
Sudan,2018-07-30,0.675379494704695
Sudan,2018-08-06,0.5014814403486144
Sudan,2018-08-13,0.3694908052675931
Sudan,2018-08-20,0.4208293472932607
Sudan,2018-08-27,0.35363264601286687
Sudan,2018-09-03,0.23754254601108904
Sudan,2018-09-10,0.4639331861418486
Sudan,2018-09-17,0.5281724046936435
Sudan,2018-09-24,0.6114239584122693
Sudan,2018-10-01,0.590644430436449
Sudan,2018-10-08,0.6412197342876224
Sudan,2018-10-15,0.47114093455694556
Sudan,2018-10-22,0.43576141306005906
Sudan,2018-10-29,0.3969105313084283
Sudan,2018-11-05,0.45066861790925844
Sudan,2018-11-12,0.6704767019657881
Sudan,2018-11-19,0.7590803880166415
Sudan,2018-11-26,0.5475103855472699
Sudan,2018-12-03,0.5202519983957294
Tajikistan,2017-12-18,0.16802988223604046
Tajikistan,2017-12-25,0.16802988223604046
Tajikistan,2018-01-01,0.16802988223604046
Tajikistan,2018-01-08,0.16802988223604046
Tajikistan,2018-01-15,0.16802988223604046
Tajikistan,2018-01-22,0.16802988223604046
Tajikistan,2018-01-29,0.16802988223604046
Tajikistan,2018-02-05,0.16802988223604046
Tajikistan,2018-02-12,0.16802988223604046
Tajikistan,2018-02-19,0.16802988223604046
Tajikistan,2018-02-26,0.16802988223604046
Tajikistan,2018-03-05,0.16802988223604046
Tajikistan,2018-03-12,0.16802988223604046
Tajikistan,2018-03-19,0.16802988223604046
Tajikistan,2018-03-26,0.16802988223604046
Tajikistan,2018-04-02,0.16802988223604046
Tajikistan,2018-04-09,0.16802988223604046
Tajikistan,2018-04-16,0.16802988223604046
Tajikistan,2018-04-23,0.16802988223604046
Tajikistan,2018-04-30,0.16802988223604046
Tajikistan,2018-05-07,0.16802988223604046
Tajikistan,2018-05-14,0.16802988223604046
Tajikistan,2018-05-21,0.16802988223604046
Tajikistan,2018-05-28,0.16802988223604046
Tajikistan,2018-06-04,0.16802988223604046
Tajikistan,2018-06-11,0.16802988223604046
Tajikistan,2018-06-18,0.16802988223604046
Tajikistan,2018-06-25,0.16802988223604046
Tajikistan,2018-07-02,0.16802988223604046
Tajikistan,2018-07-09,0.16802988223604046
Tajikistan,2018-07-16,0.16802988223604046
Tajikistan,2018-07-23,0.37191128350789304
Tajikistan,2018-07-30,0.4801192236537278
Tajikistan,2018-08-06,0.4148375467254713
Tajikistan,2018-08-13,0.23754254601108904
Tajikistan,2018-08-20,0.16802988223604046
Tajikistan,2018-08-27,0.16802988223604046
Tajikistan,2018-09-03,0.16802988223604046
Tajikistan,2018-09-10,0.16802988223604046
Tajikistan,2018-09-17,0.16802988223604046
Tajikistan,2018-09-24,0.16802988223604046
Tajikistan,2018-10-01,0.16802988223604046
Tajikistan,2018-10-08,0.16802988223604046
Tajikistan,2018-10-15,0.16802988223604046
Tajikistan,2018-10-22,0.16802988223604046
Tajikistan,2018-10-29,0.16802988223604046
Tajikistan,2018-11-05,0.4424563653459798
Tajikistan,2018-11-12,0.4294776371711175
Tajikistan,2018-11-19,0.32437388256788896
Tajikistan,2018-11-26,0.16802988223604046
Tajikistan,2018-12-03,0.16802988223604046
Venezuela,2017-12-18,0.37114608298658824
Venezuela,2017-12-25,0.22810065944267313
Venezuela,2018-01-01,0.16802988223604046
Venezuela,2018-01-08,0.16802988223604046
Venezuela,2018-01-15,0.16802988223604046
Venezuela,2018-01-22,0.16802988223604046
Venezuela,2018-01-29,0.32110034364771933
Venezuela,2018-02-05,0.34454432210631153
Venezuela,2018-02-12,0.4028383035380341
Venezuela,2018-02-19,0.4246717547139561
Venezuela,2018-02-26,0.4995085511861211
Venezuela,2018-03-05,0.4830992169856774
Venezuela,2018-03-12,0.5001535924389079
Venezuela,2018-03-19,0.49112733710138584
Venezuela,2018-03-26,0.5161175673803874
Venezuela,2018-04-02,0.4411944159017593
Venezuela,2018-04-09,0.36957397743823855
Venezuela,2018-04-16,0.3913950483729392
Venezuela,2018-04-23,0.42670934068163424
Venezuela,2018-04-30,0.4365933360892194
Venezuela,2018-05-07,0.4532320866913833
Venezuela,2018-05-14,0.44832601846459297
Venezuela,2018-05-21,0.40755395716757264
Venezuela,2018-05-28,0.4674788973139284
Venezuela,2018-06-04,0.47123732294849124
Venezuela,2018-06-11,0.45846818113023663
Venezuela,2018-06-18,0.46841676695383727
Venezuela,2018-06-25,0.5070819237333314
Venezuela,2018-07-02,0.48288866009566545
Venezuela,2018-07-09,0.47401142818024433
Venezuela,2018-07-16,0.4419905272875552
Venezuela,2018-07-23,0.4648623691917145
Venezuela,2018-07-30,0.39080630307440156
Venezuela,2018-08-06,0.4551952647645554
Venezuela,2018-08-13,0.39080630307440156
Venezuela,2018-08-20,0.49570772018331755
Venezuela,2018-08-27,0.47802316160257247
Venezuela,2018-09-03,0.5452498312800172
Venezuela,2018-09-10,0.4593871558625667
Venezuela,2018-09-17,0.3921656857387647
Venezuela,2018-09-24,0.3934317685252913
Venezuela,2018-10-01,0.42170154981396174
Venezuela,2018-10-08,0.5468694293050179
Venezuela,2018-10-15,0.5086136081548558
Venezuela,2018-10-22,0.478979533467643
Venezuela,2018-10-29,0.5142406194702892
Venezuela,2018-11-05,0.524406258064142
Venezuela,2018-11-12,0.49756965475855247
Venezuela,2018-11-19,0.3873469834290422
Venezuela,2018-11-26,0.3909409687374901
Venezuela,2018-12-03,0.5182224020973991
Afghanistan,2018-12-10,0.9772462596351793
Afghanistan,2018-12-17,0.9771103556522313
Afghanistan,2018-12-24,0.983196633945307
Afghanistan,2018-12-31,0.98135305795482
Afghanistan,2019-01-07,0.974587925326448
Afghanistan,2019-01-14,0.979413194183336
Afghanistan,2019-01-21,0.9806274384361573
Afghanistan,2019-01-28,0.9805849477505363
Afghanistan,2019-02-04,0.9810079185867999
Afghanistan,2019-02-11,0.9768150193123967
Afghanistan,2019-02-18,0.9771174051188817
Afghanistan,2019-02-25,0.980457400023287
Afghanistan,2019-03-04,0.9847289963119034
Afghanistan,2019-03-11,0.9764506383480702
Afghanistan,2019-03-18,0.9630009366540105
Afghanistan,2019-03-25,0.9762497463061792
Afghanistan,2019-04-01,0.9826162661990817
Afghanistan,2019-04-08,0.9809273574492524
Afghanistan,2019-04-15,0.9735600130874259
Afghanistan,2019-04-22,0.9838139954670991
Afghanistan,2019-04-29,0.9857358245225271
Afghanistan,2019-05-06,0.9796635218300125
Afghanistan,2019-05-13,0.97811046947252
Afghanistan,2019-05-20,0.9802640143742284
Afghanistan,2019-05-27,0.9853929468396888
Afghanistan,2019-06-03,0.9738385810844065
Afghanistan,2019-06-10,0.985907860107137
Afghanistan,2019-06-17,0.9774823032525415
Afghanistan,2019-06-24,0.9851621109681293
Afghanistan,2019-07-01,0.985573713561413
Afghanistan,2019-07-08,0.9745514412510654
Afghanistan,2019-07-15,0.9792763919830056
Afghanistan,2019-07-22,0.9823631210425514
Afghanistan,2019-07-29,0.9842742263747777
Afghanistan,2019-08-05,0.9740394336835067
Afghanistan,2019-08-12,0.9780433427003753
Afghanistan,2019-08-19,0.9853938450116004
Afghanistan,2019-08-26,0.9831662907615426
Afghanistan,2019-09-02,0.9720896928865064
Afghanistan,2019-09-09,0.9745444465507321
Afghanistan,2019-09-16,0.9839595758235035
Afghanistan,2019-09-23,0.9853002255981872
Afghanistan,2019-09-30,0.9763598344309128
Afghanistan,2019-10-07,0.9800660325055904
Afghanistan,2019-10-14,0.982808142691519
Afghanistan,2019-10-21,0.9853637478452617
Afghanistan,2019-10-28,0.9724426113883547
Afghanistan,2019-11-04,0.9752983753161777
Afghanistan,2019-11-11,0.9800287704166674
Afghanistan,2019-11-18,0.9855348626011217
Afghanistan,2019-11-25,0.9853604168495784
Bolivia,2018-12-10,0.16757875485499696
Bolivia,2018-12-17,0.16757875485499696
Bolivia,2018-12-24,0.16757875485499696
Bolivia,2018-12-31,0.16757875485499696
Bolivia,2019-01-07,0.16757875485499696
Bolivia,2019-01-14,0.16757875485499696
Bolivia,2019-01-21,0.16757875485499696
Bolivia,2019-01-28,0.16757875485499696
Bolivia,2019-02-04,0.16757875485499696
Bolivia,2019-02-11,0.16757875485499696
Bolivia,2019-02-18,0.16757875485499696
Bolivia,2019-02-25,0.16757875485499696
Bolivia,2019-03-04,0.16757875485499696
Bolivia,2019-03-11,0.16757875485499696
Bolivia,2019-03-18,0.16757875485499696
Bolivia,2019-03-25,0.16757875485499696
Bolivia,2019-04-01,0.16757875485499696
Bolivia,2019-04-08,0.16757875485499696
Bolivia,2019-04-15,0.16757875485499696
Bolivia,2019-04-22,0.16757875485499696
Bolivia,2019-04-29,0.16757875485499696
Bolivia,2019-05-06,0.16757875485499696
Bolivia,2019-05-13,0.16757875485499696
Bolivia,2019-05-20,0.16757875485499696
Bolivia,2019-05-27,0.16757875485499696
Bolivia,2019-06-03,0.16757875485499696
Bolivia,2019-06-10,0.16757875485499696
Bolivia,2019-06-17,0.16757875485499696
Bolivia,2019-06-24,0.16757875485499696
Bolivia,2019-07-01,0.16757875485499696
Bolivia,2019-07-08,0.16757875485499696
Bolivia,2019-07-15,0.16757875485499696
Bolivia,2019-07-22,0.16757875485499696
Bolivia,2019-07-29,0.16757875485499696
Bolivia,2019-08-05,0.16757875485499696
Bolivia,2019-08-12,0.16757875485499696
Bolivia,2019-08-19,0.16757875485499696
Bolivia,2019-08-26,0.16757875485499696
Bolivia,2019-09-02,0.16757875485499696
Bolivia,2019-09-09,0.16757875485499696
Bolivia,2019-09-16,0.16757875485499696
Bolivia,2019-09-23,0.16757875485499696
Bolivia,2019-09-30,0.16757875485499696
Bolivia,2019-10-07,0.16757875485499696
Bolivia,2019-10-14,0.16757875485499696
Bolivia,2019-10-21,0.16757875485499696
Bolivia,2019-10-28,0.16757875485499696
Bolivia,2019-11-04,0.16757875485499696
Bolivia,2019-11-11,0.16757875485499696
Bolivia,2019-11-18,0.16757875485499696
Bolivia,2019-11-25,0.16757875485499696
Colombia,2018-12-10,0.5416266028207826
Colombia,2018-12-17,0.5095844121052372
Colombia,2018-12-24,0.5582500921960648
Colombia,2018-12-31,0.6641988856901709
Colombia,2019-01-07,0.520189229090903
Colombia,2019-01-14,0.6817485609799475
Colombia,2019-01-21,0.7371390988491999
Colombia,2019-01-28,0.7930903949916989
Colombia,2019-02-04,0.6012323818489319
Colombia,2019-02-11,0.4595552990147594
Colombia,2019-02-18,0.39804583078469374
Colombia,2019-02-25,0.3948500545470555
Colombia,2019-03-04,0.6665188624656047
Colombia,2019-03-11,0.6325065082859884
Colombia,2019-03-18,0.6133629894569564
Colombia,2019-03-25,0.49358040954473426
Colombia,2019-04-01,0.46418025761869725
Colombia,2019-04-08,0.6712269268038157
Colombia,2019-04-15,0.6873576819546731
Colombia,2019-04-22,0.7219036343403493
Colombia,2019-04-29,0.5931326257573396
Colombia,2019-05-06,0.5606944678261301
Colombia,2019-05-13,0.4956041858238514
Colombia,2019-05-20,0.42603232461584567
Colombia,2019-05-27,0.5374988982695303
Colombia,2019-06-03,0.5353749526374576
Colombia,2019-06-10,0.5929150870031025
Colombia,2019-06-17,0.4905161319060735
Colombia,2019-06-24,0.5514521699147547
Colombia,2019-07-01,0.638099922282088
Colombia,2019-07-08,0.6097078023498709
Colombia,2019-07-15,0.5604731063671093
Colombia,2019-07-22,0.47435243785774345
Colombia,2019-07-29,0.4538568949609223
Colombia,2019-08-05,0.4744277043676681
Colombia,2019-08-12,0.5035229941783776
Colombia,2019-08-19,0.5760414647518141
Colombia,2019-08-26,0.6341511537594914
Colombia,2019-09-02,0.6908111383370094
Colombia,2019-09-09,0.5807785425206121
Colombia,2019-09-16,0.5504204182887463
Colombia,2019-09-23,0.5182654999991338
Colombia,2019-09-30,0.5378069950473862
Colombia,2019-10-07,0.4363103628689378
Colombia,2019-10-14,0.5111812223232924
Colombia,2019-10-21,0.4802148428799084
Colombia,2019-10-28,0.5001698745950284
Colombia,2019-11-04,0.5451584085894519
Colombia,2019-11-11,0.45874139112118567
Colombia,2019-11-18,0.32275987268847556
Colombia,2019-11-25,0.3592877017326448
Ecuador,2018-12-10,0.16757875485499696
Ecuador,2018-12-17,0.16757875485499696
Ecuador,2018-12-24,0.16757875485499696
Ecuador,2018-12-31,0.16757875485499696
Ecuador,2019-01-07,0.16757875485499696
Ecuador,2019-01-14,0.3872209249334347
Ecuador,2019-01-21,0.36541841319904994
Ecuador,2019-01-28,0.23197395044640848
Ecuador,2019-02-04,0.16757875485499696
Ecuador,2019-02-11,0.16757875485499696
Ecuador,2019-02-18,0.16757875485499696
Ecuador,2019-02-25,0.16757875485499696
Ecuador,2019-03-04,0.16757875485499696
Ecuador,2019-03-11,0.16757875485499696
Ecuador,2019-03-18,0.16757875485499696
Ecuador,2019-03-25,0.16757875485499696
Ecuador,2019-04-01,0.16757875485499696
Ecuador,2019-04-08,0.16757875485499696
Ecuador,2019-04-15,0.16757875485499696
Ecuador,2019-04-22,0.16757875485499696
Ecuador,2019-04-29,0.16757875485499696
Ecuador,2019-05-06,0.16757875485499696
Ecuador,2019-05-13,0.16757875485499696
Ecuador,2019-05-20,0.16757875485499696
Ecuador,2019-05-27,0.16757875485499696
Ecuador,2019-06-03,0.16757875485499696
Ecuador,2019-06-10,0.16757875485499696
Ecuador,2019-06-17,0.16757875485499696
Ecuador,2019-06-24,0.16757875485499696
Ecuador,2019-07-01,0.16757875485499696
Ecuador,2019-07-08,0.16757875485499696
Ecuador,2019-07-15,0.16757875485499696
Ecuador,2019-07-22,0.16757875485499696
Ecuador,2019-07-29,0.16757875485499696
Ecuador,2019-08-05,0.16757875485499696
Ecuador,2019-08-12,0.16757875485499696
Ecuador,2019-08-19,0.16757875485499696
Ecuador,2019-08-26,0.16757875485499696
Ecuador,2019-09-02,0.16757875485499696
Ecuador,2019-09-09,0.16757875485499696
Ecuador,2019-09-16,0.16757875485499696
Ecuador,2019-09-23,0.16757875485499696
Ecuador,2019-09-30,0.16757875485499696
Ecuador,2019-10-07,0.16757875485499696
Ecuador,2019-10-14,0.16757875485499696
Ecuador,2019-10-21,0.16757875485499696
Ecuador,2019-10-28,0.16757875485499696
Ecuador,2019-11-04,0.16757875485499696
Ecuador,2019-11-11,0.16757875485499696
Ecuador,2019-11-18,0.16757875485499696
Ecuador,2019-11-25,0.16757875485499696
Eritrea,2018-12-10,0.16757875485499696
Eritrea,2018-12-17,0.16757875485499696
Eritrea,2018-12-24,0.16757875485499696
Eritrea,2018-12-31,0.16757875485499696
Eritrea,2019-01-07,0.16757875485499696
Eritrea,2019-01-14,0.16757875485499696
Eritrea,2019-01-21,0.16757875485499696
Eritrea,2019-01-28,0.16757875485499696
Eritrea,2019-02-04,0.16757875485499696
Eritrea,2019-02-11,0.16757875485499696
Eritrea,2019-02-18,0.16757875485499696
Eritrea,2019-02-25,0.16757875485499696
Eritrea,2019-03-04,0.16757875485499696
Eritrea,2019-03-11,0.16757875485499696
Eritrea,2019-03-18,0.16757875485499696
Eritrea,2019-03-25,0.16757875485499696
Eritrea,2019-04-01,0.16757875485499696
Eritrea,2019-04-08,0.16757875485499696
Eritrea,2019-04-15,0.16757875485499696
Eritrea,2019-04-22,0.16757875485499696
Eritrea,2019-04-29,0.16757875485499696
Eritrea,2019-05-06,0.16757875485499696
Eritrea,2019-05-13,0.16757875485499696
Eritrea,2019-05-20,0.16757875485499696
Eritrea,2019-05-27,0.16757875485499696
Eritrea,2019-06-03,0.16757875485499696
Eritrea,2019-06-10,0.16757875485499696
Eritrea,2019-06-17,0.16757875485499696
Eritrea,2019-06-24,0.16757875485499696
Eritrea,2019-07-01,0.16757875485499696
Eritrea,2019-07-08,0.16757875485499696
Eritrea,2019-07-15,0.16757875485499696
Eritrea,2019-07-22,0.16757875485499696
Eritrea,2019-07-29,0.16757875485499696
Eritrea,2019-08-05,0.16757875485499696
Eritrea,2019-08-12,0.16757875485499696
Eritrea,2019-08-19,0.16757875485499696
Eritrea,2019-08-26,0.16757875485499696
Eritrea,2019-09-02,0.16757875485499696
Eritrea,2019-09-09,0.16757875485499696
Eritrea,2019-09-16,0.16757875485499696
Eritrea,2019-09-23,0.16757875485499696
Eritrea,2019-09-30,0.16757875485499696
Eritrea,2019-10-07,0.16757875485499696
Eritrea,2019-10-14,0.16757875485499696
Eritrea,2019-10-21,0.16757875485499696
Eritrea,2019-10-28,0.16757875485499696
Eritrea,2019-11-04,0.16757875485499696
Eritrea,2019-11-11,0.16757875485499696
Eritrea,2019-11-18,0.16757875485499696
Eritrea,2019-11-25,0.16757875485499696
Ethiopia,2018-12-10,0.5445602797862493
Ethiopia,2018-12-17,0.510800345725292
Ethiopia,2018-12-24,0.5325426071147052
Ethiopia,2018-12-31,0.5430116146763956
Ethiopia,2019-01-07,0.6372714125145805
Ethiopia,2019-01-14,0.5756777901776801
Ethiopia,2019-01-21,0.35550008026797436
Ethiopia,2019-01-28,0.49923257226498424
Ethiopia,2019-02-04,0.5151631224561121
Ethiopia,2019-02-11,0.5020310781479596
Ethiopia,2019-02-18,0.4336432874369225
Ethiopia,2019-02-25,0.26582658661296293
Ethiopia,2019-03-04,0.16757875485499696
Ethiopia,2019-03-11,0.16757875485499696
Ethiopia,2019-03-18,0.16757875485499696
Ethiopia,2019-03-25,0.16757875485499696
Ethiopia,2019-04-01,0.39516279250201
Ethiopia,2019-04-08,0.4036143689965372
Ethiopia,2019-04-15,0.5268998866605861
Ethiopia,2019-04-22,0.4798917163799241
Ethiopia,2019-04-29,0.6901098047504083
Ethiopia,2019-05-06,0.6869132306016027
Ethiopia,2019-05-13,0.5279111404824902
Ethiopia,2019-05-20,0.5021708634617478
Ethiopia,2019-05-27,0.4528911062333972
Ethiopia,2019-06-03,0.457756619130846
Ethiopia,2019-06-10,0.26582658661296293
Ethiopia,2019-06-17,0.49540465722326993
Ethiopia,2019-06-24,0.5390038564126886
Ethiopia,2019-07-01,0.46979155306370385
Ethiopia,2019-07-08,0.22916310320686353
Ethiopia,2019-07-15,0.45152839734178524
Ethiopia,2019-07-22,0.4111460138307967
Ethiopia,2019-07-29,0.333162685310925
Ethiopia,2019-08-05,0.39594322447986435
Ethiopia,2019-08-12,0.4263650688726012
Ethiopia,2019-08-19,0.4335472577672433
Ethiopia,2019-08-26,0.43525424227698656
Ethiopia,2019-09-02,0.40083681519627806
Ethiopia,2019-09-09,0.22916310320686353
Ethiopia,2019-09-16,0.16757875485499696
Ethiopia,2019-09-23,0.5221756746027671
Ethiopia,2019-09-30,0.60437102323278
Ethiopia,2019-10-07,0.5436006526739403
Ethiopia,2019-10-14,0.4134441121799665
Ethiopia,2019-10-21,0.5991087257383051
Ethiopia,2019-10-28,0.4997378591251604
Ethiopia,2019-11-04,0.5233205800933117
Ethiopia,2019-11-11,0.41007121765075877
Ethiopia,2019-11-18,0.5373148088560128
Ethiopia,2019-11-25,0.4600911705876511
Haiti,2018-12-10,0.16757875485499696
Haiti,2018-12-17,0.16757875485499696
Haiti,2018-12-24,0.16757875485499696
Haiti,2018-12-31,0.16757875485499696
Haiti,2019-01-07,0.16757875485499696
Haiti,2019-01-14,0.16757875485499696
Haiti,2019-01-21,0.16757875485499696
Haiti,2019-01-28,0.16757875485499696
Haiti,2019-02-04,0.16757875485499696
Haiti,2019-02-11,0.16757875485499696
Haiti,2019-02-18,0.16757875485499696
Haiti,2019-02-25,0.16757875485499696
Haiti,2019-03-04,0.16757875485499696
Haiti,2019-03-11,0.16757875485499696
Haiti,2019-03-18,0.16757875485499696
Haiti,2019-03-25,0.16757875485499696
Haiti,2019-04-01,0.16757875485499696
Haiti,2019-04-08,0.16757875485499696
Haiti,2019-04-15,0.16757875485499696
Haiti,2019-04-22,0.16757875485499696
Haiti,2019-04-29,0.16757875485499696
Haiti,2019-05-06,0.16757875485499696
Haiti,2019-05-13,0.16757875485499696
Haiti,2019-05-20,0.16757875485499696
Haiti,2019-05-27,0.16757875485499696
Haiti,2019-06-03,0.16757875485499696
Haiti,2019-06-10,0.16757875485499696
Haiti,2019-06-17,0.16757875485499696
Haiti,2019-06-24,0.16757875485499696
Haiti,2019-07-01,0.16757875485499696
Haiti,2019-07-08,0.16757875485499696
Haiti,2019-07-15,0.16757875485499696
Haiti,2019-07-22,0.16757875485499696
Haiti,2019-07-29,0.16757875485499696
Haiti,2019-08-05,0.16757875485499696
Haiti,2019-08-12,0.16757875485499696
Haiti,2019-08-19,0.16757875485499696
Haiti,2019-08-26,0.16757875485499696
Haiti,2019-09-02,0.16757875485499696
Haiti,2019-09-09,0.16757875485499696
Haiti,2019-09-16,0.16757875485499696
Haiti,2019-09-23,0.16757875485499696
Haiti,2019-09-30,0.16757875485499696
Haiti,2019-10-07,0.16757875485499696
Haiti,2019-10-14,0.16757875485499696
Haiti,2019-10-21,0.16757875485499696
Haiti,2019-10-28,0.16757875485499696
Haiti,2019-11-04,0.16757875485499696
Haiti,2019-11-11,0.16757875485499696
Haiti,2019-11-18,0.16757875485499696
Haiti,2019-11-25,0.3123874275838345
Kenya,2018-12-10,0.40663906963743063
Kenya,2018-12-17,0.46649406146127204
Kenya,2018-12-24,0.45874979702449004
Kenya,2018-12-31,0.41556253018739636
Kenya,2019-01-07,0.24015276103391256
Kenya,2019-01-14,0.4826268415917989
Kenya,2019-01-21,0.4598493468087815
Kenya,2019-01-28,0.4323794996928163
Kenya,2019-02-04,0.22916310320686353
Kenya,2019-02-11,0.4910522145151433
Kenya,2019-02-18,0.43991128842429417
Kenya,2019-02-25,0.3886444751523652
Kenya,2019-03-04,0.3717134927881207
Kenya,2019-03-11,0.4775854190491018
Kenya,2019-03-18,0.46198056151118866
Kenya,2019-03-25,0.4456672750675457
Kenya,2019-04-01,0.3527749654336391
Kenya,2019-04-08,0.5258396872261831
Kenya,2019-04-15,0.4824156153548242
Kenya,2019-04-22,0.44785593222804215
Kenya,2019-04-29,0.39723652927886394
Kenya,2019-05-06,0.5883001756678742
Kenya,2019-05-13,0.5302114086724067
Kenya,2019-05-20,0.5239417076240681
Kenya,2019-05-27,0.48883399304213465
Kenya,2019-06-03,0.49778233108759923
Kenya,2019-06-10,0.6129211105349873
Kenya,2019-06-17,0.5687166307044892
Kenya,2019-06-24,0.4597009458714614
Kenya,2019-07-01,0.31721694140794193
Kenya,2019-07-08,0.3592877017326448
Kenya,2019-07-15,0.4448295412234933
Kenya,2019-07-22,0.3874150491236845
Kenya,2019-07-29,0.2694948720734669
Kenya,2019-08-05,0.4134050243284862
Kenya,2019-08-12,0.503236503715382
Kenya,2019-08-19,0.5175852850144422
Kenya,2019-08-26,0.5188689047537315
Kenya,2019-09-02,0.4697882285761792
Kenya,2019-09-09,0.4448707135687226
Kenya,2019-09-16,0.38493072804764883
Kenya,2019-09-23,0.26582658661296293
Kenya,2019-09-30,0.4110560657414983
Kenya,2019-10-07,0.5194226642795335
Kenya,2019-10-14,0.41480315528640604
Kenya,2019-10-21,0.28672141049546274
Kenya,2019-10-28,0.16757875485499696
Kenya,2019-11-04,0.3453677410845036
Kenya,2019-11-11,0.37905642587717475
Kenya,2019-11-18,0.3519606995298998
Kenya,2019-11-25,0.37905642587717475
Kyrgyzstan,2018-12-10,0.16757875485499696
Kyrgyzstan,2018-12-17,0.16757875485499696
Kyrgyzstan,2018-12-24,0.16757875485499696
Kyrgyzstan,2018-12-31,0.16757875485499696
Kyrgyzstan,2019-01-07,0.16757875485499696
Kyrgyzstan,2019-01-14,0.16757875485499696
Kyrgyzstan,2019-01-21,0.16757875485499696
Kyrgyzstan,2019-01-28,0.16757875485499696
Kyrgyzstan,2019-02-04,0.16757875485499696
Kyrgyzstan,2019-02-11,0.16757875485499696
Kyrgyzstan,2019-02-18,0.16757875485499696
Kyrgyzstan,2019-02-25,0.16757875485499696
Kyrgyzstan,2019-03-04,0.16757875485499696
Kyrgyzstan,2019-03-11,0.16757875485499696
Kyrgyzstan,2019-03-18,0.16757875485499696
Kyrgyzstan,2019-03-25,0.16757875485499696
Kyrgyzstan,2019-04-01,0.16757875485499696
Kyrgyzstan,2019-04-08,0.16757875485499696
Kyrgyzstan,2019-04-15,0.16757875485499696
Kyrgyzstan,2019-04-22,0.16757875485499696
Kyrgyzstan,2019-04-29,0.16757875485499696
Kyrgyzstan,2019-05-06,0.16757875485499696
Kyrgyzstan,2019-05-13,0.16757875485499696
Kyrgyzstan,2019-05-20,0.16757875485499696
Kyrgyzstan,2019-05-27,0.16757875485499696
Kyrgyzstan,2019-06-03,0.16757875485499696
Kyrgyzstan,2019-06-10,0.16757875485499696
Kyrgyzstan,2019-06-17,0.16757875485499696
Kyrgyzstan,2019-06-24,0.16757875485499696
Kyrgyzstan,2019-07-01,0.16757875485499696
Kyrgyzstan,2019-07-08,0.16757875485499696
Kyrgyzstan,2019-07-15,0.16757875485499696
Kyrgyzstan,2019-07-22,0.16757875485499696
Kyrgyzstan,2019-07-29,0.16757875485499696
Kyrgyzstan,2019-08-05,0.16757875485499696
Kyrgyzstan,2019-08-12,0.16757875485499696
Kyrgyzstan,2019-08-19,0.16757875485499696
Kyrgyzstan,2019-08-26,0.16757875485499696
Kyrgyzstan,2019-09-02,0.16757875485499696
Kyrgyzstan,2019-09-09,0.16757875485499696
Kyrgyzstan,2019-09-16,0.16757875485499696
Kyrgyzstan,2019-09-23,0.16757875485499696
Kyrgyzstan,2019-09-30,0.16757875485499696
Kyrgyzstan,2019-10-07,0.16757875485499696
Kyrgyzstan,2019-10-14,0.16757875485499696
Kyrgyzstan,2019-10-21,0.16757875485499696
Kyrgyzstan,2019-10-28,0.16757875485499696
Kyrgyzstan,2019-11-04,0.16757875485499696
Kyrgyzstan,2019-11-11,0.16757875485499696
Kyrgyzstan,2019-11-18,0.16757875485499696
Kyrgyzstan,2019-11-25,0.16757875485499696
Myanmar,2018-12-10,0.6113688040794577
Myanmar,2018-12-17,0.5978754453302758
Myanmar,2018-12-24,0.39854982641188147
Myanmar,2018-12-31,0.5719437681759786
Myanmar,2019-01-07,0.5931161559408159
Myanmar,2019-01-14,0.6900256038372893
Myanmar,2019-01-21,0.6120887923484458
Myanmar,2019-01-28,0.4778192304016873
Myanmar,2019-02-04,0.3320696026568131
Myanmar,2019-02-11,0.50050279791611
Myanmar,2019-02-18,0.7494033891850655
Myanmar,2019-02-25,0.713854264570141
Myanmar,2019-03-04,0.8034737931048732
Myanmar,2019-03-11,0.5654156299554401
Myanmar,2019-03-18,0.4772783048816139
Myanmar,2019-03-25,0.5356479433104351
Myanmar,2019-04-01,0.6346631006203873
Myanmar,2019-04-08,0.6418033770148436
Myanmar,2019-04-15,0.6329030035016865
Myanmar,2019-04-22,0.5855606361362985
Myanmar,2019-04-29,0.5110373324828658
Myanmar,2019-05-06,0.5753035712031482
Myanmar,2019-05-13,0.602917441125939
Myanmar,2019-05-20,0.6511902115362526
Myanmar,2019-05-27,0.605561955387465
Myanmar,2019-06-03,0.5942892264008524
Myanmar,2019-06-10,0.4421287148762166
Myanmar,2019-06-17,0.5399875484104829
Myanmar,2019-06-24,0.5948746190183697
Myanmar,2019-07-01,0.45406295360107213
Myanmar,2019-07-08,0.3991661271639986
Myanmar,2019-07-15,0.41661761481236687
Myanmar,2019-07-22,0.6831837362168564
Myanmar,2019-07-29,0.6830029758495214
Myanmar,2019-08-05,0.6468784185724866
Myanmar,2019-08-12,0.6986394783840316
Myanmar,2019-08-19,0.7715511979507083
Myanmar,2019-08-26,0.8167894173868143
Myanmar,2019-09-02,0.8115555337436753
Myanmar,2019-09-09,0.6515399093579924
Myanmar,2019-09-16,0.5613669205535158
Myanmar,2019-09-23,0.4241936103266928
Myanmar,2019-09-30,0.4524994055289883
Myanmar,2019-10-07,0.631694783854173
Myanmar,2019-10-14,0.65387265287247
Myanmar,2019-10-21,0.6564815785461859
Myanmar,2019-10-28,0.4734060990615537
Myanmar,2019-11-04,0.39344831149365606
Myanmar,2019-11-11,0.5712452025885303
Myanmar,2019-11-18,0.5595486439052965
Myanmar,2019-11-25,0.6299448981899879
Pakistan,2018-12-10,0.22916310320686353
Pakistan,2018-12-17,0.16757875485499696
Pakistan,2018-12-24,0.16757875485499696
Pakistan,2018-12-31,0.5352772267827278
Pakistan,2019-01-07,0.569862011821738
Pakistan,2019-01-14,0.6685869462288899
Pakistan,2019-01-21,0.6264494392184788
Pakistan,2019-01-28,0.621602741933014
Pakistan,2019-02-04,0.5440446729067704
Pakistan,2019-02-11,0.6312522156511221
Pakistan,2019-02-18,0.465468549796847
Pakistan,2019-02-25,0.6081699228879115
Pakistan,2019-03-04,0.601472800209586
Pakistan,2019-03-11,0.4646970021471346
Pakistan,2019-03-18,0.3517412695132987
Pakistan,2019-03-25,0.5227824449915357
Pakistan,2019-04-01,0.6084009564050236
Pakistan,2019-04-08,0.5100624129173528
Pakistan,2019-04-15,0.6354749472734863
Pakistan,2019-04-22,0.6744597919707839
Pakistan,2019-04-29,0.6944164874624074
Pakistan,2019-05-06,0.755179196120907
Pakistan,2019-05-13,0.7595811244615609
Pakistan,2019-05-20,0.6485779056459643
Pakistan,2019-05-27,0.6100504307426197
Pakistan,2019-06-03,0.5833968678026386
Pakistan,2019-06-10,0.4228811478114623
Pakistan,2019-06-17,0.40947454218747853
Pakistan,2019-06-24,0.5592277545498462
Pakistan,2019-07-01,0.618555714436125
Pakistan,2019-07-08,0.6258785861807388
Pakistan,2019-07-15,0.6349657186913422
Pakistan,2019-07-22,0.5654633819765161
Pakistan,2019-07-29,0.6383294877714817
Pakistan,2019-08-05,0.4472366561869281
Pakistan,2019-08-12,0.6200199305806527
Pakistan,2019-08-19,0.4657834918611659
Pakistan,2019-08-26,0.3441472304351319
Pakistan,2019-09-02,0.4358789524065898
Pakistan,2019-09-09,0.6611483952565256
Pakistan,2019-09-16,0.48728825841881473
Pakistan,2019-09-23,0.4485655986953377
Pakistan,2019-09-30,0.40548483567000754
Pakistan,2019-10-07,0.3789451057005359
Pakistan,2019-10-14,0.59104242260919
Pakistan,2019-10-21,0.5554729714864866
Pakistan,2019-10-28,0.5504777153689592
Pakistan,2019-11-04,0.6372945459304886
Pakistan,2019-11-11,0.6467250977541076
Pakistan,2019-11-18,0.4917626882024723
Pakistan,2019-11-25,0.38774671571212654
Peru,2018-12-10,0.16757875485499696
Peru,2018-12-17,0.16757875485499696
Peru,2018-12-24,0.16757875485499696
Peru,2018-12-31,0.16757875485499696
Peru,2019-01-07,0.16757875485499696
Peru,2019-01-14,0.16757875485499696
Peru,2019-01-21,0.16757875485499696
Peru,2019-01-28,0.16757875485499696
Peru,2019-02-04,0.16757875485499696
Peru,2019-02-11,0.16757875485499696
Peru,2019-02-18,0.16757875485499696
Peru,2019-02-25,0.16757875485499696
Peru,2019-03-04,0.16757875485499696
Peru,2019-03-11,0.16757875485499696
Peru,2019-03-18,0.16757875485499696
Peru,2019-03-25,0.16757875485499696
Peru,2019-04-01,0.16757875485499696
Peru,2019-04-08,0.3453677410845036
Peru,2019-04-15,0.37905642587717475
Peru,2019-04-22,0.23197395044640848
Peru,2019-04-29,0.16757875485499696
Peru,2019-05-06,0.16757875485499696
Peru,2019-05-13,0.16757875485499696
Peru,2019-05-20,0.16757875485499696
Peru,2019-05-27,0.16757875485499696
Peru,2019-06-03,0.16757875485499696
Peru,2019-06-10,0.16757875485499696
Peru,2019-06-17,0.16757875485499696
Peru,2019-06-24,0.16757875485499696
Peru,2019-07-01,0.16757875485499696
Peru,2019-07-08,0.16757875485499696
Peru,2019-07-15,0.16757875485499696
Peru,2019-07-22,0.16757875485499696
Peru,2019-07-29,0.16757875485499696
Peru,2019-08-05,0.16757875485499696
Peru,2019-08-12,0.16757875485499696
Peru,2019-08-19,0.16757875485499696
Peru,2019-08-26,0.16757875485499696
Peru,2019-09-02,0.16757875485499696
Peru,2019-09-09,0.16757875485499696
Peru,2019-09-16,0.16757875485499696
Peru,2019-09-23,0.16757875485499696
Peru,2019-09-30,0.16757875485499696
Peru,2019-10-07,0.16757875485499696
Peru,2019-10-14,0.16757875485499696
Peru,2019-10-21,0.16757875485499696
Peru,2019-10-28,0.16757875485499696
Peru,2019-11-04,0.16757875485499696
Peru,2019-11-11,0.16757875485499696
Peru,2019-11-18,0.16757875485499696
Peru,2019-11-25,0.16757875485499696
Somalia,2018-12-10,0.9044729430157435
Somalia,2018-12-17,0.885836192990051
Somalia,2018-12-24,0.9020159912833782
Somalia,2018-12-31,0.9033907680219593
Somalia,2019-01-07,0.8784410832205151
Somalia,2019-01-14,0.8861665959042813
Somalia,2019-01-21,0.8385343114506035
Somalia,2019-01-28,0.8576411500350797
Somalia,2019-02-04,0.864752981251807
Somalia,2019-02-11,0.9079693788922413
Somalia,2019-02-18,0.8694231129695374
Somalia,2019-02-25,0.8985618918815731
Somalia,2019-03-04,0.8468655606221042
Somalia,2019-03-11,0.8765658318616524
Somalia,2019-03-18,0.8430907134592752
Somalia,2019-03-25,0.8817000212186347
Somalia,2019-04-01,0.8226511267581239
Somalia,2019-04-08,0.736446487421086
Somalia,2019-04-15,0.6764432096892915
Somalia,2019-04-22,0.7218144433133947
Somalia,2019-04-29,0.7897790012202148
Somalia,2019-05-06,0.8403023275185086
Somalia,2019-05-13,0.9221741758057128
Somalia,2019-05-20,0.9405225244486498
Somalia,2019-05-27,0.8410607396676721
Somalia,2019-06-03,0.8245787444701841
Somalia,2019-06-10,0.7865435883267398
Somalia,2019-06-17,0.8768741578104021
Somalia,2019-06-24,0.8868442160862186
Somalia,2019-07-01,0.8765151012329685
Somalia,2019-07-08,0.8889768265322369
Somalia,2019-07-15,0.8719123637356846
Somalia,2019-07-22,0.8694069982176096
Somalia,2019-07-29,0.8475179220826904
Somalia,2019-08-05,0.7897480092768155
Somalia,2019-08-12,0.7784778779913403
Somalia,2019-08-19,0.8081385050716287
Somalia,2019-08-26,0.8657602476291136
Somalia,2019-09-02,0.8088832564311138
Somalia,2019-09-09,0.8574310438221383
Somalia,2019-09-16,0.8798860113512763
Somalia,2019-09-23,0.8910257031579784
Somalia,2019-09-30,0.8623250865103684
Somalia,2019-10-07,0.8550150766181767
Somalia,2019-10-14,0.8470507534419528
Somalia,2019-10-21,0.9010473613691262
Somalia,2019-10-28,0.8606975611107961
Somalia,2019-11-04,0.800664552019445
Somalia,2019-11-11,0.7461966783265805
Somalia,2019-11-18,0.8139467137541013
Somalia,2019-11-25,0.7747705146948971
South Sudan,2018-12-10,0.5721616397955867
South Sudan,2018-12-17,0.5054777523796333
South Sudan,2018-12-24,0.6437206417832092
South Sudan,2018-12-31,0.7318493972524885
South Sudan,2019-01-07,0.7182353744244098
South Sudan,2019-01-14,0.662724944953957
South Sudan,2019-01-21,0.4768387930118562
South Sudan,2019-01-28,0.5828036001954379
South Sudan,2019-02-04,0.6325038105539019
South Sudan,2019-02-11,0.6282997226796976
South Sudan,2019-02-18,0.47957998371779514
South Sudan,2019-02-25,0.4141366969748006
South Sudan,2019-03-04,0.4936665373210916
South Sudan,2019-03-11,0.5485123006141185
South Sudan,2019-03-18,0.5830955975307162
South Sudan,2019-03-25,0.5508287571402856
South Sudan,2019-04-01,0.5148799114027983
South Sudan,2019-04-08,0.457897261844639
South Sudan,2019-04-15,0.5807432958575733
South Sudan,2019-04-22,0.657742233968445
South Sudan,2019-04-29,0.4869196267807987
South Sudan,2019-05-06,0.441018673626105
South Sudan,2019-05-13,0.4247833561257939
South Sudan,2019-05-20,0.5600666963058002
South Sudan,2019-05-27,0.505603271597043
South Sudan,2019-06-03,0.39454013167504104
South Sudan,2019-06-10,0.31779433576963834
South Sudan,2019-06-17,0.16757875485499696
South Sudan,2019-06-24,0.37255613123001036
South Sudan,2019-07-01,0.40303275942642575
South Sudan,2019-07-08,0.406849844479233
South Sudan,2019-07-15,0.4558921652056292
South Sudan,2019-07-22,0.6053890404606257
South Sudan,2019-07-29,0.6156154083816529
South Sudan,2019-08-05,0.5218182314216537
South Sudan,2019-08-12,0.5156267033470224
South Sudan,2019-08-19,0.5367510861722912
South Sudan,2019-08-26,0.5067108735063034
South Sudan,2019-09-02,0.5173385973268195
South Sudan,2019-09-09,0.4747631526690385
South Sudan,2019-09-16,0.4365798904271501
South Sudan,2019-09-23,0.4022673328183046
South Sudan,2019-09-30,0.28672141049546274
South Sudan,2019-10-07,0.16757875485499696
South Sudan,2019-10-14,0.3123874275838345
South Sudan,2019-10-21,0.48075527953208996
South Sudan,2019-10-28,0.41215899067048395
South Sudan,2019-11-04,0.3030526141657926
South Sudan,2019-11-11,0.16757875485499696
South Sudan,2019-11-18,0.16757875485499696
South Sudan,2019-11-25,0.4533260977634988
Sudan,2018-12-10,0.5351920897790187
Sudan,2018-12-17,0.6221212219432263
Sudan,2018-12-24,0.5805596850809597
Sudan,2018-12-31,0.5766799343879699
Sudan,2019-01-07,0.5174382080607683
Sudan,2019-01-14,0.6951277429168394
Sudan,2019-01-21,0.6793654427457226
Sudan,2019-01-28,0.6260115353419536
Sudan,2019-02-04,0.6312731871708112
Sudan,2019-02-11,0.5562423823339839
Sudan,2019-02-18,0.4303535364928706
Sudan,2019-02-25,0.5426587973782313
Sudan,2019-03-04,0.5629645089347888
Sudan,2019-03-11,0.5961830015043047
Sudan,2019-03-18,0.4787644112416341
Sudan,2019-03-25,0.298953557143268
Sudan,2019-04-01,0.46500193207020196
Sudan,2019-04-08,0.638143088746681
Sudan,2019-04-15,0.5790517917738108
Sudan,2019-04-22,0.4413123155893164
Sudan,2019-04-29,0.37150968314484806
Sudan,2019-05-06,0.47122212364088717
Sudan,2019-05-13,0.43289728769818375
Sudan,2019-05-20,0.36252905111800904
Sudan,2019-05-27,0.4619593469977899
Sudan,2019-06-03,0.6464939355872531
Sudan,2019-06-10,0.5554258816649152
Sudan,2019-06-17,0.5484122731705624
Sudan,2019-06-24,0.5601798832474837
Sudan,2019-07-01,0.48546748433021497
Sudan,2019-07-08,0.41163898723801634
Sudan,2019-07-15,0.4534260241947902
Sudan,2019-07-22,0.4447642425932961
Sudan,2019-07-29,0.5496168672197826
Sudan,2019-08-05,0.4759703974358214
Sudan,2019-08-12,0.43323092353698484
Sudan,2019-08-19,0.42683546770953057
Sudan,2019-08-26,0.4623167749866426
Sudan,2019-09-02,0.362179581139175
Sudan,2019-09-09,0.37150968314484806
Sudan,2019-09-16,0.48473905083609026
Sudan,2019-09-23,0.47965638149110784
Sudan,2019-09-30,0.3831359423767026
Sudan,2019-10-07,0.2271252490074311
Sudan,2019-10-14,0.16757875485499696
Sudan,2019-10-21,0.16757875485499696
Sudan,2019-10-28,0.39607717072619714
Sudan,2019-11-04,0.45735653288613426
Sudan,2019-11-11,0.44991539901730887
Sudan,2019-11-18,0.4841554188084662
Sudan,2019-11-25,0.4234347386804442
Tajikistan,2018-12-10,0.16757875485499696
Tajikistan,2018-12-17,0.16757875485499696
Tajikistan,2018-12-24,0.16757875485499696
Tajikistan,2018-12-31,0.16757875485499696
Tajikistan,2019-01-07,0.16757875485499696
Tajikistan,2019-01-14,0.16757875485499696
Tajikistan,2019-01-21,0.16757875485499696
Tajikistan,2019-01-28,0.16757875485499696
Tajikistan,2019-02-04,0.16757875485499696
Tajikistan,2019-02-11,0.16757875485499696
Tajikistan,2019-02-18,0.16757875485499696
Tajikistan,2019-02-25,0.16757875485499696
Tajikistan,2019-03-04,0.16757875485499696
Tajikistan,2019-03-11,0.16757875485499696
Tajikistan,2019-03-18,0.16757875485499696
Tajikistan,2019-03-25,0.16757875485499696
Tajikistan,2019-04-01,0.16757875485499696
Tajikistan,2019-04-08,0.16757875485499696
Tajikistan,2019-04-15,0.16757875485499696
Tajikistan,2019-04-22,0.16757875485499696
Tajikistan,2019-04-29,0.16757875485499696
Tajikistan,2019-05-06,0.16757875485499696
Tajikistan,2019-05-13,0.4390926212572292
Tajikistan,2019-05-20,0.36039523739276164
Tajikistan,2019-05-27,0.31886626417847613
Tajikistan,2019-06-03,0.16757875485499696
Tajikistan,2019-06-10,0.16757875485499696
Tajikistan,2019-06-17,0.16757875485499696
Tajikistan,2019-06-24,0.16757875485499696
Tajikistan,2019-07-01,0.16757875485499696
Tajikistan,2019-07-08,0.16757875485499696
Tajikistan,2019-07-15,0.16757875485499696
Tajikistan,2019-07-22,0.16757875485499696
Tajikistan,2019-07-29,0.16757875485499696
Tajikistan,2019-08-05,0.16757875485499696
Tajikistan,2019-08-12,0.16757875485499696
Tajikistan,2019-08-19,0.16757875485499696
Tajikistan,2019-08-26,0.16757875485499696
Tajikistan,2019-09-02,0.16757875485499696
Tajikistan,2019-09-09,0.16757875485499696
Tajikistan,2019-09-16,0.4122879782240025
Tajikistan,2019-09-23,0.38425963170798405
Tajikistan,2019-09-30,0.26119476765990757
Tajikistan,2019-10-07,0.16757875485499696
Tajikistan,2019-10-14,0.16757875485499696
Tajikistan,2019-10-21,0.16757875485499696
Tajikistan,2019-10-28,0.16757875485499696
Tajikistan,2019-11-04,0.4402783625535421
Tajikistan,2019-11-11,0.3774739370009394
Tajikistan,2019-11-18,0.3095311992913125
Tajikistan,2019-11-25,0.16757875485499696
Venezuela,2018-12-10,0.4379678649496055
Venezuela,2018-12-17,0.28053445398062876
Venezuela,2018-12-24,0.33481546447927685
Venezuela,2018-12-31,0.3874034288624706
Venezuela,2019-01-07,0.588364965303685
Venezuela,2019-01-14,0.4972531501290837
Venezuela,2019-01-21,0.6641454454736818
Venezuela,2019-01-28,0.5071439783275764
Venezuela,2019-02-04,0.5103271793142027
Venezuela,2019-02-11,0.41303672229293314
Venezuela,2019-02-18,0.5715282721848212
Venezuela,2019-02-25,0.4197413410683308
Venezuela,2019-03-04,0.30197141716389836
Venezuela,2019-03-11,0.31785636833947284
Venezuela,2019-03-18,0.3424013614314873
Venezuela,2019-03-25,0.4035909968729447
Venezuela,2019-04-01,0.42232626688709285
Venezuela,2019-04-08,0.44888084918480037
Venezuela,2019-04-15,0.40467648592151134
Venezuela,2019-04-22,0.5112903986753109
Venezuela,2019-04-29,0.4789047257585486
Venezuela,2019-05-06,0.4596636009757706
Venezuela,2019-05-13,0.4788857206821111
Venezuela,2019-05-20,0.47074397292385095
Venezuela,2019-05-27,0.49675282877366805
Venezuela,2019-06-03,0.5027367776889843
Venezuela,2019-06-10,0.5211524038501291
Venezuela,2019-06-17,0.45920055954902567
Venezuela,2019-06-24,0.4297584910082109
Venezuela,2019-07-01,0.3827747278445262
Venezuela,2019-07-08,0.3617008729314229
Venezuela,2019-07-15,0.37905642587717475
Venezuela,2019-07-22,0.3519606995298998
Venezuela,2019-07-29,0.37905642587717475
Venezuela,2019-08-05,0.3168414407915917
Venezuela,2019-08-12,0.4821762043710325
Venezuela,2019-08-19,0.44934071232662237
Venezuela,2019-08-26,0.428574633512917
Venezuela,2019-09-02,0.4032755273467839
Venezuela,2019-09-09,0.40467648592151134
Venezuela,2019-09-16,0.3517412695132987
Venezuela,2019-09-23,0.37905642587717475
Venezuela,2019-09-30,0.23197395044640848
Venezuela,2019-10-07,0.16757875485499696
Venezuela,2019-10-14,0.3123874275838345
Venezuela,2019-10-21,0.3592877017326448
Venezuela,2019-10-28,0.3517412695132987
Venezuela,2019-11-04,0.37905642587717475
Venezuela,2019-11-11,0.23197395044640848
Venezuela,2019-11-18,0.3123874275838345
Venezuela,2019-11-25,0.3592877017326448
Afghanistan,2019-12-02,0.9846237909607423
Afghanistan,2019-12-09,0.9812701206876805
Afghanistan,2019-12-16,0.9844080284204971
Afghanistan,2019-12-23,0.9868734634172349
Afghanistan,2019-12-30,0.9858770972647215
Afghanistan,2020-01-06,0.9812960720619831
Afghanistan,2020-01-13,0.9824259065420726
Afghanistan,2020-01-20,0.9865057025336231
Afghanistan,2020-01-27,0.9868187125888874
Afghanistan,2020-02-03,0.9867721527174632
Afghanistan,2020-02-10,0.9809043368304625
Afghanistan,2020-02-17,0.9788243137059025
Afghanistan,2020-02-24,0.9779693544782094
Afghanistan,2020-03-02,0.9394329122540949
Afghanistan,2020-03-09,0.9713355520755501
Afghanistan,2020-03-16,0.9864545051165344
Afghanistan,2020-03-23,0.9811100701859051
Afghanistan,2020-03-30,0.9777065610212808
Afghanistan,2020-04-06,0.9827274196935346
Afghanistan,2020-04-13,0.9841466059318331
Afghanistan,2020-04-20,0.9828660453195047
Afghanistan,2020-04-27,0.9825317626278255
Afghanistan,2020-05-04,0.9815485615529104
Afghanistan,2020-05-11,0.9863857775092354
Afghanistan,2020-05-18,0.9804460070187494
Afghanistan,2020-05-25,0.9672524708361907
Afghanistan,2020-06-01,0.9808934967012997
Afghanistan,2020-06-08,0.985252346999693
Afghanistan,2020-06-15,0.9851665053108345
Afghanistan,2020-06-22,0.9807118587449738
Afghanistan,2020-06-29,0.9794927376861337
Afghanistan,2020-07-06,0.983387816892308
Afghanistan,2020-07-13,0.9872266429153352
Afghanistan,2020-07-20,0.9858901528208267
Afghanistan,2020-07-27,0.9788952966324683
Afghanistan,2020-08-03,0.9847464527142957
Afghanistan,2020-08-10,0.9861748837805249
Afghanistan,2020-08-17,0.9845331279349843
Afghanistan,2020-08-24,0.9814211271815972
Afghanistan,2020-08-31,0.9832476719620553
Afghanistan,2020-09-07,0.9864764666030279
Afghanistan,2020-09-14,0.9835320596890161
Afghanistan,2020-09-21,0.9788621820355644
Afghanistan,2020-09-28,0.9828097038407101
Afghanistan,2020-10-05,0.9852428380462852
Afghanistan,2020-10-12,0.97756729389153
Afghanistan,2020-10-19,0.9859778579384461
Afghanistan,2020-10-26,0.9775962430849452
Afghanistan,2020-11-02,0.982828937078024
Afghanistan,2020-11-09,0.9822496195936434
Afghanistan,2020-11-16,0.9754794517104136
Bolivia,2019-12-02,0.16636309911264596
Bolivia,2019-12-09,0.16636309911264596
Bolivia,2019-12-16,0.16636309911264596
Bolivia,2019-12-23,0.16636309911264596
Bolivia,2019-12-30,0.16636309911264596
Bolivia,2020-01-06,0.16636309911264596
Bolivia,2020-01-13,0.16636309911264596
Bolivia,2020-01-20,0.16636309911264596
Bolivia,2020-01-27,0.16636309911264596
Bolivia,2020-02-03,0.16636309911264596
Bolivia,2020-02-10,0.16636309911264596
Bolivia,2020-02-17,0.16636309911264596
Bolivia,2020-02-24,0.16636309911264596
Bolivia,2020-03-02,0.16636309911264596
Bolivia,2020-03-09,0.16636309911264596
Bolivia,2020-03-16,0.16636309911264596
Bolivia,2020-03-23,0.16636309911264596
Bolivia,2020-03-30,0.16636309911264596
Bolivia,2020-04-06,0.16636309911264596
Bolivia,2020-04-13,0.16636309911264596
Bolivia,2020-04-20,0.16636309911264596
Bolivia,2020-04-27,0.16636309911264596
Bolivia,2020-05-04,0.16636309911264596
Bolivia,2020-05-11,0.16636309911264596
Bolivia,2020-05-18,0.16636309911264596
Bolivia,2020-05-25,0.16636309911264596
Bolivia,2020-06-01,0.16636309911264596
Bolivia,2020-06-08,0.16636309911264596
Bolivia,2020-06-15,0.16636309911264596
Bolivia,2020-06-22,0.16636309911264596
Bolivia,2020-06-29,0.16636309911264596
Bolivia,2020-07-06,0.16636309911264596
Bolivia,2020-07-13,0.16636309911264596
Bolivia,2020-07-20,0.16636309911264596
Bolivia,2020-07-27,0.16636309911264596
Bolivia,2020-08-03,0.16636309911264596
Bolivia,2020-08-10,0.16636309911264596
Bolivia,2020-08-17,0.16636309911264596
Bolivia,2020-08-24,0.16636309911264596
Bolivia,2020-08-31,0.16636309911264596
Bolivia,2020-09-07,0.16636309911264596
Bolivia,2020-09-14,0.16636309911264596
Bolivia,2020-09-21,0.16636309911264596
Bolivia,2020-09-28,0.16636309911264596
Bolivia,2020-10-05,0.16636309911264596
Bolivia,2020-10-12,0.16636309911264596
Bolivia,2020-10-19,0.16636309911264596
Bolivia,2020-10-26,0.16636309911264596
Bolivia,2020-11-02,0.16636309911264596
Bolivia,2020-11-09,0.16636309911264596
Bolivia,2020-11-16,0.16636309911264596
Colombia,2019-12-02,0.5454481194846973
Colombia,2019-12-09,0.534844347638454
Colombia,2019-12-16,0.5066903903671407
Colombia,2019-12-23,0.4329586594069754
Colombia,2019-12-30,0.2546708972945981
Colombia,2020-01-06,0.4965559470069083
Colombia,2020-01-13,0.5006780432212118
Colombia,2020-01-20,0.5715217142575388
Colombia,2020-01-27,0.609418370232551
Colombia,2020-02-03,0.5690433660518442
Colombia,2020-02-10,0.5568743195162537
Colombia,2020-02-17,0.5589413798011692
Colombia,2020-02-24,0.46557525967104346
Colombia,2020-03-02,0.43973242681786556
Colombia,2020-03-09,0.38384897041010335
Colombia,2020-03-16,0.3555072522504971
Colombia,2020-03-23,0.3960072692757353
Colombia,2020-03-30,0.4203123321912386
Colombia,2020-04-06,0.40446404685547127
Colombia,2020-04-13,0.5155924579547184
Colombia,2020-04-20,0.6226015067063232
Colombia,2020-04-27,0.5666974678598667
Colombia,2020-05-04,0.44164379978994917
Colombia,2020-05-11,0.5164579081849129
Colombia,2020-05-18,0.5601823436363116
Colombia,2020-05-25,0.6524873508149436
Colombia,2020-06-01,0.5427725662187086
Colombia,2020-06-08,0.5528745451292744
Colombia,2020-06-15,0.5713698338377426
Colombia,2020-06-22,0.5258308291442807
Colombia,2020-06-29,0.5611938330505863
Colombia,2020-07-06,0.5149902472074339
Colombia,2020-07-13,0.5015638110457225
Colombia,2020-07-20,0.5209041766764559
Colombia,2020-07-27,0.6258087036966778
Colombia,2020-08-03,0.658556771219493
Colombia,2020-08-10,0.618508192222567
Colombia,2020-08-17,0.5791703785974983
Colombia,2020-08-24,0.623122267100375
Colombia,2020-08-31,0.6730965619510982
Colombia,2020-09-07,0.723545040855682
Colombia,2020-09-14,0.6086094457377731
Colombia,2020-09-21,0.6929255981390735
Colombia,2020-09-28,0.4965794872202009
Colombia,2020-10-05,0.475184995556086
Colombia,2020-10-12,0.5079705503897755
Colombia,2020-10-19,0.6304555680368674
Colombia,2020-10-26,0.5726845840391452
Colombia,2020-11-02,0.5929861044005467
Colombia,2020-11-09,0.5512086073833807
Colombia,2020-11-16,0.48863198621836545
Ecuador,2019-12-02,0.16636309911264596
Ecuador,2019-12-09,0.16636309911264596
Ecuador,2019-12-16,0.16636309911264596
Ecuador,2019-12-23,0.16636309911264596
Ecuador,2019-12-30,0.16636309911264596
Ecuador,2020-01-06,0.16636309911264596
Ecuador,2020-01-13,0.16636309911264596
Ecuador,2020-01-20,0.16636309911264596
Ecuador,2020-01-27,0.16636309911264596
Ecuador,2020-02-03,0.16636309911264596
Ecuador,2020-02-10,0.16636309911264596
Ecuador,2020-02-17,0.16636309911264596
Ecuador,2020-02-24,0.16636309911264596
Ecuador,2020-03-02,0.16636309911264596
Ecuador,2020-03-09,0.16636309911264596
Ecuador,2020-03-16,0.16636309911264596
Ecuador,2020-03-23,0.16636309911264596
Ecuador,2020-03-30,0.16636309911264596
Ecuador,2020-04-06,0.16636309911264596
Ecuador,2020-04-13,0.16636309911264596
Ecuador,2020-04-20,0.16636309911264596
Ecuador,2020-04-27,0.16636309911264596
Ecuador,2020-05-04,0.16636309911264596
Ecuador,2020-05-11,0.16636309911264596
Ecuador,2020-05-18,0.16636309911264596
Ecuador,2020-05-25,0.16636309911264596
Ecuador,2020-06-01,0.16636309911264596
Ecuador,2020-06-08,0.16636309911264596
Ecuador,2020-06-15,0.16636309911264596
Ecuador,2020-06-22,0.16636309911264596
Ecuador,2020-06-29,0.16636309911264596
Ecuador,2020-07-06,0.16636309911264596
Ecuador,2020-07-13,0.16636309911264596
Ecuador,2020-07-20,0.16636309911264596
Ecuador,2020-07-27,0.16636309911264596
Ecuador,2020-08-03,0.3873269589466795
Ecuador,2020-08-10,0.3937684621553499
Ecuador,2020-08-17,0.2925867558221997
Ecuador,2020-08-24,0.16636309911264596
Ecuador,2020-08-31,0.16636309911264596
Ecuador,2020-09-07,0.16636309911264596
Ecuador,2020-09-14,0.16636309911264596
Ecuador,2020-09-21,0.16636309911264596
Ecuador,2020-09-28,0.16636309911264596
Ecuador,2020-10-05,0.16636309911264596
Ecuador,2020-10-12,0.16636309911264596
Ecuador,2020-10-19,0.16636309911264596
Ecuador,2020-10-26,0.16636309911264596
Ecuador,2020-11-02,0.16636309911264596
Ecuador,2020-11-09,0.16636309911264596
Ecuador,2020-11-16,0.16636309911264596
Eritrea,2019-12-02,0.16636309911264596
Eritrea,2019-12-09,0.16636309911264596
Eritrea,2019-12-16,0.16636309911264596
Eritrea,2019-12-23,0.16636309911264596
Eritrea,2019-12-30,0.16636309911264596
Eritrea,2020-01-06,0.16636309911264596
Eritrea,2020-01-13,0.16636309911264596
Eritrea,2020-01-20,0.16636309911264596
Eritrea,2020-01-27,0.16636309911264596
Eritrea,2020-02-03,0.16636309911264596
Eritrea,2020-02-10,0.16636309911264596
Eritrea,2020-02-17,0.16636309911264596
Eritrea,2020-02-24,0.16636309911264596
Eritrea,2020-03-02,0.16636309911264596
Eritrea,2020-03-09,0.16636309911264596
Eritrea,2020-03-16,0.16636309911264596
Eritrea,2020-03-23,0.16636309911264596
Eritrea,2020-03-30,0.16636309911264596
Eritrea,2020-04-06,0.16636309911264596
Eritrea,2020-04-13,0.16636309911264596
Eritrea,2020-04-20,0.16636309911264596
Eritrea,2020-04-27,0.16636309911264596
Eritrea,2020-05-04,0.16636309911264596
Eritrea,2020-05-11,0.16636309911264596
Eritrea,2020-05-18,0.16636309911264596
Eritrea,2020-05-25,0.16636309911264596
Eritrea,2020-06-01,0.16636309911264596
Eritrea,2020-06-08,0.16636309911264596
Eritrea,2020-06-15,0.16636309911264596
Eritrea,2020-06-22,0.16636309911264596
Eritrea,2020-06-29,0.16636309911264596
Eritrea,2020-07-06,0.16636309911264596
Eritrea,2020-07-13,0.16636309911264596
Eritrea,2020-07-20,0.16636309911264596
Eritrea,2020-07-27,0.16636309911264596
Eritrea,2020-08-03,0.16636309911264596
Eritrea,2020-08-10,0.16636309911264596
Eritrea,2020-08-17,0.16636309911264596
Eritrea,2020-08-24,0.16636309911264596
Eritrea,2020-08-31,0.16636309911264596
Eritrea,2020-09-07,0.16636309911264596
Eritrea,2020-09-14,0.16636309911264596
Eritrea,2020-09-21,0.16636309911264596
Eritrea,2020-09-28,0.16636309911264596
Eritrea,2020-10-05,0.16636309911264596
Eritrea,2020-10-12,0.16636309911264596
Eritrea,2020-10-19,0.16636309911264596
Eritrea,2020-10-26,0.16636309911264596
Eritrea,2020-11-02,0.16636309911264596
Eritrea,2020-11-09,0.16636309911264596
Eritrea,2020-11-16,0.16636309911264596
Ethiopia,2019-12-02,0.2883618514489665
Ethiopia,2019-12-09,0.16636309911264596
Ethiopia,2019-12-16,0.4454534327317005
Ethiopia,2019-12-23,0.4018448283111547
Ethiopia,2019-12-30,0.5756823221128133
Ethiopia,2020-01-06,0.5272831625211795
Ethiopia,2020-01-13,0.44983642598354495
Ethiopia,2020-01-20,0.4826240054089929
Ethiopia,2020-01-27,0.6258398728785656
Ethiopia,2020-02-03,0.5595913643662179
Ethiopia,2020-02-10,0.37805043808294453
Ethiopia,2020-02-17,0.5518340800149663
Ethiopia,2020-02-24,0.5094156515579101
Ethiopia,2020-03-02,0.4215106441873197
Ethiopia,2020-03-09,0.4704389934562663
Ethiopia,2020-03-16,0.4268756167001911
Ethiopia,2020-03-23,0.3289426138613866
Ethiopia,2020-03-30,0.16636309911264596
Ethiopia,2020-04-06,0.36362598852453715
Ethiopia,2020-04-13,0.36393978037255215
Ethiopia,2020-04-20,0.24690504735771937
Ethiopia,2020-04-27,0.49847455267008306
Ethiopia,2020-05-04,0.42434734737361984
Ethiopia,2020-05-11,0.48343563625747565
Ethiopia,2020-05-18,0.5598359168996323
Ethiopia,2020-05-25,0.48600615715387446
Ethiopia,2020-06-01,0.4264936667710979
Ethiopia,2020-06-08,0.3555072522504971
Ethiopia,2020-06-15,0.23869232942613924
Ethiopia,2020-06-22,0.16636309911264596
Ethiopia,2020-06-29,0.7103991823721355
Ethiopia,2020-07-06,0.6351368827261163
Ethiopia,2020-07-13,0.5141863114708398
Ethiopia,2020-07-20,0.38916426283684413
Ethiopia,2020-07-27,0.38972638787775987
Ethiopia,2020-08-03,0.5106627176218992
Ethiopia,2020-08-10,0.476549198294139
Ethiopia,2020-08-17,0.679146555248861
Ethiopia,2020-08-24,0.49156041021603775
Ethiopia,2020-08-31,0.6239308717003348
Ethiopia,2020-09-07,0.4862558452532391
Ethiopia,2020-09-14,0.39793721899151374
Ethiopia,2020-09-21,0.42325748856067397
Ethiopia,2020-09-28,0.4222341532277633
Ethiopia,2020-10-05,0.5309315283299477
Ethiopia,2020-10-12,0.47880742506626506
Ethiopia,2020-10-19,0.5059901954384514
Ethiopia,2020-10-26,0.6729164294692817
Ethiopia,2020-11-02,0.8541565599454115
Ethiopia,2020-11-09,0.909308104651358
Ethiopia,2020-11-16,0.936196713118505
Haiti,2019-12-02,0.35589241501091684
Haiti,2019-12-09,0.23869232942613924
Haiti,2019-12-16,0.16636309911264596
Haiti,2019-12-23,0.16636309911264596
Haiti,2019-12-30,0.16636309911264596
Haiti,2020-01-06,0.16636309911264596
Haiti,2020-01-13,0.16636309911264596
Haiti,2020-01-20,0.16636309911264596
Haiti,2020-01-27,0.16636309911264596
Haiti,2020-02-03,0.16636309911264596
Haiti,2020-02-10,0.16636309911264596
Haiti,2020-02-17,0.16636309911264596
Haiti,2020-02-24,0.16636309911264596
Haiti,2020-03-02,0.16636309911264596
Haiti,2020-03-09,0.16636309911264596
Haiti,2020-03-16,0.16636309911264596
Haiti,2020-03-23,0.16636309911264596
Haiti,2020-03-30,0.16636309911264596
Haiti,2020-04-06,0.16636309911264596
Haiti,2020-04-13,0.16636309911264596
Haiti,2020-04-20,0.16636309911264596
Haiti,2020-04-27,0.16636309911264596
Haiti,2020-05-04,0.16636309911264596
Haiti,2020-05-11,0.16636309911264596
Haiti,2020-05-18,0.4313897398188156
Haiti,2020-05-25,0.453216164117007
Haiti,2020-06-01,0.5201081331102207
Haiti,2020-06-08,0.49358579829589355
Haiti,2020-06-15,0.45502786409382745
Haiti,2020-06-22,0.4617707067975719
Haiti,2020-06-29,0.5627441331967744
Haiti,2020-07-06,0.6144312515962155
Haiti,2020-07-13,0.5996422817680523
Haiti,2020-07-20,0.5508387944493937
Haiti,2020-07-27,0.49115456754243686
Haiti,2020-08-03,0.46156001415919495
Haiti,2020-08-10,0.41592773687742585
Haiti,2020-08-17,0.24460364325025818
Haiti,2020-08-24,0.3921499704431204
Haiti,2020-08-31,0.42188001367843214
Haiti,2020-09-07,0.4517428754117618
Haiti,2020-09-14,0.3662565698296781
Haiti,2020-09-21,0.3661832325262105
Haiti,2020-09-28,0.3963316620591497
Haiti,2020-10-05,0.4168391275463809
Haiti,2020-10-12,0.44899400679547036
Haiti,2020-10-19,0.47013410635501957
Haiti,2020-10-26,0.46310200823432907
Haiti,2020-11-02,0.4194530389259563
Haiti,2020-11-09,0.23869232942613924
Haiti,2020-11-16,0.16636309911264596
Kenya,2019-12-02,0.4950957362068054
Kenya,2019-12-09,0.4289908285005259
Kenya,2019-12-16,0.4370205136109346
Kenya,2019-12-23,0.4460617174723766
Kenya,2019-12-30,0.6404833650531376
Kenya,2020-01-06,0.6157244844368958
Kenya,2020-01-13,0.650005308492671
Kenya,2020-01-20,0.523568900122119
Kenya,2020-01-27,0.39308006310166954
Kenya,2020-02-03,0.40256943573715626
Kenya,2020-02-10,0.5067647579717822
Kenya,2020-02-17,0.41915316608272907
Kenya,2020-02-24,0.4069974866988282
Kenya,2020-03-02,0.40108255946814436
Kenya,2020-03-09,0.6472312512357092
Kenya,2020-03-16,0.6504057667206253
Kenya,2020-03-23,0.6115966305650867
Kenya,2020-03-30,0.4779119962223988
Kenya,2020-04-06,0.4719090479520749
Kenya,2020-04-13,0.5498201333572178
Kenya,2020-04-20,0.5900252271417399
Kenya,2020-04-27,0.51500242219734
Kenya,2020-05-04,0.4253122387108075
Kenya,2020-05-11,0.41892207649614627
Kenya,2020-05-18,0.47193713025416373
Kenya,2020-05-25,0.5161540283353908
Kenya,2020-06-01,0.4760042733799352
Kenya,2020-06-08,0.579617940170539
Kenya,2020-06-15,0.47610319562017245
Kenya,2020-06-22,0.413006370893748
Kenya,2020-06-29,0.3749690435095441
Kenya,2020-07-06,0.3281055627030394
Kenya,2020-07-13,0.4275194140164327
Kenya,2020-07-20,0.5812746313314704
Kenya,2020-07-27,0.40495084264703235
Kenya,2020-08-03,0.2835746662377929
Kenya,2020-08-10,0.16636309911264596
Kenya,2020-08-17,0.16636309911264596
Kenya,2020-08-24,0.16636309911264596
Kenya,2020-08-31,0.16636309911264596
Kenya,2020-09-07,0.48314743531992094
Kenya,2020-09-14,0.42202179050005
Kenya,2020-09-21,0.4624612956580452
Kenya,2020-09-28,0.5011169867201491
Kenya,2020-10-05,0.40700918338233355
Kenya,2020-10-12,0.23198666353011663
Kenya,2020-10-19,0.16636309911264596
Kenya,2020-10-26,0.16636309911264596
Kenya,2020-11-02,0.4454534327317005
Kenya,2020-11-09,0.49907555448501234
Kenya,2020-11-16,0.43309805980713895
Kyrgyzstan,2019-12-02,0.16636309911264596
Kyrgyzstan,2019-12-09,0.16636309911264596
Kyrgyzstan,2019-12-16,0.16636309911264596
Kyrgyzstan,2019-12-23,0.16636309911264596
Kyrgyzstan,2019-12-30,0.16636309911264596
Kyrgyzstan,2020-01-06,0.16636309911264596
Kyrgyzstan,2020-01-13,0.16636309911264596
Kyrgyzstan,2020-01-20,0.16636309911264596
Kyrgyzstan,2020-01-27,0.16636309911264596
Kyrgyzstan,2020-02-03,0.16636309911264596
Kyrgyzstan,2020-02-10,0.16636309911264596
Kyrgyzstan,2020-02-17,0.16636309911264596
Kyrgyzstan,2020-02-24,0.16636309911264596
Kyrgyzstan,2020-03-02,0.16636309911264596
Kyrgyzstan,2020-03-09,0.16636309911264596
Kyrgyzstan,2020-03-16,0.16636309911264596
Kyrgyzstan,2020-03-23,0.16636309911264596
Kyrgyzstan,2020-03-30,0.16636309911264596
Kyrgyzstan,2020-04-06,0.16636309911264596
Kyrgyzstan,2020-04-13,0.16636309911264596
Kyrgyzstan,2020-04-20,0.16636309911264596
Kyrgyzstan,2020-04-27,0.16636309911264596
Kyrgyzstan,2020-05-04,0.16636309911264596
Kyrgyzstan,2020-05-11,0.16636309911264596
Kyrgyzstan,2020-05-18,0.16636309911264596
Kyrgyzstan,2020-05-25,0.16636309911264596
Kyrgyzstan,2020-06-01,0.16636309911264596
Kyrgyzstan,2020-06-08,0.16636309911264596
Kyrgyzstan,2020-06-15,0.16636309911264596
Kyrgyzstan,2020-06-22,0.16636309911264596
Kyrgyzstan,2020-06-29,0.16636309911264596
Kyrgyzstan,2020-07-06,0.16636309911264596
Kyrgyzstan,2020-07-13,0.16636309911264596
Kyrgyzstan,2020-07-20,0.16636309911264596
Kyrgyzstan,2020-07-27,0.16636309911264596
Kyrgyzstan,2020-08-03,0.16636309911264596
Kyrgyzstan,2020-08-10,0.16636309911264596
Kyrgyzstan,2020-08-17,0.16636309911264596
Kyrgyzstan,2020-08-24,0.16636309911264596
Kyrgyzstan,2020-08-31,0.16636309911264596
Kyrgyzstan,2020-09-07,0.16636309911264596
Kyrgyzstan,2020-09-14,0.16636309911264596
Kyrgyzstan,2020-09-21,0.16636309911264596
Kyrgyzstan,2020-09-28,0.16636309911264596
Kyrgyzstan,2020-10-05,0.16636309911264596
Kyrgyzstan,2020-10-12,0.16636309911264596
Kyrgyzstan,2020-10-19,0.16636309911264596
Kyrgyzstan,2020-10-26,0.16636309911264596
Kyrgyzstan,2020-11-02,0.16636309911264596
Kyrgyzstan,2020-11-09,0.16636309911264596
Kyrgyzstan,2020-11-16,0.16636309911264596
Myanmar,2019-12-02,0.5995524264155857
Myanmar,2019-12-09,0.7113499237778752
Myanmar,2019-12-16,0.6997224233350958
Myanmar,2019-12-23,0.5920022529321812
Myanmar,2019-12-30,0.6590600765015583
Myanmar,2020-01-06,0.6170444564194675
Myanmar,2020-01-13,0.49545865650266246
Myanmar,2020-01-20,0.4083083749671715
Myanmar,2020-01-27,0.5418928420500749
Myanmar,2020-02-03,0.5505718757791915
Myanmar,2020-02-10,0.536477870502654
Myanmar,2020-02-17,0.6006185628122647
Myanmar,2020-02-24,0.6508288003565615
Myanmar,2020-03-02,0.5098097324460039
Myanmar,2020-03-09,0.6925477605679111
Myanmar,2020-03-16,0.48319442899125525
Myanmar,2020-03-23,0.5609640727939474
Myanmar,2020-03-30,0.6595934802705096
Myanmar,2020-04-06,0.6773115940296647
Myanmar,2020-04-13,0.5997432247195443
Myanmar,2020-04-20,0.6258171033075183
Myanmar,2020-04-27,0.5397061767585106
Myanmar,2020-05-04,0.3196295420708222
Myanmar,2020-05-11,0.4078201971607525
Myanmar,2020-05-18,0.35220562620573465
Myanmar,2020-05-25,0.42532743639009535
Myanmar,2020-06-01,0.5669313906873272
Myanmar,2020-06-08,0.6066570493100758
Myanmar,2020-06-15,0.5945283355444995
Myanmar,2020-06-22,0.5412869862956174
Myanmar,2020-06-29,0.6015071110980879
Myanmar,2020-07-06,0.6449735119680625
Myanmar,2020-07-13,0.6472205200073269
Myanmar,2020-07-20,0.4781508471152331
Myanmar,2020-07-27,0.45514243122734976
Myanmar,2020-08-03,0.5809695896651205
Myanmar,2020-08-10,0.42016301677427403
Myanmar,2020-08-17,0.3001706919838982
Myanmar,2020-08-24,0.16636309911264596
Myanmar,2020-08-31,0.4345012570890667
Myanmar,2020-09-07,0.5000922542876967
Myanmar,2020-09-14,0.542178328862167
Myanmar,2020-09-21,0.4158301683646763
Myanmar,2020-09-28,0.39975614888533073
Myanmar,2020-10-05,0.505676355920933
Myanmar,2020-10-12,0.5473567885150825
Myanmar,2020-10-19,0.5316959808234323
Myanmar,2020-10-26,0.5369362994074245
Myanmar,2020-11-02,0.3825572419390501
Myanmar,2020-11-09,0.26320977831399256
Myanmar,2020-11-16,0.4078201971607525
Pakistan,2019-12-02,0.528425159729509
Pakistan,2019-12-09,0.5394896658571
Pakistan,2019-12-16,0.6630440573550556
Pakistan,2019-12-23,0.46725910459057335
Pakistan,2019-12-30,0.32506500060526794
Pakistan,2020-01-06,0.3622992829149758
Pakistan,2020-01-13,0.3555072522504971
Pakistan,2020-01-20,0.3767853226293383
Pakistan,2020-01-27,0.5908725271335507
Pakistan,2020-02-03,0.5674657627823175
Pakistan,2020-02-10,0.5389501962755945
Pakistan,2020-02-17,0.7340511872855616
Pakistan,2020-02-24,0.5306433583046326
Pakistan,2020-03-02,0.3775776402850919
Pakistan,2020-03-09,0.4078201971607525
Pakistan,2020-03-16,0.5988676123700293
Pakistan,2020-03-23,0.5872779015938927
Pakistan,2020-03-30,0.44447263708794876
Pakistan,2020-04-06,0.5956852683772369
Pakistan,2020-04-13,0.6531012938569497
Pakistan,2020-04-20,0.686707687279147
Pakistan,2020-04-27,0.6967078107371986
Pakistan,2020-05-04,0.7457062091788235
Pakistan,2020-05-11,0.6581147150700106
Pakistan,2020-05-18,0.7133976495785057
Pakistan,2020-05-25,0.635791204558785
Pakistan,2020-06-01,0.4969865587489933
Pakistan,2020-06-08,0.5499070963941681
Pakistan,2020-06-15,0.6240748755579374
Pakistan,2020-06-22,0.6570399470113961
Pakistan,2020-06-29,0.7060498368654285
Pakistan,2020-07-06,0.6836099314927365
Pakistan,2020-07-13,0.7183367271012022
Pakistan,2020-07-20,0.6697402646266771
Pakistan,2020-07-27,0.7823792918594586
Pakistan,2020-08-03,0.7860212883412108
Pakistan,2020-08-10,0.702815951420496
Pakistan,2020-08-17,0.5867275928331802
Pakistan,2020-08-24,0.5129244816073475
Pakistan,2020-08-31,0.6044776267265369
Pakistan,2020-09-07,0.6810240405573506
Pakistan,2020-09-14,0.7290693783356601
Pakistan,2020-09-21,0.6883599690370353
Pakistan,2020-09-28,0.760629088853646
Pakistan,2020-10-05,0.6952369412715553
Pakistan,2020-10-12,0.7188747617106186
Pakistan,2020-10-19,0.685570893689159
Pakistan,2020-10-26,0.6342887443263998
Pakistan,2020-11-02,0.6085060915836077
Pakistan,2020-11-09,0.6870876374145407
Pakistan,2020-11-16,0.6930895066086696
Peru,2019-12-02,0.16636309911264596
Peru,2019-12-09,0.16636309911264596
Peru,2019-12-16,0.16636309911264596
Peru,2019-12-23,0.16636309911264596
Peru,2019-12-30,0.16636309911264596
Peru,2020-01-06,0.16636309911264596
Peru,2020-01-13,0.16636309911264596
Peru,2020-01-20,0.16636309911264596
Peru,2020-01-27,0.16636309911264596
Peru,2020-02-03,0.16636309911264596
Peru,2020-02-10,0.4300459954144575
Peru,2020-02-17,0.37153310257042155
Peru,2020-02-24,0.27505603649507987
Peru,2020-03-02,0.16636309911264596
Peru,2020-03-09,0.16636309911264596
Peru,2020-03-16,0.16636309911264596
Peru,2020-03-23,0.16636309911264596
Peru,2020-03-30,0.16636309911264596
Peru,2020-04-06,0.16636309911264596
Peru,2020-04-13,0.16636309911264596
Peru,2020-04-20,0.16636309911264596
Peru,2020-04-27,0.16636309911264596
Peru,2020-05-04,0.16636309911264596
Peru,2020-05-11,0.16636309911264596
Peru,2020-05-18,0.16636309911264596
Peru,2020-05-25,0.16636309911264596
Peru,2020-06-01,0.16636309911264596
Peru,2020-06-08,0.16636309911264596
Peru,2020-06-15,0.16636309911264596
Peru,2020-06-22,0.16636309911264596
Peru,2020-06-29,0.16636309911264596
Peru,2020-07-06,0.16636309911264596
Peru,2020-07-13,0.16636309911264596
Peru,2020-07-20,0.16636309911264596
Peru,2020-07-27,0.16636309911264596
Peru,2020-08-03,0.36362598852453715
Peru,2020-08-10,0.36393978037255215
Peru,2020-08-17,0.24690504735771937
Peru,2020-08-24,0.16636309911264596
Peru,2020-08-31,0.16636309911264596
Peru,2020-09-07,0.16636309911264596
Peru,2020-09-14,0.16636309911264596
Peru,2020-09-21,0.16636309911264596
Peru,2020-09-28,0.16636309911264596
Peru,2020-10-05,0.16636309911264596
Peru,2020-10-12,0.16636309911264596
Peru,2020-10-19,0.16636309911264596
Peru,2020-10-26,0.16636309911264596
Peru,2020-11-02,0.16636309911264596
Peru,2020-11-09,0.16636309911264596
Peru,2020-11-16,0.16636309911264596
Somalia,2019-12-02,0.68989807823603
Somalia,2019-12-09,0.7867281679649114
Somalia,2019-12-16,0.8481921761241075
Somalia,2019-12-23,0.90315641997064
Somalia,2019-12-30,0.8821954986858258
Somalia,2020-01-06,0.8971610280709571
Somalia,2020-01-13,0.9195427054830194
Somalia,2020-01-20,0.9262021119745828
Somalia,2020-01-27,0.875985088020609
Somalia,2020-02-03,0.7824232544777194
Somalia,2020-02-10,0.7111431148861952
Somalia,2020-02-17,0.7920633828756074
Somalia,2020-02-24,0.7929987949376659
Somalia,2020-03-02,0.8538963431487909
Somalia,2020-03-09,0.8357276775800977
Somalia,2020-03-16,0.8465753300008743
Somalia,2020-03-23,0.8198078110979544
Somalia,2020-03-30,0.8935771246029708
Somalia,2020-04-06,0.8840134881071856
Somalia,2020-04-13,0.897340470883235
Somalia,2020-04-20,0.8535251272245935
Somalia,2020-04-27,0.8606640234747914
Somalia,2020-05-04,0.8763399552435104
Somalia,2020-05-11,0.8775477198049937
Somalia,2020-05-18,0.8733256447114468
Somalia,2020-05-25,0.9054362199952103
Somalia,2020-06-01,0.853714782669763
Somalia,2020-06-08,0.8396174023230559
Somalia,2020-06-15,0.8591363230421233
Somalia,2020-06-22,0.8447883065630561
Somalia,2020-06-29,0.8341507292697973
Somalia,2020-07-06,0.846914916514366
Somalia,2020-07-13,0.7817723815257785
Somalia,2020-07-20,0.8511527228952808
Somalia,2020-07-27,0.7377636777237159
Somalia,2020-08-03,0.7860770636736705
Somalia,2020-08-10,0.8466020136786727
Somalia,2020-08-17,0.9074817652744137
Somalia,2020-08-24,0.8847016524626578
Somalia,2020-08-31,0.8334992053386278
Somalia,2020-09-07,0.8213914108476738
Somalia,2020-09-14,0.7782933085465563
Somalia,2020-09-21,0.8656241695529333
Somalia,2020-09-28,0.8254531062283047
Somalia,2020-10-05,0.8234987487136296
Somalia,2020-10-12,0.8085850609256493
Somalia,2020-10-19,0.8606520444008963
Somalia,2020-10-26,0.8760879801842463
Somalia,2020-11-02,0.8283960222311112
Somalia,2020-11-09,0.7234054228645636
Somalia,2020-11-16,0.7244169675054342
South Sudan,2019-12-02,0.3725399338061837
South Sudan,2019-12-09,0.4897908069352163
South Sudan,2019-12-16,0.3809150259682641
South Sudan,2019-12-23,0.2401770261009868
South Sudan,2019-12-30,0.4705257315242535
South Sudan,2020-01-06,0.45715271694838716
South Sudan,2020-01-13,0.4256530305871096
South Sudan,2020-01-20,0.23869232942613924
South Sudan,2020-01-27,0.36527413988582175
South Sudan,2020-02-03,0.4141953776238079
South Sudan,2020-02-10,0.5488120092492067
South Sudan,2020-02-17,0.45342383906274036
South Sudan,2020-02-24,0.5335136403234453
South Sudan,2020-03-02,0.4582380746552526
South Sudan,2020-03-09,0.3001720922152671
South Sudan,2020-03-16,0.38188779793845
South Sudan,2020-03-23,0.40326271144701137
South Sudan,2020-03-30,0.4567157444441159
South Sudan,2020-04-06,0.42295769557353574
South Sudan,2020-04-13,0.5029618707415893
South Sudan,2020-04-20,0.558803885871925
South Sudan,2020-04-27,0.5605401976017563
South Sudan,2020-05-04,0.5634349778548017
South Sudan,2020-05-11,0.5872998393891057
South Sudan,2020-05-18,0.6254497290497814
South Sudan,2020-05-25,0.4756907095270964
South Sudan,2020-06-01,0.6276206084868424
South Sudan,2020-06-08,0.4979634185963806
South Sudan,2020-06-15,0.5563987358208926
South Sudan,2020-06-22,0.48012847874301173
South Sudan,2020-06-29,0.630696655052604
South Sudan,2020-07-06,0.5924316150175153
South Sudan,2020-07-13,0.6017662315350882
South Sudan,2020-07-20,0.5588073466434972
South Sudan,2020-07-27,0.46573025533067747
South Sudan,2020-08-03,0.5554859851031358
South Sudan,2020-08-10,0.6179731351181892
South Sudan,2020-08-17,0.5915049932850184
South Sudan,2020-08-24,0.4760103151918708
South Sudan,2020-08-31,0.3809128325462388
South Sudan,2020-09-07,0.45547587859832345
South Sudan,2020-09-14,0.45028414647578413
South Sudan,2020-09-21,0.4073088280036245
South Sudan,2020-09-28,0.4075272736062561
South Sudan,2020-10-05,0.45207394136053275
South Sudan,2020-10-12,0.2925867558221997
South Sudan,2020-10-19,0.16636309911264596
South Sudan,2020-10-26,0.16636309911264596
South Sudan,2020-11-02,0.16636309911264596
South Sudan,2020-11-09,0.43205104907332653
South Sudan,2020-11-16,0.37579255159797514
Sudan,2019-12-02,0.33659259763289656
Sudan,2019-12-09,0.374383654077161
Sudan,2019-12-16,0.37542460592624405
Sudan,2019-12-23,0.46527574009669664
Sudan,2019-12-30,0.48466608536132233
Sudan,2020-01-06,0.4601113957691447
Sudan,2020-01-13,0.3325278440154494
Sudan,2020-01-20,0.41516356551774775
Sudan,2020-01-27,0.4320657615723615
Sudan,2020-02-03,0.42047088792946113
Sudan,2020-02-10,0.23198666353011663
Sudan,2020-02-17,0.307071386790686
Sudan,2020-02-24,0.35589241501091684
Sudan,2020-03-02,0.32082854772125063
Sudan,2020-03-09,0.48601013009684535
Sudan,2020-03-16,0.4632570876964936
Sudan,2020-03-23,0.4256530305871096
Sudan,2020-03-30,0.23869232942613924
Sudan,2020-04-06,0.4453446371792073
Sudan,2020-04-13,0.44734218653346
Sudan,2020-04-20,0.472203017387048
Sudan,2020-04-27,0.5096438287833835
Sudan,2020-05-04,0.6464300988763175
Sudan,2020-05-11,0.6770169592240111
Sudan,2020-05-18,0.6718646629147829
Sudan,2020-05-25,0.553560760955786
Sudan,2020-06-01,0.6009046584531595
Sudan,2020-06-08,0.5209483367154774
Sudan,2020-06-15,0.4747789919289302
Sudan,2020-06-22,0.34570792018099356
Sudan,2020-06-29,0.6233869539704822
Sudan,2020-07-06,0.42254015986132015
Sudan,2020-07-13,0.5401011687405041
Sudan,2020-07-20,0.5327067168231617
Sudan,2020-07-27,0.5297797592182074
Sudan,2020-08-03,0.5218852770976682
Sudan,2020-08-10,0.4565118564106043
Sudan,2020-08-17,0.43991685184347845
Sudan,2020-08-24,0.3789119429566851
Sudan,2020-08-31,0.49898129728825397
Sudan,2020-09-07,0.4439948509940359
Sudan,2020-09-14,0.2523571236541234
Sudan,2020-09-21,0.4078201971607525
Sudan,2020-09-28,0.36255408625182256
Sudan,2020-10-05,0.4293155001486928
Sudan,2020-10-12,0.473887775889762
Sudan,2020-10-19,0.5594278635699134
Sudan,2020-10-26,0.47514099592557896
Sudan,2020-11-02,0.32447378268050514
Sudan,2020-11-09,0.16636309911264596
Sudan,2020-11-16,0.16636309911264596
Tajikistan,2019-12-02,0.16636309911264596
Tajikistan,2019-12-09,0.16636309911264596
Tajikistan,2019-12-16,0.16636309911264596
Tajikistan,2019-12-23,0.16636309911264596
Tajikistan,2019-12-30,0.16636309911264596
Tajikistan,2020-01-06,0.16636309911264596
Tajikistan,2020-01-13,0.16636309911264596
Tajikistan,2020-01-20,0.16636309911264596
Tajikistan,2020-01-27,0.16636309911264596
Tajikistan,2020-02-03,0.16636309911264596
Tajikistan,2020-02-10,0.16636309911264596
Tajikistan,2020-02-17,0.16636309911264596
Tajikistan,2020-02-24,0.16636309911264596
Tajikistan,2020-03-02,0.16636309911264596
Tajikistan,2020-03-09,0.16636309911264596
Tajikistan,2020-03-16,0.16636309911264596
Tajikistan,2020-03-23,0.16636309911264596
Tajikistan,2020-03-30,0.16636309911264596
Tajikistan,2020-04-06,0.16636309911264596
Tajikistan,2020-04-13,0.16636309911264596
Tajikistan,2020-04-20,0.16636309911264596
Tajikistan,2020-04-27,0.16636309911264596
Tajikistan,2020-05-04,0.16636309911264596
Tajikistan,2020-05-11,0.16636309911264596
Tajikistan,2020-05-18,0.16636309911264596
Tajikistan,2020-05-25,0.16636309911264596
Tajikistan,2020-06-01,0.16636309911264596
Tajikistan,2020-06-08,0.16636309911264596
Tajikistan,2020-06-15,0.16636309911264596
Tajikistan,2020-06-22,0.16636309911264596
Tajikistan,2020-06-29,0.16636309911264596
Tajikistan,2020-07-06,0.16636309911264596
Tajikistan,2020-07-13,0.16636309911264596
Tajikistan,2020-07-20,0.16636309911264596
Tajikistan,2020-07-27,0.16636309911264596
Tajikistan,2020-08-03,0.16636309911264596
Tajikistan,2020-08-10,0.16636309911264596
Tajikistan,2020-08-17,0.16636309911264596
Tajikistan,2020-08-24,0.16636309911264596
Tajikistan,2020-08-31,0.16636309911264596
Tajikistan,2020-09-07,0.16636309911264596
Tajikistan,2020-09-14,0.16636309911264596
Tajikistan,2020-09-21,0.16636309911264596
Tajikistan,2020-09-28,0.16636309911264596
Tajikistan,2020-10-05,0.16636309911264596
Tajikistan,2020-10-12,0.16636309911264596
Tajikistan,2020-10-19,0.16636309911264596
Tajikistan,2020-10-26,0.16636309911264596
Tajikistan,2020-11-02,0.16636309911264596
Tajikistan,2020-11-09,0.16636309911264596
Tajikistan,2020-11-16,0.16636309911264596
Venezuela,2019-12-02,0.23869232942613924
Venezuela,2019-12-09,0.307071386790686
Venezuela,2019-12-16,0.35589241501091684
Venezuela,2019-12-23,0.32082854772125063
Venezuela,2019-12-30,0.35589241501091684
Venezuela,2020-01-06,0.32082854772125063
Venezuela,2020-01-13,0.35589241501091684
Venezuela,2020-01-20,0.23869232942613924
Venezuela,2020-01-27,0.3422369505795602
Venezuela,2020-02-03,0.3661832325262105
Venezuela,2020-02-10,0.24460364325025818
Venezuela,2020-02-17,0.16636309911264596
Venezuela,2020-02-24,0.16636309911264596
Venezuela,2020-03-02,0.16636309911264596
Venezuela,2020-03-09,0.16636309911264596
Venezuela,2020-03-16,0.16636309911264596
Venezuela,2020-03-23,0.16636309911264596
Venezuela,2020-03-30,0.16636309911264596
Venezuela,2020-04-06,0.16636309911264596
Venezuela,2020-04-13,0.16636309911264596
Venezuela,2020-04-20,0.16636309911264596
Venezuela,2020-04-27,0.16636309911264596
Venezuela,2020-05-04,0.16636309911264596
Venezuela,2020-05-11,0.16636309911264596
Venezuela,2020-05-18,0.16636309911264596
Venezuela,2020-05-25,0.16636309911264596
Venezuela,2020-06-01,0.16636309911264596
Venezuela,2020-06-08,0.16636309911264596
Venezuela,2020-06-15,0.16636309911264596
Venezuela,2020-06-22,0.16636309911264596
Venezuela,2020-06-29,0.16636309911264596
Venezuela,2020-07-06,0.16636309911264596
Venezuela,2020-07-13,0.307071386790686
Venezuela,2020-07-20,0.3720530418543448
Venezuela,2020-07-27,0.39839549105657995
Venezuela,2020-08-03,0.23869232942613924
Venezuela,2020-08-10,0.16636309911264596
Venezuela,2020-08-17,0.16636309911264596
Venezuela,2020-08-24,0.16636309911264596
Venezuela,2020-08-31,0.16636309911264596
Venezuela,2020-09-07,0.16636309911264596
Venezuela,2020-09-14,0.16636309911264596
Venezuela,2020-09-21,0.16636309911264596
Venezuela,2020-09-28,0.16636309911264596
Venezuela,2020-10-05,0.16636309911264596
Venezuela,2020-10-12,0.16636309911264596
Venezuela,2020-10-19,0.16636309911264596
Venezuela,2020-10-26,0.16636309911264596
Venezuela,2020-11-02,0.16636309911264596
Venezuela,2020-11-09,0.16636309911264596
Venezuela,2020-11-16,0.16636309911264596
Afghanistan,2020-11-23,0.9837909430499391
Afghanistan,2020-11-30,0.9828794336810384
Afghanistan,2020-12-07,0.9798736538933066
Afghanistan,2020-12-14,0.9775625243021806
Afghanistan,2020-12-21,0.9795969863865864
Afghanistan,2020-12-28,0.9749250944142602
Afghanistan,2021-01-04,0.9851293750645839
Afghanistan,2021-01-11,0.97926940902064
Afghanistan,2021-01-18,0.9798695390778942
Afghanistan,2021-01-25,0.9835814907807511
Afghanistan,2021-02-01,0.9835574820755367
Afghanistan,2021-02-08,0.9771453076928264
Afghanistan,2021-02-15,0.9793566654293301
Afghanistan,2021-02-22,0.977886530995962
Afghanistan,2021-03-01,0.9837893192948908
Afghanistan,2021-03-08,0.9787674325463952
Afghanistan,2021-03-15,0.9791608535142758
Afghanistan,2021-03-22,0.9840151287755005
Afghanistan,2021-03-29,0.9838063247363659
Afghanistan,2021-04-05,0.9813327040902872
Afghanistan,2021-04-12,0.9814266277172278
Afghanistan,2021-04-19,0.9851780115169357
Afghanistan,2021-04-26,0.9798598716102586
Afghanistan,2021-05-03,0.9847679990354617
Afghanistan,2021-05-10,0.9815116613781832
Afghanistan,2021-05-17,0.9854752624829853
Afghanistan,2021-05-24,0.9804169378092303
Afghanistan,2021-05-31,0.9834794831800062
Afghanistan,2021-06-07,0.9839946451414642
Afghanistan,2021-06-14,0.9833485491413088
Afghanistan,2021-06-21,0.980213989052614
Afghanistan,2021-06-28,0.9830660014762174
Afghanistan,2021-07-05,0.9828236816894772
Afghanistan,2021-07-12,0.9835146905540864
Afghanistan,2021-07-19,0.9811518382463325
Afghanistan,2021-07-26,0.9848772934583025
Afghanistan,2021-08-02,0.9849891989171162
Afghanistan,2021-08-09,0.9771015008802607
Afghanistan,2021-08-16,0.9622905102847934
Afghanistan,2021-08-23,0.9554547506715126
Afghanistan,2021-08-30,0.9186770483668768
Afghanistan,2021-09-06,0.9234700687662248
Afghanistan,2021-09-13,0.9052846956588149
Afghanistan,2021-09-20,0.8588400669555564
Afghanistan,2021-09-27,0.8206797518067454
Afghanistan,2021-10-04,0.8412271505995416
Afghanistan,2021-10-11,0.8807539195583743
Afghanistan,2021-10-18,0.869609351868783
Afghanistan,2021-10-25,0.8661484132226681
Afghanistan,2021-11-01,0.8335563877702746
Afghanistan,2021-11-08,0.8094566047869375
Bolivia,2020-11-23,0.16561762666190474
Bolivia,2020-11-30,0.16561762666190474
Bolivia,2020-12-07,0.16561762666190474
Bolivia,2020-12-14,0.16561762666190474
Bolivia,2020-12-21,0.16561762666190474
Bolivia,2020-12-28,0.16561762666190474
Bolivia,2021-01-04,0.16561762666190474
Bolivia,2021-01-11,0.16561762666190474
Bolivia,2021-01-18,0.16561762666190474
Bolivia,2021-01-25,0.16561762666190474
Bolivia,2021-02-01,0.16561762666190474
Bolivia,2021-02-08,0.16561762666190474
Bolivia,2021-02-15,0.16561762666190474
Bolivia,2021-02-22,0.16561762666190474
Bolivia,2021-03-01,0.16561762666190474
Bolivia,2021-03-08,0.16561762666190474
Bolivia,2021-03-15,0.16561762666190474
Bolivia,2021-03-22,0.16561762666190474
Bolivia,2021-03-29,0.16561762666190474
Bolivia,2021-04-05,0.16561762666190474
Bolivia,2021-04-12,0.16561762666190474
Bolivia,2021-04-19,0.3122764100685442
Bolivia,2021-04-26,0.3533474815245579
Bolivia,2021-05-03,0.2376464877085942
Bolivia,2021-05-10,0.16561762666190474
Bolivia,2021-05-17,0.16561762666190474
Bolivia,2021-05-24,0.16561762666190474
Bolivia,2021-05-31,0.16561762666190474
Bolivia,2021-06-07,0.16561762666190474
Bolivia,2021-06-14,0.16561762666190474
Bolivia,2021-06-21,0.16561762666190474
Bolivia,2021-06-28,0.16561762666190474
Bolivia,2021-07-05,0.16561762666190474
Bolivia,2021-07-12,0.16561762666190474
Bolivia,2021-07-19,0.16561762666190474
Bolivia,2021-07-26,0.16561762666190474
Bolivia,2021-08-02,0.16561762666190474
Bolivia,2021-08-09,0.16561762666190474
Bolivia,2021-08-16,0.16561762666190474
Bolivia,2021-08-23,0.16561762666190474
Bolivia,2021-08-30,0.16561762666190474
Bolivia,2021-09-06,0.16561762666190474
Bolivia,2021-09-13,0.16561762666190474
Bolivia,2021-09-20,0.16561762666190474
Bolivia,2021-09-27,0.16561762666190474
Bolivia,2021-10-04,0.16561762666190474
Bolivia,2021-10-11,0.16561762666190474
Bolivia,2021-10-18,0.16561762666190474
Bolivia,2021-10-25,0.16561762666190474
Bolivia,2021-11-01,0.16561762666190474
Bolivia,2021-11-08,0.16561762666190474
Colombia,2020-11-23,0.37512487784443577
Colombia,2020-11-30,0.3680044443619647
Colombia,2020-12-07,0.44969050220281215
Colombia,2020-12-14,0.516883467043011
Colombia,2020-12-21,0.40779669235438804
Colombia,2020-12-28,0.6312445214764836
Colombia,2021-01-04,0.5665940590016563
Colombia,2021-01-11,0.746923382026865
Colombia,2021-01-18,0.7080030782458903
Colombia,2021-01-25,0.7186790251737561
Colombia,2021-02-01,0.7632795469148747
Colombia,2021-02-08,0.5663438739294225
Colombia,2021-02-15,0.4809991633459965
Colombia,2021-02-22,0.4574498222757355
Colombia,2021-03-01,0.7056601887464452
Colombia,2021-03-08,0.5460638424677177
Colombia,2021-03-15,0.4537726449207922
Colombia,2021-03-22,0.4850122265887545
Colombia,2021-03-29,0.5224432258852633
Colombia,2021-04-05,0.5550320148349447
Colombia,2021-04-12,0.600154187315734
Colombia,2021-04-19,0.5414046203611136
Colombia,2021-04-26,0.7179212046418395
Colombia,2021-05-03,0.522237733798523
Colombia,2021-05-10,0.4755415793209365
Colombia,2021-05-17,0.4041869631688322
Colombia,2021-05-24,0.5102884671360135
Colombia,2021-05-31,0.5104920091902084
Colombia,2021-06-07,0.47381073462857315
Colombia,2021-06-14,0.5123018054322926
Colombia,2021-06-21,0.642184692096747
Colombia,2021-06-28,0.6003255716675081
Colombia,2021-07-05,0.7184640844213098
Colombia,2021-07-12,0.6456920086432526
Colombia,2021-07-19,0.5593139351202773
Colombia,2021-07-26,0.4258344834983965
Colombia,2021-08-02,0.40188736218347937
Colombia,2021-08-09,0.5136208514750916
Colombia,2021-08-16,0.5442584847833647
Colombia,2021-08-23,0.6087148012560512
Colombia,2021-08-30,0.5729545702910542
Colombia,2021-09-06,0.733576609867007
Colombia,2021-09-13,0.6915001602738
Colombia,2021-09-20,0.6938702726148266
Colombia,2021-09-27,0.6929898126199997
Colombia,2021-10-04,0.7308095125412643
Colombia,2021-10-11,0.7057280905047046
Colombia,2021-10-18,0.7046964862783489
Colombia,2021-10-25,0.5532571355808008
Colombia,2021-11-01,0.4625762935844218
Colombia,2021-11-08,0.4375974878257571
Ecuador,2020-11-23,0.16561762666190474
Ecuador,2020-11-30,0.16561762666190474
Ecuador,2020-12-07,0.16561762666190474
Ecuador,2020-12-14,0.16561762666190474
Ecuador,2020-12-21,0.16561762666190474
Ecuador,2020-12-28,0.16561762666190474
Ecuador,2021-01-04,0.16561762666190474
Ecuador,2021-01-11,0.16561762666190474
Ecuador,2021-01-18,0.16561762666190474
Ecuador,2021-01-25,0.16561762666190474
Ecuador,2021-02-01,0.16561762666190474
Ecuador,2021-02-08,0.16561762666190474
Ecuador,2021-02-15,0.16561762666190474
Ecuador,2021-02-22,0.4351227665356199
Ecuador,2021-03-01,0.3770379200894145
Ecuador,2021-03-08,0.3359733021651253
Ecuador,2021-03-15,0.16561762666190474
Ecuador,2021-03-22,0.16561762666190474
Ecuador,2021-03-29,0.16561762666190474
Ecuador,2021-04-05,0.16561762666190474
Ecuador,2021-04-12,0.16561762666190474
Ecuador,2021-04-19,0.16561762666190474
Ecuador,2021-04-26,0.37162213998447496
Ecuador,2021-05-03,0.38443022966831447
Ecuador,2021-05-10,0.2715322414923044
Ecuador,2021-05-17,0.16561762666190474
Ecuador,2021-05-24,0.16561762666190474
Ecuador,2021-05-31,0.16561762666190474
Ecuador,2021-06-07,0.16561762666190474
Ecuador,2021-06-14,0.16561762666190474
Ecuador,2021-06-21,0.16561762666190474
Ecuador,2021-06-28,0.16561762666190474
Ecuador,2021-07-05,0.16561762666190474
Ecuador,2021-07-12,0.16561762666190474
Ecuador,2021-07-19,0.4181782105366307
Ecuador,2021-07-26,0.4068486450599669
Ecuador,2021-08-02,0.3193599569672125
Ecuador,2021-08-09,0.16561762666190474
Ecuador,2021-08-16,0.16561762666190474
Ecuador,2021-08-23,0.16561762666190474
Ecuador,2021-08-30,0.16561762666190474
Ecuador,2021-09-06,0.16561762666190474
Ecuador,2021-09-13,0.16561762666190474
Ecuador,2021-09-20,0.16561762666190474
Ecuador,2021-09-27,0.39067134336521603
Ecuador,2021-10-04,0.4022453566065651
Ecuador,2021-10-11,0.31764580959529887
Ecuador,2021-10-18,0.16561762666190474
Ecuador,2021-10-25,0.16561762666190474
Ecuador,2021-11-01,0.16561762666190474
Ecuador,2021-11-08,0.3557393194153437
Eritrea,2020-11-23,0.16561762666190474
Eritrea,2020-11-30,0.16561762666190474
Eritrea,2020-12-07,0.16561762666190474
Eritrea,2020-12-14,0.16561762666190474
Eritrea,2020-12-21,0.16561762666190474
Eritrea,2020-12-28,0.16561762666190474
Eritrea,2021-01-04,0.16561762666190474
Eritrea,2021-01-11,0.16561762666190474
Eritrea,2021-01-18,0.16561762666190474
Eritrea,2021-01-25,0.16561762666190474
Eritrea,2021-02-01,0.16561762666190474
Eritrea,2021-02-08,0.16561762666190474
Eritrea,2021-02-15,0.16561762666190474
Eritrea,2021-02-22,0.16561762666190474
Eritrea,2021-03-01,0.16561762666190474
Eritrea,2021-03-08,0.16561762666190474
Eritrea,2021-03-15,0.16561762666190474
Eritrea,2021-03-22,0.16561762666190474
Eritrea,2021-03-29,0.16561762666190474
Eritrea,2021-04-05,0.16561762666190474
Eritrea,2021-04-12,0.16561762666190474
Eritrea,2021-04-19,0.16561762666190474
Eritrea,2021-04-26,0.16561762666190474
Eritrea,2021-05-03,0.16561762666190474
Eritrea,2021-05-10,0.16561762666190474
Eritrea,2021-05-17,0.16561762666190474
Eritrea,2021-05-24,0.16561762666190474
Eritrea,2021-05-31,0.16561762666190474
Eritrea,2021-06-07,0.16561762666190474
Eritrea,2021-06-14,0.16561762666190474
Eritrea,2021-06-21,0.16561762666190474
Eritrea,2021-06-28,0.16561762666190474
Eritrea,2021-07-05,0.16561762666190474
Eritrea,2021-07-12,0.16561762666190474
Eritrea,2021-07-19,0.16561762666190474
Eritrea,2021-07-26,0.16561762666190474
Eritrea,2021-08-02,0.16561762666190474
Eritrea,2021-08-09,0.16561762666190474
Eritrea,2021-08-16,0.16561762666190474
Eritrea,2021-08-23,0.16561762666190474
Eritrea,2021-08-30,0.16561762666190474
Eritrea,2021-09-06,0.16561762666190474
Eritrea,2021-09-13,0.16561762666190474
Eritrea,2021-09-20,0.16561762666190474
Eritrea,2021-09-27,0.16561762666190474
Eritrea,2021-10-04,0.16561762666190474
Eritrea,2021-10-11,0.16561762666190474
Eritrea,2021-10-18,0.16561762666190474
Eritrea,2021-10-25,0.16561762666190474
Eritrea,2021-11-01,0.16561762666190474
Eritrea,2021-11-08,0.16561762666190474
Ethiopia,2020-11-23,0.9705575939568494
Ethiopia,2020-11-30,0.9214680101363301
Ethiopia,2020-12-07,0.9444356112845048
Ethiopia,2020-12-14,0.9048358967803468
Ethiopia,2020-12-21,0.8131886179705058
Ethiopia,2020-12-28,0.5924862452053756
Ethiopia,2021-01-04,0.8677213061479198
Ethiopia,2021-01-11,0.8630834273330228
Ethiopia,2021-01-18,0.9492126732684616
Ethiopia,2021-01-25,0.9403336304010015
Ethiopia,2021-02-01,0.930392576940843
Ethiopia,2021-02-08,0.9683546021378779
Ethiopia,2021-02-15,0.8966132324641283
Ethiopia,2021-02-22,0.9087686842168047
Ethiopia,2021-03-01,0.9297984764057122
Ethiopia,2021-03-08,0.9677294804432095
Ethiopia,2021-03-15,0.9369532784338764
Ethiopia,2021-03-22,0.7961058852240465
Ethiopia,2021-03-29,0.818703494737942
Ethiopia,2021-04-05,0.9521056235531907
Ethiopia,2021-04-12,0.9450775682994011
Ethiopia,2021-04-19,0.9674074679172063
Ethiopia,2021-04-26,0.9322065780365419
Ethiopia,2021-05-03,0.9414136248099204
Ethiopia,2021-05-10,0.8877890993292809
Ethiopia,2021-05-17,0.8077739773478928
Ethiopia,2021-05-24,0.7064943279001628
Ethiopia,2021-05-31,0.6712672143805051
Ethiopia,2021-06-07,0.6599333711370734
Ethiopia,2021-06-14,0.8192068798468713
Ethiopia,2021-06-21,0.8767889956883557
Ethiopia,2021-06-28,0.915457858772338
Ethiopia,2021-07-05,0.9272365904080933
Ethiopia,2021-07-12,0.8759134098254325
Ethiopia,2021-07-19,0.8764798861758455
Ethiopia,2021-07-26,0.9005280526015361
Ethiopia,2021-08-02,0.8919125500912144
Ethiopia,2021-08-09,0.8763432284969063
Ethiopia,2021-08-16,0.8872701890687064
Ethiopia,2021-08-23,0.8735822480967456
Ethiopia,2021-08-30,0.9287549995520082
Ethiopia,2021-09-06,0.9032574280576698
Ethiopia,2021-09-13,0.9188043343111686
Ethiopia,2021-09-20,0.7547852201688888
Ethiopia,2021-09-27,0.7176350186214426
Ethiopia,2021-10-04,0.7745028787130007
Ethiopia,2021-10-11,0.9222288233469967
Ethiopia,2021-10-18,0.9227461720045492
Ethiopia,2021-10-25,0.9327286924041068
Ethiopia,2021-11-01,0.9560251429560416
Ethiopia,2021-11-08,0.948841652917214
Haiti,2020-11-23,0.16561762666190474
Haiti,2020-11-30,0.16561762666190474
Haiti,2020-12-07,0.16561762666190474
Haiti,2020-12-14,0.39690106948918197
Haiti,2020-12-21,0.42619915391157565
Haiti,2020-12-28,0.41336720987869624
Haiti,2021-01-04,0.3235248226488596
Haiti,2021-01-11,0.3533474815245579
Haiti,2021-01-18,0.2376464877085942
Haiti,2021-01-25,0.34559053960228425
Haiti,2021-02-01,0.48246433611250716
Haiti,2021-02-08,0.4749611919955022
Haiti,2021-02-15,0.42945473192766
Haiti,2021-02-22,0.3726906045861768
Haiti,2021-03-01,0.3662082013536196
Haiti,2021-03-08,0.37324572175610804
Haiti,2021-03-15,0.3662082013536196
Haiti,2021-03-22,0.35914307481608315
Haiti,2021-03-29,0.4251029357499681
Haiti,2021-04-05,0.43019768889953336
Haiti,2021-04-12,0.2812950795469363
Haiti,2021-04-19,0.3122764100685442
Haiti,2021-04-26,0.5186261569706491
Haiti,2021-05-03,0.5248729582996482
Haiti,2021-05-10,0.5856943293120792
Haiti,2021-05-17,0.45764277226233446
Haiti,2021-05-24,0.4014534905624378
Haiti,2021-05-31,0.36609732154432434
Haiti,2021-06-07,0.24428667232679224
Haiti,2021-06-14,0.16561762666190474
Haiti,2021-06-21,0.3792169032300657
Haiti,2021-06-28,0.4549791793301449
Haiti,2021-07-05,0.46522459986482173
Haiti,2021-07-12,0.3185389323090502
Haiti,2021-07-19,0.16561762666190474
Haiti,2021-07-26,0.16561762666190474
Haiti,2021-08-02,0.16561762666190474
Haiti,2021-08-09,0.16561762666190474
Haiti,2021-08-16,0.16561762666190474
Haiti,2021-08-23,0.16561762666190474
Haiti,2021-08-30,0.16561762666190474
Haiti,2021-09-06,0.3122764100685442
Haiti,2021-09-13,0.3533474815245579
Haiti,2021-09-20,0.2376464877085942
Haiti,2021-09-27,0.16561762666190474
Haiti,2021-10-04,0.16561762666190474
Haiti,2021-10-11,0.3122764100685442
Haiti,2021-10-18,0.3533474815245579
Haiti,2021-10-25,0.2376464877085942
Haiti,2021-11-01,0.16561762666190474
Haiti,2021-11-08,0.35523129257401137
Kenya,2020-11-23,0.40054901170931423
Kenya,2020-11-30,0.37390117506754894
Kenya,2020-12-07,0.3586755688680634
Kenya,2020-12-14,0.37390117506754894
Kenya,2020-12-21,0.4801507172953623
Kenya,2020-12-28,0.4823752296560581
Kenya,2021-01-04,0.4945944413734524
Kenya,2021-01-11,0.5280447303753327
Kenya,2021-01-18,0.6062382583029632
Kenya,2021-01-25,0.5679189294716233
Kenya,2021-02-01,0.43587816476386493
Kenya,2021-02-08,0.40450629162758717
Kenya,2021-02-15,0.3547528393534838
Kenya,2021-02-22,0.24428667232679224
Kenya,2021-03-01,0.16561762666190474
Kenya,2021-03-08,0.16561762666190474
Kenya,2021-03-15,0.16561762666190474
Kenya,2021-03-22,0.45373731492604436
Kenya,2021-03-29,0.5118850320082228
Kenya,2021-04-05,0.42013949074020923
Kenya,2021-04-12,0.24428667232679224
Kenya,2021-04-19,0.16561762666190474
Kenya,2021-04-26,0.3597263925564767
Kenya,2021-05-03,0.4288440230137079
Kenya,2021-05-10,0.6176729705657981
Kenya,2021-05-17,0.6282837478558513
Kenya,2021-05-24,0.455182583261903
Kenya,2021-05-31,0.44842898100511547
Kenya,2021-06-07,0.596019441888821
Kenya,2021-06-14,0.4425180861416355
Kenya,2021-06-21,0.5865803772120438
Kenya,2021-06-28,0.5747066994794334
Kenya,2021-07-05,0.47394815796015766
Kenya,2021-07-12,0.40254068684717526
Kenya,2021-07-19,0.3848645108650767
Kenya,2021-07-26,0.45265978996955947
Kenya,2021-08-02,0.5514800155567645
Kenya,2021-08-09,0.44030088930919975
Kenya,2021-08-16,0.26162937564203004
Kenya,2021-08-23,0.34559053960228425
Kenya,2021-08-30,0.36609732154432434
Kenya,2021-09-06,0.24428667232679224
Kenya,2021-09-13,0.16561762666190474
Kenya,2021-09-20,0.43971228778860966
Kenya,2021-09-27,0.4927229409092229
Kenya,2021-10-04,0.4332634436982182
Kenya,2021-10-11,0.390764013612982
Kenya,2021-10-18,0.4430713301601677
Kenya,2021-10-25,0.38704988103923615
Kenya,2021-11-01,0.5154455442906006
Kenya,2021-11-08,0.40968484673468253
Kyrgyzstan,2020-11-23,0.16561762666190474
Kyrgyzstan,2020-11-30,0.16561762666190474
Kyrgyzstan,2020-12-07,0.16561762666190474
Kyrgyzstan,2020-12-14,0.16561762666190474
Kyrgyzstan,2020-12-21,0.16561762666190474
Kyrgyzstan,2020-12-28,0.16561762666190474
Kyrgyzstan,2021-01-04,0.16561762666190474
Kyrgyzstan,2021-01-11,0.16561762666190474
Kyrgyzstan,2021-01-18,0.16561762666190474
Kyrgyzstan,2021-01-25,0.16561762666190474
Kyrgyzstan,2021-02-01,0.16561762666190474
Kyrgyzstan,2021-02-08,0.16561762666190474
Kyrgyzstan,2021-02-15,0.16561762666190474
Kyrgyzstan,2021-02-22,0.16561762666190474
Kyrgyzstan,2021-03-01,0.16561762666190474
Kyrgyzstan,2021-03-08,0.16561762666190474
Kyrgyzstan,2021-03-15,0.16561762666190474
Kyrgyzstan,2021-03-22,0.16561762666190474
Kyrgyzstan,2021-03-29,0.16561762666190474
Kyrgyzstan,2021-04-05,0.16561762666190474
Kyrgyzstan,2021-04-12,0.16561762666190474
Kyrgyzstan,2021-04-19,0.16561762666190474
Kyrgyzstan,2021-04-26,0.4586501931236365
Kyrgyzstan,2021-05-03,0.38707303793705755
Kyrgyzstan,2021-05-10,0.32648261565957226
Kyrgyzstan,2021-05-17,0.16561762666190474
Kyrgyzstan,2021-05-24,0.16561762666190474
Kyrgyzstan,2021-05-31,0.16561762666190474
Kyrgyzstan,2021-06-07,0.16561762666190474
Kyrgyzstan,2021-06-14,0.16561762666190474
Kyrgyzstan,2021-06-21,0.16561762666190474
Kyrgyzstan,2021-06-28,0.16561762666190474
Kyrgyzstan,2021-07-05,0.3619627704961315
Kyrgyzstan,2021-07-12,0.3586755688680634
Kyrgyzstan,2021-07-19,0.2376464877085942
Kyrgyzstan,2021-07-26,0.16561762666190474
Kyrgyzstan,2021-08-02,0.16561762666190474
Kyrgyzstan,2021-08-09,0.16561762666190474
Kyrgyzstan,2021-08-16,0.16561762666190474
Kyrgyzstan,2021-08-23,0.16561762666190474
Kyrgyzstan,2021-08-30,0.16561762666190474
Kyrgyzstan,2021-09-06,0.16561762666190474
Kyrgyzstan,2021-09-13,0.16561762666190474
Kyrgyzstan,2021-09-20,0.16561762666190474
Kyrgyzstan,2021-09-27,0.16561762666190474
Kyrgyzstan,2021-10-04,0.16561762666190474
Kyrgyzstan,2021-10-11,0.16561762666190474
Kyrgyzstan,2021-10-18,0.16561762666190474
Kyrgyzstan,2021-10-25,0.16561762666190474
Kyrgyzstan,2021-11-01,0.16561762666190474
Kyrgyzstan,2021-11-08,0.16561762666190474
Myanmar,2020-11-23,0.4728300786174408
Myanmar,2020-11-30,0.3981445486580806
Myanmar,2020-12-07,0.2376464877085942
Myanmar,2020-12-14,0.16561762666190474
Myanmar,2020-12-21,0.16561762666190474
Myanmar,2020-12-28,0.16561762666190474
Myanmar,2021-01-04,0.16561762666190474
Myanmar,2021-01-11,0.16561762666190474
Myanmar,2021-01-18,0.3122764100685442
Myanmar,2021-01-25,0.3533474815245579
Myanmar,2021-02-01,0.2376464877085942
Myanmar,2021-02-08,0.3122764100685442
Myanmar,2021-02-15,0.4819515434978965
Myanmar,2021-02-22,0.6379212183884962
Myanmar,2021-03-01,0.6908246772946544
Myanmar,2021-03-08,0.8374316284202061
Myanmar,2021-03-15,0.8510589371267372
Myanmar,2021-03-22,0.9420716377020532
Myanmar,2021-03-29,0.9274867653245192
Myanmar,2021-04-05,0.96610793779467
Myanmar,2021-04-12,0.9432268022739302
Myanmar,2021-04-19,0.9032348282219278
Myanmar,2021-04-26,0.8923845590306004
Myanmar,2021-05-03,0.910225492563426
Myanmar,2021-05-10,0.9443500919535767
Myanmar,2021-05-17,0.9345644955687181
Myanmar,2021-05-24,0.8951350907464536
Myanmar,2021-05-31,0.9380472440552566
Myanmar,2021-06-07,0.924259463668152
Myanmar,2021-06-14,0.8438605575438802
Myanmar,2021-06-21,0.8270736549514087
Myanmar,2021-06-28,0.9311048624071114
Myanmar,2021-07-05,0.953201494495385
Myanmar,2021-07-12,0.8749285417989868
Myanmar,2021-07-19,0.8574349168410459
Myanmar,2021-07-26,0.8886279745679877
Myanmar,2021-08-02,0.923503251734676
Myanmar,2021-08-09,0.8045212391095952
Myanmar,2021-08-16,0.8008057588283594
Myanmar,2021-08-23,0.8874336649735977
Myanmar,2021-08-30,0.8740235554668999
Myanmar,2021-09-06,0.9515748267840616
Myanmar,2021-09-13,0.8992892430428369
Myanmar,2021-09-20,0.9396668359740459
Myanmar,2021-09-27,0.8974768098704949
Myanmar,2021-10-04,0.8382279940152008
Myanmar,2021-10-11,0.8807363627105684
Myanmar,2021-10-18,0.8964361947658445
Myanmar,2021-10-25,0.8989804158834613
Myanmar,2021-11-01,0.9272230162050737
Myanmar,2021-11-08,0.8949822637049379
Pakistan,2020-11-23,0.7417255417847058
Pakistan,2020-11-30,0.643575219418711
Pakistan,2020-12-07,0.681442964015396
Pakistan,2020-12-14,0.674181431852127
Pakistan,2020-12-21,0.6744080826916873
Pakistan,2020-12-28,0.5688826558088841
Pakistan,2021-01-04,0.5991747425664016
Pakistan,2021-01-11,0.643351924157872
Pakistan,2021-01-18,0.6631090932290461
Pakistan,2021-01-25,0.4962385434181485
Pakistan,2021-02-01,0.6018942972433106
Pakistan,2021-02-08,0.695384984505504
Pakistan,2021-02-15,0.7596644663772644
Pakistan,2021-02-22,0.7635401619903237
Pakistan,2021-03-01,0.7771917572978935
Pakistan,2021-03-08,0.7377281758777521
Pakistan,2021-03-15,0.6987971185849461
Pakistan,2021-03-22,0.5940058467823494
Pakistan,2021-03-29,0.6074810733348022
Pakistan,2021-04-05,0.5721981518451756
Pakistan,2021-04-12,0.5416968185651311
Pakistan,2021-04-19,0.6158531189397412
Pakistan,2021-04-26,0.46614347510542053
Pakistan,2021-05-03,0.6164428825625664
Pakistan,2021-05-10,0.6625339779708774
Pakistan,2021-05-17,0.6404592587360302
Pakistan,2021-05-24,0.6375516406709614
Pakistan,2021-05-31,0.7046164648452661
Pakistan,2021-06-07,0.6894228620263076
Pakistan,2021-06-14,0.6532950709914734
Pakistan,2021-06-21,0.6382472325205418
Pakistan,2021-06-28,0.6634602445951373
Pakistan,2021-07-05,0.6526098572867113
Pakistan,2021-07-12,0.649416827242273
Pakistan,2021-07-19,0.42574724113457885
Pakistan,2021-07-26,0.593744375285238
Pakistan,2021-08-02,0.7219480348346469
Pakistan,2021-08-09,0.7442769863539919
Pakistan,2021-08-16,0.7585564908005914
Pakistan,2021-08-23,0.7326036082421727
Pakistan,2021-08-30,0.7537114996832165
Pakistan,2021-09-06,0.6831268353371138
Pakistan,2021-09-13,0.6655502915417125
Pakistan,2021-09-20,0.6972824851188973
Pakistan,2021-09-27,0.8112776493982093
Pakistan,2021-10-04,0.772334976694328
Pakistan,2021-10-11,0.6886879147348474
Pakistan,2021-10-18,0.7971917531314047
Pakistan,2021-10-25,0.7787538581881899
Pakistan,2021-11-01,0.7791787432317173
Pakistan,2021-11-08,0.6435536195925501
Peru,2020-11-23,0.16561762666190474
Peru,2020-11-30,0.16561762666190474
Peru,2020-12-07,0.16561762666190474
Peru,2020-12-14,0.16561762666190474
Peru,2020-12-21,0.16561762666190474
Peru,2020-12-28,0.3597263925564767
Peru,2021-01-04,0.3662082013536196
Peru,2021-01-11,0.24484954176858365
Peru,2021-01-18,0.16561762666190474
Peru,2021-01-25,0.16561762666190474
Peru,2021-02-01,0.16561762666190474
Peru,2021-02-08,0.16561762666190474
Peru,2021-02-15,0.16561762666190474
Peru,2021-02-22,0.16561762666190474
Peru,2021-03-01,0.16561762666190474
Peru,2021-03-08,0.16561762666190474
Peru,2021-03-15,0.16561762666190474
Peru,2021-03-22,0.16561762666190474
Peru,2021-03-29,0.16561762666190474
Peru,2021-04-05,0.16561762666190474
Peru,2021-04-12,0.16561762666190474
Peru,2021-04-19,0.16561762666190474
Peru,2021-04-26,0.16561762666190474
Peru,2021-05-03,0.16561762666190474
Peru,2021-05-10,0.16561762666190474
Peru,2021-05-17,0.16561762666190474
Peru,2021-05-24,0.43971336752109513
Peru,2021-05-31,0.3741900001252174
Peru,2021-06-07,0.3064200885405303
Peru,2021-06-14,0.16561762666190474
Peru,2021-06-21,0.16561762666190474
Peru,2021-06-28,0.4054643297631413
Peru,2021-07-05,0.3547629354560587
Peru,2021-07-12,0.24484954176858365
Peru,2021-07-19,0.16561762666190474
Peru,2021-07-26,0.16561762666190474
Peru,2021-08-02,0.16561762666190474
Peru,2021-08-09,0.16561762666190474
Peru,2021-08-16,0.16561762666190474
Peru,2021-08-23,0.16561762666190474
Peru,2021-08-30,0.16561762666190474
Peru,2021-09-06,0.16561762666190474
Peru,2021-09-13,0.3619627704961315
Peru,2021-09-20,0.3586755688680634
Peru,2021-09-27,0.2376464877085942
Peru,2021-10-04,0.16561762666190474
Peru,2021-10-11,0.16561762666190474
Peru,2021-10-18,0.16561762666190474
Peru,2021-10-25,0.16561762666190474
Peru,2021-11-01,0.16561762666190474
Peru,2021-11-08,0.16561762666190474
Somalia,2020-11-23,0.6902523947163753
Somalia,2020-11-30,0.7396030376324276
Somalia,2020-12-07,0.7906647004955897
Somalia,2020-12-14,0.7654765593030252
Somalia,2020-12-21,0.7225835985372493
Somalia,2020-12-28,0.7327346175660004
Somalia,2021-01-04,0.7722139596498759
Somalia,2021-01-11,0.8503483814988085
Somalia,2021-01-18,0.8299892453212495
Somalia,2021-01-25,0.8686405091166695
Somalia,2021-02-01,0.9008729630862139
Somalia,2021-02-08,0.8638120278579011
Somalia,2021-02-15,0.8522006085963348
Somalia,2021-02-22,0.7586993443971899
Somalia,2021-03-01,0.774572989812695
Somalia,2021-03-08,0.8415315681472176
Somalia,2021-03-15,0.8282992825743437
Somalia,2021-03-22,0.7770960446224864
Somalia,2021-03-29,0.8172616982981641
Somalia,2021-04-05,0.8214490179235824
Somalia,2021-04-12,0.8250318646211787
Somalia,2021-04-19,0.7743344175700143
Somalia,2021-04-26,0.7563699240539412
Somalia,2021-05-03,0.689107371768143
Somalia,2021-05-10,0.6528469444170087
Somalia,2021-05-17,0.7592096522882138
Somalia,2021-05-24,0.8345673363452063
Somalia,2021-05-31,0.8412625311252406
Somalia,2021-06-07,0.8911689108256285
Somalia,2021-06-14,0.8412450684368276
Somalia,2021-06-21,0.890714383936595
Somalia,2021-06-28,0.9200911085516754
Somalia,2021-07-05,0.9176753188614076
Somalia,2021-07-12,0.8763537243847339
Somalia,2021-07-19,0.7944921421336845
Somalia,2021-07-26,0.7958236606365366
Somalia,2021-08-02,0.7707350093118285
Somalia,2021-08-09,0.8465547983988729
Somalia,2021-08-16,0.8782450048849736
Somalia,2021-08-23,0.8617757009129364
Somalia,2021-08-30,0.830104547942593
Somalia,2021-09-06,0.7594029271041101
Somalia,2021-09-13,0.7393595735922965
Somalia,2021-09-20,0.721571386337697
Somalia,2021-09-27,0.6952501470553943
Somalia,2021-10-04,0.7795764752516386
Somalia,2021-10-11,0.7810639958630333
Somalia,2021-10-18,0.8282730270994803
Somalia,2021-10-25,0.8644820150519078
Somalia,2021-11-01,0.8057396999151664
Somalia,2021-11-08,0.832361555361958
South Sudan,2020-11-23,0.2897533703033396
South Sudan,2020-11-30,0.407373282066777
South Sudan,2020-12-07,0.4042399539001704
South Sudan,2020-12-14,0.25459208430421315
South Sudan,2020-12-21,0.16561762666190474
South Sudan,2020-12-28,0.16561762666190474
South Sudan,2021-01-04,0.16561762666190474
South Sudan,2021-01-11,0.16561762666190474
South Sudan,2021-01-18,0.16561762666190474
South Sudan,2021-01-25,0.16561762666190474
South Sudan,2021-02-01,0.3122764100685442
South Sudan,2021-02-08,0.41922463540003035
South Sudan,2021-02-15,0.4296503889231223
South Sudan,2021-02-22,0.2755705781384401
South Sudan,2021-03-01,0.3792133390350611
South Sudan,2021-03-08,0.5813471919059096
South Sudan,2021-03-15,0.6373054414698034
South Sudan,2021-03-22,0.5909048839103482
South Sudan,2021-03-29,0.4299832166291832
South Sudan,2021-04-05,0.433333627410137
South Sudan,2021-04-12,0.3848645108650767
South Sudan,2021-04-19,0.27400040389724206
South Sudan,2021-04-26,0.3597263925564767
South Sudan,2021-05-03,0.3662082013536196
South Sudan,2021-05-10,0.5276269458897186
South Sudan,2021-05-17,0.48938685929281817
South Sudan,2021-05-24,0.5668533401988746
South Sudan,2021-05-31,0.5485030454478416
South Sudan,2021-06-07,0.5867553002226441
South Sudan,2021-06-14,0.6347030945050322
South Sudan,2021-06-21,0.5797982807728477
South Sudan,2021-06-28,0.4552801133546691
South Sudan,2021-07-05,0.4502188653687524
South Sudan,2021-07-12,0.40372085110443606
South Sudan,2021-07-19,0.46315231948491703
South Sudan,2021-07-26,0.46944899185398886
South Sudan,2021-08-02,0.5558463694247354
South Sudan,2021-08-09,0.46295915955073924
South Sudan,2021-08-16,0.5451019923628337
South Sudan,2021-08-23,0.5077662662114975
South Sudan,2021-08-30,0.46218871553697144
South Sudan,2021-09-06,0.4843911250123866
South Sudan,2021-09-13,0.5413523531208274
South Sudan,2021-09-20,0.47467560975899686
South Sudan,2021-09-27,0.47367396007385404
South Sudan,2021-10-04,0.47388480972196917
South Sudan,2021-10-11,0.45399166908242233
South Sudan,2021-10-18,0.3586701445554312
South Sudan,2021-10-25,0.5452752763846271
South Sudan,2021-11-01,0.49004027405740963
South Sudan,2021-11-08,0.3544429447737863
Sudan,2020-11-23,0.38377072796394857
Sudan,2020-11-30,0.40302796561777615
Sudan,2020-12-07,0.5139429359861368
Sudan,2020-12-14,0.4809382989539707
Sudan,2020-12-21,0.49188790541779914
Sudan,2020-12-28,0.5357725345284444
Sudan,2021-01-04,0.4747808183031746
Sudan,2021-01-11,0.5454332304048618
Sudan,2021-01-18,0.5634957324994633
Sudan,2021-01-25,0.6437979631945785
Sudan,2021-02-01,0.6174242652517984
Sudan,2021-02-08,0.44641973604614144
Sudan,2021-02-15,0.3232529190095897
Sudan,2021-02-22,0.3700431462871125
Sudan,2021-03-01,0.4700370500894335
Sudan,2021-03-08,0.43032638160752956
Sudan,2021-03-15,0.2897533703033396
Sudan,2021-03-22,0.37162213998447496
Sudan,2021-03-29,0.47333170549434295
Sudan,2021-04-05,0.4624123881204461
Sudan,2021-04-12,0.32704717992432303
Sudan,2021-04-19,0.16561762666190474
Sudan,2021-04-26,0.3122764100685442
Sudan,2021-05-03,0.3533474815245579
Sudan,2021-05-10,0.5223658570292607
Sudan,2021-05-17,0.49230556522680136
Sudan,2021-05-24,0.4397514567595871
Sudan,2021-05-31,0.5433457567354574
Sudan,2021-06-07,0.545009635682158
Sudan,2021-06-14,0.5064067010510754
Sudan,2021-06-21,0.3264840983244727
Sudan,2021-06-28,0.40781785813994764
Sudan,2021-07-05,0.4019363114730501
Sudan,2021-07-12,0.47658871187008334
Sudan,2021-07-19,0.3746857125814163
Sudan,2021-07-26,0.5067533241531786
Sudan,2021-08-02,0.5289275836624525
Sudan,2021-08-09,0.4865354680640757
Sudan,2021-08-16,0.308177809736425
Sudan,2021-08-23,0.16561762666190474
Sudan,2021-08-30,0.34559053960228425
Sudan,2021-09-06,0.36609732154432434
Sudan,2021-09-13,0.3726906045861768
Sudan,2021-09-20,0.3662082013536196
Sudan,2021-09-27,0.24484954176858365
Sudan,2021-10-04,0.16561762666190474
Sudan,2021-10-11,0.16561762666190474
Sudan,2021-10-18,0.4343872663877086
Sudan,2021-10-25,0.5640571021482894
Sudan,2021-11-01,0.5492786618899935
Sudan,2021-11-08,0.6766133368506436
Tajikistan,2020-11-23,0.16561762666190474
Tajikistan,2020-11-30,0.16561762666190474
Tajikistan,2020-12-07,0.16561762666190474
Tajikistan,2020-12-14,0.16561762666190474
Tajikistan,2020-12-21,0.16561762666190474
Tajikistan,2020-12-28,0.16561762666190474
Tajikistan,2021-01-04,0.16561762666190474
Tajikistan,2021-01-11,0.16561762666190474
Tajikistan,2021-01-18,0.16561762666190474
Tajikistan,2021-01-25,0.16561762666190474
Tajikistan,2021-02-01,0.16561762666190474
Tajikistan,2021-02-08,0.16561762666190474
Tajikistan,2021-02-15,0.16561762666190474
Tajikistan,2021-02-22,0.16561762666190474
Tajikistan,2021-03-01,0.16561762666190474
Tajikistan,2021-03-08,0.16561762666190474
Tajikistan,2021-03-15,0.16561762666190474
Tajikistan,2021-03-22,0.16561762666190474
Tajikistan,2021-03-29,0.16561762666190474
Tajikistan,2021-04-05,0.16561762666190474
Tajikistan,2021-04-12,0.16561762666190474
Tajikistan,2021-04-19,0.16561762666190474
Tajikistan,2021-04-26,0.4979185764246945
Tajikistan,2021-05-03,0.4074894752263047
Tajikistan,2021-05-10,0.35669004573608726
Tajikistan,2021-05-17,0.16561762666190474
Tajikistan,2021-05-24,0.16561762666190474
Tajikistan,2021-05-31,0.16561762666190474
Tajikistan,2021-06-07,0.16561762666190474
Tajikistan,2021-06-14,0.16561762666190474
Tajikistan,2021-06-21,0.16561762666190474
Tajikistan,2021-06-28,0.16561762666190474
Tajikistan,2021-07-05,0.16561762666190474
Tajikistan,2021-07-12,0.16561762666190474
Tajikistan,2021-07-19,0.16561762666190474
Tajikistan,2021-07-26,0.16561762666190474
Tajikistan,2021-08-02,0.16561762666190474
Tajikistan,2021-08-09,0.16561762666190474
Tajikistan,2021-08-16,0.16561762666190474
Tajikistan,2021-08-23,0.16561762666190474
Tajikistan,2021-08-30,0.16561762666190474
Tajikistan,2021-09-06,0.16561762666190474
Tajikistan,2021-09-13,0.16561762666190474
Tajikistan,2021-09-20,0.16561762666190474
Tajikistan,2021-09-27,0.16561762666190474
Tajikistan,2021-10-04,0.16561762666190474
Tajikistan,2021-10-11,0.16561762666190474
Tajikistan,2021-10-18,0.16561762666190474
Tajikistan,2021-10-25,0.16561762666190474
Tajikistan,2021-11-01,0.16561762666190474
Tajikistan,2021-11-08,0.16561762666190474
Venezuela,2020-11-23,0.16561762666190474
Venezuela,2020-11-30,0.16561762666190474
Venezuela,2020-12-07,0.16561762666190474
Venezuela,2020-12-14,0.16561762666190474
Venezuela,2020-12-21,0.16561762666190474
Venezuela,2020-12-28,0.16561762666190474
Venezuela,2021-01-04,0.16561762666190474
Venezuela,2021-01-11,0.16561762666190474
Venezuela,2021-01-18,0.16561762666190474
Venezuela,2021-01-25,0.16561762666190474
Venezuela,2021-02-01,0.3122764100685442
Venezuela,2021-02-08,0.3533474815245579
Venezuela,2021-02-15,0.2376464877085942
Venezuela,2021-02-22,0.16561762666190474
Venezuela,2021-03-01,0.16561762666190474
Venezuela,2021-03-08,0.16561762666190474
Venezuela,2021-03-15,0.16561762666190474
Venezuela,2021-03-22,0.16561762666190474
Venezuela,2021-03-29,0.16561762666190474
Venezuela,2021-04-05,0.16561762666190474
Venezuela,2021-04-12,0.16561762666190474
Venezuela,2021-04-19,0.16561762666190474
Venezuela,2021-04-26,0.3122764100685442
Venezuela,2021-05-03,0.3700431462871125
Venezuela,2021-05-10,0.42461634373688434
Venezuela,2021-05-17,0.47884035525130936
Venezuela,2021-05-24,0.4040367171337947
Venezuela,2021-05-31,0.2376464877085942
Venezuela,2021-06-07,0.16561762666190474
Venezuela,2021-06-14,0.3815194887663185
Venezuela,2021-06-21,0.39176620235516485
Venezuela,2021-06-28,0.274297614295599
Venezuela,2021-07-05,0.16561762666190474
Venezuela,2021-07-12,0.16561762666190474
Venezuela,2021-07-19,0.16561762666190474
Venezuela,2021-07-26,0.16561762666190474
Venezuela,2021-08-02,0.16561762666190474
Venezuela,2021-08-09,0.16561762666190474
Venezuela,2021-08-16,0.16561762666190474
Venezuela,2021-08-23,0.16561762666190474
Venezuela,2021-08-30,0.3122764100685442
Venezuela,2021-09-06,0.3700431462871125
Venezuela,2021-09-13,0.39444205341379046
Venezuela,2021-09-20,0.2376464877085942
Venezuela,2021-09-27,0.16561762666190474
Venezuela,2021-10-04,0.16561762666190474
Venezuela,2021-10-11,0.16561762666190474
Venezuela,2021-10-18,0.16561762666190474
Venezuela,2021-10-25,0.16561762666190474
Venezuela,2021-11-01,0.16561762666190474
Venezuela,2021-11-08,0.16561762666190474
Afghanistan,2021-11-15,0.7571990613359293
Afghanistan,2021-11-22,0.8098171534663239
Afghanistan,2021-11-29,0.7483983581877852
Afghanistan,2021-12-06,0.746009431803726
Afghanistan,2021-12-13,0.7193276579465439
Afghanistan,2021-12-20,0.709010222959094
Afghanistan,2021-12-27,0.6215811705954452
Afghanistan,2022-01-03,0.4711876172853548
Afghanistan,2022-01-10,0.537809040788654
Afghanistan,2022-01-17,0.6686010650786666
Afghanistan,2022-01-24,0.7032351143445146
Afghanistan,2022-01-31,0.677878434699328
Afghanistan,2022-02-07,0.5968068184655934
Afghanistan,2022-02-14,0.5752707400793727
Afghanistan,2022-02-21,0.5843725207150742
Afghanistan,2022-02-28,0.575406448554065
Afghanistan,2022-03-07,0.6434154026162977
Afghanistan,2022-03-14,0.6228242678084118
Afghanistan,2022-03-21,0.6719058393687424
Afghanistan,2022-03-28,0.7958682725370906
Afghanistan,2022-04-04,0.8451733632676577
Afghanistan,2022-04-11,0.8885178220318138
Afghanistan,2022-04-18,0.9098572002618899
Afghanistan,2022-04-25,0.9158151479662396
Afghanistan,2022-05-02,0.9444072687320365
Afghanistan,2022-05-09,0.9362347410513344
Afghanistan,2022-05-16,0.9070070723882001
Afghanistan,2022-05-23,0.9307688176911705
Afghanistan,2022-05-30,0.9083545543186515
Afghanistan,2022-06-06,0.9191394914054835
Afghanistan,2022-06-13,0.902473388774964
Afghanistan,2022-06-20,0.9022815620511687
Afghanistan,2022-06-27,0.9028923999725214
Afghanistan,2022-07-04,0.8932682932198901
Afghanistan,2022-07-11,0.8653061779843014
Afghanistan,2022-07-18,0.9000765568631017
Afghanistan,2022-07-25,0.8592968559489264
Afghanistan,2022-08-01,0.8929347196344827
Afghanistan,2022-08-08,0.8123019202565204
Afghanistan,2022-08-15,0.8724062719789738
Afghanistan,2022-08-22,0.8457359347592646
Afghanistan,2022-08-29,0.8922091341893758
Afghanistan,2022-09-05,0.8859453143278225
Afghanistan,2022-09-12,0.9463880226021467
Afghanistan,2022-09-19,0.9438062733837017
Afghanistan,2022-09-26,0.9228341960704282
Afghanistan,2022-10-03,0.847618573483591
Afghanistan,2022-10-10,0.8706163869021655
Afghanistan,2022-10-17,0.8718299463324893
Afghanistan,2022-10-24,0.9254505711816177
Afghanistan,2022-10-31,0.8246258692122147
Bolivia,2021-11-15,0.16632710658280359
Bolivia,2021-11-22,0.16632710658280359
Bolivia,2021-11-29,0.16632710658280359
Bolivia,2021-12-06,0.16632710658280359
Bolivia,2021-12-13,0.16632710658280359
Bolivia,2021-12-20,0.16632710658280359
Bolivia,2021-12-27,0.16632710658280359
Bolivia,2022-01-03,0.16632710658280359
Bolivia,2022-01-10,0.16632710658280359
Bolivia,2022-01-17,0.16632710658280359
Bolivia,2022-01-24,0.16632710658280359
Bolivia,2022-01-31,0.16632710658280359
Bolivia,2022-02-07,0.16632710658280359
Bolivia,2022-02-14,0.16632710658280359
Bolivia,2022-02-21,0.16632710658280359
Bolivia,2022-02-28,0.16632710658280359
Bolivia,2022-03-07,0.16632710658280359
Bolivia,2022-03-14,0.16632710658280359
Bolivia,2022-03-21,0.16632710658280359
Bolivia,2022-03-28,0.16632710658280359
Bolivia,2022-04-04,0.16632710658280359
Bolivia,2022-04-11,0.16632710658280359
Bolivia,2022-04-18,0.16632710658280359
Bolivia,2022-04-25,0.16632710658280359
Bolivia,2022-05-02,0.16632710658280359
Bolivia,2022-05-09,0.16632710658280359
Bolivia,2022-05-16,0.16632710658280359
Bolivia,2022-05-23,0.16632710658280359
Bolivia,2022-05-30,0.16632710658280359
Bolivia,2022-06-06,0.16632710658280359
Bolivia,2022-06-13,0.16632710658280359
Bolivia,2022-06-20,0.16632710658280359
Bolivia,2022-06-27,0.16632710658280359
Bolivia,2022-07-04,0.16632710658280359
Bolivia,2022-07-11,0.16632710658280359
Bolivia,2022-07-18,0.16632710658280359
Bolivia,2022-07-25,0.16632710658280359
Bolivia,2022-08-01,0.16632710658280359
Bolivia,2022-08-08,0.16632710658280359
Bolivia,2022-08-15,0.16632710658280359
Bolivia,2022-08-22,0.16632710658280359
Bolivia,2022-08-29,0.16632710658280359
Bolivia,2022-09-05,0.16632710658280359
Bolivia,2022-09-12,0.16632710658280359
Bolivia,2022-09-19,0.16632710658280359
Bolivia,2022-09-26,0.16632710658280359
Bolivia,2022-10-03,0.16632710658280359
Bolivia,2022-10-10,0.16632710658280359
Bolivia,2022-10-17,0.16632710658280359
Bolivia,2022-10-24,0.16632710658280359
Bolivia,2022-10-31,0.16632710658280359
Colombia,2021-11-15,0.4919206672204653
Colombia,2021-11-22,0.5787741012125477
Colombia,2021-11-29,0.4062116877685658
Colombia,2021-12-06,0.3697985490572144
Colombia,2021-12-13,0.55202030457174
Colombia,2021-12-20,0.47759492509723295
Colombia,2021-12-27,0.448556893502428
Colombia,2022-01-03,0.5261529265591615
Colombia,2022-01-10,0.535394053987463
Colombia,2022-01-17,0.6150189971832637
Colombia,2022-01-24,0.6701027251215024
Colombia,2022-01-31,0.7303930717223164
Colombia,2022-02-07,0.7618147633807748
Colombia,2022-02-14,0.6165260688356592
Colombia,2022-02-21,0.6285484918446592
Colombia,2022-02-28,0.5041368312096687
Colombia,2022-03-07,0.5945628247247415
Colombia,2022-03-14,0.6692324346803143
Colombia,2022-03-21,0.5780097376555252
Colombia,2022-03-28,0.6784685271386074
Colombia,2022-04-04,0.6811931943827391
Colombia,2022-04-11,0.6151924958007916
Colombia,2022-04-18,0.629087931823008
Colombia,2022-04-25,0.6046020766666983
Colombia,2022-05-02,0.6138937521601444
Colombia,2022-05-09,0.6096684936809172
Colombia,2022-05-16,0.5186258265633826
Colombia,2022-05-23,0.4573147509445872
Colombia,2022-05-30,0.5297734564182343
Colombia,2022-06-06,0.5673963014700156
Colombia,2022-06-13,0.5782410083164384
Colombia,2022-06-20,0.5709032147474566
Colombia,2022-06-27,0.509118074713727
Colombia,2022-07-04,0.5872499713732561
Colombia,2022-07-11,0.5706949261660842
Colombia,2022-07-18,0.6898035358841677
Colombia,2022-07-25,0.5861474859166138
Colombia,2022-08-01,0.5473627212460502
Colombia,2022-08-08,0.5934263885707829
Colombia,2022-08-15,0.6125168499840944
Colombia,2022-08-22,0.5641255495335554
Colombia,2022-08-29,0.5885772184684259
Colombia,2022-09-05,0.6429521713201818
Colombia,2022-09-12,0.5826050244044821
Colombia,2022-09-19,0.4791167189621037
Colombia,2022-09-26,0.5413325385020584
Colombia,2022-10-03,0.5837755517069364
Colombia,2022-10-10,0.5221208926193937
Colombia,2022-10-17,0.6555625937626008
Colombia,2022-10-24,0.43024440971936767
Colombia,2022-10-31,0.31596157436919686
Ecuador,2021-11-15,0.3995678018745119
Ecuador,2021-11-22,0.31744073800619743
Ecuador,2021-11-29,0.16632710658280359
Ecuador,2021-12-06,0.16632710658280359
Ecuador,2021-12-13,0.16632710658280359
Ecuador,2021-12-20,0.16632710658280359
Ecuador,2021-12-27,0.16632710658280359
Ecuador,2022-01-03,0.16632710658280359
Ecuador,2022-01-10,0.16632710658280359
Ecuador,2022-01-17,0.16632710658280359
Ecuador,2022-01-24,0.16632710658280359
Ecuador,2022-01-31,0.16632710658280359
Ecuador,2022-02-07,0.16632710658280359
Ecuador,2022-02-14,0.16632710658280359
Ecuador,2022-02-21,0.16632710658280359
Ecuador,2022-02-28,0.16632710658280359
Ecuador,2022-03-07,0.16632710658280359
Ecuador,2022-03-14,0.16632710658280359
Ecuador,2022-03-21,0.16632710658280359
Ecuador,2022-03-28,0.378471763208761
Ecuador,2022-04-04,0.3880683053201275
Ecuador,2022-04-11,0.30446055360439334
Ecuador,2022-04-18,0.16632710658280359
Ecuador,2022-04-25,0.16632710658280359
Ecuador,2022-05-02,0.3721511266219982
Ecuador,2022-05-09,0.3938009801999381
Ecuador,2022-05-16,0.47881937077811193
Ecuador,2022-05-23,0.3131143590658841
Ecuador,2022-05-30,0.16632710658280359
Ecuador,2022-06-06,0.3458159792358348
Ecuador,2022-06-13,0.3676347285894803
Ecuador,2022-06-20,0.23567112553204247
Ecuador,2022-06-27,0.16632710658280359
Ecuador,2022-07-04,0.16632710658280359
Ecuador,2022-07-11,0.16632710658280359
Ecuador,2022-07-18,0.38838436564515827
Ecuador,2022-07-25,0.38542818887877117
Ecuador,2022-08-01,0.28626068661463616
Ecuador,2022-08-08,0.16632710658280359
Ecuador,2022-08-15,0.16632710658280359
Ecuador,2022-08-22,0.16632710658280359
Ecuador,2022-08-29,0.16632710658280359
Ecuador,2022-09-05,0.16632710658280359
Ecuador,2022-09-12,0.16632710658280359
Ecuador,2022-09-19,0.16632710658280359
Ecuador,2022-09-26,0.16632710658280359
Ecuador,2022-10-03,0.4178316397242772
Ecuador,2022-10-10,0.40249541012363105
Ecuador,2022-10-17,0.3121133955143816
Ecuador,2022-10-24,0.3073118180871169
Ecuador,2022-10-31,0.3670004405840208
Eritrea,2021-11-15,0.16632710658280359
Eritrea,2021-11-22,0.16632710658280359
Eritrea,2021-11-29,0.16632710658280359
Eritrea,2021-12-06,0.16632710658280359
Eritrea,2021-12-13,0.16632710658280359
Eritrea,2021-12-20,0.16632710658280359
Eritrea,2021-12-27,0.16632710658280359
Eritrea,2022-01-03,0.16632710658280359
Eritrea,2022-01-10,0.3580707392313995
Eritrea,2022-01-17,0.3508098740003838
Eritrea,2022-01-24,0.231253338093901
Eritrea,2022-01-31,0.16632710658280359
Eritrea,2022-02-07,0.16632710658280359
Eritrea,2022-02-14,0.16632710658280359
Eritrea,2022-02-21,0.16632710658280359
Eritrea,2022-02-28,0.3580707392313995
Eritrea,2022-03-07,0.3508098740003838
Eritrea,2022-03-14,0.231253338093901
Eritrea,2022-03-21,0.16632710658280359
Eritrea,2022-03-28,0.16632710658280359
Eritrea,2022-04-04,0.16632710658280359
Eritrea,2022-04-11,0.16632710658280359
Eritrea,2022-04-18,0.16632710658280359
Eritrea,2022-04-25,0.16632710658280359
Eritrea,2022-05-02,0.3580707392313995
Eritrea,2022-05-09,0.4551979657075309
Ethiopia,2021-11-15,0.9278775052416558
Ethiopia,2021-11-22,0.9352851631395446
Ethiopia,2021-11-29,0.96985506563265
Ethiopia,2021-12-06,0.9455587582890765
Ethiopia,2021-12-13,0.9380838883988254
Ethiopia,2021-12-20,0.9294929419347002
Ethiopia,2021-12-27,0.9646745258657624
Ethiopia,2022-01-03,0.966071246926187
Ethiopia,2022-01-10,0.9596082851032128
Ethiopia,2022-01-17,0.9544414800163262
Ethiopia,2022-01-24,0.9340814803789085
Ethiopia,2022-01-31,0.9273404143627086
Ethiopia,2022-02-07,0.9036980297966237
Ethiopia,2022-02-14,0.9326267826913606
Ethiopia,2022-02-21,0.9076070778575992
Ethiopia,2022-02-28,0.9114687851789949
Ethiopia,2022-03-07,0.8998205147333561
Ethiopia,2022-03-14,0.851120942085731
Ethiopia,2022-03-21,0.8910444174166642
Ethiopia,2022-03-28,0.8720334354974631
Ethiopia,2022-04-04,0.8972957869329775
Ethiopia,2022-04-11,0.8861537350949574
Ethiopia,2022-04-18,0.9614964458170547
Ethiopia,2022-04-25,0.9455078170108354
Ethiopia,2022-05-02,0.9504915054037597
Ethiopia,2022-05-09,0.9238639581031659
Ethiopia,2022-05-16,0.8850307955762232
Ethiopia,2022-05-23,0.8521428173910506
Ethiopia,2022-05-30,0.8469822877144549
Ethiopia,2022-06-06,0.7400223017210394
Ethiopia,2022-06-13,0.9217025062797964
Ethiopia,2022-06-20,0.89716461361732
Ethiopia,2022-06-27,0.9244006279150964
Ethiopia,2022-07-04,0.8977172040808293
Ethiopia,2022-07-11,0.8749905435828983
Ethiopia,2022-07-18,0.8762166578059344
Ethiopia,2022-07-25,0.8429503557811349
Ethiopia,2022-08-01,0.8462784606175339
Ethiopia,2022-08-08,0.8378938315563081
Ethiopia,2022-08-15,0.8927182895460769
Ethiopia,2022-08-22,0.9361484192343071
Ethiopia,2022-08-29,0.929317217451186
Ethiopia,2022-09-05,0.9679976905688584
Ethiopia,2022-09-12,0.9773883992220673
Ethiopia,2022-09-19,0.9825315862888061
Ethiopia,2022-09-26,0.9492037154742751
Ethiopia,2022-10-03,0.9673520785456429
Ethiopia,2022-10-10,0.9682197479112431
Ethiopia,2022-10-17,0.972764653573089
Ethiopia,2022-10-24,0.9784110160682328
Ethiopia,2022-10-31,0.960677280157102
Haiti,2021-11-15,0.36750172496957295
Haiti,2021-11-22,0.2423742865245315
Haiti,2021-11-29,0.16632710658280359
Haiti,2021-12-06,0.16632710658280359
Haiti,2021-12-13,0.16632710658280359
Haiti,2021-12-20,0.16632710658280359
Haiti,2021-12-27,0.16632710658280359
Haiti,2022-01-03,0.16632710658280359
Haiti,2022-01-10,0.16632710658280359
Haiti,2022-01-17,0.16632710658280359
Haiti,2022-01-24,0.16632710658280359
Haiti,2022-01-31,0.3073118180871169
Haiti,2022-02-07,0.35006887433202943
Haiti,2022-02-14,0.231253338093901
Haiti,2022-02-21,0.3073118180871169
Haiti,2022-02-28,0.35006887433202943
Haiti,2022-03-07,0.231253338093901
Haiti,2022-03-14,0.16632710658280359
Haiti,2022-03-21,0.16632710658280359
Haiti,2022-03-28,0.16632710658280359
Haiti,2022-04-04,0.3073118180871169
Haiti,2022-04-11,0.35006887433202943
Haiti,2022-04-18,0.6727243591028472
Haiti,2022-04-25,0.663613092530325
Haiti,2022-05-02,0.8274805225724625
Haiti,2022-05-09,0.6783200784492038
Haiti,2022-05-16,0.48948902712363357
Haiti,2022-05-23,0.23567112553204247
Haiti,2022-05-30,0.16632710658280359
Haiti,2022-06-06,0.16632710658280359
Haiti,2022-06-13,0.16632710658280359
Haiti,2022-06-20,0.16632710658280359
Haiti,2022-06-27,0.16632710658280359
Haiti,2022-07-04,0.4543553670280815
Haiti,2022-07-11,0.5087695686317814
Haiti,2022-07-18,0.4910848941377733
Haiti,2022-07-25,0.28275598790792156
Haiti,2022-08-01,0.16632710658280359
Haiti,2022-08-08,0.16632710658280359
Haiti,2022-08-15,0.38012820740956843
Haiti,2022-08-22,0.38964207830461667
Haiti,2022-08-29,0.27406071327945564
Haiti,2022-09-05,0.4312013656266774
Haiti,2022-09-12,0.4056250986434425
Haiti,2022-09-19,0.27433367275506343
Haiti,2022-09-26,0.16632710658280359
Haiti,2022-10-03,0.16632710658280359
Haiti,2022-10-10,0.37959583698895
Haiti,2022-10-17,0.49009166671016446
Haiti,2022-10-24,0.4524601138050232
Haiti,2022-10-31,0.30489533630574567
Kenya,2021-11-15,0.2881980214086086
Kenya,2021-11-22,0.16632710658280359
Kenya,2021-11-29,0.43409281093644697
Kenya,2021-12-06,0.48295402121300185
Kenya,2021-12-13,0.5138056343930429
Kenya,2021-12-20,0.483035437139087
Kenya,2021-12-27,0.5184112395591246
Kenya,2022-01-03,0.546682912299021
Kenya,2022-01-10,0.515802313658895
Kenya,2022-01-17,0.5580114444241117
Kenya,2022-01-24,0.4903269710799001
Kenya,2022-01-31,0.5518025829696703
Kenya,2022-02-07,0.5568444582917313
Kenya,2022-02-14,0.5629540695581533
Kenya,2022-02-21,0.5394763146880381
Kenya,2022-02-28,0.40383480905046804
Kenya,2022-03-07,0.5563216737567714
Kenya,2022-03-14,0.5705000438981161
Kenya,2022-03-21,0.43876128468360315
Kenya,2022-03-28,0.2423742865245315
Kenya,2022-04-04,0.3625719223877943
Kenya,2022-04-11,0.3365708314144471
Kenya,2022-04-18,0.22741196636618524
Kenya,2022-04-25,0.16632710658280359
Kenya,2022-05-02,0.16632710658280359
Kenya,2022-05-09,0.16632710658280359
Kenya,2022-05-16,0.16632710658280359
Kenya,2022-05-23,0.16632710658280359
Kenya,2022-05-30,0.3721511266219982
Kenya,2022-06-06,0.45447771966099476
Kenya,2022-06-13,0.39842935224823944
Kenya,2022-06-20,0.22741196636618524
Kenya,2022-06-27,0.4308499073782779
Kenya,2022-07-04,0.3724435204311845
Kenya,2022-07-11,0.28275598790792156
Kenya,2022-07-18,0.16632710658280359
Kenya,2022-07-25,0.16632710658280359
Kenya,2022-08-01,0.16632710658280359
Kenya,2022-08-08,0.3580707392313995
Kenya,2022-08-15,0.4551955568474006
Kenya,2022-08-22,0.39140249291043744
Kenya,2022-08-29,0.23567112553204247
Kenya,2022-09-05,0.16632710658280359
Kenya,2022-09-12,0.16632710658280359
Kenya,2022-09-19,0.16632710658280359
Kenya,2022-09-26,0.16632710658280359
Kenya,2022-10-03,0.16632710658280359
Kenya,2022-10-10,0.16632710658280359
Kenya,2022-10-17,0.16632710658280359
Kenya,2022-10-24,0.16632710658280359
Kenya,2022-10-31,0.16632710658280359
Kyrgyzstan,2021-11-15,0.16632710658280359
Kyrgyzstan,2021-11-22,0.16632710658280359
Kyrgyzstan,2021-11-29,0.16632710658280359
Kyrgyzstan,2021-12-06,0.16632710658280359
Kyrgyzstan,2021-12-13,0.16632710658280359
Kyrgyzstan,2021-12-20,0.16632710658280359
Kyrgyzstan,2021-12-27,0.16632710658280359
Kyrgyzstan,2022-01-03,0.16632710658280359
Kyrgyzstan,2022-01-10,0.16632710658280359
Kyrgyzstan,2022-01-17,0.16632710658280359
Kyrgyzstan,2022-01-24,0.16632710658280359
Kyrgyzstan,2022-01-31,0.16632710658280359
Kyrgyzstan,2022-02-07,0.16632710658280359
Kyrgyzstan,2022-02-14,0.16632710658280359
Kyrgyzstan,2022-02-21,0.16632710658280359
Kyrgyzstan,2022-02-28,0.16632710658280359
Kyrgyzstan,2022-03-07,0.16632710658280359
Kyrgyzstan,2022-03-14,0.16632710658280359
Kyrgyzstan,2022-03-21,0.16632710658280359
Kyrgyzstan,2022-03-28,0.16632710658280359
Kyrgyzstan,2022-04-04,0.16632710658280359
Kyrgyzstan,2022-04-11,0.3580707392313995
Kyrgyzstan,2022-04-18,0.3508098740003838
Kyrgyzstan,2022-04-25,0.231253338093901
Kyrgyzstan,2022-05-02,0.16632710658280359
Kyrgyzstan,2022-05-09,0.16632710658280359
Kyrgyzstan,2022-05-16,0.16632710658280359
Kyrgyzstan,2022-05-23,0.16632710658280359
Kyrgyzstan,2022-05-30,0.16632710658280359
Kyrgyzstan,2022-06-06,0.16632710658280359
Kyrgyzstan,2022-06-13,0.16632710658280359
Kyrgyzstan,2022-06-20,0.16632710658280359
Kyrgyzstan,2022-06-27,0.16632710658280359
Kyrgyzstan,2022-07-04,0.16632710658280359
Kyrgyzstan,2022-07-11,0.16632710658280359
Kyrgyzstan,2022-07-18,0.16632710658280359
Kyrgyzstan,2022-07-25,0.16632710658280359
Kyrgyzstan,2022-08-01,0.16632710658280359
Kyrgyzstan,2022-08-08,0.16632710658280359
Kyrgyzstan,2022-08-15,0.16632710658280359
Kyrgyzstan,2022-08-22,0.16632710658280359
Kyrgyzstan,2022-08-29,0.16632710658280359
Kyrgyzstan,2022-09-05,0.16632710658280359
Kyrgyzstan,2022-09-12,0.7320366924798792
Myanmar,2021-11-15,0.9589812109713384
Myanmar,2021-11-22,0.9344727738052124
Myanmar,2021-11-29,0.9497120057767807
Myanmar,2021-12-06,0.9097409325319338
Myanmar,2021-12-13,0.9552807588147254
Myanmar,2021-12-20,0.954865599631864
Myanmar,2021-12-27,0.9755331244522637
Myanmar,2022-01-03,0.9698725107859448
Myanmar,2022-01-10,0.9062050259554133
Myanmar,2022-01-17,0.9447426050668065
Myanmar,2022-01-24,0.918790287253236
Myanmar,2022-01-31,0.9727118900767412
Myanmar,2022-02-07,0.9736718654573321
Myanmar,2022-02-14,0.957753832945771
Myanmar,2022-02-21,0.963867039778803
Myanmar,2022-02-28,0.9719477023709736
Myanmar,2022-03-07,0.9704631469886777
Myanmar,2022-03-14,0.9653543651157172
Myanmar,2022-03-21,0.9478901305483722
Myanmar,2022-03-28,0.9294940079229733
Myanmar,2022-04-04,0.9654715578051686
Myanmar,2022-04-11,0.9530163456322992
Myanmar,2022-04-18,0.917936222665312
Myanmar,2022-04-25,0.947643783633632
Myanmar,2022-05-02,0.9290226817526884
Myanmar,2022-05-09,0.9554542046183833
Myanmar,2022-05-16,0.9643500834089905
Myanmar,2022-05-23,0.9323954667693148
Myanmar,2022-05-30,0.9344803473304486
Myanmar,2022-06-06,0.965455171029029
Myanmar,2022-06-13,0.9658900053484175
Myanmar,2022-06-20,0.9380975591224351
Myanmar,2022-06-27,0.9609813493046756
Myanmar,2022-07-04,0.9447542157687789
Myanmar,2022-07-11,0.9491570540248467
Myanmar,2022-07-18,0.9628016410200333
Myanmar,2022-07-25,0.9196042721214345
Myanmar,2022-08-01,0.9677737389047726
Myanmar,2022-08-08,0.9641657891053045
Myanmar,2022-08-15,0.9769324529452712
Myanmar,2022-08-22,0.9642279346016029
Myanmar,2022-08-29,0.9685713615503372
Myanmar,2022-09-05,0.920039268734692
Myanmar,2022-09-12,0.9279038769742006
Myanmar,2022-09-19,0.9537207857271804
Myanmar,2022-09-26,0.9729379787108773
Myanmar,2022-10-03,0.9637372235554874
Myanmar,2022-10-10,0.9756261768035511
Myanmar,2022-10-17,0.9714208809912838
Myanmar,2022-10-24,0.9750595690337773
Myanmar,2022-10-31,0.9708794923692629
Pakistan,2021-11-15,0.4492297294794252
Pakistan,2021-11-22,0.5619076260537228
Pakistan,2021-11-29,0.45117435102350806
Pakistan,2021-12-06,0.558844626693365
Pakistan,2021-12-13,0.6133177299130546
Pakistan,2021-12-20,0.7610314161327699
Pakistan,2021-12-27,0.7761717880561895
Pakistan,2022-01-03,0.7704349805401774
Pakistan,2022-01-10,0.6964792533947565
Pakistan,2022-01-17,0.7570951519457084
Pakistan,2022-01-24,0.7727812665654334
Pakistan,2022-01-31,0.8602466989685165
Pakistan,2022-02-07,0.8172503849632934
Pakistan,2022-02-14,0.8429467229824037
Pakistan,2022-02-21,0.7585783969464087
Pakistan,2022-02-28,0.7491475330521262
Pakistan,2022-03-07,0.7125706766786027
Pakistan,2022-03-14,0.7376375483855258
Pakistan,2022-03-21,0.7539318960266398
Pakistan,2022-03-28,0.7640649911366192
Pakistan,2022-04-04,0.8184308785760654
Pakistan,2022-04-11,0.8638391716727457
Pakistan,2022-04-18,0.8322545227027422
Pakistan,2022-04-25,0.8619686947731641
Pakistan,2022-05-02,0.6527384963828587
Pakistan,2022-05-09,0.6043840580573857
Pakistan,2022-05-16,0.7121295954064571
Pakistan,2022-05-23,0.7414206007165415
Pakistan,2022-05-30,0.7476383310651452
Pakistan,2022-06-06,0.69220388294475
Pakistan,2022-06-13,0.7703079655236865
Pakistan,2022-06-20,0.7153505440287727
Pakistan,2022-06-27,0.7104662422212012
Pakistan,2022-07-04,0.759087999500991
Pakistan,2022-07-11,0.8135156127291561
Pakistan,2022-07-18,0.788574723173569
Pakistan,2022-07-25,0.7539384202490571
Pakistan,2022-08-01,0.642898289809878
Pakistan,2022-08-08,0.7717078246353286
Pakistan,2022-08-15,0.702724678549742
Pakistan,2022-08-22,0.7366430615470773
Pakistan,2022-08-29,0.5979738336794118
Pakistan,2022-09-05,0.7009493120679355
Pakistan,2022-09-12,0.6929250881575006
Pakistan,2022-09-19,0.7054505035812961
Pakistan,2022-09-26,0.7707165469086444
Pakistan,2022-10-03,0.705778198037948
Pakistan,2022-10-10,0.7153787626995323
Pakistan,2022-10-17,0.7377326245620736
Pakistan,2022-10-24,0.7105947912149903
Pakistan,2022-10-31,0.7703973546141262
Peru,2021-11-15,0.16632710658280359
Peru,2021-11-22,0.16632710658280359
Peru,2021-11-29,0.16632710658280359
Peru,2021-12-06,0.16632710658280359
Peru,2021-12-13,0.16632710658280359
Peru,2021-12-20,0.16632710658280359
Peru,2021-12-27,0.16632710658280359
Peru,2022-01-03,0.16632710658280359
Peru,2022-01-10,0.16632710658280359
Peru,2022-01-17,0.16632710658280359
Peru,2022-01-24,0.16632710658280359
Peru,2022-01-31,0.16632710658280359
Peru,2022-02-07,0.16632710658280359
Peru,2022-02-14,0.16632710658280359
Peru,2022-02-21,0.16632710658280359
Peru,2022-02-28,0.16632710658280359
Peru,2022-03-07,0.16632710658280359
Peru,2022-03-14,0.16632710658280359
Peru,2022-03-21,0.16632710658280359
Peru,2022-03-28,0.16632710658280359
Peru,2022-04-04,0.16632710658280359
Peru,2022-04-11,0.16632710658280359
Peru,2022-04-18,0.16632710658280359
Peru,2022-04-25,0.16632710658280359
Peru,2022-05-02,0.16632710658280359
Peru,2022-05-09,0.16632710658280359
Peru,2022-05-16,0.16632710658280359
Peru,2022-05-23,0.16632710658280359
Peru,2022-05-30,0.16632710658280359
Peru,2022-06-06,0.16632710658280359
Peru,2022-06-13,0.16632710658280359
Peru,2022-06-20,0.16632710658280359
Peru,2022-06-27,0.3580707392313995
Peru,2022-07-04,0.3508098740003838
Peru,2022-07-11,0.231253338093901
Peru,2022-07-18,0.16632710658280359
Peru,2022-07-25,0.16632710658280359
Peru,2022-08-01,0.16632710658280359
Peru,2022-08-08,0.4318008473120716
Peru,2022-08-15,0.3724632348725107
Peru,2022-08-22,0.3452082144486884
Peru,2022-08-29,0.35006887433202943
Peru,2022-09-05,0.231253338093901
Peru,2022-09-12,0.16632710658280359
Peru,2022-09-19,0.16632710658280359
Peru,2022-09-26,0.16632710658280359
Peru,2022-10-03,0.16632710658280359
Peru,2022-10-10,0.16632710658280359
Peru,2022-10-17,0.16632710658280359
Peru,2022-10-24,0.16632710658280359
Peru,2022-10-31,0.16632710658280359
Somalia,2021-11-15,0.7872320249534838
Somalia,2021-11-22,0.8144667191077469
Somalia,2021-11-29,0.8213765875353761
Somalia,2021-12-06,0.7834562342412698
Somalia,2021-12-13,0.7977933450549131
Somalia,2021-12-20,0.7256626029828098
Somalia,2021-12-27,0.6775308109142961
Somalia,2022-01-03,0.7720260093237523
Somalia,2022-01-10,0.8150108885558535
Somalia,2022-01-17,0.8257404897798103
Somalia,2022-01-24,0.871249361159506
Somalia,2022-01-31,0.9179158378929967
Somalia,2022-02-07,0.8729266562820991
Somalia,2022-02-14,0.8228981111389637
Somalia,2022-02-21,0.858017640982755
Somalia,2022-02-28,0.841201343262337
Somalia,2022-03-07,0.8100740123094153
Somalia,2022-03-14,0.7683920914871477
Somalia,2022-03-21,0.8054578751091482
Somalia,2022-03-28,0.7683126172565825
Somalia,2022-04-04,0.7722340195333232
Somalia,2022-04-11,0.774188585526975
Somalia,2022-04-18,0.7740409511015999
Somalia,2022-04-25,0.8229210525777765
Somalia,2022-05-02,0.8201738491338117
Somalia,2022-05-09,0.7988126607403917
Somalia,2022-05-16,0.7857355163150195
Somalia,2022-05-23,0.7112242208633442
Somalia,2022-05-30,0.7670940793234783
Somalia,2022-06-06,0.7400479539151631
Somalia,2022-06-13,0.8069503399595224
Somalia,2022-06-20,0.670458492783068
Somalia,2022-06-27,0.6548394432601268
Somalia,2022-07-04,0.6050843385582656
Somalia,2022-07-11,0.6824683890016772
Somalia,2022-07-18,0.7181336288556001
Somalia,2022-07-25,0.8085105860031331
Somalia,2022-08-01,0.7723809962134424
Somalia,2022-08-08,0.8569646390144013
Somalia,2022-08-15,0.8909632407955589
Somalia,2022-08-22,0.8632184248310907
Somalia,2022-08-29,0.8501669128585397
Somalia,2022-09-05,0.8519266679736782
Somalia,2022-09-12,0.8507729685457277
Somalia,2022-09-19,0.8475017422298327
Somalia,2022-09-26,0.7973146088489189
Somalia,2022-10-03,0.7906464585181575
Somalia,2022-10-10,0.7416506426627616
Somalia,2022-10-17,0.8019536838373772
Somalia,2022-10-24,0.6726467064003799
Somalia,2022-10-31,0.6969117567844577
South Sudan,2021-11-15,0.16632710658280359
South Sudan,2021-11-22,0.16632710658280359
South Sudan,2021-11-29,0.3458159792358348
South Sudan,2021-12-06,0.5285617069061614
South Sudan,2021-12-13,0.4441499654557783
South Sudan,2021-12-20,0.48140005092694
South Sudan,2021-12-27,0.5581207833451777
South Sudan,2022-01-03,0.535203518898386
South Sudan,2022-01-10,0.3404429921911845
South Sudan,2022-01-17,0.3950350305434454
South Sudan,2022-01-24,0.39434763180183285
South Sudan,2022-01-31,0.3656399737488843
South Sudan,2022-02-07,0.41708990839586896
South Sudan,2022-02-14,0.38701146249610857
South Sudan,2022-02-21,0.44756578139650377
South Sudan,2022-02-28,0.5407444022126668
South Sudan,2022-03-07,0.6030083877802089
South Sudan,2022-03-14,0.5218033625741024
South Sudan,2022-03-21,0.48446416604512715
South Sudan,2022-03-28,0.39140249291043744
South Sudan,2022-04-04,0.4167710265461326
South Sudan,2022-04-11,0.41252111745228653
South Sudan,2022-04-18,0.41017885094677925
South Sudan,2022-04-25,0.3046810050653064
South Sudan,2022-05-02,0.3458159792358348
South Sudan,2022-05-09,0.42695962428929995
South Sudan,2022-05-16,0.4271725363594714
South Sudan,2022-05-23,0.381258772684904
South Sudan,2022-05-30,0.3664524671525266
South Sudan,2022-06-06,0.4596843988276516
South Sudan,2022-06-13,0.41118634551189676
South Sudan,2022-06-20,0.2960463484273875
South Sudan,2022-06-27,0.4068213786573516
South Sudan,2022-07-04,0.44680888986524975
South Sudan,2022-07-11,0.491978697402036
South Sudan,2022-07-18,0.42379145855223604
South Sudan,2022-07-25,0.3365708314144471
South Sudan,2022-08-01,0.22741196636618524
South Sudan,2022-08-08,0.43218224379405895
South Sudan,2022-08-15,0.4428227148466511
South Sudan,2022-08-22,0.4759312541259349
South Sudan,2022-08-29,0.2900719119102449
South Sudan,2022-09-05,0.3484076932520108
South Sudan,2022-09-12,0.41996164560904486
South Sudan,2022-09-19,0.3169848424493538
South Sudan,2022-09-26,0.16632710658280359
South Sudan,2022-10-03,0.3458159792358348
South Sudan,2022-10-10,0.3676347285894803
South Sudan,2022-10-17,0.4103956739444898
South Sudan,2022-10-24,0.3881086939850078
South Sudan,2022-10-31,0.29733708779680773
Sudan,2021-11-15,0.690305739804299
Sudan,2021-11-22,0.6413248327695736
Sudan,2021-11-29,0.6487031150280851
Sudan,2021-12-06,0.5747261954094439
Sudan,2021-12-13,0.6337826253064387
Sudan,2021-12-20,0.48362438126285845
Sudan,2021-12-27,0.5294852686549145
Sudan,2022-01-03,0.48601688252934055
Sudan,2022-01-10,0.5084290902341634
Sudan,2022-01-17,0.6537417612543647
Sudan,2022-01-24,0.5735081101640653
Sudan,2022-01-31,0.5541044355482648
Sudan,2022-02-07,0.533982627173241
Sudan,2022-02-14,0.5574844865597245
Sudan,2022-02-21,0.4868020819974414
Sudan,2022-02-28,0.6052608794749439
Sudan,2022-03-07,0.6416774030080179
Sudan,2022-03-14,0.5938725809313238
Sudan,2022-03-21,0.6126189312591753
Sudan,2022-03-28,0.6109478739271402
Sudan,2022-04-04,0.5985077056173164
Sudan,2022-04-11,0.6403671640287841
Sudan,2022-04-18,0.5829099541922983
Sudan,2022-04-25,0.5437916140518507
Sudan,2022-05-02,0.5085298701137687
Sudan,2022-05-09,0.47394914620443046
Sudan,2022-05-16,0.529674346927134
Sudan,2022-05-23,0.4733906526485762
Sudan,2022-05-30,0.48692265371648036
Sudan,2022-06-06,0.5624820466253319
Sudan,2022-06-13,0.6121909614200589
Sudan,2022-06-20,0.5520604814869258
Sudan,2022-06-27,0.5257107289638551
Sudan,2022-07-04,0.43684058754297067
Sudan,2022-07-11,0.5110532281121766
Sudan,2022-07-18,0.48099005609707585
Sudan,2022-07-25,0.4574343390373612
Sudan,2022-08-01,0.526929458886909
Sudan,2022-08-08,0.44230588854107644
Sudan,2022-08-15,0.31871343063973784
Sudan,2022-08-22,0.16632710658280359
Sudan,2022-08-29,0.49103758410542125
Sudan,2022-09-05,0.4792482345589515
Sudan,2022-09-12,0.49031933843095404
Sudan,2022-09-19,0.5474268736083417
Sudan,2022-09-26,0.47332414953854896
Sudan,2022-10-03,0.44086018225493934
Sudan,2022-10-10,0.45465596723633633
Sudan,2022-10-17,0.5753220802712201
Sudan,2022-10-24,0.5370857502941416
Sudan,2022-10-31,0.4848912668765599
Tajikistan,2021-11-15,0.16632710658280359
Tajikistan,2021-11-22,0.16632710658280359
Tajikistan,2021-11-29,0.16632710658280359
Tajikistan,2021-12-06,0.16632710658280359
Tajikistan,2021-12-13,0.16632710658280359
Tajikistan,2021-12-20,0.16632710658280359
Tajikistan,2021-12-27,0.16632710658280359
Tajikistan,2022-01-03,0.16632710658280359
Tajikistan,2022-01-10,0.16632710658280359
Tajikistan,2022-01-17,0.16632710658280359
Tajikistan,2022-01-24,0.39076123364008986
Tajikistan,2022-01-31,0.35482058659949417
Tajikistan,2022-02-07,0.23567112553204247
Tajikistan,2022-02-14,0.16632710658280359
Tajikistan,2022-02-21,0.16632710658280359
Tajikistan,2022-02-28,0.16632710658280359
Tajikistan,2022-03-07,0.3580707392313995
Tajikistan,2022-03-14,0.3508098740003838
Tajikistan,2022-03-21,0.231253338093901
Tajikistan,2022-03-28,0.16632710658280359
Tajikistan,2022-04-04,0.16632710658280359
Tajikistan,2022-04-11,0.16632710658280359
Tajikistan,2022-04-18,0.16632710658280359
Tajikistan,2022-04-25,0.16632710658280359
Tajikistan,2022-05-02,0.16632710658280359
Tajikistan,2022-05-09,0.16632710658280359
Tajikistan,2022-05-16,0.16632710658280359
Tajikistan,2022-05-23,0.16632710658280359
Tajikistan,2022-05-30,0.16632710658280359
Tajikistan,2022-06-06,0.16632710658280359
Tajikistan,2022-06-13,0.3580707392313995
Tajikistan,2022-06-20,0.3508098740003838
Tajikistan,2022-06-27,0.231253338093901
Tajikistan,2022-07-04,0.16632710658280359
Tajikistan,2022-07-11,0.16632710658280359
Tajikistan,2022-07-18,0.16632710658280359
Tajikistan,2022-07-25,0.16632710658280359
Tajikistan,2022-08-01,0.16632710658280359
Tajikistan,2022-08-08,0.16632710658280359
Tajikistan,2022-08-15,0.16632710658280359
Tajikistan,2022-08-22,0.16632710658280359
Tajikistan,2022-08-29,0.16632710658280359
Tajikistan,2022-09-05,0.16632710658280359
Tajikistan,2022-09-12,0.6970455738624269
Venezuela,2021-11-15,0.16632710658280359
Venezuela,2021-11-22,0.16632710658280359
Venezuela,2021-11-29,0.16632710658280359
Venezuela,2021-12-06,0.16632710658280359
Venezuela,2021-12-13,0.16632710658280359
Venezuela,2021-12-20,0.16632710658280359
Venezuela,2021-12-27,0.47193640591115354
Venezuela,2022-01-03,0.4762374579599668
Venezuela,2022-01-10,0.45190713340477623
Venezuela,2022-01-17,0.4087099757809516
Venezuela,2022-01-24,0.4035238787878512
Venezuela,2022-01-31,0.48041173586415326
Venezuela,2022-02-07,0.544823750766711
Venezuela,2022-02-14,0.4330521709922707
Venezuela,2022-02-21,0.3882287184273123
Venezuela,2022-02-28,0.36750172496957295
Venezuela,2022-03-07,0.3261182582598063
Venezuela,2022-03-14,0.3917957480616297
Venezuela,2022-03-21,0.4213431449876803
Venezuela,2022-03-28,0.36778547005825696
Venezuela,2022-04-04,0.3828286207129921
Venezuela,2022-04-11,0.38930454453845603
Venezuela,2022-04-18,0.231253338093901
Venezuela,2022-04-25,0.3073118180871169
Venezuela,2022-05-02,0.41977458316773314
Venezuela,2022-05-09,0.4023619923395602
Venezuela,2022-05-16,0.2448811717726497
Venezuela,2022-05-23,0.16632710658280359
Venezuela,2022-05-30,0.16632710658280359
Venezuela,2022-06-06,0.3073118180871169
Venezuela,2022-06-13,0.35006887433202943
Venezuela,2022-06-20,0.231253338093901
Venezuela,2022-06-27,0.16632710658280359
Venezuela,2022-07-04,0.16632710658280359
Venezuela,2022-07-11,0.16632710658280359
Venezuela,2022-07-18,0.16632710658280359
Venezuela,2022-07-25,0.16632710658280359
Venezuela,2022-08-01,0.16632710658280359
Venezuela,2022-08-08,0.16632710658280359
Venezuela,2022-08-15,0.16632710658280359
Venezuela,2022-08-22,0.16632710658280359
Venezuela,2022-08-29,0.16632710658280359
Venezuela,2022-09-05,0.3073118180871169
Venezuela,2022-09-12,0.35006887433202943
Venezuela,2022-09-19,0.32143263982888814
Venezuela,2022-09-26,0.35006887433202943
Venezuela,2022-10-03,0.231253338093901
Venezuela,2022-10-10,0.16632710658280359
Venezuela,2022-10-17,0.16632710658280359
Venezuela,2022-10-24,0.16632710658280359
Venezuela,2022-10-31,0.16632710658280359
Afghanistan,2022-11-07,0.7888907690765565
Afghanistan,2022-11-14,0.7055837489960696
Afghanistan,2022-11-21,0.7191974719932932
Afghanistan,2022-11-28,0.6582131835117371
Afghanistan,2022-12-05,0.7304197870981106
Afghanistan,2022-12-12,0.7419412174524828
Afghanistan,2022-12-19,0.6397290112649424
Afghanistan,2022-12-26,0.7917471248007079
Afghanistan,2023-01-02,0.7257485088004613
Afghanistan,2023-01-09,0.7650621925228216
Afghanistan,2023-01-16,0.7209273503195006
Afghanistan,2023-01-23,0.7085357717488701
Afghanistan,2023-01-30,0.6335514349792613
Afghanistan,2023-02-06,0.5230765335264357
Afghanistan,2023-02-13,0.6679725118567367
Afghanistan,2023-02-20,0.6214271909044106
Afghanistan,2023-02-27,0.7309594116424315
Afghanistan,2023-03-06,0.6996646873778163
Afghanistan,2023-03-13,0.6712711298559147
Afghanistan,2023-03-20,0.7333602554348886
Afghanistan,2023-03-27,0.6407521067763352
Afghanistan,2023-04-03,0.7228552160065856
Afghanistan,2023-04-10,0.6881361883378934
Afghanistan,2023-04-17,0.6353156137739523
Afghanistan,2023-04-24,0.5811327169957976
Afghanistan,2023-05-01,0.654727254274024
Afghanistan,2023-05-08,0.630440727636468
Afghanistan,2023-05-15,0.5616377371296184
Afghanistan,2023-05-22,0.45575393747649434
Afghanistan,2023-05-29,0.5396467214369333
Afghanistan,2023-06-05,0.6914901545326207
Afghanistan,2023-06-12,0.5703910145195148
Afghanistan,2023-06-19,0.5890718787194746
Afghanistan,2023-06-26,0.5814315736148105
Afghanistan,2023-07-03,0.6573985923528504
Afghanistan,2023-07-10,0.5802370481081618
Afghanistan,2023-07-17,0.4771730763298154
Afghanistan,2023-07-24,0.4858312552707507
Afghanistan,2023-07-31,0.5392586900468851
Afghanistan,2023-08-07,0.5710408836664591
Afghanistan,2023-08-14,0.7269702173464229
Afghanistan,2023-08-21,0.6541507020942938
Afghanistan,2023-08-28,0.6783850142231241
Afghanistan,2023-09-04,0.6636185169713178
Afghanistan,2023-09-11,0.613921517151136
Afghanistan,2023-09-18,0.6089620105174008
Afghanistan,2023-09-25,0.42921727156792294
Afghanistan,2023-10-02,0.4038719112054326
Afghanistan,2023-10-09,0.6937563014697546
Afghanistan,2023-10-16,0.6815793663806365
Afghanistan,2023-10-23,0.707781712241839
Bolivia,2022-11-07,0.16924227782623183
Bolivia,2022-11-14,0.16924227782623183
Bolivia,2022-11-21,0.16924227782623183
Bolivia,2022-11-28,0.16924227782623183
Bolivia,2022-12-05,0.16924227782623183
Bolivia,2022-12-12,0.16924227782623183
Bolivia,2022-12-19,0.16924227782623183
Bolivia,2022-12-26,0.16924227782623183
Bolivia,2023-01-02,0.16924227782623183
Bolivia,2023-01-09,0.16924227782623183
Bolivia,2023-01-16,0.16924227782623183
Bolivia,2023-01-23,0.16924227782623183
Bolivia,2023-01-30,0.16924227782623183
Bolivia,2023-02-06,0.16924227782623183
Bolivia,2023-02-13,0.16924227782623183
Bolivia,2023-02-20,0.16924227782623183
Bolivia,2023-02-27,0.16924227782623183
Bolivia,2023-03-06,0.16924227782623183
Bolivia,2023-03-13,0.16924227782623183
Bolivia,2023-03-20,0.16924227782623183
Bolivia,2023-03-27,0.16924227782623183
Bolivia,2023-04-03,0.16924227782623183
Bolivia,2023-04-10,0.16924227782623183
Bolivia,2023-04-17,0.16924227782623183
Bolivia,2023-04-24,0.16924227782623183
Bolivia,2023-05-01,0.16924227782623183
Bolivia,2023-05-08,0.16924227782623183
Bolivia,2023-05-15,0.3072684318512095
Bolivia,2023-05-22,0.34488151225462477
Bolivia,2023-05-29,0.23997241608395803
Bolivia,2023-06-05,0.16924227782623183
Bolivia,2023-06-12,0.16924227782623183
Bolivia,2023-06-19,0.16924227782623183
Bolivia,2023-06-26,0.16924227782623183
Bolivia,2023-07-03,0.16924227782623183
Bolivia,2023-07-10,0.16924227782623183
Bolivia,2023-07-17,0.16924227782623183
Bolivia,2023-07-24,0.16924227782623183
Bolivia,2023-07-31,0.16924227782623183
Bolivia,2023-08-07,0.16924227782623183
Bolivia,2023-08-14,0.16924227782623183
Bolivia,2023-08-21,0.16924227782623183
Bolivia,2023-08-28,0.16924227782623183
Bolivia,2023-09-04,0.16924227782623183
Bolivia,2023-09-11,0.16924227782623183
Bolivia,2023-09-18,0.16924227782623183
Bolivia,2023-09-25,0.16924227782623183
Bolivia,2023-10-02,0.16924227782623183
Bolivia,2023-10-09,0.16924227782623183
Bolivia,2023-10-16,0.16924227782623183
Bolivia,2023-10-23,0.16924227782623183
Colombia,2022-11-07,0.16924227782623183
Colombia,2022-11-14,0.42343304313858177
Colombia,2022-11-21,0.3877311642619616
Colombia,2022-11-28,0.47102371255642694
Colombia,2022-12-05,0.4682552073346577
Colombia,2022-12-12,0.5148146351816804
Colombia,2022-12-19,0.45527722145404237
Colombia,2022-12-26,0.5012213236691941
Colombia,2023-01-02,0.4597712620433285
Colombia,2023-01-09,0.6594114090527563
Colombia,2023-01-16,0.5876429144865569
Colombia,2023-01-23,0.6648316281478076
Colombia,2023-01-30,0.7656273734802852
Colombia,2023-02-06,0.6303425331880358
Colombia,2023-02-13,0.7035963541902378
Colombia,2023-02-20,0.5931090703038926
Colombia,2023-02-27,0.6095433746339877
Colombia,2023-03-06,0.6076882942351695
Colombia,2023-03-13,0.6387506796150854
Colombia,2023-03-20,0.6434722939558027
Colombia,2023-03-27,0.7224202813279953
Colombia,2023-04-03,0.6673163771763427
Colombia,2023-04-10,0.6767758605005149
Colombia,2023-04-17,0.575866918142628
Colombia,2023-04-24,0.5867368283681328
Colombia,2023-05-01,0.5929276748678151
Colombia,2023-05-08,0.5885938077706473
Colombia,2023-05-15,0.6228528098511507
Colombia,2023-05-22,0.6798229707866069
Colombia,2023-05-29,0.7135165962330908
Colombia,2023-06-05,0.7339486039812698
Colombia,2023-06-12,0.6415705645364589
Colombia,2023-06-19,0.6531363598163978
Colombia,2023-06-26,0.5511155679517801
Colombia,2023-07-03,0.7732933794410127
Colombia,2023-07-10,0.5758811795923022
Colombia,2023-07-17,0.6820493622946308
Colombia,2023-07-24,0.5575436221374708
Colombia,2023-07-31,0.5542995760880641
Colombia,2023-08-07,0.658837515662608
Colombia,2023-08-14,0.6269662859439374
Colombia,2023-08-21,0.681824901761925
Colombia,2023-08-28,0.6011792324463207
Colombia,2023-09-04,0.7000693928015463
Colombia,2023-09-11,0.7494251690284696
Colombia,2023-09-18,0.8484018822547484
Colombia,2023-09-25,0.8624319971878864
Colombia,2023-10-02,0.8031433005509191
Colombia,2023-10-09,0.7502257687546255
Colombia,2023-10-16,0.7143207644287523
Colombia,2023-10-23,0.6242500670893977
Ecuador,2022-11-07,0.40762554071075646
Ecuador,2022-11-14,0.3925672130931343
Ecuador,2022-11-21,0.38399161671059523
Ecuador,2022-11-28,0.2916397203584448
Ecuador,2022-12-05,0.3072684318512095
Ecuador,2022-12-12,0.34488151225462477
Ecuador,2022-12-19,0.23997241608395803
Ecuador,2022-12-26,0.3868714035224004
Ecuador,2023-01-02,0.7165330741197028
Ecuador,2023-01-09,0.5314988630005034
Ecuador,2023-01-16,0.7050919576787104
Ecuador,2023-01-23,0.5421388819041625
Ecuador,2023-01-30,0.7315464648610351
Ecuador,2023-02-06,0.6793278775809822
Ecuador,2023-02-13,0.6932277560701605
Ecuador,2023-02-20,0.6453771688169879
Ecuador,2023-02-27,0.743845965299764
Ecuador,2023-03-06,0.6142478793327202
Ecuador,2023-03-13,0.6406381529814079
Ecuador,2023-03-20,0.7443275097418499
Ecuador,2023-03-27,0.5344301882653034
Ecuador,2023-04-03,0.810440985125369
Ecuador,2023-04-10,0.5412823127690551
Ecuador,2023-04-17,0.5998895252296919
Ecuador,2023-04-24,0.49598768928494286
Ecuador,2023-05-01,0.654953847063123
Ecuador,2023-05-08,0.6091733200955005
Ecuador,2023-05-15,0.5634436748834696
Ecuador,2023-05-22,0.6167824383112999
Ecuador,2023-05-29,0.5596886156313988
Ecuador,2023-06-05,0.8151298854925401
Ecuador,2023-06-12,0.6511386967013805
Ecuador,2023-06-19,0.8059690183587032
Ecuador,2023-06-26,0.8066748518590002
Ecuador,2023-07-03,0.7717436937685838
Ecuador,2023-07-10,0.7579795683035476
Ecuador,2023-07-17,0.7753239318678412
Ecuador,2023-07-24,0.7281718110088792
Ecuador,2023-07-31,0.7529506766081552
Ecuador,2023-08-07,0.6450522714073027
Ecuador,2023-08-14,0.6696556505423811
Ecuador,2023-08-21,0.6477515287306472
Ecuador,2023-08-28,0.6912546064243469
Ecuador,2023-09-04,0.5906156043477718
Ecuador,2023-09-11,0.5267516994056988
Ecuador,2023-09-18,0.7559997210709707
Ecuador,2023-09-25,0.5395162073097114
Ecuador,2023-10-02,0.7728357241311253
Ecuador,2023-10-09,0.7357561342643993
Ecuador,2023-10-16,0.7082363752248181
Ecuador,2023-10-23,0.6445547832285171
Ethiopia,2022-11-07,0.9704663111630946
Ethiopia,2022-11-14,0.9714166794754577
Ethiopia,2022-11-21,0.9568079888377491
Ethiopia,2022-11-28,0.9219179851029057
Ethiopia,2022-12-05,0.8895999624610921
Ethiopia,2022-12-12,0.6321548577416479
Ethiopia,2022-12-19,0.5322347810615072
Ethiopia,2022-12-26,0.6153952449539739
Ethiopia,2023-01-02,0.7405107646051756
Ethiopia,2023-01-09,0.7594259438625913
Ethiopia,2023-01-16,0.7686905239086093
Ethiopia,2023-01-23,0.6906184722428276
Ethiopia,2023-01-30,0.7337878433602419
Ethiopia,2023-02-06,0.6620376519877325
Ethiopia,2023-02-13,0.6173987180002579
Ethiopia,2023-02-20,0.45379578687261724
Ethiopia,2023-02-27,0.544686204933141
Ethiopia,2023-03-06,0.5002687007995424
Ethiopia,2023-03-13,0.5154831061473933
Ethiopia,2023-03-20,0.5095964900498999
Ethiopia,2023-03-27,0.5769987617068478
Ethiopia,2023-04-03,0.5209242279847736
Ethiopia,2023-04-10,0.43852190300178623
Ethiopia,2023-04-17,0.3806932907715599
Ethiopia,2023-04-24,0.5407238061861218
Ethiopia,2023-05-01,0.6160988448212571
Ethiopia,2023-05-08,0.7775386088884723
Ethiopia,2023-05-15,0.9028963418855224
Ethiopia,2023-05-22,0.9132852497957596
Ethiopia,2023-05-29,0.9073595496040503
Ethiopia,2023-06-05,0.851349874471336
Ethiopia,2023-06-12,0.8121857968494984
Ethiopia,2023-06-19,0.8936846279077219
Ethiopia,2023-06-26,0.8324380063940179
Ethiopia,2023-07-03,0.8815792458545264
Ethiopia,2023-07-10,0.8003691722942325
Ethiopia,2023-07-17,0.9179865050111814
Ethiopia,2023-07-24,0.9519411370553644
Ethiopia,2023-07-31,0.9703816041883231
Ethiopia,2023-08-07,0.9604347426961571
Ethiopia,2023-08-14,0.9569624055086279
Ethiopia,2023-08-21,0.9513690068441939
Ethiopia,2023-08-28,0.9410140219003091
Ethiopia,2023-09-04,0.9316054124487957
Ethiopia,2023-09-11,0.9567191678559146
Ethiopia,2023-09-18,0.945760145203142
Ethiopia,2023-09-25,0.9257407824437672
Ethiopia,2023-10-02,0.8808829823494092
Ethiopia,2023-10-09,0.8881036941086448
Ethiopia,2023-10-16,0.9118414490056
Ethiopia,2023-10-23,0.9146504257514159
Haiti,2022-11-07,0.16924227782623183
Haiti,2022-11-14,0.16924227782623183
Haiti,2022-11-21,0.16924227782623183
Haiti,2022-11-28,0.16924227782623183
Haiti,2022-12-05,0.16924227782623183
Haiti,2022-12-12,0.16924227782623183
Haiti,2022-12-19,0.16924227782623183
Haiti,2022-12-26,0.16924227782623183
Haiti,2023-01-02,0.16924227782623183
Haiti,2023-01-09,0.16924227782623183
Haiti,2023-01-16,0.16924227782623183
Haiti,2023-01-23,0.16924227782623183
Haiti,2023-01-30,0.16924227782623183
Haiti,2023-02-06,0.16924227782623183
Haiti,2023-02-13,0.16924227782623183
Haiti,2023-02-20,0.16924227782623183
Haiti,2023-02-27,0.5931940956844284
Haiti,2023-03-06,0.6315646034916622
Haiti,2023-03-13,0.6288594010319485
Haiti,2023-03-20,0.3445974398618228
Haiti,2023-03-27,0.16924227782623183
Haiti,2023-04-03,0.438761485206574
Haiti,2023-04-10,0.37886043882133796
Haiti,2023-04-17,0.4944676188326962
Haiti,2023-04-24,0.4606761295155651
Haiti,2023-05-01,0.3222612185605742
Haiti,2023-05-08,0.16924227782623183
Haiti,2023-05-15,0.16924227782623183
Haiti,2023-05-22,0.3072684318512095
Haiti,2023-05-29,0.34488151225462477
Haiti,2023-06-05,0.23997241608395803
Haiti,2023-06-12,0.16924227782623183
Haiti,2023-06-19,0.16924227782623183
Haiti,2023-06-26,0.16924227782623183
Haiti,2023-07-03,0.30511287527588776
Haiti,2023-07-10,0.31948719281151
Haiti,2023-07-17,0.4368042575777737
Haiti,2023-07-24,0.4126169488077391
Haiti,2023-07-31,0.4836748958832045
Haiti,2023-08-07,0.5825631461849325
Haiti,2023-08-14,0.5992581983776215
Haiti,2023-08-21,0.565675082985921
Haiti,2023-08-28,0.3598743144474612
Haiti,2023-09-04,0.16924227782623183
Haiti,2023-09-11,0.16924227782623183
Haiti,2023-09-18,0.16924227782623183
Haiti,2023-09-25,0.16924227782623183
Haiti,2023-10-02,0.16924227782623183
Haiti,2023-10-09,0.16924227782623183
Haiti,2023-10-16,0.16924227782623183
Haiti,2023-10-23,0.3744389969853715
Kenya,2022-11-07,0.16924227782623183
Kenya,2022-11-14,0.16924227782623183
Kenya,2022-11-21,0.16924227782623183
Kenya,2022-11-28,0.16924227782623183
Kenya,2022-12-05,0.4042405376878097
Kenya,2022-12-12,0.3594238621804629
Kenya,2022-12-19,0.46901498124924323
Kenya,2022-12-26,0.4665423255026127
Kenya,2023-01-02,0.42379066465726045
Kenya,2023-01-09,0.43421124925216764
Kenya,2023-01-16,0.6484333524150432
Kenya,2023-01-23,0.4911456937092509
Kenya,2023-01-30,0.34756288414079006
Kenya,2023-02-06,0.16924227782623183
Kenya,2023-02-13,0.45474026498751224
Kenya,2023-02-20,0.48943059881940604
Kenya,2023-02-27,0.3993164066532418
Kenya,2023-03-06,0.2442314632320671
Kenya,2023-03-13,0.16924227782623183
Kenya,2023-03-20,0.16924227782623183
Kenya,2023-03-27,0.16924227782623183
Kenya,2023-04-03,0.16924227782623183
Kenya,2023-04-10,0.16924227782623183
Kenya,2023-04-17,0.16924227782623183
Kenya,2023-04-24,0.16924227782623183
Kenya,2023-05-01,0.35597897189589633
Kenya,2023-05-08,0.3493895781340486
Kenya,2023-05-15,0.23997241608395803
Kenya,2023-05-22,0.16924227782623183
Kenya,2023-05-29,0.5025633717937766
Kenya,2023-06-05,0.5819219449167617
Kenya,2023-06-12,0.6352237301764078
Kenya,2023-06-19,0.6189658361207383
Kenya,2023-06-26,0.607570834583172
Kenya,2023-07-03,0.596645714883543
Kenya,2023-07-10,0.5648867552178438
Kenya,2023-07-17,0.44666861879953695
Kenya,2023-07-24,0.39189489444346864
Kenya,2023-07-31,0.49930372547433555
Kenya,2023-08-07,0.5262305664247083
Kenya,2023-08-14,0.47251889264358304
Kenya,2023-08-21,0.4208297837072745
Kenya,2023-08-28,0.4697695116654628
Kenya,2023-09-04,0.5379690912541516
Kenya,2023-09-11,0.5701801003685586
Kenya,2023-09-18,0.5648648565313793
Kenya,2023-09-25,0.536920157992837
Kenya,2023-10-02,0.5018671928375721
Kenya,2023-10-09,0.3781296251530397
Kenya,2023-10-16,0.5096749608675388
Kenya,2023-10-23,0.5835141794586985
Myanmar,2022-11-07,0.9808292764157472
Myanmar,2022-11-14,0.9656071777407617
Myanmar,2022-11-21,0.9737118413240552
Myanmar,2022-11-28,0.973859604055677
Myanmar,2022-12-05,0.9700607996175711
Myanmar,2022-12-12,0.9684107783983417
Myanmar,2022-12-19,0.9508194830910943
Myanmar,2022-12-26,0.9288236426597541
Myanmar,2023-01-02,0.9614629611128839
Myanmar,2023-01-09,0.9646727993273135
Myanmar,2023-01-16,0.9699013273216816
Myanmar,2023-01-23,0.951962347871253
Myanmar,2023-01-30,0.9591558392572747
Myanmar,2023-02-06,0.9502309485196045
Myanmar,2023-02-13,0.9686114805428435
Myanmar,2023-02-20,0.9576967665179978
Myanmar,2023-02-27,0.9628243154234801
Myanmar,2023-03-06,0.9768142769039422
Myanmar,2023-03-13,0.9702107759007909
Myanmar,2023-03-20,0.972723374527433
Myanmar,2023-03-27,0.9755833395700536
Myanmar,2023-04-03,0.9700338024601175
Myanmar,2023-04-10,0.9686824740950808
Myanmar,2023-04-17,0.969744280586784
Myanmar,2023-04-24,0.9741199101223451
Myanmar,2023-05-01,0.9369161726211415
Myanmar,2023-05-08,0.9655130128068333
Myanmar,2023-05-15,0.9601089363259572
Myanmar,2023-05-22,0.9672720333299353
Myanmar,2023-05-29,0.9684159153949823
Myanmar,2023-06-05,0.9787425201987263
Myanmar,2023-06-12,0.967576926224235
Myanmar,2023-06-19,0.9675061673074189
Myanmar,2023-06-26,0.9733870902978642
Myanmar,2023-07-03,0.9759350828599213
Myanmar,2023-07-10,0.966220711578916
Myanmar,2023-07-17,0.9607355412435061
Myanmar,2023-07-24,0.9672128363818212
Myanmar,2023-07-31,0.9610693912204694
Myanmar,2023-08-07,0.9573735516348707
Myanmar,2023-08-14,0.9721134093928593
Myanmar,2023-08-21,0.9578257749903208
Myanmar,2023-08-28,0.9668558815562559
Myanmar,2023-09-04,0.9758331521893672
Myanmar,2023-09-11,0.9606980496321005
Myanmar,2023-09-18,0.9734639168830025
Myanmar,2023-09-25,0.9706294823831688
Myanmar,2023-10-02,0.9648938802346355
Myanmar,2023-10-09,0.9696643997814499
Myanmar,2023-10-16,0.9716810033595493
Myanmar,2023-10-23,0.9619863617194291
Pakistan,2022-11-07,0.7029157785587555
Pakistan,2022-11-14,0.7462889838170672
Pakistan,2022-11-21,0.7265070255960367
Pakistan,2022-11-28,0.7574539419990041
Pakistan,2022-12-05,0.7574659374556442
Pakistan,2022-12-12,0.8003893081843088
Pakistan,2022-12-19,0.8240339049173553
Pakistan,2022-12-26,0.7382067727026049
Pakistan,2023-01-02,0.8024906054270202
Pakistan,2023-01-09,0.7606240393190619
Pakistan,2023-01-16,0.7685178580308644
Pakistan,2023-01-23,0.6823581365872814
Pakistan,2023-01-30,0.8545192642755951
Pakistan,2023-02-06,0.8363746706614986
Pakistan,2023-02-13,0.8034796892125268
Pakistan,2023-02-20,0.7506998597374381
Pakistan,2023-02-27,0.7941376921608071
Pakistan,2023-03-06,0.819544834283945
Pakistan,2023-03-13,0.7865272002005068
Pakistan,2023-03-20,0.7761902369346402
Pakistan,2023-03-27,0.7085070719198022
Pakistan,2023-04-03,0.7701059478547294
Pakistan,2023-04-10,0.8073873432496864
Pakistan,2023-04-17,0.7854670275993617
Pakistan,2023-04-24,0.763815187705517
Pakistan,2023-05-01,0.7033422416089247
Pakistan,2023-05-08,0.712477086666453
Pakistan,2023-05-15,0.7647745823235731
Pakistan,2023-05-22,0.7430646431678923
Pakistan,2023-05-29,0.7608237368667629
Pakistan,2023-06-05,0.7464671045216237
Pakistan,2023-06-12,0.7220170381431785
Pakistan,2023-06-19,0.6944726485826537
Pakistan,2023-06-26,0.7497207105285075
Pakistan,2023-07-03,0.7072260077272251
Pakistan,2023-07-10,0.7249825534838165
Pakistan,2023-07-17,0.6960356486561432
Pakistan,2023-07-24,0.768372784603541
Pakistan,2023-07-31,0.7554152691469646
Pakistan,2023-08-07,0.8322391994211354
Pakistan,2023-08-14,0.6737767541628744
Pakistan,2023-08-21,0.8730750657213388
Pakistan,2023-08-28,0.8392551025915145
Pakistan,2023-09-04,0.849650619620106
Pakistan,2023-09-11,0.871555384262496
Pakistan,2023-09-18,0.8186521898768396
Pakistan,2023-09-25,0.8586521760771736
Pakistan,2023-10-02,0.8743535073063349
Pakistan,2023-10-09,0.8757763017956485
Pakistan,2023-10-16,0.8325818157023898
Pakistan,2023-10-23,0.8417656159115542
Peru,2022-11-07,0.16924227782623183
Peru,2022-11-14,0.16924227782623183
Peru,2022-11-21,0.16924227782623183
Peru,2022-11-28,0.16924227782623183
Peru,2022-12-05,0.16924227782623183
Peru,2022-12-12,0.16924227782623183
Peru,2022-12-19,0.16924227782623183
Peru,2022-12-26,0.16924227782623183
Peru,2023-01-02,0.16924227782623183
Peru,2023-01-09,0.16924227782623183
Peru,2023-01-16,0.16924227782623183
Peru,2023-01-23,0.16924227782623183
Peru,2023-01-30,0.16924227782623183
Peru,2023-02-06,0.16924227782623183
Peru,2023-02-13,0.16924227782623183
Peru,2023-02-20,0.16924227782623183
Peru,2023-02-27,0.16924227782623183
Peru,2023-03-06,0.16924227782623183
Peru,2023-03-13,0.4231813515523059
Peru,2023-03-20,0.3682731936279593
Peru,2023-03-27,0.2695812455431967
Peru,2023-04-03,0.16924227782623183
Peru,2023-04-10,0.16924227782623183
Peru,2023-04-17,0.16924227782623183
Peru,2023-04-24,0.16924227782623183
Peru,2023-05-01,0.16924227782623183
Peru,2023-05-08,0.16924227782623183
Peru,2023-05-15,0.16924227782623183
Peru,2023-05-22,0.16924227782623183
Peru,2023-05-29,0.16924227782623183
Peru,2023-06-05,0.16924227782623183
Peru,2023-06-12,0.16924227782623183
Peru,2023-06-19,0.16924227782623183
Peru,2023-06-26,0.16924227782623183
Peru,2023-07-03,0.16924227782623183
Peru,2023-07-10,0.16924227782623183
Peru,2023-07-17,0.16924227782623183
Peru,2023-07-24,0.16924227782623183
Peru,2023-07-31,0.16924227782623183
Peru,2023-08-07,0.16924227782623183
Peru,2023-08-14,0.16924227782623183
Peru,2023-08-21,0.16924227782623183
Peru,2023-08-28,0.16924227782623183
Peru,2023-09-04,0.4231813515523059
Somalia,2022-11-07,0.7112432941329123
Somalia,2022-11-14,0.6783723001459642
Somalia,2022-11-21,0.7541767482828313
Somalia,2022-11-28,0.6816848929035341
Somalia,2022-12-05,0.7535947443308096
Somalia,2022-12-12,0.6703841433613099
Somalia,2022-12-19,0.7077832454130455
Somalia,2022-12-26,0.7255941030966128
Somalia,2023-01-02,0.7386358621069817
Somalia,2023-01-09,0.6659030813231231
Somalia,2023-01-16,0.8048282738034742
Somalia,2023-01-23,0.7804255270855393
Somalia,2023-01-30,0.7637899881257005
Somalia,2023-02-06,0.8082291483771439
Somalia,2023-02-13,0.840283300649423
Somalia,2023-02-20,0.8267296783734528
Somalia,2023-02-27,0.8611879434080233
Somalia,2023-03-06,0.8439974932053677
Somalia,2023-03-13,0.8333329920436882
Somalia,2023-03-20,0.8531839717477637
Somalia,2023-03-27,0.7961301570194482
Somalia,2023-04-03,0.6888072478907216
Somalia,2023-04-10,0.6312196208239297
Somalia,2023-04-17,0.716060134866575
Somalia,2023-04-24,0.5869955390322913
Somalia,2023-05-01,0.6516458071782183
Somalia,2023-05-08,0.6296706314883155
Somalia,2023-05-15,0.6322418881961194
Somalia,2023-05-22,0.6574101108939959
Somalia,2023-05-29,0.621691946345087
Somalia,2023-06-05,0.7571991465785688
Somalia,2023-06-12,0.7110657786233
Somalia,2023-06-19,0.7874238973057791
Somalia,2023-06-26,0.6601478426875077
Somalia,2023-07-03,0.7546575391842577
Somalia,2023-07-10,0.7489699435609326
Somalia,2023-07-17,0.8949275106251483
Somalia,2023-07-24,0.857287752042501
Somalia,2023-07-31,0.7815184005183129
Somalia,2023-08-07,0.7838659086872583
Somalia,2023-08-14,0.7645502573332678
Somalia,2023-08-21,0.823737775226026
Somalia,2023-08-28,0.7626336282199556
Somalia,2023-09-04,0.7015718692604708
Somalia,2023-09-11,0.7833000093846323
Somalia,2023-09-18,0.768581527170466
Somalia,2023-09-25,0.7595006608455707
Somalia,2023-10-02,0.6771579992125477
Somalia,2023-10-09,0.6787866440434623
Somalia,2023-10-16,0.6304952990963854
Somalia,2023-10-23,0.6134156647893422
South Sudan,2022-11-07,0.16924227782623183
South Sudan,2022-11-14,0.16924227782623183
South Sudan,2022-11-21,0.16924227782623183
South Sudan,2022-11-28,0.16924227782623183
South Sudan,2022-12-05,0.16924227782623183
South Sudan,2022-12-12,0.16924227782623183
South Sudan,2022-12-19,0.45734991021716126
South Sudan,2022-12-26,0.43412397959734594
South Sudan,2023-01-02,0.47368780060360005
South Sudan,2023-01-09,0.3118917796223986
South Sudan,2023-01-16,0.16924227782623183
South Sudan,2023-01-23,0.38298753560479576
South Sudan,2023-01-30,0.3824977060755108
South Sudan,2023-02-06,0.41285730351954547
South Sudan,2023-02-13,0.38422504255189516
South Sudan,2023-02-20,0.5453293517111636
South Sudan,2023-02-27,0.511695766868571
South Sudan,2023-03-06,0.3620367792184979
South Sudan,2023-03-13,0.16924227782623183
South Sudan,2023-03-20,0.16924227782623183
South Sudan,2023-03-27,0.16924227782623183
South Sudan,2023-04-03,0.16924227782623183
South Sudan,2023-04-10,0.16924227782623183
South Sudan,2023-04-17,0.16924227782623183
South Sudan,2023-04-24,0.16924227782623183
South Sudan,2023-05-01,0.16924227782623183
South Sudan,2023-05-08,0.16924227782623183
South Sudan,2023-05-15,0.16924227782623183
South Sudan,2023-05-22,0.16924227782623183
South Sudan,2023-05-29,0.3792107010452566
South Sudan,2023-06-05,0.38422504255189516
South Sudan,2023-06-12,0.28327621667834185
South Sudan,2023-06-19,0.16924227782623183
South Sudan,2023-06-26,0.30511287527588776
South Sudan,2023-07-03,0.31948719281151
South Sudan,2023-07-10,0.23452462107485858
South Sudan,2023-07-17,0.16924227782623183
South Sudan,2023-07-24,0.16924227782623183
South Sudan,2023-07-31,0.16924227782623183
South Sudan,2023-08-07,0.16924227782623183
South Sudan,2023-08-14,0.16924227782623183
South Sudan,2023-08-21,0.16924227782623183
South Sudan,2023-08-28,0.16924227782623183
South Sudan,2023-09-04,0.3072684318512095
South Sudan,2023-09-11,0.34488151225462477
South Sudan,2023-09-18,0.23997241608395803
South Sudan,2023-09-25,0.16924227782623183
South Sudan,2023-10-02,0.16924227782623183
South Sudan,2023-10-09,0.16924227782623183
South Sudan,2023-10-16,0.16924227782623183
South Sudan,2023-10-23,0.16924227782623183
Sudan,2022-11-07,0.4866929710334566
Sudan,2022-11-14,0.4656303802423094
Sudan,2022-11-21,0.5534550380481204
Sudan,2022-11-28,0.4506653850474434
Sudan,2022-12-05,0.46991137410271017
Sudan,2022-12-12,0.4471844498971846
Sudan,2022-12-19,0.5397339460428298
Sudan,2022-12-26,0.43662923153794525
Sudan,2023-01-02,0.3867407539932517
Sudan,2023-01-09,0.23997241608395803
Sudan,2023-01-16,0.16924227782623183
Sudan,2023-01-23,0.16924227782623183
Sudan,2023-01-30,0.35832892564529556
Sudan,2023-02-06,0.4943217257362784
Sudan,2023-02-13,0.43642132576682185
Sudan,2023-02-20,0.313885950188969
Sudan,2023-02-27,0.3072684318512095
Sudan,2023-03-06,0.34488151225462477
Sudan,2023-03-13,0.23997241608395803
Sudan,2023-03-20,0.16924227782623183
Sudan,2023-03-27,0.16924227782623183
Sudan,2023-04-03,0.43284290282223653
Sudan,2023-04-10,0.7414975045156479
Sudan,2023-04-17,0.8114661251189424
Sudan,2023-04-24,0.9120471741753118
Sudan,2023-05-01,0.828809741308065
Sudan,2023-05-08,0.8472719317757789
Sudan,2023-05-15,0.7764683321545638
Sudan,2023-05-22,0.8562232521629456
Sudan,2023-05-29,0.853388056677467
Sudan,2023-06-05,0.8963044063730624
Sudan,2023-06-12,0.9370118820656929
Sudan,2023-06-19,0.904182310810343
Sudan,2023-06-26,0.8426740274173253
Sudan,2023-07-03,0.8429484654354562
Sudan,2023-07-10,0.829997505312147
Sudan,2023-07-17,0.8665577491734066
Sudan,2023-07-24,0.8844842584202665
Sudan,2023-07-31,0.8872435451620116
Sudan,2023-08-07,0.9282579616674843
Sudan,2023-08-14,0.9035528517350873
Sudan,2023-08-21,0.9241809407426237
Sudan,2023-08-28,0.930884632574743
Sudan,2023-09-04,0.916098034496254
Sudan,2023-09-11,0.9210684660699645
Sudan,2023-09-18,0.9172171269422186
Sudan,2023-09-25,0.949123458077571
Sudan,2023-10-02,0.9434165109841581
Sudan,2023-10-09,0.8809731337818946
Sudan,2023-10-16,0.8052293288333203
Sudan,2023-10-23,0.8345635901518733
Venezuela,2022-11-07,0.16924227782623183
Venezuela,2022-11-14,0.16924227782623183
Venezuela,2022-11-21,0.16924227782623183
Venezuela,2022-11-28,0.16924227782623183
Venezuela,2022-12-05,0.16924227782623183
Venezuela,2022-12-12,0.16924227782623183
Venezuela,2022-12-19,0.16924227782623183
Venezuela,2022-12-26,0.16924227782623183
Venezuela,2023-01-02,0.3072684318512095
Venezuela,2023-01-09,0.34488151225462477
Venezuela,2023-01-16,0.3589941054444083
Venezuela,2023-01-23,0.36419494009868797
Venezuela,2023-01-30,0.2442314632320671
Venezuela,2023-02-06,0.3072684318512095
Venezuela,2023-02-13,0.34488151225462477
Venezuela,2023-02-20,0.23997241608395803
Venezuela,2023-02-27,0.16924227782623183
Venezuela,2023-03-06,0.30511287527588776
Venezuela,2023-03-13,0.31948719281151
Venezuela,2023-03-20,0.23452462107485858
Venezuela,2023-03-27,0.16924227782623183
Venezuela,2023-04-03,0.16924227782623183
Venezuela,2023-04-10,0.16924227782623183
Venezuela,2023-04-17,0.16924227782623183
Venezuela,2023-04-24,0.16924227782623183
Venezuela,2023-05-01,0.3072684318512095
Venezuela,2023-05-08,0.36046269840686923
Venezuela,2023-05-15,0.404041924426041
Venezuela,2023-05-22,0.40344469712392333
Venezuela,2023-05-29,0.40762554071075646
Venezuela,2023-06-05,0.2442314632320671
Venezuela,2023-06-12,0.16924227782623183
Venezuela,2023-06-19,0.16924227782623183
Venezuela,2023-06-26,0.16924227782623183
Venezuela,2023-07-03,0.16924227782623183
Venezuela,2023-07-10,0.16924227782623183
Venezuela,2023-07-17,0.3072684318512095
Venezuela,2023-07-24,0.34488151225462477
Venezuela,2023-07-31,0.23997241608395803
Venezuela,2023-08-07,0.16924227782623183
Venezuela,2023-08-14,0.16924227782623183
Venezuela,2023-08-21,0.16924227782623183
Venezuela,2023-08-28,0.16924227782623183
Venezuela,2023-09-04,0.3072684318512095
Venezuela,2023-09-11,0.34488151225462477
Venezuela,2023-09-18,0.23997241608395803
Venezuela,2023-09-25,0.16924227782623183
Venezuela,2023-10-02,0.16924227782623183
Venezuela,2023-10-09,0.16924227782623183
Venezuela,2023-10-16,0.3072684318512095
Venezuela,2023-10-23,0.405893064873114
Afghanistan,2023-10-30,0.6061539114723171
Afghanistan,2023-11-06,0.5663448753152849
Afghanistan,2023-11-13,0.4844389033691008
Afghanistan,2023-11-20,0.5758242300447435
Afghanistan,2023-11-27,0.697649239545095
Afghanistan,2023-12-04,0.6073711962339333
Afghanistan,2023-12-11,0.592633308601081
Afghanistan,2023-12-18,0.5197883342016023
Afghanistan,2023-12-25,0.5202522500396743
Afghanistan,2024-01-01,0.577977014069167
Afghanistan,2024-01-08,0.6850994811207533
Afghanistan,2024-01-15,0.6039053918779581
Afghanistan,2024-01-22,0.575210706367918
Afghanistan,2024-01-29,0.5259842860982503
Afghanistan,2024-02-05,0.6340649515350253
Afghanistan,2024-02-12,0.5378804639033912
Afghanistan,2024-02-19,0.45965017862352137
Afghanistan,2024-02-26,0.49988343119029555
Afghanistan,2024-03-04,0.6464606919231445
Afghanistan,2024-03-11,0.6751294853963667
Afghanistan,2024-03-18,0.7358427362273298
Afghanistan,2024-03-25,0.7768935500911471
Afghanistan,2024-04-01,0.6677420712425483
Afghanistan,2024-04-08,0.5394570762698951
Afghanistan,2024-04-15,0.6047450305847915
Afghanistan,2024-04-22,0.5941563663231118
Afghanistan,2024-04-29,0.6182723953692121
Afghanistan,2024-05-06,0.61064058816357
Afghanistan,2024-05-13,0.7719376692480145
Afghanistan,2024-05-20,0.677051436904005
Afghanistan,2024-05-27,0.7403925199209715
Afghanistan,2024-06-03,0.4663687379477383
Afghanistan,2024-06-10,0.5129895547139776
Afghanistan,2024-06-17,0.5537009509353162
Afghanistan,2024-06-24,0.5582704553830968
Afghanistan,2024-07-01,0.5711666436409705
Afghanistan,2024-07-08,0.5573792849538622
Afghanistan,2024-07-15,0.6142732031389956
Afghanistan,2024-07-22,0.6463996804277404
Afghanistan,2024-07-29,0.5256527356069793
Afghanistan,2024-08-05,0.6007683532606248
Afghanistan,2024-08-12,0.625640409900364
Afghanistan,2024-08-19,0.6534005376213196
Afghanistan,2024-08-26,0.5932806950478943
Afghanistan,2024-09-02,0.6920956439416885
Afghanistan,2024-09-09,0.6613032789386172
Afghanistan,2024-09-16,0.782262174276296
Afghanistan,2024-09-23,0.7709590487109356
Afghanistan,2024-09-30,0.750979505435022
Afghanistan,2024-10-07,0.648940767637458
Afghanistan,2024-10-14,0.6215100925637281
Bolivia,2023-10-30,0.16613181022756462
Bolivia,2023-11-06,0.16613181022756462
Bolivia,2023-11-13,0.16613181022756462
Bolivia,2023-11-20,0.16613181022756462
Bolivia,2023-11-27,0.16613181022756462
Bolivia,2023-12-04,0.16613181022756462
Bolivia,2023-12-11,0.16613181022756462
Bolivia,2023-12-18,0.16613181022756462
Bolivia,2023-12-25,0.16613181022756462
Bolivia,2024-01-01,0.16613181022756462
Bolivia,2024-01-08,0.16613181022756462
Bolivia,2024-01-15,0.16613181022756462
Bolivia,2024-01-22,0.16613181022756462
Bolivia,2024-01-29,0.16613181022756462
Bolivia,2024-02-05,0.16613181022756462
Bolivia,2024-02-12,0.16613181022756462
Bolivia,2024-02-19,0.16613181022756462
Bolivia,2024-02-26,0.16613181022756462
Bolivia,2024-03-04,0.16613181022756462
Bolivia,2024-03-11,0.16613181022756462
Bolivia,2024-03-18,0.16613181022756462
Bolivia,2024-03-25,0.16613181022756462
Bolivia,2024-04-01,0.16613181022756462
Bolivia,2024-04-08,0.16613181022756462
Bolivia,2024-04-15,0.16613181022756462
Bolivia,2024-04-22,0.16613181022756462
Bolivia,2024-04-29,0.16613181022756462
Bolivia,2024-05-06,0.16613181022756462
Bolivia,2024-05-13,0.16613181022756462
Bolivia,2024-05-20,0.16613181022756462
Bolivia,2024-05-27,0.16613181022756462
Bolivia,2024-06-03,0.16613181022756462
Bolivia,2024-06-10,0.16613181022756462
Bolivia,2024-06-17,0.16613181022756462
Bolivia,2024-06-24,0.16613181022756462
Bolivia,2024-07-01,0.16613181022756462
Bolivia,2024-07-08,0.16613181022756462
Bolivia,2024-07-15,0.16613181022756462
Bolivia,2024-07-22,0.16613181022756462
Bolivia,2024-07-29,0.16613181022756462
Bolivia,2024-08-05,0.16613181022756462
Bolivia,2024-08-12,0.16613181022756462
Bolivia,2024-08-19,0.16613181022756462
Bolivia,2024-08-26,0.16613181022756462
Bolivia,2024-09-02,0.16613181022756462
Bolivia,2024-09-09,0.16613181022756462
Bolivia,2024-09-16,0.16613181022756462
Bolivia,2024-09-23,0.16613181022756462
Bolivia,2024-09-30,0.16613181022756462
Bolivia,2024-10-07,0.16613181022756462
Bolivia,2024-10-14,0.16613181022756462
Colombia,2023-10-30,0.6295345781690499
Colombia,2023-11-06,0.6273516503985692
Colombia,2023-11-13,0.6572939067362469
Colombia,2023-11-20,0.6797961076927997
Colombia,2023-11-27,0.803294119421477
Colombia,2023-12-04,0.8147231316428298
Colombia,2023-12-11,0.7603299989486819
Colombia,2023-12-18,0.6207762636458657
Colombia,2023-12-25,0.6387613669736987
Colombia,2024-01-01,0.6526916327435172
Colombia,2024-01-08,0.7647447344475972
Colombia,2024-01-15,0.6692548389038707
Colombia,2024-01-22,0.7048756466414853
Colombia,2024-01-29,0.7507715811490145
Colombia,2024-02-05,0.8492581535220413
Colombia,2024-02-12,0.7707419938365264
Colombia,2024-02-19,0.6494682716062661
Colombia,2024-02-26,0.6890536070005532
Colombia,2024-03-04,0.7470686032560844
Colombia,2024-03-11,0.8431545905733998
Colombia,2024-03-18,0.8515325994433885
Colombia,2024-03-25,0.8707122291542477
Colombia,2024-04-01,0.7725306906897632
Colombia,2024-04-08,0.7684285710848634
Colombia,2024-04-15,0.7050144470224612
Colombia,2024-04-22,0.6744791657639359
Colombia,2024-04-29,0.6713029634624612
Colombia,2024-05-06,0.6050635107732759
Colombia,2024-05-13,0.6561724918579438
Colombia,2024-05-20,0.8099596116244677
Colombia,2024-05-27,0.7925466724390339
Colombia,2024-06-03,0.773161434819763
Colombia,2024-06-10,0.6767351958274279
Colombia,2024-06-17,0.7211238550092046
Colombia,2024-06-24,0.6938743469049246
Colombia,2024-07-01,0.5962342248566176
Colombia,2024-07-08,0.738600323603379
Colombia,2024-07-15,0.6529532371184177
Colombia,2024-07-22,0.6680168082727684
Colombia,2024-07-29,0.7293946877632879
Colombia,2024-08-05,0.726768606610622
Colombia,2024-08-12,0.7108561080164773
Colombia,2024-08-19,0.6784027539630916
Colombia,2024-08-26,0.8113524932776109
Colombia,2024-09-02,0.7719160531329688
Colombia,2024-09-09,0.8128453090348314
Colombia,2024-09-16,0.7653412179316325
Colombia,2024-09-23,0.65463690918184
Colombia,2024-09-30,0.7815586365840715
Colombia,2024-10-07,0.7459252930563882
Colombia,2024-10-14,0.853853414176431
Ecuador,2023-10-30,0.6832726266770116
Ecuador,2023-11-06,0.5581362123737522
Ecuador,2023-11-13,0.5655095826746513
Ecuador,2023-11-20,0.5166683900977933
Ecuador,2023-11-27,0.5067266792407978
Ecuador,2023-12-04,0.6872667471657717
Ecuador,2023-12-11,0.7818891409068028
Ecuador,2023-12-18,0.8716386208433194
Ecuador,2023-12-25,0.8211217721494973
Ecuador,2024-01-01,0.6699271995420162
Ecuador,2024-01-08,0.4435427064882031
Ecuador,2024-01-15,0.2312092476282265
Ecuador,2024-01-22,0.16613181022756462
Ecuador,2024-01-29,0.36897732785503096
Ecuador,2024-02-05,0.48199471728220367
Ecuador,2024-02-12,0.42958393827255
Ecuador,2024-02-19,0.2747381642296343
Ecuador,2024-02-26,0.41024996140463493
Ecuador,2024-03-04,0.4602430343900294
Ecuador,2024-03-11,0.459446842154803
Ecuador,2024-03-18,0.44931976698201304
Ecuador,2024-03-25,0.5822147254325835
Ecuador,2024-04-01,0.5066789335007845
Ecuador,2024-04-08,0.47890796168477373
Ecuador,2024-04-15,0.46485265146162097
Ecuador,2024-04-22,0.4640294906076772
Ecuador,2024-04-29,0.46430503191944766
Ecuador,2024-05-06,0.6373828251296497
Ecuador,2024-05-13,0.5232779615274742
Ecuador,2024-05-20,0.545735478998521
Ecuador,2024-05-27,0.4438251248895227
Ecuador,2024-06-03,0.41961852938956423
Ecuador,2024-06-10,0.2419379953699461
Ecuador,2024-06-17,0.4362398343861787
Ecuador,2024-06-24,0.45419580614825633
Ecuador,2024-07-01,0.5088064707673924
Ecuador,2024-07-08,0.38542695951273936
Ecuador,2024-07-15,0.3205480924932662
Ecuador,2024-07-22,0.5625297286424461
Ecuador,2024-07-29,0.5443589212395138
Ecuador,2024-08-05,0.5817360656221057
Ecuador,2024-08-12,0.5427077538947856
Ecuador,2024-08-19,0.6013384116024364
Ecuador,2024-08-26,0.648870070718254
Ecuador,2024-09-02,0.6143551635169081
Ecuador,2024-09-09,0.5547326762719144
Ecuador,2024-09-16,0.5045560344076182
Ecuador,2024-09-23,0.57363162650547
Ecuador,2024-09-30,0.607191305394231
Ecuador,2024-10-07,0.6334951356627604
Ecuador,2024-10-14,0.6701541298871724
Ethiopia,2023-10-30,0.9436608398214611
Ethiopia,2023-11-06,0.9523950611505111
Ethiopia,2023-11-13,0.9570606591526851
Ethiopia,2023-11-20,0.9544589334398358
Ethiopia,2023-11-27,0.9341617684276219
Ethiopia,2023-12-04,0.8972035580438518
Ethiopia,2023-12-11,0.7863137598049605
Ethiopia,2023-12-18,0.8439394495442798
Ethiopia,2023-12-25,0.8477436327971257
Ethiopia,2024-01-01,0.9095955009292092
Ethiopia,2024-01-08,0.8404929600900259
Ethiopia,2024-01-15,0.894794008176833
Ethiopia,2024-01-22,0.8700302644390779
Ethiopia,2024-01-29,0.834834859610063
Ethiopia,2024-02-05,0.7852720880905207
Ethiopia,2024-02-12,0.8107806960874794
Ethiopia,2024-02-19,0.8647191833143418
Ethiopia,2024-02-26,0.8811588572105767
Ethiopia,2024-03-04,0.9238472235204739
Ethiopia,2024-03-11,0.8754635382750805
Ethiopia,2024-03-18,0.8324868035603238
Ethiopia,2024-03-25,0.727500527590168
Ethiopia,2024-04-01,0.7914520102890145
Ethiopia,2024-04-08,0.8605048955853783
Ethiopia,2024-04-15,0.8738891484578574
Ethiopia,2024-04-22,0.8636814389168981
Ethiopia,2024-04-29,0.7998107737006245
Ethiopia,2024-05-06,0.7567344253842885
Ethiopia,2024-05-13,0.7933812128426947
Ethiopia,2024-05-20,0.8321453913158297
Ethiopia,2024-05-27,0.851061156050713
Ethiopia,2024-06-03,0.9315851989849868
Ethiopia,2024-06-10,0.9702733445808399
Ethiopia,2024-06-17,0.9702751581255459
Ethiopia,2024-06-24,0.9738970635953668
Ethiopia,2024-07-01,0.9603429410323671
Ethiopia,2024-07-08,0.9718559400482102
Ethiopia,2024-07-15,0.9606974351860407
Ethiopia,2024-07-22,0.9468036630498204
Ethiopia,2024-07-29,0.9163420028531933
Ethiopia,2024-08-05,0.8557003308217844
Ethiopia,2024-08-12,0.7141463505539449
Ethiopia,2024-08-19,0.8041611696685268
Ethiopia,2024-08-26,0.8693577285946227
Ethiopia,2024-09-02,0.9312667901215249
Ethiopia,2024-09-09,0.9278991028747147
Ethiopia,2024-09-16,0.970904266112421
Ethiopia,2024-09-23,0.9707413970052983
Ethiopia,2024-09-30,0.9697282298856061
Ethiopia,2024-10-07,0.9841416101693142
Ethiopia,2024-10-14,0.9740420296491884
Haiti,2023-10-30,0.3811165120219142
Haiti,2023-11-06,0.26245896947870234
Haiti,2023-11-13,0.4386363278960563
Haiti,2023-11-20,0.4804893290295678
Haiti,2023-11-27,0.4642823598435892
Haiti,2023-12-04,0.2678247516336891
Haiti,2023-12-11,0.42636733801973864
Haiti,2023-12-18,0.42464408436188267
Haiti,2023-12-25,0.4490478451436208
Haiti,2024-01-01,0.5030617034085577
Haiti,2024-01-08,0.430344235214918
Haiti,2024-01-15,0.4606428763504444
Haiti,2024-01-22,0.4970976154415763
Haiti,2024-01-29,0.5511657584581001
Haiti,2024-02-05,0.523073949958234
Haiti,2024-02-12,0.514538022119115
Haiti,2024-02-19,0.4660820115762628
Haiti,2024-02-26,0.5463061833141221
Haiti,2024-03-04,0.5933418706043156
Haiti,2024-03-11,0.6969565209508413
Haiti,2024-03-18,0.6464110171709961
Haiti,2024-03-25,0.6349028066398121
Haiti,2024-04-01,0.8089347946254103
Haiti,2024-04-08,0.6971351634949631
Haiti,2024-04-15,0.6817854143771025
Haiti,2024-04-22,0.41877926219541184
Haiti,2024-04-29,0.3859012370035198
Haiti,2024-05-06,0.5832071946505465
Haiti,2024-05-13,0.6613579923784464
Haiti,2024-05-20,0.5999777481688356
Haiti,2024-05-27,0.555684129758434
Haiti,2024-06-03,0.4798507537450593
Haiti,2024-06-10,0.3790676038030217
Haiti,2024-06-17,0.24384338196659924
Haiti,2024-06-24,0.3730729053298345
Haiti,2024-07-01,0.5110439999083548
Haiti,2024-07-08,0.436543108054353
Haiti,2024-07-15,0.28551552100701455
Haiti,2024-07-22,0.16613181022756462
Haiti,2024-07-29,0.16613181022756462
Haiti,2024-08-05,0.3727873527569328
Haiti,2024-08-12,0.5054540957580108
Haiti,2024-08-19,0.5167001634930461
Haiti,2024-08-26,0.44630336355806
Haiti,2024-09-02,0.43261490291203625
Haiti,2024-09-09,0.3474476301018697
Haiti,2024-09-16,0.23505128127335748
Haiti,2024-09-23,0.16613181022756462
Haiti,2024-09-30,0.44829521248606063
Haiti,2024-10-07,0.5412676273192983
Haiti,2024-10-14,0.6421713012498148
Kenya,2023-10-30,0.5678002061700398
Kenya,2023-11-06,0.3745832969559162
Kenya,2023-11-13,0.275699132192524
Kenya,2023-11-20,0.3926598099076562
Kenya,2023-11-27,0.37485075810147045
Kenya,2023-12-04,0.2444638372900486
Kenya,2023-12-11,0.4132470789739384
Kenya,2023-12-18,0.35737025536579514
Kenya,2023-12-25,0.26245896947870234
Kenya,2024-01-01,0.2961425308998537
Kenya,2024-01-08,0.34295663469405246
Kenya,2024-01-15,0.3639045273712
Kenya,2024-01-22,0.3459212406271281
Kenya,2024-01-29,0.23861576646380223
Kenya,2024-02-05,0.16613181022756462
Kenya,2024-02-12,0.16613181022756462
Kenya,2024-02-19,0.16613181022756462
Kenya,2024-02-26,0.4508506494651556
Kenya,2024-03-04,0.35032083281882226
Kenya,2024-03-11,0.2724766505516824
Kenya,2024-03-18,0.3794970678941156
Kenya,2024-03-25,0.4607448111568009
Kenya,2024-04-01,0.3915224190454702
Kenya,2024-04-08,0.3609569719597229
Kenya,2024-04-15,0.3610794069080199
Kenya,2024-04-22,0.24114156264613842
Kenya,2024-04-29,0.47847975919293767
Kenya,2024-05-06,0.5184277617897813
Kenya,2024-05-13,0.4215415810329546
Kenya,2024-05-20,0.23861576646380223
Kenya,2024-05-27,0.16613181022756462
Kenya,2024-06-03,0.36897732785503096
Kenya,2024-06-10,0.40015040734442237
Kenya,2024-06-17,0.41163603756615225
Kenya,2024-06-24,0.48380518146984297
Kenya,2024-07-01,0.4504499474589568
Kenya,2024-07-08,0.5172025255992859
Kenya,2024-07-15,0.42451204302619033
Kenya,2024-07-22,0.4235540105215357
Kenya,2024-07-29,0.3422695332930065
Kenya,2024-08-05,0.3646867130731901
Kenya,2024-08-12,0.4478987631486751
Kenya,2024-08-19,0.3790587960307699
Kenya,2024-08-26,0.24114156264613842
Kenya,2024-09-02,0.3794970678941156
Kenya,2024-09-09,0.3422695332930065
Kenya,2024-09-16,0.46611633995905377
Kenya,2024-09-23,0.36470363730969696
Kenya,2024-09-30,0.49799682814742496
Kenya,2024-10-07,0.4535153127808829
Kenya,2024-10-14,0.3284442365775757
Myanmar,2023-10-30,0.9751746294462996
Myanmar,2023-11-06,0.98327725902629
Myanmar,2023-11-13,0.9794750330293259
Myanmar,2023-11-20,0.9787067440467064
Myanmar,2023-11-27,0.9750397443844195
Myanmar,2023-12-04,0.9783048960280283
Myanmar,2023-12-11,0.9715037017080062
Myanmar,2023-12-18,0.9655618815389588
Myanmar,2023-12-25,0.9389942702889787
Myanmar,2024-01-01,0.976803636442921
Myanmar,2024-01-08,0.9783854531569528
Myanmar,2024-01-15,0.978205537827542
Myanmar,2024-01-22,0.9776295812681194
Myanmar,2024-01-29,0.9775178423400761
Myanmar,2024-02-05,0.9641176686527994
Myanmar,2024-02-12,0.9674895111366656
Myanmar,2024-02-19,0.965898344248182
Myanmar,2024-02-26,0.9649032416639008
Myanmar,2024-03-04,0.969195456633971
Myanmar,2024-03-11,0.963706761234317
Myanmar,2024-03-18,0.977798718966192
Myanmar,2024-03-25,0.9768554427190385
Myanmar,2024-04-01,0.9608195693657405
Myanmar,2024-04-08,0.9415217195044923
Myanmar,2024-04-15,0.9521600095986207
Myanmar,2024-04-22,0.9564448369767223
Myanmar,2024-04-29,0.9256398539874814
Myanmar,2024-05-06,0.9590089214351468
Myanmar,2024-05-13,0.9567726358017176
Myanmar,2024-05-20,0.9657914455252611
Myanmar,2024-05-27,0.9676266447867357
Myanmar,2024-06-03,0.9701009749925058
Myanmar,2024-06-10,0.9743931840197108
Myanmar,2024-06-17,0.9633498740513669
Myanmar,2024-06-24,0.9544119973821434
Myanmar,2024-07-01,0.9600129238703099
Myanmar,2024-07-08,0.9610695325757054
Myanmar,2024-07-15,0.9588562215190612
Myanmar,2024-07-22,0.970227184480323
Myanmar,2024-07-29,0.9434007442886615
Myanmar,2024-08-05,0.9493908848920284
Myanmar,2024-08-12,0.9232225912271464
Myanmar,2024-08-19,0.947366063864085
Myanmar,2024-08-26,0.9030110187361564
Myanmar,2024-09-02,0.8888739961925451
Myanmar,2024-09-09,0.8274604103049227
Myanmar,2024-09-16,0.8198194959224377
Myanmar,2024-09-23,0.8779334110697153
Myanmar,2024-09-30,0.9373987984630426
Myanmar,2024-10-07,0.9631478581107372
Myanmar,2024-10-14,0.9629910541227371
Pakistan,2023-10-30,0.8420963835883738
Pakistan,2023-11-06,0.9377413306208687
Pakistan,2023-11-13,0.9063737945522404
Pakistan,2023-11-20,0.9269328568736909
Pakistan,2023-11-27,0.8983975843571764
Pakistan,2023-12-04,0.8451022636251744
Pakistan,2023-12-11,0.7961387516023793
Pakistan,2023-12-18,0.7852720687161044
Pakistan,2023-12-25,0.7376469822716399
Pakistan,2024-01-01,0.7523630005550171
Pakistan,2024-01-08,0.826312588251117
Pakistan,2024-01-15,0.8910299046636591
Pakistan,2024-01-22,0.8162661842537556
Pakistan,2024-01-29,0.8140610009260483
Pakistan,2024-02-05,0.8382235255208698
Pakistan,2024-02-12,0.92031999361751
Pakistan,2024-02-19,0.8472781194248141
Pakistan,2024-02-26,0.7837695903109787
Pakistan,2024-03-04,0.7976085747439039
Pakistan,2024-03-11,0.8672410307012767
Pakistan,2024-03-18,0.8999602170445603
Pakistan,2024-03-25,0.8650282642922509
Pakistan,2024-04-01,0.8913744407132133
Pakistan,2024-04-08,0.8409798469579091
Pakistan,2024-04-15,0.8988838474639378
Pakistan,2024-04-22,0.8919876721481685
Pakistan,2024-04-29,0.9166255242599265
Pakistan,2024-05-06,0.9151557569746699
Pakistan,2024-05-13,0.9142595698909878
Pakistan,2024-05-20,0.9011137966059547
Pakistan,2024-05-27,0.8797249763823056
Pakistan,2024-06-03,0.9195185272060137
Pakistan,2024-06-10,0.8831523444722125
Pakistan,2024-06-17,0.8970319208714566
Pakistan,2024-06-24,0.8676361205473854
Pakistan,2024-07-01,0.9155903003603515
Pakistan,2024-07-08,0.9125042163125704
Pakistan,2024-07-15,0.9375968764759119
Pakistan,2024-07-22,0.9603515230967794
Pakistan,2024-07-29,0.9513720163238387
Pakistan,2024-08-05,0.9034152782020302
Pakistan,2024-08-12,0.9150698822455183
Pakistan,2024-08-19,0.9358577286595201
Pakistan,2024-08-26,0.9496017691506297
Pakistan,2024-09-02,0.9294175481686212
Pakistan,2024-09-09,0.9232182422793557
Pakistan,2024-09-16,0.9335422588322628
Pakistan,2024-09-23,0.9529087073241872
Pakistan,2024-09-30,0.9499194254879266
Pakistan,2024-10-07,0.9585032262277662
Pakistan,2024-10-14,0.9252301272526756
Somalia,2023-10-30,0.4545013243703612
Somalia,2023-11-06,0.4067735700663572
Somalia,2023-11-13,0.3422695332930065
Somalia,2023-11-20,0.24114156264613842
Somalia,2023-11-27,0.47624166154796194
Somalia,2023-12-04,0.5178180454237283
Somalia,2023-12-11,0.5691626200821329
Somalia,2023-12-18,0.6117864121323875
Somalia,2023-12-25,0.6170925071541381
Somalia,2024-01-01,0.7105854841130239
Somalia,2024-01-08,0.7039852084045936
Somalia,2024-01-15,0.6058269711242802
Somalia,2024-01-22,0.6120245580140043
Somalia,2024-01-29,0.6829700344525849
Somalia,2024-02-05,0.7615096583079097
Somalia,2024-02-12,0.7300791555284244
Somalia,2024-02-19,0.7096076013048668
Somalia,2024-02-26,0.7323937371149424
Somalia,2024-03-04,0.754974040977563
Somalia,2024-03-11,0.7342379545874649
Somalia,2024-03-18,0.7224294356697717
Somalia,2024-03-25,0.7061930430146143
Somalia,2024-04-01,0.7410893039842875
Somalia,2024-04-08,0.7299954941557772
Somalia,2024-04-15,0.5846547979241526
Somalia,2024-04-22,0.6292118343909036
Somalia,2024-04-29,0.5703632236339963
Somalia,2024-05-06,0.586042908378955
Somalia,2024-05-13,0.5886833743310533
Somalia,2024-05-20,0.43319865321246676
Somalia,2024-05-27,0.5599427862893794
Somalia,2024-06-03,0.603895106826788
Somalia,2024-06-10,0.665312389160853
Somalia,2024-06-17,0.630745357231331
Somalia,2024-06-24,0.5892415080763157
Somalia,2024-07-01,0.5750404969764963
Somalia,2024-07-08,0.6839855221059491
Somalia,2024-07-15,0.7001640702968753
Somalia,2024-07-22,0.7650895699642097
Somalia,2024-07-29,0.7467715991524297
Somalia,2024-08-05,0.596380989004376
Somalia,2024-08-12,0.6667600639822525
Somalia,2024-08-19,0.6836059266343851
Somalia,2024-08-26,0.6864896061879168
Somalia,2024-09-02,0.7150695329990931
Somalia,2024-09-09,0.6952665545575784
Somalia,2024-09-16,0.6134192069621761
Somalia,2024-09-23,0.6073162677618292
Somalia,2024-09-30,0.678197850883102
Somalia,2024-10-07,0.6787776260719794
Somalia,2024-10-14,0.7428016445742752
South Sudan,2023-10-30,0.16613181022756462
South Sudan,2023-11-06,0.16613181022756462
South Sudan,2023-11-13,0.16613181022756462
South Sudan,2023-11-20,0.16613181022756462
South Sudan,2023-11-27,0.16613181022756462
South Sudan,2023-12-04,0.16613181022756462
South Sudan,2023-12-11,0.16613181022756462
South Sudan,2023-12-18,0.16613181022756462
South Sudan,2023-12-25,0.16613181022756462
South Sudan,2024-01-01,0.4283781615063533
South Sudan,2024-01-08,0.3908472005505681
South Sudan,2024-01-15,0.31729776036221397
South Sudan,2024-01-22,0.16613181022756462
South Sudan,2024-01-29,0.4264511710791357
South Sudan,2024-02-05,0.4047035772505649
South Sudan,2024-02-12,0.48511964817745007
South Sudan,2024-02-19,0.4498773797692705
South Sudan,2024-02-26,0.4662718859918174
South Sudan,2024-03-04,0.39004335496874853
South Sudan,2024-03-11,0.4416746605037316
South Sudan,2024-03-18,0.269438158703794
South Sudan,2024-03-25,0.16613181022756462
South Sudan,2024-04-01,0.16613181022756462
South Sudan,2024-04-08,0.16613181022756462
South Sudan,2024-04-15,0.16613181022756462
South Sudan,2024-04-22,0.37307677325264704
South Sudan,2024-04-29,0.35768810793145356
South Sudan,2024-05-06,0.30656427434692757
South Sudan,2024-05-13,0.4132470789739384
South Sudan,2024-05-20,0.35737025536579514
South Sudan,2024-05-27,0.26245896947870234
South Sudan,2024-06-03,0.16613181022756462
South Sudan,2024-06-10,0.16613181022756462
South Sudan,2024-06-17,0.16613181022756462
South Sudan,2024-06-24,0.16613181022756462
South Sudan,2024-07-01,0.3743550097162633
South Sudan,2024-07-08,0.38066148494277313
South Sudan,2024-07-15,0.3104913800365407
South Sudan,2024-07-22,0.16613181022756462
South Sudan,2024-07-29,0.3794970678941156
South Sudan,2024-08-05,0.45100997520263314
South Sudan,2024-08-12,0.3791750612353882
South Sudan,2024-08-19,0.24114156264613842
South Sudan,2024-08-26,0.16613181022756462
South Sudan,2024-09-02,0.16613181022756462
South Sudan,2024-09-09,0.16613181022756462
South Sudan,2024-09-16,0.16613181022756462
South Sudan,2024-09-23,0.16613181022756462
South Sudan,2024-09-30,0.16613181022756462
South Sudan,2024-10-07,0.16613181022756462
South Sudan,2024-10-14,0.16613181022756462
Sudan,2023-10-30,0.9083894057540526
Sudan,2023-11-06,0.9198006683067362
Sudan,2023-11-13,0.8775611622260291
Sudan,2023-11-20,0.7862111912849675
Sudan,2023-11-27,0.6509393304268241
Sudan,2023-12-04,0.7082336638397712
Sudan,2023-12-11,0.7398339517301654
Sudan,2023-12-18,0.7229396615256664
Sudan,2023-12-25,0.7107739488696523
Sudan,2024-01-01,0.799123620706159
Sudan,2024-01-08,0.8672253685080484
Sudan,2024-01-15,0.8968098104524774
Sudan,2024-01-22,0.9221110080344523
Sudan,2024-01-29,0.8800204943685861
Sudan,2024-02-05,0.9124970026077236
Sudan,2024-02-12,0.8133231384641028
Sudan,2024-02-19,0.8035924858247053
Sudan,2024-02-26,0.7335903649561667
Sudan,2024-03-04,0.7839069737530983
Sudan,2024-03-11,0.7561933861599485
Sudan,2024-03-18,0.8684705133961618
Sudan,2024-03-25,0.8880195548366503
Sudan,2024-04-01,0.9008472167006624
Sudan,2024-04-08,0.8844082831886846
Sudan,2024-04-15,0.9045385259156732
Sudan,2024-04-22,0.8508598730897824
Sudan,2024-04-29,0.7673127762304143
Sudan,2024-05-06,0.8553648436677493
Sudan,2024-05-13,0.8752079202159954
Sudan,2024-05-20,0.9642479354176299
Sudan,2024-05-27,0.9423435129684149
Sudan,2024-06-03,0.9664078150376937
Sudan,2024-06-10,0.9245353192871195
Sudan,2024-06-17,0.9468071493753275
Sudan,2024-06-24,0.9242121654318153
Sudan,2024-07-01,0.9376018191245099
Sudan,2024-07-08,0.9150347260584527
Sudan,2024-07-15,0.8711416479108749
Sudan,2024-07-22,0.8974660560030586
Sudan,2024-07-29,0.8821653720494739
Sudan,2024-08-05,0.9336839760781542
Sudan,2024-08-12,0.9133887427872849
Sudan,2024-08-19,0.9019356853432462
Sudan,2024-08-26,0.9025346683841121
Sudan,2024-09-02,0.9108559616301456
Sudan,2024-09-09,0.9241895240255928
Sudan,2024-09-16,0.9392768681162971
Sudan,2024-09-23,0.9563974582762563
Sudan,2024-09-30,0.9573946071082703
Sudan,2024-10-07,0.9591038997971365
Sudan,2024-10-14,0.9395650495198966
Venezuela,2023-10-30,0.38969771413157245
Venezuela,2023-11-06,0.3190687507632126
Venezuela,2023-11-13,0.34295663469405246
Venezuela,2023-11-20,0.23861576646380223
Venezuela,2023-11-27,0.16613181022756462
Venezuela,2023-12-04,0.16613181022756462
Venezuela,2023-12-11,0.2961425308998537
Venezuela,2023-12-18,0.34295663469405246
Venezuela,2023-12-25,0.23861576646380223
Venezuela,2024-01-01,0.2961425308998537
Venezuela,2024-01-08,0.35942502786717223
Venezuela,2024-01-15,0.3820396037502419
Venezuela,2024-01-22,0.41338812488607674
Venezuela,2024-01-29,0.38401768159367883
Venezuela,2024-02-05,0.2657813355976238
Venezuela,2024-02-12,0.16613181022756462
Venezuela,2024-02-19,0.16613181022756462
Venezuela,2024-02-26,0.16613181022756462
Venezuela,2024-03-04,0.38217431741989555
Venezuela,2024-03-11,0.3704109506006649
Venezuela,2024-03-18,0.25200150029892726
Venezuela,2024-03-25,0.16613181022756462
Venezuela,2024-04-01,0.16613181022756462
Venezuela,2024-04-08,0.16613181022756462
Venezuela,2024-04-15,0.16613181022756462
Venezuela,2024-04-22,0.16613181022756462
Venezuela,2024-04-29,0.16613181022756462
Venezuela,2024-05-06,0.16613181022756462
Venezuela,2024-05-13,0.16613181022756462
Venezuela,2024-05-20,0.2961425308998537
Venezuela,2024-05-27,0.34295663469405246
Venezuela,2024-06-03,0.23861576646380223
Venezuela,2024-06-10,0.16613181022756462
Venezuela,2024-06-17,0.16613181022756462
Venezuela,2024-06-24,0.16613181022756462
Venezuela,2024-07-01,0.16613181022756462
Venezuela,2024-07-08,0.16613181022756462
Venezuela,2024-07-15,0.16613181022756462
Venezuela,2024-07-22,0.16613181022756462
Venezuela,2024-07-29,0.16613181022756462
Venezuela,2024-08-05,0.2961425308998537
Venezuela,2024-08-12,0.34295663469405246
Venezuela,2024-08-19,0.23861576646380223
Venezuela,2024-08-26,0.16613181022756462
Venezuela,2024-09-02,0.16613181022756462
Venezuela,2024-09-09,0.16613181022756462
Venezuela,2024-09-16,0.16613181022756462
Venezuela,2024-09-23,0.16613181022756462
Venezuela,2024-09-30,0.16613181022756462
Venezuela,2024-10-07,0.16613181022756462
Venezuela,2024-10-14,0.16613181022756462
Afghanistan,2024-10-21,0.6398015640897243
Afghanistan,2024-10-28,0.5977484792727606
Afghanistan,2024-11-04,0.5800645986375752
Afghanistan,2024-11-11,0.6615863062865857
Afghanistan,2024-11-18,0.6585605296666608
Afghanistan,2024-11-25,0.48300012457740277
Afghanistan,2024-12-02,0.5884987372217776
Afghanistan,2024-12-09,0.6159490213575758
Afghanistan,2024-12-16,0.7072737717545222
Afghanistan,2024-12-23,0.7556177228023854
Afghanistan,2024-12-30,0.7190773520312036
Afghanistan,2025-01-06,0.7107198832827931
Afghanistan,2025-01-13,0.6146543909670424
Afghanistan,2025-01-20,0.6598657634024913
Afghanistan,2025-01-27,0.6809472329572621
Afghanistan,2025-02-03,0.6278346181752611
Afghanistan,2025-02-10,0.6501896220093221
Afghanistan,2025-02-17,0.7402925406873911
Afghanistan,2025-02-24,0.7057775678378162
Afghanistan,2025-03-03,0.5872404569934753
Afghanistan,2025-03-10,0.5544715833955131
Afghanistan,2025-03-17,0.5296598920566438
Afghanistan,2025-03-24,0.5811070738612406
Afghanistan,2025-03-31,0.5258068086610759
Afghanistan,2025-04-07,0.6194295142003393
Afghanistan,2025-04-14,0.55306831487317
Afghanistan,2025-04-21,0.6599575941728144
Afghanistan,2025-04-28,0.42959420346974003
Afghanistan,2025-05-05,0.4283031966941105
Afghanistan,2025-05-12,0.5496523421120881
Afghanistan,2025-05-19,0.5272751391545932
Afghanistan,2025-05-26,0.5685518275036455
Afghanistan,2025-06-02,0.6122697967228853
Afghanistan,2025-06-09,0.6349117049231231
Afghanistan,2025-06-16,0.517669608063124
Afghanistan,2025-06-23,0.5006709358033733
Afghanistan,2025-06-30,0.5998281687677989
Afghanistan,2025-07-07,0.6207441721399366
Afghanistan,2025-07-14,0.52740140092885
Afghanistan,2025-07-21,0.421399218829942
Afghanistan,2025-07-28,0.46697902325715335
Afghanistan,2025-08-04,0.38998839171539396
Afghanistan,2025-08-11,0.5981942030482137
Afghanistan,2025-08-18,0.5781746422481997
Afghanistan,2025-08-25,0.7106409037177003
Afghanistan,2025-09-01,0.621082378273301
Afghanistan,2025-09-08,0.4574358802142968
Afghanistan,2025-09-15,0.433829352570011
Afghanistan,2025-09-22,0.5008046242193154
Afghanistan,2025-09-29,0.49408988406636106
Afghanistan,2025-10-06,0.7102710329160908
Bolivia,2024-10-21,0.16491651257155085
Bolivia,2024-10-28,0.16491651257155085
Bolivia,2024-11-04,0.16491651257155085
Bolivia,2024-11-11,0.16491651257155085
Bolivia,2024-11-18,0.16491651257155085
Bolivia,2024-11-25,0.16491651257155085
Bolivia,2024-12-02,0.16491651257155085
Bolivia,2024-12-09,0.16491651257155085
Bolivia,2024-12-16,0.16491651257155085
Bolivia,2024-12-23,0.16491651257155085
Bolivia,2024-12-30,0.16491651257155085
Bolivia,2025-01-06,0.16491651257155085
Bolivia,2025-01-13,0.16491651257155085
Bolivia,2025-01-20,0.16491651257155085
Bolivia,2025-01-27,0.16491651257155085
Bolivia,2025-02-03,0.16491651257155085
Bolivia,2025-02-10,0.16491651257155085
Bolivia,2025-02-17,0.16491651257155085
Bolivia,2025-02-24,0.16491651257155085
Bolivia,2025-03-03,0.16491651257155085
Bolivia,2025-03-10,0.16491651257155085
Bolivia,2025-03-17,0.16491651257155085
Bolivia,2025-03-24,0.16491651257155085
Bolivia,2025-03-31,0.16491651257155085
Bolivia,2025-04-07,0.16491651257155085
Bolivia,2025-04-14,0.16491651257155085
Bolivia,2025-04-21,0.16491651257155085
Bolivia,2025-04-28,0.16491651257155085
Bolivia,2025-05-05,0.16491651257155085
Bolivia,2025-05-12,0.16491651257155085
Bolivia,2025-05-19,0.16491651257155085
Bolivia,2025-05-26,0.16491651257155085
Bolivia,2025-06-02,0.16491651257155085
Bolivia,2025-06-09,0.16491651257155085
Bolivia,2025-06-16,0.16491651257155085
Bolivia,2025-06-23,0.16491651257155085
Bolivia,2025-06-30,0.16491651257155085
Bolivia,2025-07-07,0.16491651257155085
Bolivia,2025-07-14,0.16491651257155085
Bolivia,2025-07-21,0.16491651257155085
Bolivia,2025-07-28,0.16491651257155085
Bolivia,2025-08-04,0.16491651257155085
Bolivia,2025-08-11,0.16491651257155085
Bolivia,2025-08-18,0.16491651257155085
Bolivia,2025-08-25,0.16491651257155085
Bolivia,2025-09-01,0.16491651257155085
Bolivia,2025-09-08,0.16491651257155085
Bolivia,2025-09-15,0.16491651257155085
Bolivia,2025-09-22,0.16491651257155085
Bolivia,2025-09-29,0.16491651257155085
Bolivia,2025-10-06,0.16491651257155085
Colombia,2024-10-21,0.7981118862739643
Colombia,2024-10-28,0.8728193452560716
Colombia,2024-11-04,0.8715190889110898
Colombia,2024-11-11,0.8512693213461441
Colombia,2024-11-18,0.8726311556392731
Colombia,2024-11-25,0.7830540100554
Colombia,2024-12-02,0.645954105869814
Colombia,2024-12-09,0.753561792898231
Colombia,2024-12-16,0.7874027443759597
Colombia,2024-12-23,0.7949637066729488
Colombia,2024-12-30,0.8839289090579143
Colombia,2025-01-06,0.823121920110539
Colombia,2025-01-13,0.8818782766577867
Colombia,2025-01-20,0.8399717620011625
Colombia,2025-01-27,0.9320462178275952
Colombia,2025-02-03,0.9191583446382466
Colombia,2025-02-10,0.8238424936583922
Colombia,2025-02-17,0.6517033261914945
Colombia,2025-02-24,0.7087088082086493
Colombia,2025-03-03,0.6306221040229448
Colombia,2025-03-10,0.7960229861892065
Colombia,2025-03-17,0.7867835122998569
Colombia,2025-03-24,0.8915656489955731
Colombia,2025-03-31,0.8747689789610597
Colombia,2025-04-07,0.8080998736829798
Colombia,2025-04-14,0.8374355066315528
Colombia,2025-04-21,0.784396999797509
Colombia,2025-04-28,0.830447894691763
Colombia,2025-05-05,0.5867187706397751
Colombia,2025-05-12,0.7677148217311069
Colombia,2025-05-19,0.767218564325252
Colombia,2025-05-26,0.8470742806338708
Colombia,2025-06-02,0.7674842706546702
Colombia,2025-06-09,0.7370031232148163
Colombia,2025-06-16,0.8884716018529275
Colombia,2025-06-23,0.8361474591825843
Colombia,2025-06-30,0.729018457631932
Colombia,2025-07-07,0.8041523296441792
Colombia,2025-07-14,0.8296423181062442
Colombia,2025-07-21,0.817993525842482
Colombia,2025-07-28,0.7390683963050448
Colombia,2025-08-04,0.7876546958704026
Colombia,2025-08-11,0.7335886433555908
Colombia,2025-08-18,0.8253789969708646
Colombia,2025-08-25,0.8902233873327368
Colombia,2025-09-01,0.8489288508201613
Colombia,2025-09-08,0.9030038452997461
Colombia,2025-09-15,0.8616280304484137
Colombia,2025-09-22,0.782085098964257
Colombia,2025-09-29,0.7726250516648313
Colombia,2025-10-06,0.5759988447917005
Ecuador,2024-10-21,0.5917917021446731
Ecuador,2024-10-28,0.6949334876578889
Ecuador,2024-11-04,0.750763698783306
Ecuador,2024-11-11,0.787163036295926
Ecuador,2024-11-18,0.8019522790771805
Ecuador,2024-11-25,0.8647276785432657
Ecuador,2024-12-02,0.8736519334284322
Ecuador,2024-12-09,0.8914059117007533
Ecuador,2024-12-16,0.7832523890994665
Ecuador,2024-12-23,0.7385478326532886
Ecuador,2024-12-30,0.7866346104711864
Ecuador,2025-01-06,0.7760517311904062
Ecuador,2025-01-13,0.8152386262841903
Ecuador,2025-01-20,0.8059557117779659
Ecuador,2025-01-27,0.8415274882941305
Ecuador,2025-02-03,0.7699391089311272
Ecuador,2025-02-10,0.741308951054014
Ecuador,2025-02-17,0.6354600458495421
Ecuador,2025-02-24,0.5606786366916129
Ecuador,2025-03-03,0.6014486510216744
Ecuador,2025-03-10,0.5520349587040387
Ecuador,2025-03-17,0.5536308804903951
Ecuador,2025-03-24,0.5091127094057739
Ecuador,2025-03-31,0.46184747421628897
Ecuador,2025-04-07,0.5744074678184137
Ecuador,2025-04-14,0.6187334940089658
Ecuador,2025-04-21,0.5985504207632407
Ecuador,2025-04-28,0.6099131497863485
Ecuador,2025-05-05,0.6381709906609242
Ecuador,2025-05-12,0.7428359268708197
Ecuador,2025-05-19,0.7832016440302461
Ecuador,2025-05-26,0.7367765904084762
Ecuador,2025-06-02,0.6150837168613005
Ecuador,2025-06-09,0.5502183706218148
Ecuador,2025-06-16,0.45142478689460397
Ecuador,2025-06-23,0.5291494463207062
Ecuador,2025-06-30,0.49176835672158375
Ecuador,2025-07-07,0.45943247442362684
Ecuador,2025-07-14,0.6320934048332373
Ecuador,2025-07-21,0.6377116084962171
Ecuador,2025-07-28,0.6429280328300567
Ecuador,2025-08-04,0.6650008610983207
Ecuador,2025-08-11,0.4813983221724285
Ecuador,2025-08-18,0.631058448282199
Ecuador,2025-08-25,0.5513538953008065
Ecuador,2025-09-01,0.612311473122679
Ecuador,2025-09-08,0.5945043990773075
Ecuador,2025-09-15,0.4905682824780427
Ecuador,2025-09-22,0.6168321750189999
Ecuador,2025-09-29,0.5401030379373508
Ecuador,2025-10-06,0.49649543404918917
Ethiopia,2024-10-21,0.9714739788096228
Ethiopia,2024-10-28,0.9654555958325665
Ethiopia,2024-11-04,0.9725097053278051
Ethiopia,2024-11-11,0.9613588897255164
Ethiopia,2024-11-18,0.9436422660448235
Ethiopia,2024-11-25,0.94831862222093
Ethiopia,2024-12-02,0.9489517408369371
Ethiopia,2024-12-09,0.9638606559350847
Ethiopia,2024-12-16,0.9573808622647132
Ethiopia,2024-12-23,0.9665828787042229
Ethiopia,2024-12-30,0.9641325570777459
Ethiopia,2025-01-06,0.9668730401353541
Ethiopia,2025-01-13,0.9808844491146749
Ethiopia,2025-01-20,0.9668438107813399
Ethiopia,2025-01-27,0.9692408163248946
Ethiopia,2025-02-03,0.9695337075609148
Ethiopia,2025-02-10,0.9529817986638017
Ethiopia,2025-02-17,0.9539468266929939
Ethiopia,2025-02-24,0.9642576967833817
Ethiopia,2025-03-03,0.9610023992564111
Ethiopia,2025-03-10,0.9660078312401775
Ethiopia,2025-03-17,0.9816827965594648
Ethiopia,2025-03-24,0.9703317493692216
Ethiopia,2025-03-31,0.9735487418094682
Ethiopia,2025-04-07,0.9709668924472611
Ethiopia,2025-04-14,0.9844201237435705
Ethiopia,2025-04-21,0.9732643261523671
Ethiopia,2025-04-28,0.9762611777739386
Ethiopia,2025-05-05,0.9617386078275318
Ethiopia,2025-05-12,0.9435959898847083
Ethiopia,2025-05-19,0.9308171590165889
Ethiopia,2025-05-26,0.9677200407541364
Ethiopia,2025-06-02,0.9718804115320618
Ethiopia,2025-06-09,0.9518995812288445
Ethiopia,2025-06-16,0.9538920847986806
Ethiopia,2025-06-23,0.9662677635469826
Ethiopia,2025-06-30,0.9674379358943525
Ethiopia,2025-07-07,0.9642096346528941
Ethiopia,2025-07-14,0.9709407899875004
Ethiopia,2025-07-21,0.9489995309098279
Ethiopia,2025-07-28,0.882222414413442
Ethiopia,2025-08-04,0.903740422453179
Ethiopia,2025-08-11,0.9365252030842455
Ethiopia,2025-08-18,0.9574539256969977
Ethiopia,2025-08-25,0.9531966651231812
Ethiopia,2025-09-01,0.9225968819736892
Ethiopia,2025-09-08,0.910179596689495
Ethiopia,2025-09-15,0.8413581606774662
Ethiopia,2025-09-22,0.9259779858437719
Ethiopia,2025-09-29,0.923271312677021
Ethiopia,2025-10-06,0.959423847499569
Haiti,2024-10-21,0.6498241226629777
Haiti,2024-10-28,0.5488078661704746
Haiti,2024-11-04,0.47444115328922276
Haiti,2024-11-11,0.5242724665685716
Haiti,2024-11-18,0.6229329108311263
Haiti,2024-11-25,0.668281260386904
Haiti,2024-12-02,0.7247873855891965
Haiti,2024-12-09,0.7325355241535774
Haiti,2024-12-16,0.6764349183854169
Haiti,2024-12-23,0.596515552548546
Haiti,2024-12-30,0.6357468444172705
Haiti,2025-01-06,0.6237962718156599
Haiti,2025-01-13,0.6189597221807479
Haiti,2025-01-20,0.42631313423298706
Haiti,2025-01-27,0.6669558898294944
Haiti,2025-02-03,0.655352950495027
Haiti,2025-02-10,0.8290559187798796
Haiti,2025-02-17,0.7151199720012716
Haiti,2025-02-24,0.6964240396223818
Haiti,2025-03-03,0.5485167525947581
Haiti,2025-03-10,0.6545774800787317
Haiti,2025-03-17,0.6502519171248998
Haiti,2025-03-24,0.5885830445705817
Haiti,2025-03-31,0.7329650675668778
Haiti,2025-04-07,0.7307131491333
Haiti,2025-04-14,0.7178986390297126
Haiti,2025-04-21,0.5974961393988468
Haiti,2025-04-28,0.6404162518338294
Haiti,2025-05-05,0.6870889527020824
Haiti,2025-05-12,0.5612082544954387
Haiti,2025-05-19,0.5537219162428367
Haiti,2025-05-26,0.5676657702911116
Haiti,2025-06-02,0.6481452072974174
Haiti,2025-06-09,0.5911086126898611
Haiti,2025-06-16,0.5837251905770717
Haiti,2025-06-23,0.44496559858239276
Haiti,2025-06-30,0.7047831084647074
Haiti,2025-07-07,0.6400217839401124
Haiti,2025-07-14,0.6109243854552622
Haiti,2025-07-21,0.5267363763088769
Haiti,2025-07-28,0.4393985226343771
Haiti,2025-08-04,0.4577676273460685
Haiti,2025-08-11,0.4802279800040585
Haiti,2025-08-18,0.5180275258751971
Haiti,2025-08-25,0.5393073240364245
Haiti,2025-09-01,0.5874739416459196
Haiti,2025-09-08,0.6169952292975335
Haiti,2025-09-15,0.6980110365022366
Haiti,2025-09-22,0.6072932013259802
Haiti,2025-09-29,0.7876285827207976
Haiti,2025-10-06,0.6731908243197284
Kenya,2024-10-21,0.16491651257155085
Kenya,2024-10-28,0.16491651257155085
Kenya,2024-11-04,0.16491651257155085
Kenya,2024-11-11,0.16491651257155085
Kenya,2024-11-18,0.40866877678347757
Kenya,2024-11-25,0.35273704850597437
Kenya,2024-12-02,0.26712078371544484
Kenya,2024-12-09,0.34122623952298503
Kenya,2024-12-16,0.3344156919620385
Kenya,2024-12-23,0.23487004821650825
Kenya,2024-12-30,0.16491651257155085
Kenya,2025-01-06,0.4124459537181748
Kenya,2025-01-13,0.35274565602917857
Kenya,2025-01-20,0.27046486132109127
Kenya,2025-01-27,0.16491651257155085
Kenya,2025-02-03,0.16491651257155085
Kenya,2025-02-10,0.16491651257155085
Kenya,2025-02-17,0.4112901199703374
Kenya,2025-02-24,0.4563557555788462
Kenya,2025-03-03,0.4432673040692436
Kenya,2025-03-10,0.37770244192983665
Kenya,2025-03-17,0.42342396760565
Kenya,2025-03-24,0.35294585234949444
Kenya,2025-03-31,0.2720737005056313
Kenya,2025-04-07,0.16491651257155085
Kenya,2025-04-14,0.34122623952298503
Kenya,2025-04-21,0.3344156919620385
Kenya,2025-04-28,0.4577497143923958
Kenya,2025-05-05,0.3930793798908465
Kenya,2025-05-12,0.3969216500905879
Kenya,2025-05-19,0.3720783975777872
Kenya,2025-05-26,0.26712078371544484
Kenya,2025-06-02,0.40866877678347757
Kenya,2025-06-09,0.5298969167630028
Kenya,2025-06-16,0.4987107651471076
Kenya,2025-06-23,0.418493447293905
Kenya,2025-06-30,0.3759633208418774
Kenya,2025-07-07,0.32144589161622616
Kenya,2025-07-14,0.47529413516336466
Kenya,2025-07-21,0.3475340087556027
Kenya,2025-07-28,0.27875119343092386
Kenya,2025-08-04,0.32929095610992887
Kenya,2025-08-11,0.3483887357066966
Kenya,2025-08-18,0.24031352937732983
Kenya,2025-08-25,0.4124459537181748
Kenya,2025-09-01,0.4646626278705443
Kenya,2025-09-08,0.3982485625846745
Kenya,2025-09-15,0.23487004821650825
Kenya,2025-09-22,0.16491651257155085
Kenya,2025-09-29,0.16491651257155085
Kenya,2025-10-06,0.34272443680319986
Myanmar,2024-10-21,0.9534278154492247
Myanmar,2024-10-28,0.9573335477483885
Myanmar,2024-11-04,0.9576789038312777
Myanmar,2024-11-11,0.9665909234075113
Myanmar,2024-11-18,0.9506379697118774
Myanmar,2024-11-25,0.9330120879243964
Myanmar,2024-12-02,0.9346256975185344
Myanmar,2024-12-09,0.9602639933988311
Myanmar,2024-12-16,0.9427240355152798
Myanmar,2024-12-23,0.9059342492919269
Myanmar,2024-12-30,0.9141923701497549
Myanmar,2025-01-06,0.8801396385812633
Myanmar,2025-01-13,0.9459440297324914
Myanmar,2025-01-20,0.9374058818686541
Myanmar,2025-01-27,0.9577840802111351
Myanmar,2025-02-03,0.9325485698240764
Myanmar,2025-02-10,0.928943660932625
Myanmar,2025-02-17,0.9138283490107989
Myanmar,2025-02-24,0.9509866390797969
Myanmar,2025-03-03,0.9439597683341496
Myanmar,2025-03-10,0.9290324714861916
Myanmar,2025-03-17,0.9099178987762019
Myanmar,2025-03-24,0.8576602474823378
Myanmar,2025-03-31,0.8370369698986515
Myanmar,2025-04-07,0.8578848934200201
Myanmar,2025-04-14,0.9214327364909892
Myanmar,2025-04-21,0.9652995481042105
Myanmar,2025-04-28,0.9530496651115552
Myanmar,2025-05-05,0.9407585095916454
Myanmar,2025-05-12,0.9618856633447357
Myanmar,2025-05-19,0.9576641966398262
Myanmar,2025-05-26,0.9483835053046076
Myanmar,2025-06-02,0.9102969820455614
Myanmar,2025-06-09,0.8617055042426257
Myanmar,2025-06-16,0.8318230467704463
Myanmar,2025-06-23,0.9184028186902387
Myanmar,2025-06-30,0.8748243096501706
Myanmar,2025-07-07,0.9220688338235777
Myanmar,2025-07-14,0.8779020559582653
Myanmar,2025-07-21,0.9327390892913744
Myanmar,2025-07-28,0.914034971981602
Myanmar,2025-08-04,0.924307712355038
Myanmar,2025-08-11,0.9397540366033595
Myanmar,2025-08-18,0.9449738495937551
Myanmar,2025-08-25,0.9467461840832941
Myanmar,2025-09-01,0.9413628033669778
Myanmar,2025-09-08,0.9429333397041848
Myanmar,2025-09-15,0.923130614583482
Myanmar,2025-09-22,0.9249361722467788
Myanmar,2025-09-29,0.9238185657756132
Myanmar,2025-10-06,0.9157364886550455
Pakistan,2024-10-21,0.9274075575222542
Pakistan,2024-10-28,0.9165060139641635
Pakistan,2024-11-04,0.9529313625689371
Pakistan,2024-11-11,0.9441695539430475
Pakistan,2024-11-18,0.9686491873040791
Pakistan,2024-11-25,0.962262018881899
Pakistan,2024-12-02,0.9450781987138995
Pakistan,2024-12-09,0.9531193272485821
Pakistan,2024-12-16,0.9420197206055265
Pakistan,2024-12-23,0.9331808658282243
Pakistan,2024-12-30,0.9371672949777623
Pakistan,2025-01-06,0.9589302398282175
Pakistan,2025-01-13,0.9305235663097652
Pakistan,2025-01-20,0.940099870532421
Pakistan,2025-01-27,0.9686715183765976
Pakistan,2025-02-03,0.9640475906011217
Pakistan,2025-02-10,0.9774312263058564
Pakistan,2025-02-17,0.9697838343688433
Pakistan,2025-02-24,0.9691538829551014
Pakistan,2025-03-03,0.9196109084559042
Pakistan,2025-03-10,0.951321865355118
Pakistan,2025-03-17,0.9251615625659685
Pakistan,2025-03-24,0.9655045680496355
Pakistan,2025-03-31,0.9460269335281719
Pakistan,2025-04-07,0.8920001833837481
Pakistan,2025-04-14,0.9246190405665516
Pakistan,2025-04-21,0.9614785580012525
Pakistan,2025-04-28,0.9630328791713098
Pakistan,2025-05-05,0.9653823238537305
Pakistan,2025-05-12,0.961264330380756
Pakistan,2025-05-19,0.9684250905997199
Pakistan,2025-05-26,0.9707499589670445
Pakistan,2025-06-02,0.9560541351060854
Pakistan,2025-06-09,0.9392156289847845
Pakistan,2025-06-16,0.9506982801273626
Pakistan,2025-06-23,0.9220765707241453
Pakistan,2025-06-30,0.9340702300079414
Pakistan,2025-07-07,0.9442878048028143
Pakistan,2025-07-14,0.9641429500919988
Pakistan,2025-07-21,0.9522354389142141
Pakistan,2025-07-28,0.9523544921884105
Pakistan,2025-08-04,0.9664788920833529
Pakistan,2025-08-11,0.9582581570920424
Pakistan,2025-08-18,0.953341815090905
Pakistan,2025-08-25,0.9530236698455802
Pakistan,2025-09-01,0.9656091425451296
Pakistan,2025-09-08,0.9793076842337598
Pakistan,2025-09-15,0.9708059231341594
Pakistan,2025-09-22,0.9635431153401197
Pakistan,2025-09-29,0.9667984925206827
Pakistan,2025-10-06,0.970354946014761
Somalia,2024-10-21,0.6992947420087484
Somalia,2024-10-28,0.6487924246009653
Somalia,2024-11-04,0.5783745168016047
Somalia,2024-11-11,0.6317093552462691
Somalia,2024-11-18,0.6587045490356469
Somalia,2024-11-25,0.4765567232084071
Somalia,2024-12-02,0.482165553879118
Somalia,2024-12-09,0.3639619116962122
Somalia,2024-12-16,0.49037523722029125
Somalia,2024-12-23,0.4927708102378305
Somalia,2024-12-30,0.6240515308139684
Somalia,2025-01-06,0.5312508017946729
Somalia,2025-01-13,0.5155087504206541
Somalia,2025-01-20,0.582503764231859
Somalia,2025-01-27,0.7439797488684481
Somalia,2025-02-03,0.6950948851745752
Somalia,2025-02-10,0.6795426176969349
Somalia,2025-02-17,0.7478458439845715
Somalia,2025-02-24,0.7962906385105697
Somalia,2025-03-03,0.7179180854152064
Somalia,2025-03-10,0.7906018246775398
Somalia,2025-03-17,0.7834550396532118
Somalia,2025-03-24,0.8350039207921771
Somalia,2025-03-31,0.8190178228567618
Somalia,2025-04-07,0.7627931472572262
Somalia,2025-04-14,0.7605810112963045
Somalia,2025-04-21,0.7920553952410402
Somalia,2025-04-28,0.8573815754902429
Somalia,2025-05-05,0.7878336923201692
Somalia,2025-05-12,0.7815575936436506
Somalia,2025-05-19,0.8137984675521363
Somalia,2025-05-26,0.8224083387926527
Somalia,2025-06-02,0.8180130104528976
Somalia,2025-06-09,0.7803983642036304
Somalia,2025-06-16,0.8731471588090796
Somalia,2025-06-23,0.8667711907947758
Somalia,2025-06-30,0.8586611418212097
Somalia,2025-07-07,0.8475261691822004
Somalia,2025-07-14,0.7824889581769816
Somalia,2025-07-21,0.817259526349031
Somalia,2025-07-28,0.8258492865615435
Somalia,2025-08-04,0.8287926216748032
Somalia,2025-08-11,0.7904591641008905
Somalia,2025-08-18,0.7468452919891501
Somalia,2025-08-25,0.7961111684149706
Somalia,2025-09-01,0.8136005498431235
Somalia,2025-09-08,0.8286199164262876
Somalia,2025-09-15,0.8004757349075731
Somalia,2025-09-22,0.7695373286124281
Somalia,2025-09-29,0.7537127567307343
Somalia,2025-10-06,0.7896254479554473
South Sudan,2024-10-21,0.16491651257155085
South Sudan,2024-10-28,0.16491651257155085
South Sudan,2024-11-04,0.16491651257155085
South Sudan,2024-11-11,0.16491651257155085
South Sudan,2024-11-18,0.16491651257155085
South Sudan,2024-11-25,0.16491651257155085
South Sudan,2024-12-02,0.16491651257155085
South Sudan,2024-12-09,0.38076576286564023
South Sudan,2024-12-16,0.3620774064900787
South Sudan,2024-12-23,0.4171902043473891
South Sudan,2024-12-30,0.603649394704812
South Sudan,2025-01-06,0.5782789456245946
South Sudan,2025-01-13,0.3580866715671909
South Sudan,2025-01-20,0.16491651257155085
South Sudan,2025-01-27,0.35344181384131995
South Sudan,2025-02-03,0.3972175710247994
South Sudan,2025-02-10,0.42998187966399076
South Sudan,2025-02-17,0.3695756883702089
South Sudan,2025-02-24,0.2824294815892449
South Sudan,2025-03-03,0.4195715497327776
South Sudan,2025-03-10,0.39389164825058004
South Sudan,2025-03-17,0.38566497863765353
South Sudan,2025-03-24,0.47237000042715943
South Sudan,2025-03-31,0.4555118838306764
South Sudan,2025-04-07,0.30282962062455004
South Sudan,2025-04-14,0.42201690129414593
South Sudan,2025-04-21,0.3269650106839137
South Sudan,2025-04-28,0.5671183912890969
South Sudan,2025-05-05,0.5899941734404489
South Sudan,2025-05-12,0.46009699246076474
South Sudan,2025-05-19,0.4360783677866397
South Sudan,2025-05-26,0.3267219320658165
South Sudan,2025-06-02,0.4464651495071787
South Sudan,2025-06-09,0.35273704850597437
South Sudan,2025-06-16,0.26712078371544484
South Sudan,2025-06-23,0.16491651257155085
South Sudan,2025-06-30,0.3467431130599201
South Sudan,2025-07-07,0.41431393596153737
South Sudan,2025-07-14,0.38038580040084186
South Sudan,2025-07-21,0.23487004821650825
South Sudan,2025-07-28,0.42137181763921155
South Sudan,2025-08-04,0.35304673674010134
South Sudan,2025-08-11,0.38325416847724564
South Sudan,2025-08-18,0.3344156919620385
South Sudan,2025-08-25,0.372384626019761
South Sudan,2025-09-01,0.4840805107996646
South Sudan,2025-09-08,0.530130449307573
South Sudan,2025-09-15,0.6152923520563902
South Sudan,2025-09-22,0.5668802451473526
South Sudan,2025-09-29,0.586855698558778
South Sudan,2025-10-06,0.6005893078714613
Sudan,2024-10-21,0.9602900069022434
Sudan,2024-10-28,0.9322293044841308
Sudan,2024-11-04,0.9426653564291017
Sudan,2024-11-11,0.954135880315555
Sudan,2024-11-18,0.9307841698766591
Sudan,2024-11-25,0.9174834118719103
Sudan,2024-12-02,0.9304439643465182
Sudan,2024-12-09,0.9413297134927833
Sudan,2024-12-16,0.9496818073678783
Sudan,2024-12-23,0.9446486378031712
Sudan,2024-12-30,0.9640312425173208
Sudan,2025-01-06,0.9647737767993942
Sudan,2025-01-13,0.9675723789207588
Sudan,2025-01-20,0.9398114862174339
Sudan,2025-01-27,0.9611161643451128
Sudan,2025-02-03,0.931787670780292
Sudan,2025-02-10,0.9300451375882491
Sudan,2025-02-17,0.9119981925753017
Sudan,2025-02-24,0.9146923544334612
Sudan,2025-03-03,0.9150967020053611
Sudan,2025-03-10,0.9054891057113755
Sudan,2025-03-17,0.9233479693786647
Sudan,2025-03-24,0.9319843208258951
Sudan,2025-03-31,0.914797170892527
Sudan,2025-04-07,0.966041384349206
Sudan,2025-04-14,0.941446650924758
Sudan,2025-04-21,0.9560470985278133
Sudan,2025-04-28,0.9404465580363954
Sudan,2025-05-05,0.8800195721375519
Sudan,2025-05-12,0.9233746819337351
Sudan,2025-05-19,0.870411964895248
Sudan,2025-05-26,0.8714809522606778
Sudan,2025-06-02,0.7619855408400422
Sudan,2025-06-09,0.8917142891824185
Sudan,2025-06-16,0.8244333873943784
Sudan,2025-06-23,0.8691723425865941
Sudan,2025-06-30,0.7779743601638714
Sudan,2025-07-07,0.8205565712959669
Sudan,2025-07-14,0.7776108409663195
Sudan,2025-07-21,0.8289756243664668
Sudan,2025-07-28,0.8626606892584846
Sudan,2025-08-04,0.8893839642913356
Sudan,2025-08-11,0.9129089897072427
Sudan,2025-08-18,0.8825861200266902
Sudan,2025-08-25,0.8820848437550189
Sudan,2025-09-01,0.8210764235373936
Sudan,2025-09-08,0.8727324520831052
Sudan,2025-09-15,0.8803311376519756
Sudan,2025-09-22,0.89674041273885
Sudan,2025-09-29,0.8574065840531805
Sudan,2025-10-06,0.9263727975968447
Venezuela,2024-10-21,0.16491651257155085
Venezuela,2024-10-28,0.16491651257155085
Venezuela,2024-11-04,0.16491651257155085
Venezuela,2024-11-11,0.16491651257155085
Venezuela,2024-11-18,0.16491651257155085
Venezuela,2024-11-25,0.16491651257155085
Venezuela,2024-12-02,0.29560875771536377
Venezuela,2024-12-09,0.3327962542931811
Venezuela,2024-12-16,0.23487004821650825
Venezuela,2024-12-23,0.16491651257155085
Venezuela,2024-12-30,0.16491651257155085
Venezuela,2025-01-06,0.16491651257155085
Venezuela,2025-01-13,0.16491651257155085
Venezuela,2025-01-20,0.16491651257155085
Venezuela,2025-01-27,0.16491651257155085
Venezuela,2025-02-03,0.16491651257155085
Venezuela,2025-02-10,0.16491651257155085
Venezuela,2025-02-17,0.16491651257155085
Venezuela,2025-02-24,0.16491651257155085
Venezuela,2025-03-03,0.16491651257155085
Venezuela,2025-03-10,0.16491651257155085
Venezuela,2025-03-17,0.16491651257155085
Venezuela,2025-03-24,0.16491651257155085
Venezuela,2025-03-31,0.16491651257155085
Venezuela,2025-04-07,0.16491651257155085
Venezuela,2025-04-14,0.16491651257155085
Venezuela,2025-04-21,0.16491651257155085
Venezuela,2025-04-28,0.16491651257155085
Venezuela,2025-05-05,0.32929095610992887
