country,week,gkg_n_docs,gkg_mean_tone
SU,2023-08-13,353,-3.664702386507794
OD,2023-08-13,55,-6.1410067872695455
PK,2023-08-13,1593,-1.8003456252824166
AF,2023-08-13,1018,-3.8793662185516333
BM,2023-08-13,158,-5.278036829356219
VE,2023-08-13,238,-1.4818793433656483
KE,2023-08-13,339,-0.3476160419974561
CO,2023-08-13,463,-1.9522343994312799
ET,2023-08-13,149,-0.4410932985230353
TI,2023-08-13,209,-8.857980402550172
NU,2023-08-13,31,-0.39946557083904427
SO,2023-08-13,83,-2.2530105135735674
ER,2023-08-13,24,-0.3969187469125181
HA,2023-08-13,115,-2.394548803430617
BL,2023-08-13,51,0.1364589518211896
PE,2023-08-13,132,-0.7405255057233261
EC,2023-08-13,210,-3.933598042741296
UZ,2023-08-13,37,0.5765170889582077
KG,2023-08-13,10,-0.2969251055780578
PK,2023-08-20,1781,-2.9409893954797353
OD,2023-08-20,155,-3.572321010040478
AF,2023-08-20,630,-3.116484351673121
SU,2023-08-20,348,-3.035605560965005
BL,2023-08-20,767,-6.37842070754035
KE,2023-08-20,399,-0.31483349839582375
PE,2023-08-20,156,-0.12354571599224905
VE,2023-08-20,231,-1.1065877654131504
NU,2023-08-20,154,-3.8714598871713717
EC,2023-08-20,355,-3.3064602535478467
ET,2023-08-20,350,-1.8344657263578568
CO,2023-08-20,462,-1.4314337834436393
HA,2023-08-20,272,-3.58459631224335
BM,2023-08-20,48,-1.6925111803674049
TI,2023-08-20,19,-1.316076033752103
UZ,2023-08-20,58,1.2881561625421392
KG,2023-08-20,43,0.7456813577504754
SO,2023-08-20,96,-2.6612696481815283
ER,2023-08-20,34,-3.68476625533595
SU,2023-08-27,296,-3.38636520597063
ET,2023-08-27,440,-0.581441312402257
AF,2023-08-27,962,-2.4336229261988387
VE,2023-08-27,251,-1.431750814681529
EC,2023-08-27,71,-0.47001860748046187
NU,2023-08-27,67,-3.493424663720125
UZ,2023-08-27,51,1.3283861369714138
CO,2023-08-27,139,0.06253562423478097
PK,2023-08-27,1555,-2.0290347924841092
OD,2023-08-27,46,-1.6790306351137987
HA,2023-08-27,219,-3.968172321284512
KE,2023-08-27,472,-0.8358797151723524
SO,2023-08-27,80,-1.9665374516764793
PE,2023-08-27,131,-0.1444256786443015
BM,2023-08-27,148,-1.3328400950290802
BL,2023-08-27,26,0.9589727940183418
KG,2023-08-27,34,0.5600929416534626
TI,2023-08-27,30,0.8486247393740569
ER,2023-08-27,16,-2.9851133754443073
SU,2023-09-03,463,-4.233602122765502
ER,2023-09-03,335,-7.760660765599088
ET,2023-09-03,382,-3.617792294287721
PK,2023-09-03,1449,-2.05600024336461
KE,2023-09-03,601,-1.6033744990538614
AF,2023-09-03,599,-2.2462568887973737
VE,2023-09-03,184,-1.424364614957505
SO,2023-09-03,235,-3.9312401834461954
TI,2023-09-03,22,-0.6584936000298616
KG,2023-09-03,37,0.3959647986279142
UZ,2023-09-03,77,-1.5446666772211113
OD,2023-09-03,82,-2.1561017064541192
BM,2023-09-03,135,-1.2180196122413776
CO,2023-09-03,171,-1.2969297288718513
HA,2023-09-03,56,-1.0784793020205874
EC,2023-09-03,48,-1.3587366939178507
PE,2023-09-03,121,-0.5375051653443751
NU,2023-09-03,61,-2.9971374100684525
BL,2023-09-03,30,-1.4009876298198622
KE,2023-09-10,561,-1.0730250097044685
AF,2023-09-10,1070,-2.7237580206091168
EC,2023-09-10,100,-0.6195527968027613
ER,2023-09-10,33,-4.542760707200933
PK,2023-09-10,1542,-2.1172623482584427
SU,2023-09-10,543,-5.631949802774029
SO,2023-09-10,102,-4.5714758397114075
ET,2023-09-10,258,-0.12043538602623619
TI,2023-09-10,46,-0.046520619705283976
UZ,2023-09-10,111,0.8061621219833619
HA,2023-09-10,153,-3.0321770481397827
CO,2023-09-10,308,-0.2767488157545045
PE,2023-09-10,202,-0.16886444234487955
BM,2023-09-10,105,-1.8030444970321062
OD,2023-09-10,58,-4.3709363342428675
VE,2023-09-10,244,-0.4288038658873737
NU,2023-09-10,37,-1.152517630067352
BL,2023-09-10,168,-0.8005160175257001
KG,2023-09-10,38,0.17109123836648285
AF,2023-09-17,666,-1.258796808756941
PK,2023-09-17,1411,-1.3708329078553816
BM,2023-09-17,72,-0.8870252630604618
TI,2023-09-17,130,-0.9351207597228961
KG,2023-09-17,151,-0.8554706116306899
UZ,2023-09-17,157,0.394545630142068
HA,2023-09-17,106,-2.145313587150548
KE,2023-09-17,508,-0.14348563000965053
PE,2023-09-17,238,-1.9279070159310605
SU,2023-09-17,263,-3.8042931796994566
CO,2023-09-17,186,-0.37974658856082283
ER,2023-09-17,185,-8.778487242907358
SO,2023-09-17,177,-1.2953154863726815
VE,2023-09-17,224,-0.7010111618467365
NU,2023-09-17,64,0.6114455939297826
EC,2023-09-17,109,-0.37322782355401274
BL,2023-09-17,125,-1.168712565243654
ET,2023-09-17,302,-0.2521416509170809
OD,2023-09-17,52,-2.3038599794156105
VE,2023-09-24,779,-3.050746617787378
NU,2023-09-24,145,-3.5064920320727713
CO,2023-09-24,336,-2.4904333078083427
SU,2023-09-24,256,-1.4587587133108875
KG,2023-09-24,50,-0.6877121712882491
PK,2023-09-24,1485,-2.1607023215075873
ET,2023-09-24,413,-0.15614921238550297
AF,2023-09-24,652,-2.9373373705675743
SO,2023-09-24,252,-5.4845368681827695
KE,2023-09-24,594,-0.151611504895653
PE,2023-09-24,166,0.39411003509258985
EC,2023-09-24,76,-1.8049056848915344
HA,2023-09-24,174,-0.3076564648084091
UZ,2023-09-24,319,0.8977186970181593
OD,2023-09-24,67,-1.577115413864353
BM,2023-09-24,73,-3.074997965928042
ER,2023-09-24,30,-1.9178690358696426
BL,2023-09-24,54,-0.04414140694991938
TI,2023-09-24,55,-5.078663163015584
TI,2023-10-01,46,0.6468472538951346
BM,2023-10-01,80,-1.2365293266018662
PE,2023-10-01,250,-0.05362494519751004
BL,2023-10-01,99,-1.0292858980882422
EC,2023-10-01,77,-1.7233185702772045
CO,2023-10-01,282,-1.0675059575161734
PK,2023-10-01,1399,-2.862365652417957
ET,2023-10-01,176,0.2537306588977924
VE,2023-10-01,283,-1.607571865660807
OD,2023-10-01,81,-1.368424215653653
AF,2023-10-01,718,-2.45136899810389
SO,2023-10-01,287,-1.318129503326166
KE,2023-10-01,441,-0.577082254104883
HA,2023-10-01,172,-2.009501370770781
SU,2023-10-01,200,-3.245641275694587
KG,2023-10-01,34,-1.3723268339344874
UZ,2023-10-01,215,1.088393810612554
NU,2023-10-01,40,-2.10750323427022
ER,2023-10-01,23,-4.101427343516155
BM,2023-10-08,60,-2.8957437073292045
PK,2023-10-08,1855,-2.758231722042532
AF,2023-10-08,2154,-4.1468821328936505
SU,2023-10-08,249,-4.515164094775731
SO,2023-10-08,162,-4.221135506594241
ET,2023-10-08,210,-0.3014887558918792
KE,2023-10-08,523,-0.5920746055110596
VE,2023-10-08,297,-1.9997677374614224
CO,2023-10-08,359,-2.263050254195583
EC,2023-10-08,188,-4.287983810715566
OD,2023-10-08,33,-2.5281628721763165
HA,2023-10-08,121,-2.1707880860517577
PE,2023-10-08,188,-0.45807468039986216
UZ,2023-10-08,182,0.6485308826841316
KG,2023-10-08,49,1.6522441338250982
TI,2023-10-08,34,-2.6184524658555417
BL,2023-10-08,53,-0.38010151873953446
NU,2023-10-08,50,-2.245332581164831
ER,2023-10-08,17,-2.536053262793502
CO,2023-10-15,602,-1.281874326703323
EC,2023-10-15,336,-2.7110536540344445
PK,2023-10-15,1589,-1.6367588536567357
KE,2023-10-15,472,-0.44024665262206253
AF,2023-10-15,1092,-3.8885040005275346
NU,2023-10-15,196,0.040611635768072314
KG,2023-10-15,111,-1.5984741620980512
VE,2023-10-15,335,-1.6478556125622352
BM,2023-10-15,75,-0.26816560202366757
OD,2023-10-15,40,-1.8540822191497086
HA,2023-10-15,108,-1.1834919523394605
SO,2023-10-15,94,-1.862288861016182
PE,2023-10-15,181,-1.3862039797756394
SU,2023-10-15,220,-3.969547904913669
UZ,2023-10-15,76,-0.8249732176817085
ET,2023-10-15,186,-0.32439300807974497
ER,2023-10-15,23,-4.219796888701423
BL,2023-10-15,72,0.7906149292929845
TI,2023-10-15,56,-0.8318459360757027
EC,2023-10-22,200,-2.9326590763176834
PE,2023-10-22,159,-0.5724045489464454
PK,2023-10-22,1129,-1.1853904036282596
AF,2023-10-22,818,-1.908022070156036
SU,2023-10-22,107,-2.3688398360485596
KE,2023-10-22,293,-0.1920082050505563
VE,2023-10-22,637,-2.046206747776869
UZ,2023-10-22,73,2.9435125899028836
BL,2023-10-22,229,-2.9475831213981376
KG,2023-10-22,39,-0.27603443888686524
TI,2023-10-22,19,0.7324058710341271
ET,2023-10-22,112,0.16278499393259355
HA,2023-10-22,213,-3.2961944371983454
CO,2023-10-22,464,-0.3324232581170196
NU,2023-10-22,181,-3.8457003392178133
SO,2023-10-22,66,-3.3423624975952526
BM,2023-10-22,85,-0.9804221847792537
OD,2023-10-22,73,1.4864850641792713
ER,2023-10-22,18,-0.33541127858944936
ET,2023-10-29,154,0.5760002952638559
KE,2023-10-29,513,-0.18727593572706833
PK,2023-10-29,1374,-2.5223625300824124
PE,2023-10-29,174,0.18615002466835787
SO,2023-10-29,176,-2.4891229823223875
AF,2023-10-29,918,-3.5061916860676208
NU,2023-10-29,26,-1.196423578252777
BM,2023-10-29,66,-1.9377924720486843
CO,2023-10-29,292,-0.2984120356841838
VE,2023-10-29,196,-1.1022672367456785
HA,2023-10-29,55,-1.572585499238684
SU,2023-10-29,183,-3.2396877605752077
OD,2023-10-29,50,-1.1571230171364473
UZ,2023-10-29,63,0.3412535615684181
KG,2023-10-29,41,0.885662974688713
EC,2023-10-29,54,-1.225890826720556
BL,2023-10-29,34,-0.3043106094468912
TI,2023-10-29,15,-0.021925039924063052
ER,2023-10-29,19,1.8466102200829555
KE,2023-11-05,469,0.28430397453048406
SO,2023-11-05,85,-2.000160813521132
SU,2023-11-05,234,-2.2827642675997906
AF,2023-11-05,902,-3.1555060067475718
UZ,2023-11-05,77,1.3945788264156713
PK,2023-11-05,1481,-2.4289478306803924
PE,2023-11-05,135,0.11756437469531678
EC,2023-11-05,78,0.0539148137327016
VE,2023-11-05,199,-1.7732927984195246
CO,2023-11-05,296,-0.27424900194554164
ET,2023-11-05,379,0.1499954121086866
NU,2023-11-05,44,-1.241117470220493
BM,2023-11-05,109,-3.40361439373749
BL,2023-11-05,77,-2.294145499273744
OD,2023-11-05,44,-1.9793617964018457
HA,2023-11-05,81,-0.25074167242776335
KG,2023-11-05,24,-1.2536823918675681
TI,2023-11-05,11,-1.8312005673732799
ER,2023-11-05,20,-1.7601875158816358
BM,2023-11-12,231,0.5031096083318255
AF,2023-11-12,997,-1.6133794805584967
PK,2023-11-12,1247,-1.5382577329781197
PE,2023-11-12,161,1.1395318948533404
KE,2023-11-12,786,-0.2459521786623255
SO,2023-11-12,166,-3.779837245031197
ET,2023-11-12,148,-0.004818190452970048
OD,2023-11-12,57,-0.9662674353596309
CO,2023-11-12,181,-0.1689625964051104
SU,2023-11-12,363,-4.72155110696948
KG,2023-11-12,27,0.6602703459963123
VE,2023-11-12,309,-2.007756354273253
HA,2023-11-12,159,-3.621396879340154
NU,2023-11-12,42,-0.7665658065056398
EC,2023-11-12,50,-0.18496249396550318
UZ,2023-11-12,60,0.2432192783502231
BL,2023-11-12,42,-0.5920406192638078
ER,2023-11-12,22,-0.5154889049914715
TI,2023-11-12,16,-0.1025588788702374
CO,2023-11-19,390,0.4493348837808727
KE,2023-11-19,581,-1.437610551058005
VE,2023-11-19,655,-1.9496928204968045
PK,2023-11-19,1183,-1.3170622307170032
HA,2023-11-19,157,0.5202736955237426
PE,2023-11-19,240,1.2091987940669278
NU,2023-11-19,468,2.691344325165032
AF,2023-11-19,696,-2.9527167590666945
SU,2023-11-19,137,-2.301994646459152
OD,2023-11-19,92,-3.489489800338745
ET,2023-11-19,161,-0.014753389505820445
ER,2023-11-19,102,-4.293803566863439
SO,2023-11-19,153,-3.5634187519638574
EC,2023-11-19,75,-0.08682406262333982
BM,2023-11-19,71,-3.0927482253500025
UZ,2023-11-19,45,1.240818862877869
BL,2023-11-19,50,-2.1354250629038107
KG,2023-11-19,28,-0.7164482632547547
TI,2023-11-19,13,0.6863434485869596
SU,2023-11-26,140,-2.6945874341950438
PK,2023-11-26,1385,-2.618007521481901
CO,2023-11-26,135,-1.2124759666868723
BM,2023-11-26,57,-0.6947789358120101
SO,2023-11-26,295,-4.84397012846025
KE,2023-11-26,409,-1.2186075496099935
AF,2023-11-26,516,-2.7085153939231033
PE,2023-11-26,163,-1.250033665895652
VE,2023-11-26,234,-1.0303766592664878
HA,2023-11-26,50,-1.086106599078662
OD,2023-11-26,71,-0.6485746685772469
ET,2023-11-26,141,-1.657668604928842
UZ,2023-11-26,74,1.5256355777438795
KG,2023-11-26,38,1.431202155072212
ER,2023-11-26,23,-1.024353990564627
NU,2023-11-26,76,-2.058149579666877
TI,2023-11-26,27,-1.1227696530987146
BL,2023-11-26,36,0.6711392633530803
EC,2023-11-26,68,-3.3401136650711196
BL,2023-12-03,201,-0.9415718617031829
AF,2023-12-03,1219,-7.555566742339781
PK,2023-12-03,1297,-2.134343599446865
KE,2023-12-03,550,-0.9642352406963516
HA,2023-12-03,66,0.10606995563746682
VE,2023-12-03,527,-1.1629489917961946
CO,2023-12-03,200,-0.6441153187470993
SO,2023-12-03,193,-3.70069509978217
NU,2023-12-03,202,-1.8729665840147618
PE,2023-12-03,150,-1.4502829321202018
SU,2023-12-03,113,-2.1999768392589747
ET,2023-12-03,142,-1.1170147314067072
KG,2023-12-03,131,-0.625167180669712
OD,2023-12-03,49,-3.0332339305002813
TI,2023-12-03,16,0.6647962837798004
BM,2023-12-03,49,-1.6270916524434262
EC,2023-12-03,65,-0.40494761579450295
UZ,2023-12-03,56,0.35774352570661067
ER,2023-12-03,70,-6.493616570376694
PK,2023-12-10,1196,-2.1742379653055925
CO,2023-12-10,264,-0.4604343793586821
UZ,2023-12-10,56,-0.5054722989495162
AF,2023-12-10,636,-3.6678308496296004
SU,2023-12-10,345,-3.10991941716598
EC,2023-12-10,355,-2.1901224917836046
KE,2023-12-10,488,-1.3797918490666596
BL,2023-12-10,80,1.1152032759578447
HA,2023-12-10,185,-3.7350473318811668
VE,2023-12-10,655,-2.631231759697228
NU,2023-12-10,160,-4.399294246762452
PE,2023-12-10,217,-2.3578842984838753
BM,2023-12-10,50,-2.5068550930462057
KG,2023-12-10,35,0.7453947142989268
ET,2023-12-10,135,-1.3628311288336548
OD,2023-12-10,49,-3.646450836599631
SO,2023-12-10,87,-2.44013559074107
TI,2023-12-10,43,-0.5157495258798094
ER,2023-12-10,19,-1.448220787889672
PK,2023-12-17,1292,-1.3726482075023347
SO,2023-12-17,142,-1.7193267351980712
AF,2023-12-17,477,-2.5133782609794943
KE,2023-12-17,460,-0.03474249747225933
OD,2023-12-17,44,-1.0392278797683423
VE,2023-12-17,386,-2.3547902869597257
CO,2023-12-17,337,-3.1854348816478755
ER,2023-12-17,53,-0.8618026242132087
ET,2023-12-17,93,0.14861621186321233
HA,2023-12-17,232,-2.8875790107596004
NU,2023-12-17,156,-3.0920310612009487
SU,2023-12-17,204,-3.901657143675054
PE,2023-12-17,214,-0.9924187924678881
UZ,2023-12-17,54,0.4792477961120459
KG,2023-12-17,31,-0.1055448333330943
BM,2023-12-17,56,-0.6366453883861197
EC,2023-12-17,136,-2.3843997622691426
BL,2023-12-17,28,-0.3212341534257273
TI,2023-12-17,29,-0.3568620142371536
KE,2023-12-24,389,-0.7715911385334769
PK,2023-12-24,1012,-1.9307049961128633
UZ,2023-12-24,43,1.1813017447101737
VE,2023-12-24,426,-0.6978102844141739
PE,2023-12-24,130,-0.5055139255378398
AF,2023-12-24,329,-3.128216190037925
CO,2023-12-24,162,-0.28470565137652604
BM,2023-12-24,90,-0.1680619843003105
SO,2023-12-24,186,-1.7966711068177972
TI,2023-12-24,60,-4.239599908329637
BL,2023-12-24,45,0.6332907509677254
EC,2023-12-24,62,-0.223126227299074
ET,2023-12-24,93,0.8023799277285126
NU,2023-12-24,342,-2.824770914766375
KG,2023-12-24,26,0.3600180170543568
OD,2023-12-24,31,-2.2527374166038627
SU,2023-12-24,118,-2.9775358883881053
ER,2023-12-24,22,-3.71005280762098
HA,2023-12-24,59,-1.3888046527250366
KE,2023-12-31,393,-1.9739225212181903
PK,2023-12-31,1777,-2.260333952770033
VE,2023-12-31,590,-2.43877770480958
CO,2023-12-31,232,0.45701658431477177
AF,2023-12-31,859,-1.419179715948811
HA,2023-12-31,122,-0.630938963107487
SU,2023-12-31,698,-2.3217539829131826
ET,2023-12-31,191,-1.2854332332466454
NU,2023-12-31,96,-2.37320912873726
BM,2023-12-31,88,-0.9948470024588046
OD,2023-12-31,40,-2.0997039793276913
UZ,2023-12-31,50,0.9129600833466273
EC,2023-12-31,59,-0.5673799924492685
ER,2023-12-31,39,-4.67516880221473
TI,2023-12-31,159,-4.33801236458837
PE,2023-12-31,135,0.1540050571475439
BL,2023-12-31,62,0.12110574699334306
SO,2023-12-31,81,-1.9095593780425448
KG,2023-12-31,27,1.6420071422005744
ET,2024-01-07,463,-1.9783937482160052
VE,2024-01-07,340,-2.673369608093904
KE,2024-01-07,310,-0.9012031902341089
AF,2024-01-07,499,-3.6847870858688934
PK,2024-01-07,1031,-1.7663425690148251
BL,2024-01-07,49,0.6518888750461125
UZ,2024-01-07,97,-0.06165643820687472
CO,2024-01-07,176,0.23669848509446292
OD,2024-01-07,26,-1.2093250490341698
PE,2024-01-07,101,0.5121028330206283
SU,2024-01-07,81,-2.4287949877705564
ER,2024-01-07,30,-1.2506070976272763
BM,2024-01-07,80,-2.567533943039909
HA,2024-01-07,85,-1.6037003624449977
EC,2024-01-07,51,-0.8836789807023128
SO,2024-01-07,120,-1.5512729290621048
TI,2024-01-07,42,-3.591176175211053
NU,2024-01-07,52,-2.2473693183020598
KG,2024-01-07,22,0.11136022777794649
KE,2024-01-14,326,-1.1047415388941675
SO,2024-01-14,348,-1.914572466472389
ET,2024-01-14,152,-0.7504919068990775
CO,2024-01-14,306,-3.255680606422966
PK,2024-01-14,1085,-2.161581129694289
EC,2024-01-14,200,-5.875768902579008
AF,2024-01-14,424,-3.07325989580443
NU,2024-01-14,80,-3.3954546269526866
VE,2024-01-14,183,-1.1538567285619814
ER,2024-01-14,45,-3.571576363321905
SU,2024-01-14,109,-3.5500594764539355
PE,2024-01-14,122,-1.9266042493328568
OD,2024-01-14,38,-1.164879090398567
BM,2024-01-14,38,-1.8763714804738416
UZ,2024-01-14,55,0.1702521029063358
HA,2024-01-14,42,-0.9625642829039466
TI,2024-01-14,40,-1.7731113970645094
BL,2024-01-14,44,-2.139770115351467
KG,2024-01-14,16,1.44465480781304
PK,2024-01-21,1307,-1.9195472080455263
HA,2024-01-21,136,-0.6510793074929115
KE,2024-01-21,326,-0.6659730411823317
SU,2024-01-21,275,-1.6758934270160404
OD,2024-01-21,66,-1.3939475893835782
AF,2024-01-21,793,-1.8807215840578688
BM,2024-01-21,64,-2.0543179226123662
SO,2024-01-21,176,-2.0168969363107134
ER,2024-01-21,58,-3.356055185860067
ET,2024-01-21,233,-1.6998520922331297
TI,2024-01-21,220,-2.2319761917270258
VE,2024-01-21,165,-1.3698682182922997
KG,2024-01-21,51,0.22680363296772407
CO,2024-01-21,187,-1.0682136046756339
PE,2024-01-21,140,-2.1729183959834004
UZ,2024-01-21,251,-2.546269772393084
NU,2024-01-21,69,-0.824490458375611
EC,2024-01-21,62,-1.3417807695739157
BL,2024-01-21,49,0.2428646647789261
VE,2024-01-28,281,-1.9089707327268695
PK,2024-01-28,1051,-1.9832099641106777
AF,2024-01-28,547,-4.212431061530525
KE,2024-01-28,308,-1.081973639436439
KG,2024-01-28,144,0.048529156180353944
HA,2024-01-28,81,-2.189850792803372
PE,2024-01-28,104,-0.1477979576312795
NU,2024-01-28,47,-0.8994542967970492
CO,2024-01-28,257,-1.5669724823615967
SU,2024-01-28,107,-1.6488735800047996
ET,2024-01-28,129,-0.5951487061019429
OD,2024-01-28,63,-1.6129372892336784
SO,2024-01-28,127,-1.7779830843699114
BL,2024-01-28,57,-2.0295839300132825
ER,2024-01-28,37,-1.4072982789187847
TI,2024-01-28,97,-3.2281849848419824
BM,2024-01-28,60,-0.5575482040158057
UZ,2024-01-28,35,1.487650584947163
EC,2024-01-28,41,-0.023250834166218457
BM,2024-02-04,64,-1.8079816701273967
PK,2024-02-04,1197,-1.494147365885578
SO,2024-02-04,428,-5.349010398494631
KE,2024-02-04,532,-0.6271201849293125
AF,2024-02-04,727,-3.488244400514537
EC,2024-02-04,114,-2.5295629607642978
CO,2024-02-04,428,-5.168226576465915
PE,2024-02-04,118,-0.30340706468921025
SU,2024-02-04,88,-2.790606840395719
UZ,2024-02-04,162,1.3113579428059456
VE,2024-02-04,179,-1.564152518931408
ET,2024-02-04,149,0.6148592787953916
ER,2024-02-04,9,-0.8958403527744755
NU,2024-02-04,29,-2.4196964846484112
HA,2024-02-04,70,-1.4709000855901468
OD,2024-02-04,18,-1.6407045492008316
TI,2024-02-04,34,-1.4948181282279125
BL,2024-02-04,31,0.4687213785181739
KG,2024-02-04,27,-0.9439274190882238
PK,2024-02-11,1730,-1.5835537797433823
BM,2024-02-11,87,-1.3609564185485745
SO,2024-02-11,368,-5.831774143729893
ET,2024-02-11,124,0.1240078258072134
PE,2024-02-11,140,-0.18099762116210896
VE,2024-02-11,243,-3.9569173051724524
SU,2024-02-11,78,-1.5933812323534016
KE,2024-02-11,446,-2.9121308240925097
NU,2024-02-11,96,-4.045532505650393
CO,2024-02-11,159,0.020831575192307532
AF,2024-02-11,517,-2.0338866053143563
OD,2024-02-11,26,-1.276227273990906
BL,2024-02-11,48,-0.4331484345629673
EC,2024-02-11,51,-0.611067913258456
HA,2024-02-11,49,-1.1528369543711858
TI,2024-02-11,27,2.437070846591297
KG,2024-02-11,33,-0.3334336267836925
UZ,2024-02-11,37,0.5902543729706391
ER,2024-02-11,13,-0.28817590442397034
PK,2024-02-18,1313,-2.1617418323727065
VE,2024-02-18,127,-1.0036964778500326
PE,2024-02-18,98,0.36004786411585477
AF,2024-02-18,471,-1.8188725823716319
KE,2024-02-18,347,-0.6992519387139884
SO,2024-02-18,103,-2.679511936073683
ET,2024-02-18,462,-2.731305452442995
SU,2024-02-18,200,-2.853613002463933
KG,2024-02-18,28,-1.2915723700453197
TI,2024-02-18,16,1.1879628501012127
UZ,2024-02-18,54,0.8418528073404375
BL,2024-02-18,29,-0.698807505186898
EC,2024-02-18,40,0.36656045830812045
HA,2024-02-18,56,-1.5202155015289047
BM,2024-02-18,43,-1.9151813081580935
NU,2024-02-18,20,-2.4687368173839648
OD,2024-02-18,34,-1.8581659511006658
CO,2024-02-18,105,-0.9029141808500665
ER,2024-02-18,96,-7.04823361351979
KG,2024-02-25,53,-2.161262282834022
CO,2024-02-25,135,0.6979289143493457
AF,2024-02-25,782,-1.9527948149806509
PK,2024-02-25,927,-0.9866950981962472
SU,2024-02-25,127,-2.8254072491171693
OD,2024-02-25,53,-4.556562081185448
KE,2024-02-25,635,-1.5474076235878091
VE,2024-02-25,375,-3.128787171566852
NU,2024-02-25,37,-1.1046243511769371
HA,2024-02-25,247,-1.6669040920004352
ET,2024-02-25,168,-0.5858335854707994
BL,2024-02-25,29,0.2922188331499683
TI,2024-02-25,22,-0.29767046129752295
UZ,2024-02-25,59,1.3229133465629246
SO,2024-02-25,70,-2.3178905888074195
BM,2024-02-25,59,-0.1151055236082205
PE,2024-02-25,111,0.9076088070831807
EC,2024-02-25,38,-1.3890447411439062
ER,2024-02-25,22,-1.9765860686059908
KE,2024-03-03,675,-1.4934624884543408
SO,2024-03-03,94,-2.024879955685721
ET,2024-03-03,191,0.06451313765362594
AF,2024-03-03,794,-3.189468463948964
PK,2024-03-03,1756,-2.2655363375667665
HA,2024-03-03,406,-3.7163837874513237
CO,2024-03-03,377,-2.466171286333397
SU,2024-03-03,155,-3.1733508220172593
UZ,2024-03-03,72,-0.8066266352408091
VE,2024-03-03,523,-2.4643798236685237
KG,2024-03-03,36,-1.6938107794353212
PE,2024-03-03,164,0.7199799241378908
BL,2024-03-03,68,-1.6973523181591954
TI,2024-03-03,9,-2.3641294259405052
EC,2024-03-03,77,-1.4008336954033886
BM,2024-03-03,45,-1.229238997066034
NU,2024-03-03,68,-1.3279528422692894
OD,2024-03-03,47,-2.4061779883120473
ER,2024-03-03,25,-4.151685440067293
KG,2024-03-10,32,1.1987825234028051
AF,2024-03-10,500,-1.9506008919412905
KE,2024-03-10,686,-1.658601789814966
HA,2024-03-10,640,-3.3233058008309073
PE,2024-03-10,305,-0.3023454667159013
PK,2024-03-10,1490,-1.3680826781315396
VE,2024-03-10,1255,-3.4484809906604452
SO,2024-03-10,74,-0.20131680508648825
SU,2024-03-10,474,-2.9240128105182954
ET,2024-03-10,371,-2.2413257409570466
BM,2024-03-10,29,-2.460230508419158
NU,2024-03-10,50,-3.1320148467580946
CO,2024-03-10,276,-1.2405997324491607
TI,2024-03-10,15,0.6429990800695218
UZ,2024-03-10,109,-0.2943357525556888
ER,2024-03-10,11,-0.8663577655465062
OD,2024-03-10,45,-0.9359961301472962
EC,2024-03-10,87,-0.11926765975709082
BL,2024-03-10,23,-0.3181654240530746
PK,2024-03-17,1042,-2.0824289444160065
AF,2024-03-17,604,-4.506631447573111
KE,2024-03-17,391,-1.2783177280389548
SU,2024-03-17,431,-3.188577443602033
ET,2024-03-17,125,0.6513574339507587
OD,2024-03-17,68,-2.768032034249092
HA,2024-03-17,399,-3.6518345150669047
NU,2024-03-17,45,-1.2884961913315391
BM,2024-03-17,40,-1.5958750507436588
TI,2024-03-17,60,-4.958259706340418
PE,2024-03-17,107,-0.5552200960517334
BL,2024-03-17,192,1.6044742282703117
EC,2024-03-17,173,-3.7050449038193864
CO,2024-03-17,352,-1.3623939743891647
SO,2024-03-17,272,-3.1878800424680858
VE,2024-03-17,193,-1.095363178076743
UZ,2024-03-17,96,-1.8784911443727366
KG,2024-03-17,50,-2.312147037951058
ER,2024-03-17,19,-3.2954187994643447
SU,2024-03-24,120,-2.3084058791352438
AF,2024-03-24,1535,-5.81181726213985
ET,2024-03-24,144,-0.7573840131803338
PK,2024-03-24,1180,-1.4309791274418822
VE,2024-03-24,225,-4.170638073000934
KE,2024-03-24,385,-1.090283692806643
HA,2024-03-24,189,-2.909024654799241
TI,2024-03-24,375,-7.725936802082407
EC,2024-03-24,206,-2.001300933880229
CO,2024-03-24,264,-0.930912690636484
BL,2024-03-24,168,1.6143920232249191
NU,2024-03-24,36,-1.7724315911750765
SO,2024-03-24,126,-3.6357723346297726
PE,2024-03-24,138,0.12008636256466666
BM,2024-03-24,50,-2.1758463918547157
OD,2024-03-24,37,-1.4190532539951886
UZ,2024-03-24,72,-4.365583020391815
ER,2024-03-24,14,0.36548362661473593
KG,2024-03-24,33,-1.3259866126473363
PE,2024-03-31,297,-1.6834517576745855
HA,2024-03-31,459,-1.6725988273588965
CO,2024-03-31,123,-0.38218238561385776
PK,2024-03-31,1066,-1.196311798557495
AF,2024-03-31,422,-3.401009538777049
BM,2024-03-31,57,-1.8677305000411077
VE,2024-03-31,435,-1.5108296549713631
SU,2024-03-31,265,-2.4513109715995354
EC,2024-03-31,118,-4.462044779169216
OD,2024-03-31,94,-3.9613372211202136
SO,2024-03-31,116,-1.5574331165325934
KE,2024-03-31,334,-0.8216779398877304
NU,2024-03-31,42,-1.1272896870282483
ET,2024-03-31,102,-0.4553442810510833
KG,2024-03-31,39,-3.3121840175087405
TI,2024-03-31,93,-6.032022320842663
UZ,2024-03-31,55,-2.6759207827014317
ER,2024-03-31,9,-1.3824785814354865
BL,2024-03-31,30,0.2845238460305747
SU,2024-04-07,91,-3.0043407276276235
PK,2024-04-07,1228,-2.353493335569421
PE,2024-04-07,231,-2.1912599445108842
BL,2024-04-07,150,-4.520595874902365
VE,2024-04-07,478,-2.7695031971750756
NU,2024-04-07,274,-5.24989372787963
EC,2024-04-07,678,-5.112862302075047
CO,2024-04-07,245,-3.3034625389185477
HA,2024-04-07,175,-2.725831317557951
ET,2024-04-07,144,-0.6336807237007114
AF,2024-04-07,611,-3.1025750618938073
UZ,2024-04-07,48,-0.7485395501515297
KE,2024-04-07,368,-0.4082234596358799
BM,2024-04-07,70,-0.8386481009715575
OD,2024-04-07,28,-2.7878009358767746
TI,2024-04-07,62,-3.584255445109107
ER,2024-04-07,22,-0.8532478505609337
SO,2024-04-07,70,-1.79560268928147
KG,2024-04-07,28,-0.11329776061120879
AF,2024-04-14,492,-1.1140259366758034
EC,2024-04-14,46,-2.1647448855357454
CO,2024-04-14,200,-1.2740789323388853
BL,2024-04-14,43,-1.5263218595576742
VE,2024-04-14,281,-2.7389203094341688
UZ,2024-04-14,57,-0.35262799499547626
SO,2024-04-14,123,-3.7028324075011096
SU,2024-04-14,272,-5.226234371628199
KE,2024-04-14,365,-1.6164499021083152
OD,2024-04-14,76,-5.141394287935647
PK,2024-04-14,1111,-3.227342520843217
ET,2024-04-14,151,-1.637122374240774
PE,2024-04-14,148,-0.452300691382844
BM,2024-04-14,57,-1.241585173077773
NU,2024-04-14,88,-2.5983585366098345
HA,2024-04-14,172,-3.41301318647534
KG,2024-04-14,36,-1.7024848541423625
ER,2024-04-14,14,-2.5508904145076357
TI,2024-04-14,19,-3.2325125493422022
EC,2024-04-21,329,-6.049714804930991
CO,2024-04-21,450,-4.07726716190569
VE,2024-04-21,144,-1.3761146334178969
PK,2024-04-21,1192,-1.5873072387241625
KE,2024-04-21,1130,0.05972147424643187
ET,2024-04-21,453,-0.8863770561262465
HA,2024-04-21,278,-1.9062773146464826
AF,2024-04-21,698,-2.4702707825034698
SU,2024-04-21,247,-2.1070525996448293
ER,2024-04-21,85,-1.7450955770954026
PE,2024-04-21,124,-0.3011025487236649
BL,2024-04-21,80,0.7430271138634864
SO,2024-04-21,64,-2.194724582479061
OD,2024-04-21,34,-2.7820452249389254
UZ,2024-04-21,87,1.9112048914085946
KG,2024-04-21,32,0.09028470596290103
TI,2024-04-21,17,-1.3721872593963116
BM,2024-04-21,39,-1.9609942231281299
NU,2024-04-21,26,-1.823936618794235
SU,2024-04-28,118,-3.9618756811444045
PK,2024-04-28,1218,-1.2159639576250483
ET,2024-04-28,159,-2.267489806241859
SO,2024-04-28,167,-2.6687833370355705
AF,2024-04-28,537,-1.178932742754702
HA,2024-04-28,96,-1.2532734540198172
VE,2024-04-28,145,-2.185680748305049
KE,2024-04-28,340,-0.9257900350038237
PE,2024-04-28,201,-1.03181929369227
BM,2024-04-28,61,-1.4205451273664726
CO,2024-04-28,192,-0.5420344760749788
ER,2024-04-28,66,-2.957740316644494
BL,2024-04-28,31,1.7980177613747166
EC,2024-04-28,79,-2.450155688555119
UZ,2024-04-28,73,1.705324005100232
NU,2024-04-28,49,-4.072650981401882
OD,2024-04-28,24,-1.6546761122489073
TI,2024-04-28,30,-1.4020093584046989
KG,2024-04-28,95,-2.118935159451184
PK,2024-05-05,1132,-1.2790000138317998
NU,2024-05-05,152,-2.3650012196527173
CO,2024-05-05,385,-2.712265512591126
AF,2024-05-05,450,-2.538343956350199
HA,2024-05-05,95,-2.0076709356290356
SU,2024-05-05,234,-4.8395579417879615
VE,2024-05-05,144,-0.32045013136550904
KE,2024-05-05,417,-3.546025922084506
UZ,2024-05-05,60,1.0483548671794483
BM,2024-05-05,73,-1.13377744345689
SO,2024-05-05,106,-2.123578000945887
TI,2024-05-05,35,0.24925015394540065
KG,2024-05-05,51,0.3872842391151477
ER,2024-05-05,20,0.26515915509122223
ET,2024-05-05,90,-0.51042917253542
EC,2024-05-05,60,-0.6551877796662275
PE,2024-05-05,116,-0.03944398907872532
OD,2024-05-05,22,-1.1849303149801997
BL,2024-05-05,23,-0.4761604939482265
KE,2024-05-12,306,-1.4345531090894783
PK,2024-05-12,1045,-1.752080896712468
BL,2024-05-12,110,-3.286892764744262
HA,2024-05-12,149,-2.3255176517947076
AF,2024-05-12,623,-4.526144640769263
SU,2024-05-12,143,-4.899471126644483
CO,2024-05-12,239,-1.5390075605614604
PE,2024-05-12,135,0.5387970680510633
SO,2024-05-12,67,-3.243446589046595
VE,2024-05-12,105,-1.310907578438904
NU,2024-05-12,22,-2.518750940540489
ET,2024-05-12,100,-0.9527623907606652
EC,2024-05-12,52,-0.9386965398482665
UZ,2024-05-12,56,0.8603213829237283
KG,2024-05-12,25,-1.0803088707972839
BM,2024-05-12,30,-0.5340011527936597
OD,2024-05-12,19,-2.3222922239899253
TI,2024-05-12,14,0.9561047196952754
ER,2024-05-12,13,-1.855713604105508
CO,2024-05-19,182,-0.27431176504248106
PE,2024-05-19,117,1.3271542263566842
PK,2024-05-19,1079,-1.859083850385043
HA,2024-05-19,218,-3.576944354632659
VE,2024-05-19,176,-0.6183830663682226
NU,2024-05-19,28,-1.098458334078814
AF,2024-05-19,556,-4.166371142747221
EC,2024-05-19,155,-2.066025693410115
ER,2024-05-19,6,1.3688249194375353
KG,2024-05-19,192,-1.9311660269284008
KE,2024-05-19,341,-1.6248919411305547
ET,2024-05-19,70,0.640682249423073
BL,2024-05-19,38,0.5309640661242327
SO,2024-05-19,60,-0.5818641494229541
UZ,2024-05-19,65,0.3777510734236441
OD,2024-05-19,30,-0.48358859294599077
SU,2024-05-19,95,-1.6838179491071723
TI,2024-05-19,50,0.4517921662104786
BM,2024-05-19,35,-0.7300862814265122
PK,2024-05-26,1127,-1.957830093675265
AF,2024-05-26,459,-2.5674730575930407
VE,2024-05-26,127,-1.3179265157625204
HA,2024-05-26,169,-2.581820747012543
CO,2024-05-26,261,0.17807435445074132
KE,2024-05-26,451,-0.8795012718703228
ET,2024-05-26,120,0.6451757214664935
EC,2024-05-26,59,-0.8120870761221487
PE,2024-05-26,247,-0.7629683861727157
SU,2024-05-26,164,-3.8142269640759845
BL,2024-05-26,45,-1.1721463912357661
BM,2024-05-26,130,3.8948190029590033
SO,2024-05-26,63,-0.9555037442991382
KG,2024-05-26,44,-1.9957615655660506
TI,2024-05-26,19,-0.7094055125384306
NU,2024-05-26,21,0.37629604780691295
OD,2024-05-26,24,-1.4932282452868249
UZ,2024-05-26,83,0.0760162561135706
ER,2024-05-26,27,0.28790363304807437
SU,2024-06-02,87,-2.6092357022103903
VE,2024-06-02,264,-2.2287491735495544
ER,2024-06-02,33,-1.4816710919355076
PK,2024-06-02,921,-1.1022885946511747
AF,2024-06-02,368,-2.3805305773086043
HA,2024-06-02,88,-1.0226920867077534
KE,2024-06-02,281,-0.5399396074911299
PE,2024-06-02,136,0.505279565764451
BL,2024-06-02,30,-1.4291610198101323
BM,2024-06-02,42,-1.5471880560275206
ET,2024-06-02,109,-0.8866792314839419
CO,2024-06-02,144,-0.6033116355265534
SO,2024-06-02,56,-0.8311114027132788
TI,2024-06-02,20,-0.6892169666158412
EC,2024-06-02,56,-0.24685519890145527
OD,2024-06-02,28,-1.1574171141755603
KG,2024-06-02,31,-0.17295095667026605
UZ,2024-06-02,33,1.7662164392395177
NU,2024-06-02,26,-1.494914149066509
PK,2024-06-09,1283,-1.2916310090969667
AF,2024-06-09,301,-2.282007926153267
VE,2024-06-09,230,-2.7181698247569925
BM,2024-06-09,45,-0.7241646709943549
SU,2024-06-09,220,-3.3063769221981967
SO,2024-06-09,90,-2.634408480093813
HA,2024-06-09,424,-2.025695922570913
KE,2024-06-09,411,-1.0019731529031115
CO,2024-06-09,339,-2.1507338686508026
PE,2024-06-09,251,-1.2815774737065986
NU,2024-06-09,101,-3.911124498683656
ET,2024-06-09,179,-1.662591357627823
EC,2024-06-09,146,-2.969841310158861
UZ,2024-06-09,121,-2.6315358066016588
OD,2024-06-09,43,-0.27535954047803957
BL,2024-06-09,70,-0.766754329180556
ER,2024-06-09,17,-2.251695320715387
TI,2024-06-09,26,0.5795458934726209
KG,2024-06-09,43,0.9681296688478356
PK,2024-06-16,1187,-1.6785730909259564
CO,2024-06-16,314,-0.88373636124922
AF,2024-06-16,520,-3.0017637954771192
PE,2024-06-16,133,-0.14492612633110105
SO,2024-06-16,186,-2.0828342477830772
ET,2024-06-16,107,-1.5828680291451969
SU,2024-06-16,385,-3.555274400779271
EC,2024-06-16,179,-0.9809102712610374
HA,2024-06-16,107,-2.559302242055481
TI,2024-06-16,99,-4.2484846220375685
OD,2024-06-16,64,-3.26968455460748
VE,2024-06-16,207,-1.8890525859708134
KE,2024-06-16,483,-1.4999307545952199
BM,2024-06-16,65,-2.4646766749697915
UZ,2024-06-16,67,-1.0705157652567128
KG,2024-06-16,35,-1.2710577039972228
NU,2024-06-16,49,-1.7182727360920373
BL,2024-06-16,44,-0.6947520174966628
ER,2024-06-16,13,-2.1353225088678434
KE,2024-06-23,371,-2.3306610182936924
AF,2024-06-23,724,-1.979134686798048
ET,2024-06-23,89,-0.39606419217974453
BL,2024-06-23,73,-1.8598714986260874
PK,2024-06-23,1042,-2.7543838886064123
CO,2024-06-23,291,0.5294993373394067
PE,2024-06-23,173,-0.9087446256395723
EC,2024-06-23,125,-0.7669301028215931
SU,2024-06-23,118,-3.801138598945027
BM,2024-06-23,58,-2.1790625061733464
OD,2024-06-23,43,-1.5418424048492048
VE,2024-06-23,226,-3.1852195036011066
NU,2024-06-23,32,-0.7199981687901404
ER,2024-06-23,25,-0.46930977438576205
TI,2024-06-23,48,-1.9528813791624067
KG,2024-06-23,29,0.8955478535573298
UZ,2024-06-23,62,-0.37637246276041664
HA,2024-06-23,50,-1.542433536003349
SO,2024-06-23,50,-3.2057199311450826
PK,2024-06-30,981,-1.697584229620179
AF,2024-06-30,458,-2.0600156943517454
BM,2024-06-30,317,-2.9071482896543124
ET,2024-06-30,164,-4.1918262126757
SU,2024-06-30,165,-4.874684396934253
VE,2024-06-30,283,-1.9706497633689122
CO,2024-06-30,155,-0.9829100788596522
TI,2024-06-30,46,0.25875951352973736
KE,2024-06-30,371,-1.845641640182557
PE,2024-06-30,174,0.16376862183436208
EC,2024-06-30,77,-2.1504264329955416
SO,2024-06-30,90,-0.28697961283112466
UZ,2024-06-30,92,0.3690196450693971
HA,2024-06-30,116,-3.653652675549016
KG,2024-06-30,39,-0.5447639424446644
BL,2024-06-30,129,-2.7028458833290876
NU,2024-06-30,50,-1.6063349392404733
OD,2024-06-30,37,-1.492187260946924
ER,2024-06-30,35,-0.5852475473762313
VE,2024-07-07,747,-4.544300268096556
PK,2024-07-07,800,-2.0064920378625244
PE,2024-07-07,142,-1.3185737346817943
AF,2024-07-07,362,-1.9408105472688773
KE,2024-07-07,446,-2.432763820930239
EC,2024-07-07,43,-0.49929448133135723
BL,2024-07-07,41,-0.04044421947233611
SO,2024-07-07,50,-0.2582594541460132
SU,2024-07-07,148,-2.1991621041570673
UZ,2024-07-07,64,0.5292062833798019
HA,2024-07-07,47,-1.6609435044236551
CO,2024-07-07,249,-0.6492056442010077
BM,2024-07-07,48,-1.4732051454585244
KG,2024-07-07,48,-1.1676154534451564
ET,2024-07-07,85,0.12673235024143642
OD,2024-07-07,44,-0.02347907422630415
TI,2024-07-07,37,1.2715741161410385
NU,2024-07-07,12,-1.9674311873968569
ER,2024-07-07,23,-2.5617338379301358
NU,2024-07-14,61,-1.269532977380124
AF,2024-07-14,292,-2.477062115581846
BL,2024-07-14,61,-5.487378359504702
PK,2024-07-14,1137,-2.7400344602444866
CO,2024-07-14,317,-0.05909724485784101
VE,2024-07-14,277,-2.6888417181548037
PE,2024-07-14,123,0.07473655087951434
BM,2024-07-14,64,-1.8528908537895656
TI,2024-07-14,21,-0.20410684333457224
KE,2024-07-14,331,-2.542213909751744
SO,2024-07-14,71,-4.404799038040364
SU,2024-07-14,100,-2.5128620004961064
EC,2024-07-14,67,-0.7789758084115987
UZ,2024-07-14,44,1.1903872193785816
ET,2024-07-14,71,-0.9877583501500256
HA,2024-07-14,48,-1.8996862212233252
KG,2024-07-14,22,0.2708497539139933
ER,2024-07-14,15,0.14266860785383784
OD,2024-07-14,31,-1.3117698142839773
KE,2024-07-21,434,-1.395630828895709
AF,2024-07-21,566,-2.1210672527413217
PK,2024-07-21,1570,-4.196331669600626
VE,2024-07-21,146,-2.0150319932252465
BM,2024-07-21,50,-1.2829398922649942
OD,2024-07-21,270,0.9018271796960308
CO,2024-07-21,235,-0.32270514127582783
KG,2024-07-21,21,0.4225134500645754
TI,2024-07-21,14,-4.620544654852191
UZ,2024-07-21,71,-0.6283217764912139
EC,2024-07-21,42,-0.6673741161413395
SO,2024-07-21,117,-0.352301039445615
HA,2024-07-21,75,-0.6410991231470743
SU,2024-07-21,109,-0.7975272004953073
ET,2024-07-21,113,-0.15941818442824526
ER,2024-07-21,48,1.083711301907499
NU,2024-07-21,96,-0.40367512074162576
BL,2024-07-21,47,-4.982121621525279
PE,2024-07-21,113,0.661748303055228
ET,2024-07-28,141,-0.7475019486933472
PK,2024-07-28,1039,-2.3546477467060583
OD,2024-07-28,156,0.8884338595914852
CO,2024-07-28,465,-1.3414125035669273
VE,2024-07-28,764,-1.92665308409385
AF,2024-07-28,310,-2.019405542874483
SO,2024-07-28,67,-2.14732836245538
SU,2024-07-28,110,-2.432166664955106
KE,2024-07-28,308,-1.105084334873744
UZ,2024-07-28,88,0.27910490084192596
EC,2024-07-28,136,-1.4005212096475819
PE,2024-07-28,176,0.4336517788834225
BL,2024-07-28,168,-2.932898329342675
HA,2024-07-28,199,-2.2279855032894478
BM,2024-07-28,57,-0.4253715132319359
KG,2024-07-28,28,-0.7532440990153216
ER,2024-07-28,70,-3.4852532129333382
NU,2024-07-28,40,-0.42417576933116125
TI,2024-07-28,24,-1.597477221729716
VE,2024-08-04,559,-2.6418571443058116
CO,2024-08-04,392,-0.026977290443162598
PK,2024-08-04,1277,-4.332506943945851
KE,2024-08-04,448,-2.31690516216592
AF,2024-08-04,273,-3.13551125276695
HA,2024-08-04,127,-2.186700934813094
OD,2024-08-04,80,-1.0556459555911457
EC,2024-08-04,64,-1.8880892891150483
BL,2024-08-04,48,-1.7544030103290635
NU,2024-08-04,58,-1.1794593457931033
UZ,2024-08-04,117,-0.4776980184369104
BM,2024-08-04,24,-0.9389570593316039
TI,2024-08-04,15,1.8566476426612628
SO,2024-08-04,125,-5.906439862069137
SU,2024-08-04,126,-5.116064301613254
ER,2024-08-04,9,1.4008933945949
PE,2024-08-04,114,-0.6386054120476339
ET,2024-08-04,116,-1.6721982202000272
KG,2024-08-04,25,-0.22761639561830904
PK,2024-08-11,1385,-1.6738024040358144
TI,2024-08-11,18,1.3996399720515302
AF,2024-08-11,649,-2.543018101296716
SO,2024-08-11,166,-2.4162011004677253
ET,2024-08-11,453,-0.4924407481212959
VE,2024-08-11,588,-2.8586656853456467
NU,2024-08-11,30,-1.0112705858791082
CO,2024-08-11,357,-0.3898911246419402
UZ,2024-08-11,86,2.1808975209596277
KE,2024-08-11,769,0.4918323947126371
SU,2024-08-11,127,-2.0393570277394555
BM,2024-08-11,59,-1.5594731488772358
PE,2024-08-11,149,-0.3828360008195003
EC,2024-08-11,120,-1.296938385172008
HA,2024-08-11,53,-1.2599884509228307
OD,2024-08-11,57,-0.5710047936713128
KG,2024-08-11,34,0.126470011243493
ER,2024-08-11,21,-0.5851876418168297
BL,2024-08-11,26,-0.5680846030145852
PK,2024-08-18,898,-1.8318423464892108
SU,2024-08-18,224,-4.691086233898491
ET,2024-08-18,117,0.710234179796036
BM,2024-08-18,123,-2.5941124932030357
VE,2024-08-18,633,-2.0597652393897254
AF,2024-08-18,547,-2.330213830570649
CO,2024-08-18,692,-0.455078096015425
BL,2024-08-18,34,-1.854891773997346
NU,2024-08-18,33,-0.45599748127444567
HA,2024-08-18,59,-1.256647974286392
KE,2024-08-18,317,-0.7759645988317853
EC,2024-08-18,35,-0.234152528836807
SO,2024-08-18,66,-1.7102864004924494
PE,2024-08-18,91,-0.8499865699583007
TI,2024-08-18,17,0.1263455082134105
KG,2024-08-18,20,2.8508395094899788
OD,2024-08-18,42,-0.027300817747437988
UZ,2024-08-18,34,1.3975167488541416
ER,2024-08-18,11,1.0089758200080121
PK,2024-08-25,1254,-3.3409715792340817
AF,2024-08-25,995,-5.448119876610346
VE,2024-08-25,455,-2.426398751447375
CO,2024-08-25,386,-2.369044320770389
KE,2024-08-25,353,-1.3045044365918443
PE,2024-08-25,102,1.007205093821315
ET,2024-08-25,165,-3.5738745405652224
ER,2024-08-25,18,-4.544501236301571
SU,2024-08-25,255,-2.6961473439002726
SO,2024-08-25,69,-1.7320072843129044
OD,2024-08-25,77,-1.2886895075476559
HA,2024-08-25,41,-0.38008063351008986
BM,2024-08-25,67,-3.656559666760616
NU,2024-08-25,29,-2.4445147384325847
EC,2024-08-25,34,0.5328038920349606
UZ,2024-08-25,42,1.4277282558857922
BL,2024-08-25,21,0.6232311945817329
TI,2024-08-25,26,-1.3619054194860156
KG,2024-08-25,32,0.282684246338331
AF,2024-09-01,1184,-2.9290565053979645
CO,2024-09-01,331,-1.0485303748959123
PK,2024-09-01,937,-1.8455876467275276
PE,2024-09-01,168,0.38565526180100274
KE,2024-09-01,400,-0.6243155635161108
ET,2024-09-01,193,-0.7209028669931533
TI,2024-09-01,48,-4.1432449600485945
EC,2024-09-01,94,-2.0205711055724436
VE,2024-09-01,240,-3.2881909012916752
SO,2024-09-01,68,-1.1395184898719433
SU,2024-09-01,111,-3.6952429665592716
OD,2024-09-01,33,-2.3304484429569827
HA,2024-09-01,97,-2.5116886012757553
NU,2024-09-01,80,-2.9795780558188865
ER,2024-09-01,22,-3.247015166649787
UZ,2024-09-01,61,2.9656817342912385
KG,2024-09-01,43,0.7293138028964132
BL,2024-09-01,35,-0.9000570522208682
BM,2024-09-01,42,-1.8167707153774917
ET,2024-09-08,387,-2.0708170033587927
PK,2024-09-08,1115,-1.8230983969124435
BM,2024-09-08,46,-0.19901078323530294
AF,2024-09-08,500,-1.635222991433886
KE,2024-09-08,346,-1.3270405123867914
VE,2024-09-08,975,-2.70588701277933
NU,2024-09-08,25,-1.0729045730602969
CO,2024-09-08,220,-1.285381357481558
SU,2024-09-08,342,-4.385293628380149
BL,2024-09-08,47,-2.061076867617531
ER,2024-09-08,196,-3.5386951440660144
PE,2024-09-08,105,0.432927732971758
SO,2024-09-08,58,-2.2106949746829905
EC,2024-09-08,54,-0.04225698945251744
HA,2024-09-08,74,-1.730111040296614
KG,2024-09-08,41,-0.1865790347059993
TI,2024-09-08,23,-1.0091809499266542
OD,2024-09-08,37,-1.7951185089699413
UZ,2024-09-08,42,1.1401430598696154
BM,2024-09-15,127,-4.433356777044156
VE,2024-09-15,921,-4.246729961614612
PK,2024-09-15,917,-1.133582940380506
PE,2024-09-15,151,-0.9967966640476926
CO,2024-09-15,903,-2.0218115950043414
AF,2024-09-15,984,-4.27630316385599
BL,2024-09-15,261,-3.444339045702226
KE,2024-09-15,294,-1.1108614705698459
SU,2024-09-15,343,-4.365373547027854
ER,2024-09-15,268,-4.990227502508332
HA,2024-09-15,945,-3.7091441326498966
KG,2024-09-15,40,-0.45796418846508297
UZ,2024-09-15,72,1.0320438251824653
SO,2024-09-15,104,-1.3681520744555908
ET,2024-09-15,141,0.15286597306061064
EC,2024-09-15,62,-0.6128317292338653
NU,2024-09-15,126,2.6551185753985056
OD,2024-09-15,35,-0.8773943863720272
TI,2024-09-15,20,-0.2694377128290277
PK,2024-09-22,1006,-1.319723330902977
EC,2024-09-22,70,-2.512624357092614
SU,2024-09-22,418,-2.473320732927959
KE,2024-09-22,773,-2.297188481361963
ET,2024-09-22,84,-0.7871056208758921
VE,2024-09-22,243,-2.6529980302700173
NU,2024-09-22,231,-2.2770242705155734
HA,2024-09-22,523,-2.695264061736683
CO,2024-09-22,204,-0.5194523259606516
BM,2024-09-22,47,-2.050944606839804
PE,2024-09-22,106,-0.07310984600139599
KG,2024-09-22,24,-0.0344608340690103
AF,2024-09-22,330,-2.7049132268991953
BL,2024-09-22,36,-1.2097190121692514
TI,2024-09-22,40,-3.2470968651405387
ER,2024-09-22,13,0.31514349916940526
SO,2024-09-22,64,-2.016474738673205
OD,2024-09-22,43,-0.3173361483577421
UZ,2024-09-22,58,2.000264834897558
VE,2024-09-29,315,-3.8465511024903676
SU,2024-09-29,186,-3.0972412980085164
PK,2024-09-29,1031,-2.363218920103563
AF,2024-09-29,564,-1.6830963225073672
KE,2024-09-29,360,-1.168260576248044
UZ,2024-09-29,73,2.514694947079704
BM,2024-09-29,27,-1.529468687689855
HA,2024-09-29,327,-2.5061164147333455
ET,2024-09-29,279,-1.3225526553503049
ER,2024-09-29,19,-0.14500873367001882
EC,2024-09-29,89,1.205878315352453
SO,2024-09-29,119,-3.7280833051186755
NU,2024-09-29,56,0.24851265560607022
CO,2024-09-29,191,0.039544762046172965
PE,2024-09-29,127,0.37422831524204847
BL,2024-09-29,33,-0.7417736927698682
TI,2024-09-29,9,-1.1043669405281513
KG,2024-09-29,33,0.6916996711930136
OD,2024-09-29,31,-1.434712384228047
PK,2024-10-06,1195,-2.8490000699797844
EC,2024-10-06,283,-0.2993926447559375
HA,2024-10-06,281,-4.760748989452471
TI,2024-10-06,41,-0.4507734066944448
KG,2024-10-06,50,0.39102048152973273
UZ,2024-10-06,78,-1.236001784885149
PE,2024-10-06,267,0.36870511402276535
VE,2024-10-06,196,-1.645341172274228
NU,2024-10-06,42,-1.4249435120291625
KE,2024-10-06,320,-1.7491668828646785
BL,2024-10-06,54,-0.40268677278910103
SU,2024-10-06,120,-3.004717011798743
ET,2024-10-06,118,-3.171707851635026
OD,2024-10-06,29,-1.165552810897242
AF,2024-10-06,400,-3.513342364504993
BM,2024-10-06,37,-0.41803766643715756
CO,2024-10-06,137,0.43803332821385577
SO,2024-10-06,90,-4.529443443876001
ER,2024-10-06,64,-6.376873583333567
KE,2024-10-13,472,-0.2619361932570257
PK,2024-10-13,956,-1.3252969401153023
BL,2024-10-13,56,-0.9542435896743856
PE,2024-10-13,148,0.536874480483015
EC,2024-10-13,49,-0.826817806543272
AF,2024-10-13,436,-2.1329912675533915
ET,2024-10-13,215,0.5186310578764556
SO,2024-10-13,63,-1.7354826803440038
HA,2024-10-13,199,-1.6513077243224832
CO,2024-10-13,253,-0.4302964711543317
NU,2024-10-13,49,-2.58309933750929
UZ,2024-10-13,121,-0.7083170300230176
SU,2024-10-13,146,-2.854925899721108
TI,2024-10-13,107,-1.2068277384089636
VE,2024-10-13,401,-2.8298366666083004
BM,2024-10-13,39,-2.586254753703645
OD,2024-10-13,39,-0.9006048968355751
KG,2024-10-13,115,-0.667274378275706
ER,2024-10-13,28,-1.7355979093753784
PK,2024-10-20,1055,-1.2669988777718042
VE,2024-10-20,353,-3.0906435032069592
PE,2024-10-20,109,-0.15913825993224542
HA,2024-10-20,184,-2.440478860519548
BM,2024-10-20,81,-2.5883741797540485
CO,2024-10-20,330,-0.4934206919212655
BL,2024-10-20,62,1.0172499666980468
KE,2024-10-20,352,-0.7805902548993277
OD,2024-10-20,27,-0.6637782115026888
AF,2024-10-20,421,-1.4140779752421688
EC,2024-10-20,66,-0.31593863050720933
SO,2024-10-20,49,-1.2177477817612918
ET,2024-10-20,169,-0.6509155507045605
TI,2024-10-20,37,-1.5070890758813706
SU,2024-10-20,104,-2.2557585080709104
KG,2024-10-20,33,-0.463419472926663
UZ,2024-10-20,51,0.089166315092994
NU,2024-10-20,14,-2.2848732716762403
ER,2024-10-20,19,-2.6482778257318578
PK,2024-10-27,1010,-1.473108979256131
KE,2024-10-27,366,-0.15648364024452682
AF,2024-10-27,301,-3.011600109754511
ET,2024-10-27,228,0.7238218681860635
OD,2024-10-27,30,-3.4632068832415253
VE,2024-10-27,331,-2.013783140183714
PE,2024-10-27,98,0.17189801253480463
SO,2024-10-27,74,-2.2121913815534886
SU,2024-10-27,175,-6.075445949125166
EC,2024-10-27,119,0.7764369741891343
HA,2024-10-27,357,-1.0073665183438478
BM,2024-10-27,35,-1.7118896452735954
NU,2024-10-27,32,-3.1319566975907427
CO,2024-10-27,416,-0.3371750987061537
BL,2024-10-27,148,-4.843597509414774
UZ,2024-10-27,148,1.525448295848366
TI,2024-10-27,12,-2.5129302371915228
KG,2024-10-27,29,0.366725252863307
ER,2024-10-27,12,-2.49858823543653
HA,2024-11-03,183,-1.6419489107013336
KE,2024-11-03,501,0.6905018514071212
VE,2024-11-03,1009,-5.322451574238237
PK,2024-11-03,1266,-2.588156460432688
PE,2024-11-03,126,1.2205765051194364
NU,2024-11-03,30,-1.733706027220175
SO,2024-11-03,289,-3.3520048126593713
ET,2024-11-03,257,-1.3408701025117469
CO,2024-11-03,239,-0.24904208893553398
SU,2024-11-03,122,-4.362997156711303
AF,2024-11-03,280,-2.200411135962667
BL,2024-11-03,89,-4.592838647346556
OD,2024-11-03,85,-5.33258403841804
UZ,2024-11-03,48,1.2534834126814516
TI,2024-11-03,22,-1.0309069328585385
KG,2024-11-03,26,0.9586852601894074
BM,2024-11-03,58,-0.9535485348333339
ER,2024-11-03,14,-2.515643257485475
EC,2024-11-03,43,-1.3161136180171895
PK,2024-11-10,844,-2.2889920118597544
KE,2024-11-10,562,-0.20099519033659044
AF,2024-11-10,973,-0.8300526388140057
VE,2024-11-10,289,-4.00161676390325
PE,2024-11-10,298,0.526864806230071
CO,2024-11-10,166,-0.37803323786660287
SO,2024-11-10,62,-2.3848843555347985
SU,2024-11-10,119,-2.3195505844988378
OD,2024-11-10,51,-0.6590457617573598
EC,2024-11-10,73,-0.8267394009950183
BL,2024-11-10,59,-2.3626754534007213
NU,2024-11-10,64,-2.0479747811572717
HA,2024-11-10,118,-3.344227903458179
ET,2024-11-10,94,-0.7133764619262297
BM,2024-11-10,34,-1.6259591831301397
UZ,2024-11-10,49,0.852226466458336
KG,2024-11-10,29,1.3833456276778053
ER,2024-11-10,13,-1.020320308822761
TI,2024-11-10,17,0.4092253886137823
PE,2024-11-17,1520,-0.9136292685335073
BL,2024-11-17,73,-1.2065989013295682
PK,2024-11-17,887,-2.083374391919282
SU,2024-11-17,102,-2.2779938900812096
NU,2024-11-17,281,-3.441969500258971
ET,2024-11-17,149,0.1433368163508468
KG,2024-11-17,34,0.4381746300021058
VE,2024-11-17,385,-0.6545608381925514
KE,2024-11-17,350,-1.1924965410428123
AF,2024-11-17,527,-2.401715387965306
CO,2024-11-17,119,0.487256149808633
SO,2024-11-17,56,-0.3124018634055883
OD,2024-11-17,31,-2.068701056775301
EC,2024-11-17,69,-0.5640165052355595
TI,2024-11-17,26,0.005334913932591334
HA,2024-11-17,92,-1.9549391437204755
UZ,2024-11-17,148,2.8028453598230687
ER,2024-11-17,175,0.9600902616851442
BM,2024-11-17,25,-0.6611663937246738
HA,2024-11-24,219,-1.9308155110490366
KE,2024-11-24,573,-1.9716848804344227
SO,2024-11-24,87,-2.286914369295842
ET,2024-11-24,196,-1.4970364238210234
NU,2024-11-24,127,-2.497879296760114
CO,2024-11-24,343,-1.2462179225343664
VE,2024-11-24,309,-3.188036591895841
AF,2024-11-24,420,-2.554510947759391
PK,2024-11-24,1067,-3.219123803004781
BL,2024-11-24,205,-3.5901335876742224
PE,2024-11-24,356,-2.3384058315676994
BM,2024-11-24,81,-3.380002943664061
UZ,2024-11-24,138,-1.3331215160015675
SU,2024-11-24,132,-2.645005236824715
OD,2024-11-24,33,-2.0232482411384805
EC,2024-11-24,74,-2.9314078293923425
KG,2024-11-24,21,-1.5241446879525369
ER,2024-11-24,3,-0.6041236092090472
TI,2024-11-24,15,-0.45081701253090095
AF,2024-12-01,379,-2.8639046104388606
KG,2024-12-01,45,1.1086044405671516
TI,2024-12-01,48,1.0088533504332977
PK,2024-12-01,1052,-2.1603842703819263
UZ,2024-12-01,80,1.1815937230076785
ET,2024-12-01,451,-0.9168569134367454
BM,2024-12-01,48,-3.4310382806900397
EC,2024-12-01,373,-2.5190185130175857
CO,2024-12-01,247,-1.7164430648804772
OD,2024-12-01,60,-3.066852922668617
KE,2024-12-01,564,-1.1974246904326789
SU,2024-12-01,107,-2.38325384366559
SO,2024-12-01,79,-2.6759186698401396
PE,2024-12-01,280,-1.393411321934324
VE,2024-12-01,208,-2.8134857248017258
ER,2024-12-01,22,-1.3747219095816243
BL,2024-12-01,90,-6.792302335532317
NU,2024-12-01,44,-1.5177279647074278
HA,2024-12-01,61,-2.386139077790335
CO,2024-12-08,171,-0.8486211016037631
PK,2024-12-08,811,-1.877145736610032
PE,2024-12-08,174,1.5178509781591674
VE,2024-12-08,199,-1.0660459929259734
AF,2024-12-08,334,-3.100661704898725
KE,2024-12-08,465,-0.8895102042389793
OD,2024-12-08,38,-1.4425552111468634
SO,2024-12-08,105,-0.15487904467765928
NU,2024-12-08,38,-1.7285095484353215
SU,2024-12-08,179,-2.5152097928996673
ET,2024-12-08,119,0.21273328701197985
BM,2024-12-08,88,1.2747504767998792
HA,2024-12-08,131,-1.721115540414274
KG,2024-12-08,17,-0.4942182748923758
EC,2024-12-08,54,0.6152606097922154
UZ,2024-12-08,41,-0.8814060865370158
ER,2024-12-08,15,-1.606651631439609
BL,2024-12-08,42,-0.9327526516691559
TI,2024-12-08,12,-0.053119031960966234
PK,2024-12-15,1032,-1.2993768276483946
VE,2024-12-15,448,1.2075622133786947
CO,2024-12-15,132,0.04010681450121912
KE,2024-12-15,334,-0.10556913764480484
PE,2024-12-15,327,0.8579513529548634
AF,2024-12-15,340,-2.356574466172324
BM,2024-12-15,34,-0.5526386352107275
UZ,2024-12-15,45,-1.1242067649129708
SU,2024-12-15,165,-0.9265928849134606
HA,2024-12-15,111,-0.361894620707573
BL,2024-12-15,69,-0.7979500592866877
SO,2024-12-15,68,-1.2536796305052673
ET,2024-12-15,104,-0.014024005569643245
NU,2024-12-15,28,-0.685558036541107
EC,2024-12-15,33,0.39966545102679635
OD,2024-12-15,37,-1.6852632328268917
TI,2024-12-15,19,-2.259213050978677
KG,2024-12-15,21,0.21483314730302278
ER,2024-12-15,20,-0.5763621995607704
PK,2024-12-22,886,-1.9397040149868918
AF,2024-12-22,324,-2.648006892652485
BL,2024-12-22,31,-0.6066314487991051
VE,2024-12-22,177,-1.4005436581044146
SU,2024-12-22,206,-4.539346168074149
HA,2024-12-22,49,-1.1233327311858063
CO,2024-12-22,178,-0.17035882422766327
OD,2024-12-22,110,-4.020442903657396
PE,2024-12-22,116,0.6440508293988292
KE,2024-12-22,384,0.10899981488539574
EC,2024-12-22,56,-2.018888684370348
SO,2024-12-22,76,-2.8311010875541007
BM,2024-12-22,42,-0.6583516972717389
ET,2024-12-22,147,0.5206221542765606
TI,2024-12-22,29,1.804783270196902
UZ,2024-12-22,24,1.385356598521218
ER,2024-12-22,15,-5.012718293477978
KG,2024-12-22,18,-0.6908437597705079
NU,2024-12-22,16,-2.168874613801871
KG,2024-12-29,60,-3.080205499101377
PK,2024-12-29,875,-2.052345100563971
PE,2024-12-29,199,-1.5581452148836468
EC,2024-12-29,104,-2.6232759885411805
SU,2024-12-29,617,-1.386429816561601
ET,2024-12-29,391,-0.6066189702900278
AF,2024-12-29,920,-2.862065630918888
HA,2024-12-29,501,-1.1979358798626114
BM,2024-12-29,59,1.1055225467587213
KE,2024-12-29,313,-0.6181888973901676
NU,2024-12-29,162,-3.1846198568784008
BL,2024-12-29,70,-2.491578896437506
UZ,2024-12-29,53,2.1344036053888686
TI,2024-12-29,14,0.3408869452724814
CO,2024-12-29,137,-1.3134976126828846
VE,2024-12-29,141,-2.548871221276038
ER,2024-12-29,47,-1.4120449943160587
SO,2024-12-29,76,-1.9116643020644588
OD,2024-12-29,35,-0.1444943135672264
KE,2025-01-05,409,-1.215369492531373
VE,2025-01-05,505,-2.0756088478527674
PK,2025-01-05,924,-1.453505383260029
CO,2025-01-05,226,-1.1148904295489936
AF,2025-01-05,392,-2.696243138568002
SU,2025-01-05,264,-0.7878758763667518
HA,2025-01-05,100,-1.5508263814836922
PE,2025-01-05,162,-0.7485080240901049
BM,2025-01-05,55,-0.8071988031487046
ET,2025-01-05,204,-0.8706171754108891
SO,2025-01-05,61,-3.5732545518683856
UZ,2025-01-05,54,-0.565651457585764
EC,2025-01-05,45,-1.637082162682475
OD,2025-01-05,95,-0.46598704459372986
NU,2025-01-05,25,-0.9539894190934879
BL,2025-01-05,36,-0.38101060134270937
TI,2025-01-05,20,-1.5074384929865936
KG,2025-01-05,18,-0.3391769813469236
ER,2025-01-05,11,-0.032996445671768744
HA,2025-01-12,62,-1.772997875136372
AF,2025-01-12,494,-1.5753772761228122
PK,2025-01-12,1098,-1.0992289670748276
ET,2025-01-12,180,-0.5179584552189083
VE,2025-01-12,211,-2.17464671754569
KE,2025-01-12,371,-1.338503077660811
EC,2025-01-12,150,1.7710574374920411
KG,2025-01-12,14,-0.9504330349505725
UZ,2025-01-12,29,-0.5045990538838762
SU,2025-01-12,169,-2.5736290264145194
PE,2025-01-12,134,0.5251809567041813
CO,2025-01-12,125,-0.9277317479051301
BM,2025-01-12,34,-1.547206715907517
SO,2025-01-12,80,-0.03199258182346739
NU,2025-01-12,41,-2.344211033915786
BL,2025-01-12,25,-0.9879659490770769
OD,2025-01-12,40,-1.1459341971886512
TI,2025-01-12,16,-0.5652987323903533
ER,2025-01-12,38,-1.065591347874136
KE,2025-01-19,494,0.05804506719897765
PK,2025-01-19,901,-0.89822558598172
AF,2025-01-19,436,-1.8541553528891783
CO,2025-01-19,405,-1.104105753008506
PE,2025-01-19,402,1.0729124458165271
OD,2025-01-19,42,-1.372709786270543
VE,2025-01-19,397,-2.6435006904496836
ET,2025-01-19,198,-2.860364710518572
EC,2025-01-19,293,1.2800919842272245
BL,2025-01-19,184,1.489814836629612
HA,2025-01-19,120,-1.573940723345216
NU,2025-01-19,30,-1.6404034348350562
SU,2025-01-19,126,-2.327729059455749
ER,2025-01-19,19,-0.10939287232620097
TI,2025-01-19,16,1.6103160247946213
BM,2025-01-19,51,0.5058431925765047
SO,2025-01-19,40,-1.7210393406866142
UZ,2025-01-19,28,1.0189772855705166
KG,2025-01-19,22,-0.9436008479618281
PK,2025-01-26,1128,-1.604843072287
SU,2025-01-26,577,-5.43006750322356
AF,2025-01-26,606,-2.696547385159087
KG,2025-01-26,21,-0.3456987929687394
UZ,2025-01-26,62,0.9854631841166073
HA,2025-01-26,230,-1.702246028001575
BL,2025-01-26,47,-1.9272942380201343
ET,2025-01-26,93,-0.27440556465427013
EC,2025-01-26,186,-1.790240836469386
PE,2025-01-26,305,-2.4087240426903063
VE,2025-01-26,446,-2.7252879623525748
CO,2025-01-26,762,-3.797473520643362
KE,2025-01-26,302,-0.573550042911735
ER,2025-01-26,14,-0.3680090358416796
SO,2025-01-26,53,-2.2784522700335934
OD,2025-01-26,127,-6.35621994655272
NU,2025-01-26,71,-2.7467270829069266
BM,2025-01-26,39,0.10617374506076117
TI,2025-01-26,12,1.5185873688365925
KE,2025-02-02,226,-1.0077855314033073
AF,2025-02-02,803,-3.139925555525162
PK,2025-02-02,742,-1.6967291471964097
UZ,2025-02-02,65,-0.3114385711263942
VE,2025-02-02,651,-2.649408186558139
NU,2025-02-02,252,-2.6255913722685382
BL,2025-02-02,50,-0.7780754196387301
CO,2025-02-02,518,-1.8722452787759538
ET,2025-02-02,116,-1.133418236495278
KG,2025-02-02,24,-0.7478252568819282
SU,2025-02-02,186,-4.915149405539172
EC,2025-02-02,98,-1.8489725582625502
PE,2025-02-02,98,0.709028353245956
HA,2025-02-02,116,-2.167431411835783
SO,2025-02-02,228,-4.164353998426892
OD,2025-02-02,79,-4.538032576177124
BM,2025-02-02,54,-2.3320615572478514
ER,2025-02-02,16,-1.2765332625494477
TI,2025-02-02,14,0.6577981145043621
PK,2025-02-09,844,-1.3817614068806736
PE,2025-02-09,315,-1.0766555508756388
EC,2025-02-09,231,-3.4577956457847323
CO,2025-02-09,296,-2.7747654151435697
VE,2025-02-09,151,-2.1457560860748033
AF,2025-02-09,451,-0.8680716514019157
ET,2025-02-09,152,0.10647046793087482
TI,2025-02-09,22,1.0188967842571022
UZ,2025-02-09,47,-0.3125280223933841
HA,2025-02-09,166,-3.457990805815667
BL,2025-02-09,33,0.5036802916333378
NU,2025-02-09,56,-2.7113739925959854
SU,2025-02-09,144,-2.5194220556470293
SO,2025-02-09,91,-2.892343556120576
KE,2025-02-09,359,-0.6392233147763142
KG,2025-02-09,28,-0.13805264176477655
ER,2025-02-09,17,-1.5855901582110263
OD,2025-02-09,33,0.6199906443570332
BM,2025-02-09,15,-1.593321403381759
PE,2025-02-16,440,0.1152980229650576
CO,2025-02-16,338,-0.030655675310103568
KE,2025-02-16,288,-0.07433164106342613
AF,2025-02-16,502,-3.818718260629383
PK,2025-02-16,847,-1.4192275026862984
SU,2025-02-16,175,-2.317572390460738
VE,2025-02-16,176,-1.0666079057900522
EC,2025-02-16,95,0.09907466587366714
ET,2025-02-16,450,-1.599543353266897
BM,2025-02-16,32,-2.006299316795626
HA,2025-02-16,55,-1.8374770109643739
SO,2025-02-16,63,-2.5215720634192396
OD,2025-02-16,20,-0.6611946301355912
NU,2025-02-16,22,-1.814608110232186
ER,2025-02-16,9,-1.36876541111769
BL,2025-02-16,15,-1.6892494853410216
TI,2025-02-16,11,-1.9414645320102517
KG,2025-02-16,17,0.8944253909481019
UZ,2025-02-16,37,-0.24365224242805433
PK,2025-02-23,1011,-0.2535063779283902
VE,2025-02-23,231,-2.969221256535637
AF,2025-02-23,726,-2.869878290002972
ET,2025-02-23,424,-4.358213612267623
SU,2025-02-23,247,-2.7365497757905883
KE,2025-02-23,377,-0.7462665247246136
OD,2025-02-23,54,-1.469345170246825
HA,2025-02-23,90,-2.3608423063388453
CO,2025-02-23,228,-2.167005938180164
PE,2025-02-23,211,-0.29130989338337887
EC,2025-02-23,54,-1.2893046606251488
BL,2025-02-23,29,-0.08237926781939732
SO,2025-02-23,64,-1.4195619741605567
UZ,2025-02-23,39,0.8211390149040293
NU,2025-02-23,34,-2.6063278539663934
KG,2025-02-23,27,0.042126344823760584
BM,2025-02-23,47,-1.4031269252067464
TI,2025-02-23,15,-1.2586490700573276
ER,2025-02-23,15,-0.39840143955011226
PK,2025-03-02,901,-2.3918782770740985
VE,2025-03-02,325,-4.147395797007559
KE,2025-03-02,235,-0.42483451715097664
AF,2025-03-02,590,-2.2293116950268215
KG,2025-03-02,17,0.4999573797339783
NU,2025-03-02,59,-1.7037192283757656
HA,2025-03-02,79,-2.560436559510856
ET,2025-03-02,84,0.6598698647849593
SO,2025-03-02,55,-1.761579100484847
OD,2025-03-02,62,-3.210884690710274
CO,2025-03-02,133,-0.6819752625822035
SU,2025-03-02,181,-2.6744662087475777
TI,2025-03-02,24,0.6252849359472222
PE,2025-03-02,190,0.12878703114733717
BM,2025-03-02,35,-1.9998312491708905
ER,2025-03-02,14,-0.9459349630317542
UZ,2025-03-02,40,1.6538657901561646
EC,2025-03-02,29,-1.5732275954699957
BL,2025-03-02,89,-3.4200783955952696
PK,2025-03-09,952,-1.9627097053295524
KG,2025-03-09,40,0.6615423070537007
AF,2025-03-09,517,-2.36623972657012
CO,2025-03-09,199,-3.047288953483977
BL,2025-03-09,260,-1.6573817264024422
PE,2025-03-09,306,1.306868009932294
HA,2025-03-09,52,-1.90611862982889
SO,2025-03-09,67,-2.3938441982116934
KE,2025-03-09,311,-1.5678224657657187
VE,2025-03-09,240,-1.612858763498872
NU,2025-03-09,39,-1.544051104924673
TI,2025-03-09,12,-0.8260890120839265
UZ,2025-03-09,34,-1.2578067355410834
SU,2025-03-09,166,-2.6610366640571006
EC,2025-03-09,80,-2.6738586952103818
ER,2025-03-09,133,-0.19656981511897254
BM,2025-03-09,69,-2.1726227759888985
ET,2025-03-09,176,-1.8573327877176344
OD,2025-03-09,106,-3.2226710038072754
VE,2025-03-16,1627,-5.292622768009544
UZ,2025-03-16,24,1.084100894342327
PK,2025-03-16,997,-3.739460414887434
AF,2025-03-16,545,-2.5220489851506906
CO,2025-03-16,178,-3.5008607117248682
SU,2025-03-16,154,-2.852163540178545
SO,2025-03-16,79,-4.391705691593249
ET,2025-03-16,99,0.33890344390822263
PE,2025-03-16,375,-1.6863193869217064
BL,2025-03-16,12,-1.6674519629158369
EC,2025-03-16,72,-1.382200038960991
KE,2025-03-16,263,-0.44534994910146486
BM,2025-03-16,57,-3.858717011648077
ER,2025-03-16,45,-4.174267806678379
OD,2025-03-16,88,-3.2048727122788083
KG,2025-03-16,22,0.6423731064839427
HA,2025-03-16,133,-1.5076230506217867
TI,2025-03-16,18,2.3926233935684587
NU,2025-03-16,21,-3.42068978219779
KE,2025-03-23,301,-1.4963352787881208
SU,2025-03-23,122,-2.1045874872963606
OD,2025-03-23,33,-2.6760168880833994
AF,2025-03-23,546,-2.9165841725245305
VE,2025-03-23,532,-3.843806806764529
PK,2025-03-23,879,-1.3073096754573015
CO,2025-03-23,154,-0.525684897823225
PE,2025-03-23,100,0.3635037998102332
SO,2025-03-23,88,-4.136703404313489
KG,2025-03-23,32,2.1042827063616545
UZ,2025-03-23,56,-0.27581291290790444
NU,2025-03-23,143,-2.828214512343591
HA,2025-03-23,178,-2.7416187577444653
BM,2025-03-23,46,-0.9782271843078661
BL,2025-03-23,32,-0.4128921026899823
ET,2025-03-23,101,0.3223773998713963
EC,2025-03-23,55,-1.701785748272553
TI,2025-03-23,18,0.053539332478511524
ER,2025-03-23,29,-0.05890224806631818
SU,2025-03-30,198,-2.107240156317342
KE,2025-03-30,268,-1.5335744503512287
ET,2025-03-30,112,-2.5545736136074675
BM,2025-03-30,1432,-3.6994609182807765
AF,2025-03-30,434,-1.0241094682839305
PK,2025-03-30,792,-1.548444698577985
VE,2025-03-30,389,-2.3042739103306027
CO,2025-03-30,212,0.26264104713377695
PE,2025-03-30,205,1.1105371330124065
EC,2025-03-30,94,-1.8574560948061851
UZ,2025-03-30,35,0.3433405370214462
OD,2025-03-30,69,-1.9016107021413198
SO,2025-03-30,70,-1.8617617078141073
HA,2025-03-30,127,0.32189504450744144
BL,2025-03-30,117,1.7117391542574296
NU,2025-03-30,35,-1.0680799564628989
TI,2025-03-30,34,-0.2243708318634816
KG,2025-03-30,50,0.44380683218964134
ER,2025-03-30,15,-0.6835699040063332
PK,2025-04-06,867,-1.5588136312655965
KE,2025-04-06,291,-0.6356918980037586
AF,2025-04-06,290,-2.820658774214623
VE,2025-04-06,261,-2.3526942203213284
SU,2025-04-06,392,-3.120220948669284
HA,2025-04-06,136,-0.7062191821391391
OD,2025-04-06,250,-3.4090143183888126
SO,2025-04-06,61,-2.6563555240249803
CO,2025-04-06,231,-1.886923834839182
ET,2025-04-06,123,-0.9734085675764169
KG,2025-04-06,30,0.4523872098700238
UZ,2025-04-06,104,1.1879414407212545
BM,2025-04-06,192,-3.093177592705341
PE,2025-04-06,112,-0.05046478740580164
ER,2025-04-06,20,-1.8767864798352658
EC,2025-04-06,59,-0.708295205917972
NU,2025-04-06,46,-1.3833198679706054
BL,2025-04-06,27,-0.23428904668049724
TI,2025-04-06,10,-1.0589950263142267
VE,2025-04-13,365,-1.5220681268613616
PE,2025-04-13,394,-1.9014282511460499
AF,2025-04-13,536,-2.3340193668809417
PK,2025-04-13,821,-1.5880859356536337
EC,2025-04-13,304,-4.134493100184289
CO,2025-04-13,335,-3.3591949224001003
SU,2025-04-13,410,0.9378864105718353
KE,2025-04-13,239,-0.40885036589410856
OD,2025-04-13,276,3.772725781823684
BM,2025-04-13,329,-1.884628624506056
HA,2025-04-13,97,-1.2504759391302187
UZ,2025-04-13,41,0.08046235299207512
NU,2025-04-13,64,-0.8200570600651806
KG,2025-04-13,23,0.6507769876181886
SO,2025-04-13,55,-0.20059718514423872
ET,2025-04-13,90,0.3088332958492267
TI,2025-04-13,48,-2.134248364104969
BL,2025-04-13,32,-0.17732355000153416
ER,2025-04-13,12,-2.0675270847112173
ET,2025-04-20,79,0.8932807734011106
VE,2025-04-20,869,-4.647913998067118
SO,2025-04-20,42,-3.263115079843147
PK,2025-04-20,924,-1.2394602640351504
CO,2025-04-20,134,-2.331435736646807
KE,2025-04-20,242,-0.6625514247487234
AF,2025-04-20,239,-2.334944934334226
PE,2025-04-20,109,-0.3289693792759544
NU,2025-04-20,68,-1.6330799696119185
EC,2025-04-20,51,-2.9788716757851676
SU,2025-04-20,157,-2.6832902418428874
HA,2025-04-20,134,-1.253707844324233
OD,2025-04-20,56,-2.3205667445129476
KG,2025-04-20,43,0.8820827877972174
UZ,2025-04-20,28,0.0374440110925632
BM,2025-04-20,37,-0.5582237267431774
TI,2025-04-20,11,-2.4066267351421415
ER,2025-04-20,13,-3.0243198103992577
BL,2025-04-20,23,-0.3427022911052459
VE,2025-04-27,502,-1.9185974850303276
PK,2025-04-27,2096,-4.254991012924763
AF,2025-04-27,394,-4.253060524579605
CO,2025-04-27,231,-2.6744353955200855
KE,2025-04-27,328,0.1222727903579744
BM,2025-04-27,139,-1.55778427415971
SU,2025-04-27,158,-2.712403731588119
PE,2025-04-27,170,-0.2251206510682332
SO,2025-04-27,60,-1.3789816035210434
ET,2025-04-27,152,0.4295765979125514
UZ,2025-04-27,72,1.9089383241307505
KG,2025-04-27,35,2.874022071114259
OD,2025-04-27,42,-1.9135948828111313
HA,2025-04-27,51,-1.3292636362894443
ER,2025-04-27,15,-1.2127730813701183
NU,2025-04-27,100,-4.0642968550892675
EC,2025-04-27,42,-0.8399903707705524
BL,2025-04-27,45,-0.43061506250414
TI,2025-04-27,25,0.6350075594630288
PK,2025-05-04,1774,-3.496353203450229
KG,2025-05-04,38,0.405045343560487
NU,2025-05-04,121,-1.1827244296313666
HA,2025-05-04,154,-3.1622206176753593
KE,2025-05-04,255,-1.6214702594641393
VE,2025-05-04,324,-1.0508853202015427
SU,2025-05-04,177,-4.462994894065256
ER,2025-05-04,64,-4.30222365293787
SO,2025-05-04,66,-1.5992834170588337
EC,2025-05-04,79,-2.0120193416433603
CO,2025-05-04,130,-2.4433097150925907
PE,2025-05-04,107,-0.8909603585866854
ET,2025-05-04,102,0.45735488647740397
BL,2025-05-04,57,-1.5629240869804257
AF,2025-05-04,234,-3.158639616179404
UZ,2025-05-04,42,-0.2740316043695281
OD,2025-05-04,71,-4.780648667052548
BM,2025-05-04,40,-0.9903122117471208
TI,2025-05-04,12,1.4287305414040974
KE,2025-05-11,225,-0.8046311458370486
AF,2025-05-11,363,-2.4593617477014953
SO,2025-05-11,46,-3.7362745143286453
SU,2025-05-11,99,-3.1159669725466648
PK,2025-05-11,4530,-2.701920822839414
PE,2025-05-11,955,0.9139053681410614
VE,2025-05-11,160,-1.5200343929086055
ET,2025-05-11,60,0.47615736787992435
HA,2025-05-11,87,-0.8626026814249929
EC,2025-05-11,81,-0.9932059459296215
CO,2025-05-11,215,-1.7837657956436181
KG,2025-05-11,29,-0.49001395194430836
OD,2025-05-11,29,-2.573072636139716
ER,2025-05-11,6,-3.2695961148723836
NU,2025-05-11,99,-2.4956461659646374
BL,2025-05-11,62,-2.7471476656200666
UZ,2025-05-11,47,-0.5987576515020454
BM,2025-05-11,31,-0.6902609759659452
TI,2025-05-11,7,-0.8855934873381505
PK,2025-05-18,1802,-2.1793120478398866
AF,2025-05-18,267,-2.8603533967600856
ET,2025-05-18,105,-0.342126510647877
HA,2025-05-18,61,-1.050764237188925
OD,2025-05-18,31,-1.4189125279082546
SU,2025-05-18,86,-2.7208739466051792
VE,2025-05-18,209,-1.8802643306577185
PE,2025-05-18,1124,0.6817042153758037
KE,2025-05-18,284,-1.031650151577299
NU,2025-05-18,26,-1.4718963879878246
EC,2025-05-18,47,-0.28934779697787316
CO,2025-05-18,197,-1.2790440974665902
SO,2025-05-18,147,-6.714058876459265
BM,2025-05-18,25,-1.8653017175348086
TI,2025-05-18,20,-2.18147560881791
BL,2025-05-18,30,-1.038038010400963
UZ,2025-05-18,43,1.2616866675822525
ER,2025-05-18,5,-3.696973482723302
KG,2025-05-18,18,0.9982368914745413
KE,2025-05-25,241,0.17834396057733493
PE,2025-05-25,286,-1.0416209403412384
SO,2025-05-25,177,-2.2580173805338015
PK,2025-05-25,1499,-2.220611315141893
AF,2025-05-25,326,-2.143140862805643
TI,2025-05-25,52,1.004478273108844
BM,2025-05-25,26,-1.8313519115277461
OD,2025-05-25,50,-4.685770240741346
CO,2025-05-25,323,-4.494440964515788
BL,2025-05-25,38,-0.8923223256337187
KG,2025-05-25,31,1.0678776428390275
VE,2025-05-25,283,-3.7800170370226387
EC,2025-05-25,60,-0.9036063405283502
ET,2025-05-25,128,-0.3753600993946338
UZ,2025-05-25,39,1.3258892613481543
SU,2025-05-25,122,-3.375405896833613
ER,2025-05-25,5,3.5148753892088225
NU,2025-05-25,13,-1.4328237052135644
HA,2025-05-25,54,-2.155913240687148
VE,2025-06-01,341,-3.266161667629492
BM,2025-06-01,133,-4.0804133948681605
OD,2025-06-01,137,-3.775500607269876
HA,2025-06-01,115,-0.8686589945043723
PK,2025-06-01,1453,-2.8239042592512957
KE,2025-06-01,331,-0.8258003765634754
AF,2025-06-01,252,-1.4459502968078533
UZ,2025-06-01,59,1.6854970666642464
ET,2025-06-01,188,1.0400914134176877
KG,2025-06-01,32,1.4888808286563975
NU,2025-06-01,44,-3.4984620870290617
PE,2025-06-01,102,0.43525432603157416
CO,2025-06-01,157,-1.0437686310433425
SU,2025-06-01,157,-3.84428167803485
BL,2025-06-01,30,-1.105023871775821
EC,2025-06-01,63,-0.638111399894536
SO,2025-06-01,63,-1.1391784547761339
ER,2025-06-01,9,-0.7681758340435548
TI,2025-06-01,38,-0.26231833575186597
CO,2025-06-08,1056,-3.4018601483215063
PK,2025-06-08,692,-1.7515994202506815
AF,2025-06-08,544,-3.1100752335880326
ER,2025-06-08,251,-4.848428207032329
HA,2025-06-08,284,-4.038921873765735
SO,2025-06-08,277,-4.690621837194796
VE,2025-06-08,399,-3.5960766368916968
SU,2025-06-08,288,-4.616391467985574
OD,2025-06-08,51,-5.977507066003183
EC,2025-06-08,173,-2.4021544045713394
KE,2025-06-08,412,-2.530958959137783
BM,2025-06-08,29,-1.4064518604415608
ET,2025-06-08,143,1.2574970672979457
NU,2025-06-08,114,0.7881943156901976
PE,2025-06-08,114,-0.373828865594704
BL,2025-06-08,16,-0.0016129209638695305
UZ,2025-06-08,36,-0.21958240935136064
KG,2025-06-08,43,-1.7011368639768258
TI,2025-06-08,5,0.7875606351497348
AF,2025-07-06,368,-2.373416578841003
KE,2025-07-06,375,-0.9519285106896097
PK,2025-07-06,1043,-2.5329588597386663
HA,2025-07-06,186,-2.1675596008271687
ET,2025-07-06,508,0.0362806320621889
VE,2025-07-06,159,-0.4325486126189195
SO,2025-07-06,150,-4.893537906308978
SU,2025-07-06,91,-2.460004162946136
UZ,2025-07-06,68,1.32834381766762
CO,2025-07-06,154,-0.23294549855200636
OD,2025-07-06,145,-4.618851742013723
PE,2025-07-06,96,1.0197348127005774
EC,2025-07-06,33,-0.03499939091612876
KG,2025-07-06,22,1.4909198276321156
TI,2025-07-06,23,0.7862804955251422
BL,2025-07-06,37,-0.6755076946924361
ER,2025-07-06,17,-0.3379365382500173
BM,2025-07-06,45,-1.2246893069416136
NU,2025-07-06,36,-1.5166628365046364
PK,2025-07-13,1144,-2.8771138667891267
KE,2025-07-13,337,-0.686553586682348
ET,2025-07-13,418,0.1155300610683951
PE,2025-07-13,178,-2.065791039735343
CO,2025-07-13,258,-1.4214221644588685
AF,2025-07-13,306,-3.1252500554842335
VE,2025-07-13,212,-3.1467169810836277
NU,2025-07-13,48,-2.5212528596160664
SU,2025-07-13,109,-3.7752595708203533
BL,2025-07-13,129,0.6972222734371119
HA,2025-07-13,109,-2.089273677610634
BM,2025-07-13,55,-0.6708081319467478
SO,2025-07-13,77,-2.386890366616841
ER,2025-07-13,13,-1.712635586370193
TI,2025-07-13,24,-0.15781241872582577
UZ,2025-07-13,40,0.27276372440772784
OD,2025-07-13,58,-4.3036052229465085
KG,2025-07-13,22,-1.1254064650568063
EC,2025-07-13,20,-2.8234145539639424
SU,2025-07-20,92,-3.1716419132380413
OD,2025-07-20,48,-2.7483369969724287
NU,2025-07-20,36,-2.368593116304651
PK,2025-07-20,1248,-2.2530878726648305
AF,2025-07-20,434,-2.3487391480665942
UZ,2025-07-20,61,-0.7060433591400517
BL,2025-07-20,21,-1.1103701945997375
VE,2025-07-20,176,-1.538410594935958
KE,2025-07-20,233,-1.6167248449900065
ET,2025-07-20,146,-1.367635974299438
CO,2025-07-20,184,-1.8657732050021674
KG,2025-07-20,21,-0.4847049479017369
ER,2025-07-20,28,-3.238212887892722
HA,2025-07-20,60,-1.885696375551029
EC,2025-07-20,43,-4.392181184824215
SO,2025-07-20,103,-1.3938800035575734
TI,2025-07-20,17,-1.3090099002149842
PE,2025-07-20,80,-0.5980161941392033
BM,2025-07-20,41,-2.691636375496424
SU,2025-07-27,120,-3.6697407272981306
KE,2025-07-27,407,-1.598812516032255
PK,2025-07-27,1151,-2.3163684193206464
KG,2025-07-27,63,3.853612222445877
VE,2025-07-27,276,-3.2561773251477617
NU,2025-07-27,24,-1.4636911662088214
EC,2025-07-27,56,-2.3180635722593084
UZ,2025-07-27,67,1.5193965516887127
PE,2025-07-27,103,0.019392146299209292
CO,2025-07-27,199,-2.5671567397113515
ET,2025-07-27,125,0.5325328914194644
AF,2025-07-27,278,-3.068039809329593
BL,2025-07-27,86,-5.335874635667388
OD,2025-07-27,65,-4.985402249715005
HA,2025-07-27,54,-1.856769577354157
BM,2025-07-27,43,-1.3611064271205695
TI,2025-07-27,27,1.465283656551019
SO,2025-07-27,76,-2.4642073737310555
ER,2025-07-27,12,-1.016413728888342
KE,2025-08-03,233,0.6473637356697379
PE,2025-08-03,168,0.4878209049583462
NU,2025-08-03,26,-2.073076684526603
EC,2025-08-03,75,0.15015133193538147
PK,2025-08-03,1438,-1.7991469635456672
UZ,2025-08-03,41,0.056475283569921826
AF,2025-08-03,406,-2.989394550738285
CO,2025-08-03,200,-1.5549325794796096
ET,2025-08-03,244,-4.1249044950538645
OD,2025-08-03,66,-2.114497692058235
VE,2025-08-03,153,-1.6702396855099886
KG,2025-08-03,28,-0.7110422198517813
HA,2025-08-03,105,-2.264882918386351
TI,2025-08-03,19,-0.8561017275757948
SU,2025-08-03,75,-3.2172625231111955
SO,2025-08-03,97,-3.23103727694745
BM,2025-08-03,34,-1.6871755632070582
BL,2025-08-03,53,0.20341132483464025
ER,2025-08-03,17,-2.263621219611472
SU,2025-08-10,188,-3.859114988473858
PK,2025-08-10,1258,-1.8373059769663271
AF,2025-08-10,804,-3.3965884240533937
UZ,2025-08-10,148,-1.330860455016074
PE,2025-08-10,118,1.0744302608676197
VE,2025-08-10,125,-2.2990054222594507
NU,2025-08-10,30,-2.8487995266338073
HA,2025-08-10,90,-0.3362445600404794
EC,2025-08-10,98,-4.972850876797953
CO,2025-08-10,198,-0.6235990293446056
KE,2025-08-10,318,-0.8920701307080955
ET,2025-08-10,179,-2.4601021330619304
OD,2025-08-10,118,-3.9925829480277226
BM,2025-08-10,55,0.22797811741669527
ER,2025-08-10,13,-3.62623991012136
BL,2025-08-10,42,2.6101437217659864
SO,2025-08-10,45,-3.0177208952909047
TI,2025-08-10,19,-1.1028901927566743
KG,2025-08-10,25,0.14050185540549592
PK,2025-08-17,1464,-4.178887447462199
SU,2025-08-17,88,-4.906636147270782
AF,2025-08-17,324,-3.2839828085279477
VE,2025-08-17,287,-1.185871656935009
CO,2025-08-17,102,-0.8578231206142694
KE,2025-08-17,271,-0.31670632893458955
BL,2025-08-17,219,-2.2581684676474993
OD,2025-08-17,45,-3.731335212688262
UZ,2025-08-17,71,-1.6337714101818617
PE,2025-08-17,140,0.9380789500066894
EC,2025-08-17,140,-2.311977935144629
HA,2025-08-17,126,-1.4445755875207553
ET,2025-08-17,91,0.012688016642178387
SO,2025-08-17,37,-1.1325630075582562
BM,2025-08-17,28,-2.632104051215528
TI,2025-08-17,15,-0.0894595016249857
ER,2025-08-17,8,-0.5738846740688349
KG,2025-08-17,21,0.7406741256975161
NU,2025-08-17,26,-1.0755002438343895
ET,2025-08-24,259,-2.1593966321502567
TI,2025-08-24,13,-2.101931419409769
KG,2025-08-24,53,-0.9782500670878496
UZ,2025-08-24,79,0.9050441453731746
PK,2025-08-24,1180,-2.0041951499420363
SU,2025-08-24,301,-3.671729584010373
ER,2025-08-24,236,-4.030541130135187
AF,2025-08-24,348,-2.7905720361649484
KE,2025-08-24,239,-0.5592646512533906
VE,2025-08-24,351,0.2670396928539454
CO,2025-08-24,169,-0.7295118759273624
PE,2025-08-24,146,0.8159038145021723
BL,2025-08-24,35,-1.7183916527471559
EC,2025-08-24,40,-0.5873500720839827
HA,2025-08-24,70,-1.733721602563299
NU,2025-08-24,37,-1.6697261218932204
OD,2025-08-24,65,-1.839708029565297
SO,2025-08-24,74,-2.09425734823087
BM,2025-08-24,22,-1.3800276534133253
PK,2025-08-31,1389,-1.8278017503035653
TI,2025-08-31,380,1.1804744516610846
KG,2025-08-31,422,1.5786805367674486
UZ,2025-08-31,414,1.3082573276818952
BM,2025-08-31,89,1.1245764856789855
SU,2025-08-31,111,-3.2264865048455413
OD,2025-08-31,33,-2.028532918777122
VE,2025-08-31,253,-2.445323034604484
CO,2025-08-31,135,-1.5201313606322588
KE,2025-08-31,248,-0.29232281925521536
SO,2025-08-31,49,-1.9656377075558726
ET,2025-08-31,138,0.27740858939129215
AF,2025-08-31,329,-2.4923551396180796
BL,2025-08-31,35,-1.1606749749717309
NU,2025-08-31,27,-3.3437658793073233
PE,2025-08-31,104,1.102276358068745
EC,2025-08-31,37,-0.8016305145792111
HA,2025-08-31,47,-1.6418851994187555
ER,2025-08-31,12,-2.6809843896221337
PK,2025-09-07,1030,-2.5221862187858153
VE,2025-09-07,357,-3.670707573579237
HA,2025-09-07,133,-1.3038906039681413
OD,2025-09-07,111,-2.2340684037053395
CO,2025-09-07,219,-2.1352305738621857
KE,2025-09-07,297,-0.12388266311891222
AF,2025-09-07,422,-1.9568635604269804
BL,2025-09-07,66,0.8150533721759322
NU,2025-09-07,71,-1.8489222788521815
EC,2025-09-07,48,-0.8776474802712307
SU,2025-09-07,100,-2.723291974998623
ET,2025-09-07,129,-0.2484326684769552
TI,2025-09-07,50,0.669619533769481
PE,2025-09-07,191,-1.259888387388981
SO,2025-09-07,67,-3.808005416161648
BM,2025-09-07,25,-0.37593698497003586
UZ,2025-09-07,68,-0.0898288154515959
KG,2025-09-07,51,0.5202933653258878
ER,2025-09-07,28,-2.7005900187363525
AF,2025-09-14,393,-3.331147980045619
EC,2025-09-14,69,-3.8979963610246715
CO,2025-09-14,148,-1.7819117412119119
VE,2025-09-14,479,-2.3526147264521833
NU,2025-09-14,107,-1.495818371688868
PK,2025-09-14,1314,-2.436682727825033
ET,2025-09-14,326,-1.4093559742580741
SO,2025-09-14,44,-1.1296219449193272
BM,2025-09-14,42,-0.15215747728608675
PE,2025-09-14,346,3.4573118863464742
ER,2025-09-14,8,0.09792625157133117
SU,2025-09-14,105,-3.0080866042204555
KG,2025-09-14,31,0.5420311386049599
KE,2025-09-14,285,0.38679352712679144
UZ,2025-09-14,67,0.6578613329550826
BL,2025-09-14,22,-3.2428906766259016
OD,2025-09-14,33,-4.658854839837362
HA,2025-09-14,82,-2.938507418026192
TI,2025-09-14,20,-0.05093651732614005
VE,2025-09-21,330,-2.065265637166731
TI,2025-09-21,46,1.0037929603018803
KG,2025-09-21,98,0.9491427840687796
UZ,2025-09-21,80,2.3221392313616898
PK,2025-09-21,1162,-1.796680894395651
AF,2025-09-21,585,-2.5203805654133404
ET,2025-09-21,191,-0.6063045209350996
BM,2025-09-21,40,-1.4050011362684447
KE,2025-09-21,308,0.16174917991699783
OD,2025-09-21,56,-2.479027895901432
EC,2025-09-21,39,-1.2250745836583048
NU,2025-09-21,21,-2.120017992035594
HA,2025-09-21,59,-2.145436430551078
SO,2025-09-21,65,-3.4040257676780716
SU,2025-09-21,130,-3.421492530969949
CO,2025-09-21,207,-1.3327977417655545
BL,2025-09-21,60,1.1373856762463164
PE,2025-09-21,107,-1.783905872028137
ER,2025-09-21,14,-1.6706122454694314
VE,2025-09-28,516,-4.173311766180149
PK,2025-09-28,1494,-1.6270530725465344
AF,2025-09-28,421,-2.0653965531905567
KE,2025-09-28,232,-1.1638735563502114
CO,2025-09-28,233,-1.8890872230726161
EC,2025-09-28,30,-2.4314840053802746
SU,2025-09-28,145,-1.9191834187666006
BL,2025-09-28,67,-3.2135884677344726
ET,2025-09-28,93,0.034585432116478215
HA,2025-09-28,125,-2.064644490159992
UZ,2025-09-28,39,2.2942959290162404
OD,2025-09-28,32,-1.9499946607986696
TI,2025-09-28,33,0.2846603840831063
SO,2025-09-28,252,-4.118131175659048
PE,2025-09-28,101,-1.6530221489067147
KG,2025-09-28,26,1.385587765678604
ER,2025-09-28,13,-0.04711064120226542
BM,2025-09-28,36,-2.053786732071474
NU,2025-09-28,19,-1.5861610454534238
KE,2025-10-05,250,-0.3150387901696153
PK,2025-10-05,1164,-2.58080621182252
AF,2025-10-05,223,-3.026766080315055
VE,2025-10-05,277,-3.13582942861292
NU,2025-10-05,23,-1.6420276233717481
SO,2025-10-05,86,-4.658838570105953
CO,2025-10-05,406,-3.129618550456761
HA,2025-10-05,64,-1.145694817272499
PE,2025-10-05,119,-1.2712249621097347
ET,2025-10-05,98,1.1811563169328705
SU,2025-10-05,165,-1.9133987962046608
EC,2025-10-05,55,-2.3668682402730634
KG,2025-10-05,39,2.2222835739662647
OD,2025-10-05,127,-0.9612313053216809
ER,2025-10-05,11,-3.377220618650907
TI,2025-10-05,15,2.5800516548688943
UZ,2025-10-05,38,0.8773971417273602
BM,2025-10-05,29,0.5937962357005592
BL,2025-10-05,25,-0.30640095814303075
VE,2025-10-12,451,-0.8364203830479398
PK,2025-10-12,1696,-3.5184440348935144
AF,2025-10-12,1190,-4.378492946775432
CO,2025-10-12,123,-1.9402341676056534
NU,2025-10-12,78,-2.51269838088783
EC,2025-10-12,127,-2.7989539958579908
KE,2025-10-12,408,-0.4922975754353119
ET,2025-10-12,178,1.166475018863169
PE,2025-10-12,121,-1.7563838959315936
SU,2025-10-12,96,-2.7330735844125598
BL,2025-10-12,39,-1.044973236727404
SO,2025-10-12,139,-0.47368347923849946
BM,2025-10-12,48,-2.717151904279827
KG,2025-10-12,45,2.5529194895430267
TI,2025-10-12,26,0.4677490028164573
OD,2025-10-12,106,-0.8906218956046646
UZ,2025-10-12,30,1.2182893070816236
HA,2025-10-12,33,-2.4051328155425082
ER,2025-10-12,6,2.6428949617613755
VE,2025-10-19,1167,-3.032664102162164
EC,2025-10-19,880,-3.8026014163182937
CO,2025-10-19,929,-4.390839602637889
PK,2025-10-19,1307,-2.321143667896673
OD,2025-10-19,23,-1.342531374993738
HA,2025-10-19,72,-2.6504764422179132
KE,2025-10-19,381,0.1882234034492426
AF,2025-10-19,1040,-3.2119370527063973
KG,2025-10-19,57,-0.7287995555633773
PE,2025-10-19,89,-0.1396454173720012
ET,2025-10-19,94,0.4749322879781108
BM,2025-10-19,58,-1.5981569138505514
SO,2025-10-19,61,-1.5704927606051282
ER,2025-10-19,34,-2.1807698700046587
SU,2025-10-19,92,-1.8333552458763895
NU,2025-10-19,59,-2.360108740061922
BL,2025-10-19,188,-1.9084116294798457
TI,2025-10-19,21,1.1825712129405226
UZ,2025-10-19,41,0.7724325356919761
PK,2025-10-26,1319,-1.6809096863378339
ET,2025-10-26,506,-4.554425548712064
VE,2025-10-26,578,-3.459551206013869
CO,2025-10-26,288,-3.1186459193914495
SU,2025-10-26,270,-4.208289407719098
HA,2025-10-26,751,-6.637608088501281
BM,2025-10-26,98,0.44172938978253784
KE,2025-10-26,279,0.04435671962822584
EC,2025-10-26,84,-2.597440649856891
AF,2025-10-26,605,-2.1329464837962457
PE,2025-10-26,105,-0.9045360243215241
BL,2025-10-26,33,-0.22871913728353133
OD,2025-10-26,24,-2.355817856405536
SO,2025-10-26,69,-0.5710279039030637
ER,2025-10-26,22,-3.556467732070118
NU,2025-10-26,16,-1.2135985177216777
KG,2025-10-26,26,-0.09960625441123258
TI,2025-10-26,14,-1.3731327291414732
UZ,2025-10-26,36,-0.7268932906446328
AF,2025-11-02,538,-3.7213462120000513
PK,2025-11-02,871,-2.6095426701018973
SO,2025-11-02,82,-1.6860599870055253
ER,2025-11-02,24,-0.18761557214965371
ET,2025-11-02,95,0.19801602082482084
EC,2025-11-02,36,-2.8554838920335284
CO,2025-11-02,191,-2.960053206238436
HA,2025-11-02,301,-2.530568891055584
VE,2025-11-02,438,-3.1761842240446945
SU,2025-11-02,388,-3.4728213189049817
KE,2025-11-02,443,-0.07850125228734398
NU,2025-11-02,48,-3.937632280177057
PE,2025-11-02,97,-0.15359260101502295
BM,2025-11-02,51,-0.22546255945074278
OD,2025-11-02,120,-2.509603282082991
KG,2025-11-02,12,1.644775214963554
TI,2025-11-02,33,-1.2976025505853948
UZ,2025-11-02,65,0.185951821278647
BL,2025-11-02,41,-0.25120276772728256
CO,2025-11-09,392,-0.7892527681256093
KG,2025-11-09,46,2.4576281117973307
PK,2025-11-09,974,-1.7348089261771988
AF,2025-11-09,541,-1.9579258693425932
BM,2025-11-09,431,-0.23732835805042407
KE,2025-11-09,256,-0.5532604424701832
PE,2025-11-09,133,0.29798707808315594
VE,2025-11-09,362,-2.4199056783942217
BL,2025-11-09,103,-0.4393925709713147
SU,2025-11-09,223,-4.748921542342297
NU,2025-11-09,32,-2.925951676650291
EC,2025-11-09,86,-2.9779066606403335
TI,2025-11-09,32,0.17256543802948934
UZ,2025-11-09,111,1.338481945583764
ET,2025-11-09,87,-0.3349457024081676
HA,2025-11-09,67,-2.9607811115786307
OD,2025-11-09,26,-2.1259816839052497
SO,2025-11-09,78,-0.7513814378045124
ER,2025-11-09,17,-0.7712567276843785
VE,2025-11-16,521,-3.0101990608506632
TI,2025-11-16,32,1.3208042105846451
PK,2025-11-16,757,-1.9673602747386443
KE,2025-11-16,377,-1.097083407746112
HA,2025-11-16,115,-3.6930855169151413
ET,2025-11-16,93,-0.786465663912643
AF,2025-11-16,319,-3.1734553478232925
PE,2025-11-16,329,-2.4086765526144496
BL,2025-11-16,171,-3.7968859231399557
BM,2025-11-16,46,-2.310851031520174
EC,2025-11-16,209,-2.0897202070590812
CO,2025-11-16,255,-2.347250728572208
KG,2025-11-16,71,1.1829118710621267
SU,2025-11-16,169,-3.0328517646758013
UZ,2025-11-16,120,2.3398415521675155
SO,2025-11-16,107,-2.7563336174857387
ER,2025-11-16,26,-0.7905910761633931
OD,2025-11-16,37,-2.802330595031369
NU,2025-11-16,21,-1.3288787995128752
KE,2025-11-23,285,0.20297953082796494
SU,2025-11-23,104,-2.2705743089768236
SO,2025-11-23,106,-2.4095348305538815
BM,2025-11-23,39,-3.7368947033354685
AF,2025-11-23,298,-2.296971588867516
PK,2025-11-23,835,-1.9970767622517727
CO,2025-11-23,553,-2.983459051207555
ET,2025-11-23,229,-0.3645771438429604
VE,2025-11-23,563,-3.501139984825383
HA,2025-11-23,85,-2.870192504414167
PE,2025-11-23,91,1.3101205079876566
KG,2025-11-23,35,-1.1119129011496545
NU,2025-11-23,30,-1.2539788308341384
OD,2025-11-23,32,-3.971503941820328
EC,2025-11-23,47,-0.2922204680619078
UZ,2025-11-23,63,-1.1715130570454286
ER,2025-11-23,31,-1.8271578564939686
TI,2025-11-23,44,-0.23243111049720797
BL,2025-11-23,55,-1.2804513977477887
SO,2025-11-30,96,-3.1619809960258647
AF,2025-11-30,1231,-3.950415604634981
PK,2025-11-30,779,-1.9402457561577677
PE,2025-11-30,139,-0.3569668653576661
VE,2025-11-30,815,-3.877957403044031
HA,2025-11-30,132,0.12115445395553001
BM,2025-11-30,100,-0.2721686355068459
BL,2025-11-30,72,-1.5888756471197016
EC,2025-11-30,91,-3.3545652057661237
CO,2025-11-30,207,-1.7010639457019108
TI,2025-11-30,16,0.8858694608254273
NU,2025-11-30,31,-2.0750647890890868
KE,2025-11-30,223,0.5084849389754839
KG,2025-11-30,83,-0.8738740355598855
OD,2025-11-30,93,-0.3792414028252935
ET,2025-11-30,74,0.5657324635569473
SU,2025-11-30,108,-1.7719254055447307
UZ,2025-11-30,59,0.03524524896441777
ER,2025-11-30,24,-1.6507487223987078
KE,2025-12-07,292,-0.9074444311990248
NU,2025-12-07,71,-0.47070966126454206
HA,2025-12-07,175,1.2486245758294368
AF,2025-12-07,584,-2.346893804642982
CO,2025-12-07,179,-1.1354620027006168
PK,2025-12-07,874,-2.0385723335976094
VE,2025-12-07,763,-3.075856299891988
SU,2025-12-07,251,-3.665451998177121
ET,2025-12-07,101,-1.4997706268620858
BM,2025-12-07,54,-1.7624781862781167
KG,2025-12-07,32,-1.043117723946882
UZ,2025-12-07,102,1.8038572192078342
EC,2025-12-07,85,1.3435190972364968
PE,2025-12-07,182,1.3204650957899975
SO,2025-12-07,271,-3.7197745938010134
OD,2025-12-07,44,-2.014682623103036
BL,2025-12-07,33,-0.0029421864162654746
ER,2025-12-07,26,-3.51267041712377
TI,2025-12-07,20,-2.502629818109202
PK,2025-12-14,681,-2.49885946689925
KE,2025-12-14,255,-0.6490472052851074
AF,2025-12-14,251,-3.111567157374783
VE,2025-12-14,542,-2.264155402626547
CO,2025-12-14,184,-1.1785679212267606
SU,2025-12-14,201,-4.512994408649226
OD,2025-12-14,107,-4.317235917580919
SO,2025-12-14,146,-3.592542185145394
BL,2025-12-14,63,-2.1782880018510142
PE,2025-12-14,138,-1.8257933034647322
BM,2025-12-14,43,-3.5711846948462025
ET,2025-12-14,136,0.019630204902570978
NU,2025-12-14,27,-1.2545357056269284
HA,2025-12-14,190,-0.791291566641101
EC,2025-12-14,126,-1.7539693710883777
UZ,2025-12-14,38,0.7053272140228257
KG,2025-12-14,21,-0.02825800337416369
ER,2025-12-14,17,-2.329653101674173
TI,2025-12-14,10,-0.519090479105502
VE,2025-12-21,1092,-5.069650988526407
PK,2025-12-21,791,-2.8800905409431796
PE,2025-12-21,109,-0.10904139671825136
SU,2025-12-21,247,-3.1595680300915867
KE,2025-12-21,206,-0.6480072107266697
HA,2025-12-21,96,-3.533504754141191
AF,2025-12-21,311,-2.8722013460233824
TI,2025-12-21,38,-0.033721905035616666
CO,2025-12-21,229,-1.4710133954938485
SO,2025-12-21,120,-3.1126859146193864
ET,2025-12-21,76,0.3990078633922923
BM,2025-12-21,25,-0.6942485769861113
OD,2025-12-21,50,-3.2195792535892465
KG,2025-12-21,43,2.629550249695254
UZ,2025-12-21,54,1.377366923723325
ER,2025-12-21,33,-3.6840440960923995
NU,2025-12-21,22,-2.8433505496897165
BL,2025-12-21,34,-1.437650869577923
EC,2025-12-21,53,0.36680089685216616
PK,2025-12-28,858,-2.005390680054982
CO,2025-12-28,229,-2.857947140996332
AF,2025-12-28,386,-2.6074119348189053
KE,2025-12-28,223,-0.5453410587833102
BM,2025-12-28,505,-3.4561723270791687
PE,2025-12-28,129,0.7543178878361086
BL,2025-12-28,52,1.9719139817932725
VE,2025-12-28,341,-2.943519119244981
EC,2025-12-28,32,-1.5403590998296435
NU,2025-12-28,31,-2.081578874499704
HA,2025-12-28,41,-1.6379442202688332
SO,2025-12-28,426,-2.647628991818692
ET,2025-12-28,132,-0.18405721585495186
SU,2025-12-28,178,-2.391019572039267
OD,2025-12-28,73,-2.8129773111318928
ER,2025-12-28,15,-1.9159947209317634
TI,2025-12-28,27,-1.3021869689113292
KG,2025-12-28,22,-0.20139247434560553
UZ,2025-12-28,27,1.778184867192364
VE,2026-01-04,10473,-3.081574633087011
CO,2026-01-04,1827,-3.554746704340259
HA,2026-01-04,105,-2.831876222814688
BL,2026-01-04,101,-2.261305145282606
KE,2026-01-04,199,-0.7541703123737019
AF,2026-01-04,794,-3.3911671344584207
PK,2026-01-04,710,-2.2917674061820708
SU,2026-01-04,127,-3.2047995587702256
SO,2026-01-04,339,-2.9538738021441997
NU,2026-01-04,224,-3.8469335862891754
EC,2026-01-04,158,-3.4438871913889995
PE,2026-01-04,180,-1.1617999288399776
ET,2026-01-04,84,-0.7216522605724099
BM,2026-01-04,79,-1.9691647496343638
OD,2026-01-04,26,-3.202519388669375
TI,2026-01-04,32,-0.15831805460007506
KG,2026-01-04,30,-0.49460600427601265
UZ,2026-01-04,37,1.3564712667427112
ER,2026-01-04,17,-3.3906084292018477
BM,2026-01-11,197,-3.1639169326648426
VE,2026-01-11,2554,-2.3978848177943552
NU,2026-01-11,80,-5.1142141208614875
SU,2026-01-11,97,-3.707575363546728
SO,2026-01-11,360,-4.261163742660744
PK,2026-01-11,714,-2.8000001604536724
EC,2026-01-11,70,-1.2495944098808525
CO,2026-01-11,403,-2.4641931416152656
ET,2026-01-11,117,-0.017795420726839116
KE,2026-01-11,223,-0.6496442939876157
PE,2026-01-11,220,-1.4918866328313936
UZ,2026-01-11,39,0.13473662562968977
AF,2026-01-11,224,-3.218234243118535
KG,2026-01-11,19,2.166400265426396
ER,2026-01-11,13,-1.559396571391233
BL,2026-01-11,30,-1.2990157557890616
OD,2026-01-11,33,-2.120622551911192
HA,2026-01-11,63,-1.4945033307495108
TI,2026-01-11,9,-1.785579556262058
VE,2026-01-18,1374,-2.392729067750763
PK,2026-01-18,1043,-1.4436699700945193
KE,2026-01-18,223,-1.5793240734094554
SO,2026-01-18,487,-4.692793584665895
SU,2026-01-18,194,-2.7396719142881056
ET,2026-01-18,140,-0.21950216254620641
OD,2026-01-18,47,-2.6030874455729682
CO,2026-01-18,260,-2.5827524801772275
AF,2026-01-18,224,-2.638116551000444
BM,2026-01-18,36,-0.8527228153722594
PE,2026-01-18,67,-0.518210796043628
BL,2026-01-18,62,-0.24918586149313918
NU,2026-01-18,29,-2.612121054014849
EC,2026-01-18,58,-3.4359926030394363
UZ,2026-01-18,18,0.6596404257684709
TI,2026-01-18,37,-3.7571180318063684
HA,2026-01-18,49,-2.3174093805095537
ER,2026-01-18,29,-4.8719342765291715
KG,2026-01-18,17,-0.022993446048117712
AF,2026-01-25,788,-1.3451151324716135
HA,2026-01-25,56,-3.401334136083392
SO,2026-01-25,231,-2.7792966928567377
KE,2026-01-25,236,-1.5963824797722792
PK,2026-01-25,854,-1.75380500883766
VE,2026-01-25,797,-2.838843151857967
ET,2026-01-25,88,-1.2515918974290137
EC,2026-01-25,64,-2.749256009334737
UZ,2026-01-25,78,-1.482406166965084
BL,2026-01-25,108,1.0969978773673947
CO,2026-01-25,153,-2.1425697847973777
SU,2026-01-25,118,-3.937593606389591
PE,2026-01-25,124,0.6389373287399503
BM,2026-01-25,199,-2.303983260293741
OD,2026-01-25,51,-5.345454216051201
NU,2026-01-25,80,-3.3283928110452075
ER,2026-01-25,10,-5.426508433841429
TI,2026-01-25,19,-2.1063617525355243
KG,2026-01-25,24,-0.12344356211837489
CO,2026-02-01,380,-1.7115968663481012
VE,2026-02-01,1240,-2.3904850506154953
KE,2026-02-01,177,-1.3547989185750215
AF,2026-02-01,684,-5.0751974703042615
EC,2026-02-01,451,-3.0618518701318242
PE,2026-02-01,86,0.40623533737432505
PK,2026-02-01,1379,-3.9353761735990607
SO,2026-02-01,304,-3.6804370876932864
SU,2026-02-01,118,-2.3427625699168697
ER,2026-02-01,16,-3.4244901241233987
ET,2026-02-01,114,-0.1950209276592058
BL,2026-02-01,31,-2.2918088288229366
NU,2026-02-01,112,-0.6912944927708012
HA,2026-02-01,78,-1.8842568466767768
BM,2026-02-01,63,-2.1181561353718044
TI,2026-02-01,23,-5.209577262245322
UZ,2026-02-01,47,-1.635960709275394
KG,2026-02-01,11,-0.35455113928767146
OD,2026-02-01,44,-2.097923178624603
KE,2026-02-08,278,-1.223210060275159
VE,2026-02-08,532,-2.2057044638200693
PK,2026-02-08,959,-2.536628267413601
PE,2026-02-08,103,0.3148620446777218
BL,2026-02-08,37,0.450668429645131
AF,2026-02-08,331,-3.80799339695787
TI,2026-02-08,17,-1.8131663929985304
SU,2026-02-08,176,-4.151950936971086
CO,2026-02-08,111,-0.8200660272084458
ET,2026-02-08,116,-3.290937536987778
EC,2026-02-08,61,0.4367373698091982
HA,2026-02-08,94,-2.753360959573399
SO,2026-02-08,145,-3.2362997229505517
OD,2026-02-08,29,-2.862595651280919
UZ,2026-02-08,80,0.3800075932264294
BM,2026-02-08,28,2.0253818882855064
ER,2026-02-08,31,-5.490112070735035
KG,2026-02-08,29,-1.6421903265021982
NU,2026-02-08,30,-2.151565519824905
PK,2026-02-15,1358,-0.5909686909489124
VE,2026-02-15,646,-2.6654043452461798
AF,2026-02-15,372,-1.488848751988371
BL,2026-02-15,42,2.6514987598762962
KE,2026-02-15,253,0.14708721043313613
TI,2026-02-15,63,2.0807273940103044
KG,2026-02-15,14,1.015686965842719
ET,2026-02-15,278,0.578309276070266
PE,2026-02-15,113,0.4444538044359145
SU,2026-02-15,255,-4.730458596902853
CO,2026-02-15,223,0.5155936618191633
UZ,2026-02-15,32,1.091435322468988
SO,2026-02-15,101,-1.7141389909888671
NU,2026-02-15,48,-1.9853744076533688
EC,2026-02-15,48,-2.3760256882268926
HA,2026-02-15,76,-1.9066001404230306
OD,2026-02-15,41,-0.9054684443681843
ER,2026-02-15,22,-3.449089291013776
BM,2026-02-15,46,-0.4765751099780334
AF,2026-02-22,854,-5.118781452889433
PK,2026-02-22,1480,-4.194885747092371
VE,2026-02-22,453,-1.4748567294131385
EC,2026-02-22,57,-1.3784032051149813
KE,2026-02-22,284,-0.6232695383091565
ET,2026-02-22,110,-0.05959838406747635
UZ,2026-02-22,116,0.7374184356954113
CO,2026-02-22,286,-1.9822748477929046
HA,2026-02-22,55,-1.581216971002165
PE,2026-02-22,89,1.0729414629669132
SU,2026-02-22,91,-2.942152381970728
SO,2026-02-22,91,-2.2194242809429525
OD,2026-02-22,61,-2.2394740575407526
KG,2026-02-22,19,0.3457461514647257
BL,2026-02-22,20,0.9607123387642977
NU,2026-02-22,23,-1.5462885790435534
ER,2026-02-22,15,-2.3199222484412605
BM,2026-02-22,19,-1.3209798984222685
TI,2026-02-22,7,-2.0749953390509197
AF,2026-03-01,858,-5.113881860856222
PK,2026-03-01,2998,-5.239268782075727
CO,2026-03-01,297,-1.4943851072305836
KE,2026-03-01,256,-1.3001930516321714
ET,2026-03-01,121,-2.328237150271163
VE,2026-03-01,989,-3.8214911731462586
TI,2026-03-01,17,-1.7817588260729897
UZ,2026-03-01,42,-0.6017994753722931
SU,2026-03-01,61,-3.1605002944065568
BL,2026-03-01,84,-4.8317461253499205
NU,2026-03-01,68,-4.357162278749167
HA,2026-03-01,82,-1.8569043553635167
PE,2026-03-01,84,-0.397362385551827
SO,2026-03-01,102,-3.33072326412289
BM,2026-03-01,27,-2.1063925734860254
EC,2026-03-01,57,-2.264409355354074
KG,2026-03-01,21,3.309448991859116
OD,2026-03-01,20,-3.0416374755699236
ER,2026-03-01,38,-5.385076783516784
PK,2026-03-08,1188,-3.0308132436942405
KE,2026-03-08,383,-0.4814057716611286
VE,2026-03-08,998,-2.8396756242354058
CO,2026-03-08,337,-1.2090954629497632
HA,2026-03-08,47,-1.3365869740360896
PE,2026-03-08,122,-1.019130036906503
KG,2026-03-08,22,-0.29071105434372685
UZ,2026-03-08,54,1.0255983441140752
BL,2026-03-08,194,-1.6695541235572773
EC,2026-03-08,270,-2.0143490188293836
SO,2026-03-08,69,-2.839029258917676
AF,2026-03-08,769,-1.9471162647705562
ET,2026-03-08,175,-0.8140094881511223
NU,2026-03-08,94,-1.9036312823604773
SU,2026-03-08,177,-2.953311909824396
ER,2026-03-08,40,-2.0757949622214342
OD,2026-03-08,56,-2.2383068643994464
BM,2026-03-08,21,-1.6639310123770492
TI,2026-03-08,16,0.6571073886981408
PK,2026-03-15,821,-3.0751070776752756
PE,2026-03-15,81,0.5839167788035675
AF,2026-03-15,488,-4.104113639131082
KE,2026-03-15,273,-1.3235363998803091
SU,2026-03-15,109,-2.5846412667147702
OD,2026-03-15,44,-1.8905164380956336
UZ,2026-03-15,60,-1.79640525556164
ET,2026-03-15,134,-2.2447715867681297
NU,2026-03-15,29,-0.302529450268831
VE,2026-03-15,542,-1.222681844966623
HA,2026-03-15,53,-0.8760870973212803
CO,2026-03-15,84,-0.09475376992904333
ER,2026-03-15,49,-2.9401834098756012
SO,2026-03-15,82,-2.5005546760599575
EC,2026-03-15,36,-0.49251590509418214
TI,2026-03-15,67,-2.0478447805044753
BL,2026-03-15,16,-0.6439362633812221
KG,2026-03-15,15,-0.7229267841741396
BM,2026-03-15,16,-2.144127455155156
VE,2026-03-22,718,-3.6575313083460688
PK,2026-03-22,778,-2.4203637969450953
AF,2026-03-22,316,-3.8515540854081687
ET,2026-03-22,241,0.0025424585228525877
SO,2026-03-22,196,-3.244874801299916
SU,2026-03-22,227,-6.653826208117124
NU,2026-03-22,114,2.2612370840545477
UZ,2026-03-22,40,1.7362511707380683
PE,2026-03-22,71,-0.03037374159004065
CO,2026-03-22,160,-1.43622534708502
KE,2026-03-22,415,-0.6820326017990227
HA,2026-03-22,46,-1.2849820893864499
OD,2026-03-22,29,-1.3937692964998887
EC,2026-03-22,27,-1.6243958866655024
ER,2026-03-22,35,-4.261705366071362
KG,2026-03-22,29,2.5906979333893756
BL,2026-03-22,37,-1.6490287830692831
TI,2026-03-22,13,3.3274093611962057
BM,2026-03-22,15,-1.205703438687128
PK,2026-03-29,2459,-4.09043808937415
VE,2026-03-29,501,-2.399540844416176
HA,2026-03-29,55,-2.424179258506528
ET,2026-03-29,109,-0.9191328441955974
PE,2026-03-29,73,0.13055892401010494
AF,2026-03-29,369,-4.370215321487146
SU,2026-03-29,58,-5.467763689518464
KG,2026-03-29,21,1.7294623385179968
KE,2026-03-29,275,-1.3856559689425647
EC,2026-03-29,39,-1.2488082075775397
SO,2026-03-29,68,-3.7628666062672744
CO,2026-03-29,102,-0.1670710199284971
OD,2026-03-29,26,-2.957382970963401
UZ,2026-03-29,50,1.5378937739146974
BL,2026-03-29,23,-1.1947029480131288
ER,2026-03-29,24,-3.2747419870826335
BM,2026-03-29,20,-1.9329706968198086
NU,2026-03-29,9,-1.6276902458392901
TI,2026-03-29,9,1.4008104796004737
PK,2026-04-05,1625,-3.7600434518071824
AF,2026-04-05,320,-4.516949309652499
HA,2026-04-05,47,-1.2716446604437726
VE,2026-04-05,180,-2.837529908280552
KE,2026-04-05,253,-1.4343135284520852
SO,2026-04-05,95,-3.155797445423578
SU,2026-04-05,108,-3.6334987824095784
BL,2026-04-05,21,0.17863821101825478
NU,2026-04-05,21,-2.4728307676793406
PE,2026-04-05,44,-0.2561659549064784
TI,2026-04-05,15,2.343425939514894
CO,2026-04-05,71,-0.30801145544475017
UZ,2026-04-05,35,1.5230605704258373
ET,2026-04-05,63,-1.1644513191963513
EC,2026-04-05,18,-0.6023402145733253
KG,2026-04-05,31,-0.2761123766561812
BM,2026-04-05,22,-1.0587514166142558
OD,2026-04-05,49,-3.0479059018501964
ER,2026-04-05,12,-3.280575571925995
PK,2026-04-12,6031,-2.290351919044642
AF,2026-04-12,315,-2.890512925083893
HA,2026-04-12,167,-3.271478978199794
SO,2026-04-12,60,-1.4749485950185004
OD,2026-04-12,29,-3.73022039621148
CO,2026-04-12,76,-0.8328629890097067
SU,2026-04-12,76,-3.315820503256679
PE,2026-04-12,324,2.5731461610702535
VE,2026-04-12,395,-2.3832115701054586
KE,2026-04-12,236,-1.2136971559424605
TI,2026-04-12,21,-1.3205133364924317
BM,2026-04-12,36,-2.747069676128623
ER,2026-04-12,11,-4.385803553775142
ET,2026-04-12,67,-1.1925429017446487
EC,2026-04-12,54,-2.7057922519136923
BL,2026-04-12,45,-3.2408181073288302
NU,2026-04-12,17,-2.125488880569587
UZ,2026-04-12,37,-0.416332222935339
KG,2026-04-12,13,0.4353171872620918
PK,2026-04-19,2720,-3.18300362283152
VE,2026-04-19,299,-2.4446714560372382
NU,2026-04-19,97,-0.9654464833028655
SU,2026-04-19,268,-5.210899222731477
AF,2026-04-19,459,-2.8834204178453025
BL,2026-04-19,22,-1.5055460231428541
KE,2026-04-19,221,-0.1990373909904536
HA,2026-04-19,76,-1.0279594914364945
UZ,2026-04-19,26,1.087040056008689
BM,2026-04-19,49,-4.325476469081473
ER,2026-04-19,12,-4.435949094772551
KG,2026-04-19,20,-2.857894448296613
ET,2026-04-19,63,0.08447824239209363
EC,2026-04-19,36,-0.6734418544462145
CO,2026-04-19,112,-1.4298778594354278
OD,2026-04-19,26,-0.6693532612447878
SO,2026-04-19,69,-2.8646138933845964
TI,2026-04-19,6,1.6553392762475418
PE,2026-04-19,59,0.23129192500025864
PE,2026-04-26,126,-0.44357489313832094
PK,2026-04-26,2235,-2.5977302942766096
KE,2026-04-26,483,0.15994049892995618
VE,2026-04-26,336,-3.464002309820728
AF,2026-04-26,496,-1.5946201037641625
SU,2026-04-26,106,-3.895016307622991
ET,2026-04-26,697,0.22379552002615594
CO,2026-04-26,406,-3.524302131626735
BM,2026-04-26,32,1.693179133249881
HA,2026-04-26,40,-1.0392888091123664
UZ,2026-04-26,46,1.209179937775659
SO,2026-04-26,73,-2.5078886492843213
EC,2026-04-26,27,-1.2031913559177516
OD,2026-04-26,34,-4.477779099082298
BL,2026-04-26,17,-1.4243907170786567
ER,2026-04-26,17,-0.0798181937759738
NU,2026-04-26,12,-0.256424350675192
KG,2026-04-26,27,0.002925831174524294
TI,2026-04-26,17,2.237362578920756
PK,2026-05-03,1853,-2.795322867875802
VE,2026-05-03,252,-1.569636846174207
ET,2026-05-03,116,0.287131838251402
AF,2026-05-03,409,-2.5523508393681276
CO,2026-05-03,475,2.7327229224425302
KE,2026-05-03,344,-0.8891811810591089
PE,2026-05-03,103,0.07049617067694368
SU,2026-05-03,325,-4.472963117853216
UZ,2026-05-03,91,1.1240376356112887
HA,2026-05-03,169,-0.0695287560986558
BL,2026-05-03,19,-1.7837849979555418
EC,2026-05-03,37,-0.3258079085728799
BM,2026-05-03,124,-2.516328820056791
SO,2026-05-03,99,-3.3346531108565545
TI,2026-05-03,40,2.1925122453627117
KG,2026-05-03,44,1.3364559777946463
OD,2026-05-03,43,-1.1678869308677
ER,2026-05-03,38,-4.599158365654262
NU,2026-05-03,16,-0.7153736501444966
UZ,2026-05-10,139,-0.715261062625796
KE,2026-05-10,308,-0.07852973547887854
PK,2026-05-10,2118,-3.439012828293849
PE,2026-05-10,222,1.412814951769964
CO,2026-05-10,129,-0.26427670678075793
VE,2026-05-10,289,-2.5533385909429014
ET,2026-05-10,96,-0.4545075897017848
AF,2026-05-10,345,-4.9642894564931845
HA,2026-05-10,39,-0.30387008533946774
OD,2026-05-10,51,-1.0685870665628037
BM,2026-05-10,56,-1.988943455393498
SU,2026-05-10,232,2.412319467706899
BL,2026-05-10,43,-2.562014100942951
EC,2026-05-10,126,-1.440507366631996
TI,2026-05-10,14,0.06193921809234361
KG,2026-05-10,18,1.3873767449084455
SO,2026-05-10,70,-3.8327772638318414
NU,2026-05-10,17,-1.6897149054716225
ER,2026-05-10,7,-8.638839889982435
PK,2026-05-17,1009,-2.564523812167026
AF,2026-05-17,370,-1.8288760929820138
BM,2026-05-17,110,0.0038236832753402493
VE,2026-05-17,753,-3.1125372959701307
CO,2026-05-17,317,-3.789517573186583
KE,2026-05-17,273,-1.0681281321501257
OD,2026-05-17,486,-6.3650656181745955
SU,2026-05-17,253,-6.137824688886143
SO,2026-05-17,92,-2.7776660744486112
ET,2026-05-17,80,0.29385977714703276
EC,2026-05-17,45,-0.5251778099403108
PE,2026-05-17,164,-1.0646958108519096
UZ,2026-05-17,41,0.0637884652153396
TI,2026-05-17,19,-0.3457052639991547
KG,2026-05-17,14,0.4501440164104161
HA,2026-05-17,40,-0.40498146427104087
BL,2026-05-17,27,-2.5546464489921354
ER,2026-05-17,15,-0.5686705876101954
NU,2026-05-17,3,-3.16444303252861
PK,2026-05-24,2444,-2.3460533067212688
VE,2026-05-24,299,-1.6516162964879995
KE,2026-05-24,352,-2.4226531592226834
AF,2026-05-24,347,-2.2281583749681206
ET,2026-05-24,122,-1.3598084548541032
CO,2026-05-24,117,-0.9932235759755952
SU,2026-05-24,83,-3.025745690104168
BM,2026-05-24,19,-1.6845421539495486
TI,2026-05-24,11,1.2747390141023962
UZ,2026-05-24,63,1.2364946460912858
SO,2026-05-24,84,-3.1707048322000304
OD,2026-05-24,155,-4.91190130255384
KG,2026-05-24,25,2.2790348185072435
BL,2026-05-24,14,-3.502987428305122
PE,2026-05-24,93,-0.6393530743732454
HA,2026-05-24,37,-0.49735915964841004
ER,2026-05-24,21,1.2358749761538999
EC,2026-05-24,33,-2.6861659432252414
NU,2026-05-24,6,-1.4904952839432948
KE,2026-05-31,342,-1.2691370881087018
SU,2026-05-31,64,-3.2105910514221803
HA,2026-05-31,71,-0.09925191457871682
PK,2026-05-31,938,-2.323527692952659
PE,2026-05-31,176,-0.25279151792111515
CO,2026-05-31,300,-0.49005791287724243
ER,2026-05-31,44,-1.021007117548835
ET,2026-05-31,232,-1.56927064750163
NU,2026-05-31,111,-2.119465435394262
AF,2026-05-31,200,-3.1936488280428916
UZ,2026-05-31,46,1.2400208632398424
VE,2026-05-31,350,-2.7035510094478656
SO,2026-05-31,56,-2.1895102851035637
EC,2026-05-31,120,-0.7782725083626365
BM,2026-05-31,34,-2.0991371056264145
OD,2026-05-31,78,-2.3415511183643862
TI,2026-05-31,19,0.27326320402311444
BL,2026-05-31,58,0.49829210505336263
KG,2026-05-31,16,-0.23607211184409568
KE,2026-06-07,218,-0.5179795746282274
PK,2026-06-07,1801,-3.153517877630164
SU,2026-06-07,79,-4.113092732567667
AF,2026-06-07,332,-1.569143880049502
PE,2026-06-07,265,-1.1797820769755687
EC,2026-06-07,89,0.25468381206946833
HA,2026-06-07,135,-1.0093863144742181
BL,2026-06-07,50,-2.4649907438019305
OD,2026-06-07,42,-2.5043354434793264
CO,2026-06-07,126,-0.2590060241684008
KG,2026-06-07,74,-1.5288153304699064
BM,2026-06-07,120,-0.3709493098255775
SO,2026-06-07,66,-5.0426912658643985
TI,2026-06-07,21,4.366024160718288
UZ,2026-06-07,71,2.7346409724271274
NU,2026-06-07,43,0.5998472156684821
VE,2026-06-07,163,-1.265802922867555
ET,2026-06-07,70,-1.9507887790456688
ER,2026-06-07,16,-1.1642675788666592
VE,2026-06-14,193,-2.6093499263032496
PK,2026-06-14,2346,-2.0104873273614148
CO,2026-06-14,169,-1.0464870557353225
HA,2026-06-14,917,1.510281577686662
KE,2026-06-14,414,-0.5371337546258945
PE,2026-06-14,135,-0.1862901263907138
EC,2026-06-14,200,0.01387149115096892
BL,2026-06-14,38,-2.51909073100423
BM,2026-06-14,42,-1.3395725500330786
UZ,2026-06-14,70,1.1815557034044857
SU,2026-06-14,132,-5.69232388424811
NU,2026-06-14,15,0.1690984439630537
AF,2026-06-14,271,-1.4708051127237842
SO,2026-06-14,113,-0.6264958527715203
OD,2026-06-14,21,-0.8311287807722705
ET,2026-06-14,72,-0.7029955451833287
TI,2026-06-14,31,3.3774028955510675
KG,2026-06-14,26,4.622061556045053
ER,2026-06-14,9,0.5190090797698725
PK,2026-06-21,3058,-1.8992140195896798
CO,2026-06-21,391,-1.8941532337057776
SO,2026-06-21,100,-2.3715777533347535
VE,2026-06-21,201,-0.9060504528581655
NU,2026-06-21,12,0.923360417703417
HA,2026-06-21,257,1.8727281871940185
AF,2026-06-21,280,-2.1698196158881844
ET,2026-06-21,151,-0.6245838635699871
EC,2026-06-21,447,-0.012641588522372054
KE,2026-06-21,212,-0.5869134871109493
BL,2026-06-21,83,-4.712923944889381
UZ,2026-06-21,82,1.1701773739347496
PE,2026-06-21,63,-0.1918518914956932
SU,2026-06-21,160,-3.796100819250365
ER,2026-06-21,45,-2.561780219289463
OD,2026-06-21,37,-1.2971960579044057
KG,2026-06-21,21,-0.7528236207241547
BM,2026-06-21,35,0.6428820060307994
TI,2026-06-21,14,-0.6914590550378765
KE,2026-06-28,238,-0.9953431369907821
SU,2026-06-28,75,-4.272216149355456
ET,2026-06-28,71,-0.05101342474124488
BL,2026-06-28,167,-1.3931454862399868
PE,2026-06-28,126,-0.46177258741503213
SO,2026-06-28,90,-4.754348904049007
PK,2026-06-28,966,-3.6401324766891463
UZ,2026-06-28,410,1.1718724566912457
CO,2026-06-28,551,0.542870435941902
AF,2026-06-28,371,-2.782176078825045
EC,2026-06-28,147,-0.3268790454762477
VE,2026-06-28,947,-2.086618518944183
HA,2026-06-28,306,-0.8245937024790604
KG,2026-06-28,15,1.2247561618892628
NU,2026-06-28,13,-0.8755556376049776
TI,2026-06-28,8,2.2713864322253303
BM,2026-06-28,31,-1.188962444119916
OD,2026-06-28,25,-2.0599071092790835
ER,2026-06-28,11,-0.7754102983085754
AF,2026-07-05,392,-1.5773767120845936
PK,2026-07-05,920,-2.5825726648862424
VE,2026-07-05,878,-2.4710340398603146
UZ,2026-07-05,164,-0.04180108499253564
CO,2026-07-05,182,0.5681038473424989
EC,2026-07-05,358,0.6679714206915415
SO,2026-07-05,77,-3.6977292416035104
HA,2026-07-05,78,-0.7104000140368353
KE,2026-07-05,316,0.236447823740794
ET,2026-07-05,74,0.19206768173667
OD,2026-07-05,24,-0.13948101389989678
SU,2026-07-05,65,-1.6839601928914363
TI,2026-07-05,42,-0.8546861873409096
KG,2026-07-05,31,0.17928901767973715
ER,2026-07-05,18,-2.1172393295089815
NU,2026-07-05,30,-0.25167837113126096
PE,2026-07-05,74,-0.09224067215849603
BM,2026-07-05,13,-1.1875286868127655
BL,2026-07-05,16,-0.5726424857486367
ET,2026-07-12,70,-0.29398364846248576
AF,2026-07-12,660,-0.840618539645157
PK,2026-07-12,1168,-2.7365024585193716
VE,2026-07-12,228,-2.088645172676072
CO,2026-07-12,196,0.5091227483571582
KE,2026-07-12,279,-0.6014107708019713
PE,2026-07-12,46,0.6546626450544174
HA,2026-07-12,84,-1.2964569469366145
SU,2026-07-12,113,-1.931314155273102
UZ,2026-07-12,26,-2.1461371189791354
OD,2026-07-12,17,-3.845544781424484
ER,2026-07-12,18,1.279156864327188
SO,2026-07-12,49,-1.8998570063661677
BM,2026-07-12,16,-1.4490208240959452
BL,2026-07-12,21,-2.771551921256928
NU,2026-07-12,7,-1.4988401663992512
EC,2026-07-12,32,0.28631218046093765
KG,2026-07-12,7,-2.1815778109831254
TI,2026-07-12,2,-5.6665931810606605
SO,2026-07-19,407,-1.1552430799294937
PK,2026-07-19,716,-2.0354262037397834
PE,2026-07-19,293,-3.5758668687036206
CO,2026-07-19,417,-0.9244700222740836
KE,2026-07-19,203,0.07374955404057446
VE,2026-07-19,538,-0.4751860675784317
ET,2026-07-19,92,-1.2720376082804257
AF,2026-07-19,290,-3.5764129737828045
ER,2026-07-19,26,-0.2828840773639068
OD,2026-07-19,40,-0.4144099112421101
SU,2026-07-19,48,-1.8345054181017935
EC,2026-07-19,75,-1.4818219515065365
NU,2026-07-19,58,-3.1456051790313193
HA,2026-07-19,47,-1.3411184857305698
KG,2026-07-19,24,-2.8436833640858232
TI,2026-07-19,8,-1.4775898984192044
UZ,2026-07-19,57,2.414675659438393
BM,2026-07-19,22,-0.30193018186416826
BL,2026-07-19,14,-0.8283519681801044
ET,2026-07-26,71,0.9322890839656736
VE,2026-07-26,651,-4.270692680705669
KE,2026-07-26,356,-1.4392655924441873
SU,2026-07-26,438,-0.33419404443617823
OD,2026-07-26,311,0.3485489363137348
AF,2026-07-26,248,-3.1149540461304004
PK,2026-07-26,1010,-1.910362160290013
SO,2026-07-26,63,-3.1424850212970457
HA,2026-07-26,87,-2.063950593303281
CO,2026-07-26,124,-1.7289297873161527
EC,2026-07-26,55,0.47338469149296186
PE,2026-07-26,66,2.099832421621838
BL,2026-07-26,21,-1.7782067892045519
NU,2026-07-26,22,-2.8172995377600962
UZ,2026-07-26,33,1.508857270445393
BM,2026-07-26,30,0.17350793922567853
KG,2026-07-26,16,0.8013519123106358
TI,2026-07-26,6,-0.6083714724902799
ER,2026-07-26,11,-0.12207539328137623
PK,2026-08-02,1584,-2.93750053012441
VE,2026-08-02,198,-1.9846589547118032
AF,2026-08-02,315,-4.680649524660105
SU,2026-08-02,79,-3.640769897413877
KE,2026-08-02,356,0.7103743277574425
PE,2026-08-02,422,-2.638175303543856
SO,2026-08-02,69,-1.635779730026257
CO,2026-08-02,189,-1.567629650971231
ET,2026-08-02,84,-0.6754735047906782
HA,2026-08-02,43,-2.234391744025035
UZ,2026-08-02,37,0.5255426957550504
BM,2026-08-02,31,-1.3122159005187566
EC,2026-08-02,39,-0.5927422510144028
TI,2026-08-02,12,-0.027908481074770952
KG,2026-08-02,29,0.20355749158487138
NU,2026-08-02,15,-0.8741857180703723
BL,2026-08-02,13,-1.3056525756500976
OD,2026-08-02,31,-0.6323564557412209
ER,2026-08-02,14,-3.810658393751735
