country,week,gkg_embed_0,gkg_embed_1,gkg_embed_2,gkg_embed_3,gkg_embed_4,gkg_embed_5,gkg_embed_6,gkg_embed_7,gkg_embed_8,gkg_embed_9,gkg_embed_10,gkg_embed_11
AF,2023-08-13,0.5251283984267502,0.1923938500835126,0.10480371272558425,0.14341205706235272,0.6032226420211686,0.17885619882393447,0.1253548495197456,0.11720783478102324,-0.09734278808597463,-0.04970353999205481,-0.02105861836522828,-0.35153838911462165
AF,2023-08-20,0.541892684719823,0.2668360592908776,0.03280214264816709,0.1658569334515311,0.6018526496410641,0.14258749548936558,0.20124150233563184,0.07980426490239109,-0.06171764319834469,-0.031901655023793773,-0.0004217744252915465,-0.2801816885020195
AF,2023-08-27,0.5252142700385891,0.22055091629798393,-0.04657319290061598,0.15817452301794047,0.5661037700915136,0.1379832538108313,0.20518771093282312,0.13678984111176382,-0.09115376769326208,0.01868410640736234,0.030709087774684802,-0.241348856473685
AF,2023-09-03,0.5378132773784502,0.16207416763875956,0.13841579937805273,0.21383166191436292,0.592878266626338,0.12497884508575192,0.12415990991248331,0.07164969147244044,-0.11481658141145219,-0.06001998942489181,-0.030792321549311337,-0.29434466559780037
AF,2023-09-10,0.5025256332148511,0.20778031017299955,0.07547805262299406,0.17819848591759838,0.5560231927566381,0.13038799031085727,0.1637715554379013,0.14059466777354632,-0.09923950917730415,-0.04718518139488102,0.01302642335347175,-0.24885264006718888
AF,2023-09-17,0.5572707360182093,0.18578183547904403,0.10175808113116,0.15349595242966985,0.5836898193414995,0.10030205453990551,0.09753304810297483,0.07531421274207976,-0.0568747935735068,-0.028425862707732782,-0.0385545963965976,-0.2785987146004778
AF,2023-09-24,0.5128057642820734,0.19795274651700454,0.02407756505683931,0.18211428103705785,0.5711950661770437,0.17060716005848967,0.13755328953857004,0.0469696057208443,-0.11080196713060449,-0.04537971847663128,-0.013144394613401037,-0.30650187078503
AF,2023-10-01,0.5448789662247635,0.23352737892173453,0.07994872901963274,0.1895291435396239,0.6277303528677943,0.16397183593413356,0.08837751907249486,0.10979467875011574,-0.10207287857415279,-0.03705479396494263,-0.0076308945058958235,-0.36082911996224415
AF,2023-10-08,0.4647750892864771,0.21992557368774618,-0.05341942029965011,-0.06326264497382898,0.4789415888074314,0.5147063549641094,0.23227678126062337,0.0521405313263601,0.11568623375998369,0.14139755610550064,0.1355186923995466,-0.23807547116172817
AF,2023-10-15,0.4732986576970711,0.2222180801056539,-0.013067352839122427,-7.1751098644443775e-06,0.48506626959273663,0.3504130294534701,0.21582995627302404,0.055552764979795034,0.10763373244436202,0.07831717861954827,0.022841809172527566,-0.20851730228162016
AF,2023-10-22,0.46962255196107594,0.207566273216658,0.1199399497617431,0.17912691665872502,0.5213986683053315,0.22770367799508875,0.1462174804321958,0.06272813671049188,-0.1515023566953589,-0.03344585330958262,0.0075540359730855945,-0.28257088275280356
AF,2023-10-29,0.47374788710769145,0.22545669692629694,0.13096422790133397,0.19967504911133405,0.5336920397064171,0.2454741203023165,0.17790627223021702,0.049351409779954204,-0.16391415444828394,-0.03109612410807712,0.007148802484711604,-0.2639183956582566
AF,2023-11-05,0.5125121940939474,0.1548210216710643,0.07635933911774706,0.12117250415766052,0.5487391301972392,0.22284172195298166,0.17829401563214914,0.05301571091129809,-0.08925529394737472,-0.03524057045027135,0.015913949026031805,-0.30385716546722275
AF,2023-11-12,0.5597115412355284,0.23134934429891232,0.13333135547391714,0.17976019673477162,0.6578112315947465,0.14099248042466497,0.16560221634733058,0.0939312593955189,-0.14496864357445752,-0.04270128486931051,-0.02390855058642303,-0.33742308626267703
AF,2023-11-19,0.49413018850609064,0.18554886918284608,0.06533693320542089,0.2098572937425405,0.5572924736386413,0.1608860453120316,0.13193350771094142,0.08436118344032335,-0.15701816290899417,-0.08353952413465937,0.006942604795285899,-0.2695427682391386
AF,2023-11-26,0.5520562121086439,0.205573280385015,0.09456636841320029,0.1416138743911601,0.6052261431436721,0.11866260555810138,0.16001403351715135,0.04993214654353684,-0.10803453263462222,-0.07536322155499355,-0.041142821595458026,-0.32014054411692505
AF,2023-12-03,0.5535828599803727,0.325438634062131,0.17057513667077293,0.164307087593188,0.6943735478792628,0.12623747477446443,0.2825931963571667,0.0877034659952128,-0.06141350707931927,-0.06998980570375164,0.005708076147410485,-0.38423945248452884
AF,2023-12-10,0.46590613943497783,0.1733548703754589,0.09397992930183059,0.20841606138409122,0.5156664670819229,0.16989549040157723,0.1044097483703982,0.07822800600755826,-0.19601112204739152,-0.034517776969370986,0.037407578590627835,-0.2402818652383393
AF,2023-12-17,0.5020475150649042,0.18389051237120665,0.13336219501096017,0.1953274519494745,0.5760019197698771,0.17280672487051285,0.14970984093421483,0.0678753414126196,-0.1462781999037383,-0.08484378490902769,-0.022905275980304875,-0.35450834816563087
AF,2023-12-24,0.5495587054689679,0.2365401249519564,0.05437526167281485,0.16399021294005053,0.6348490040922168,0.14085950144970372,0.18145289811280768,0.07525429723612535,-0.10127599880337627,-0.04550995181316529,-0.01946590477912379,-0.3461969498285987
AF,2023-12-31,0.5674871029669069,0.3175521432989486,0.09695629915965699,0.14991226061523352,0.6487833860359887,0.13781380958432707,0.23629081957959952,-0.011276132474035189,-0.01839641011225503,0.002023858949789139,-0.011164588534620164,-0.32107030941395387
AF,2024-01-07,0.512600681950529,0.20304742192418804,0.09647259330899301,0.18339547515903315,0.5741805736410973,0.2081091684818539,0.14605561716558538,0.04872517901472874,-0.1033488462418977,-0.026665907043765768,-0.011736349165033683,-0.2958442672231657
AF,2024-01-14,0.5196894661227833,0.2221273437120685,0.13918107478120725,0.14196044671573416,0.5875397058853153,0.17772325668916966,0.17802343151958339,0.08907374257369013,-0.11590216363435084,-0.021391901122092716,-0.012650710377358359,-0.3127443004456129
AF,2024-01-21,0.585037029775592,0.2490823025250269,0.15016420529472832,0.10833526211311814,0.7077044787751273,0.14843783573396294,0.2314721609451918,0.12390133499637601,-0.03517091773755724,-0.08431043939514249,-0.1080436922339584,-0.46172805438577075
AF,2024-01-28,0.5274273039058306,0.20492081606515364,0.12649909594568973,0.16461295713785756,0.5833286322327506,0.15567585703751172,0.1297810655622395,0.08583984779128452,-0.1818032527507069,-0.07091213663251712,-0.00836491409676364,-0.28536642040295346
AF,2024-02-04,0.5226864484660374,0.3173898968432484,-0.2919331099262079,0.27031820299919473,0.6084242116149645,0.09475016087723698,0.15049862105324396,0.12080696009425171,-0.07870979302825187,-0.004380410073988517,0.004304533224113571,-0.21029013912203295
AF,2024-02-11,0.48927396092196124,0.14019792173311016,0.1524620537325498,0.2087296294718785,0.5299762739233482,0.1750460634630547,0.13165028624652853,0.0798940511647699,-0.2013206489340089,-0.07424640767574239,-0.019068078231113242,-0.2599356590718129
AF,2024-02-18,0.5201041847638779,0.19694558019710487,0.15702031586962711,0.16104025702700336,0.6008345312815362,0.17128670406390473,0.20373573785608287,0.07685984016955363,-0.12512372770570218,-0.09213728692077824,-0.038339454569592105,-0.3624985497491632
AF,2024-02-25,0.4493480430466618,0.1758553876105888,0.16316963629363684,0.27044862761481314,0.5061750716083225,0.18008936199145667,0.1117953939521337,0.10165976847690457,-0.23740712757039395,-0.11791029594129389,-0.03406825937588835,-0.24055301462843795
AF,2024-03-03,0.45733215486508993,0.17106298674858833,0.12903478139771613,0.22028033250137036,0.5276538944585231,0.2435682929275158,0.13829997407026795,0.04381674831950291,-0.19105868579857452,-0.05281343558459103,7.213050282994968e-05,-0.26082368507123815
AF,2024-03-10,0.5208861073793323,0.21796581235284912,0.10677910453130984,0.1782363572970105,0.5699279229987071,0.16038574471237121,0.09034586702447271,0.09872034304469428,-0.09943199792749112,-0.011005672461576554,-0.000565835992582026,-0.28273690994542017
AF,2024-03-17,0.5027802929161783,0.22742129700686134,0.07629257017519091,0.17901512696031843,0.5433005424768131,0.20536926401111152,0.10887188478108849,0.08559626915065388,-0.06868727924695309,0.014340664816079741,0.015572206550516119,-0.24075156341793752
AF,2024-03-24,0.5521811584676541,0.3119815602140092,0.154547333237316,0.13496033224262813,0.7089436106018182,0.27937328990536636,0.3407473863607425,0.00031624006823219325,-0.016240794140003956,-0.045573567387960034,-0.07623438213283704,-0.478075617356671
AF,2024-03-31,0.5339397328858851,0.23102637067518123,0.12629416819937492,0.16110132347675327,0.6256148847175067,0.19486997056494879,0.18744489970849904,0.023492594318015928,-0.11734221785899623,-0.05214871540697408,-0.051717111433488935,-0.3741015531189375
AF,2024-04-07,0.4845752609895236,0.2609724538053873,0.17676300788269692,0.22420752181198234,0.5228344947565762,0.18291144692294892,0.18912645152913932,0.0873197425148643,-0.12094038862642831,-0.027144248180557242,0.005246674096257161,-0.21614511588501997
AF,2024-04-14,0.5274110078477239,0.23921295315468613,0.1579747689467227,0.15295756005072594,0.5674157014309513,0.1800193096091364,0.202114265131841,0.20087780122108584,-0.0008029113438532894,-0.02682680664879232,0.03977624908347692,-0.24661394972988446
AF,2024-04-21,0.5468214911346311,0.20724427511985805,0.18206459590197388,0.16837302061943232,0.6478793377063405,0.14440393743905175,0.238378053802337,0.004064158892394025,-0.12214484107094373,-0.13603303582380546,-0.08079370389605804,-0.42499530321620155
AF,2024-04-28,0.5401557798089899,0.2027677904557953,0.018841697634431425,0.1683644134929119,0.5947217379149581,0.14615610360721634,0.12229729864488272,0.05790000588736473,-0.04772583568297128,-0.035706009713202876,-0.027659701507438888,-0.32475761754547133
AF,2024-05-05,0.5526535984361838,0.20213383312729993,0.1102132590184056,0.11968007111529955,0.5636882232712574,0.1540789115601255,0.041525652762940395,-0.008157400301265967,-0.06387033185327139,0.008381123295260395,-0.0430091021557407,-0.24658724565582477
AF,2024-05-12,0.46780657572316875,0.21276303589695092,0.01714409175309181,-0.0028526043282211585,0.47382719680732494,0.4277967549091796,0.18975975611969495,0.041591210247201145,0.03904964467331946,0.06452916156184796,0.1126900380779552,-0.24690064617330676
AF,2024-05-19,0.5232271834963051,0.24551624128251773,0.053771124535128376,0.042650851987029094,0.5613906713364504,0.2873634032405911,0.1876205083540745,0.05846153023374363,0.02472263273868983,0.037197638839720853,0.04360212933248158,-0.279075385718943
AF,2024-05-26,0.5215748134960898,0.23812211796680735,0.0806148331999385,0.1121613020859831,0.5827352196488781,0.21912781818057653,0.1964145916155921,0.10363187554562711,-0.031521412514492926,-0.0023375056590815286,0.028349246254159848,-0.28655757557078293
AF,2024-06-02,0.5465641863573055,0.21370329045445965,0.06523444281923817,0.15296137526015804,0.6115434472912955,0.13417804042076933,0.1537814406631192,0.08035470087230516,-0.1253167789792945,-0.03998664496730647,-0.001634644034950688,-0.28025472908188825
AF,2024-06-09,0.5219847165147712,0.2020102633142169,0.11153907400231187,0.16975011602497847,0.5850090497739773,0.1649435506543457,0.18541349381845304,0.11621095808295631,-0.1380358657781903,-0.05526287883406205,-0.012594855087805692,-0.2872561991623955
AF,2024-06-16,0.5182718151251682,0.20571997369668227,0.1356533160613339,0.17355977634306505,0.5967984558825188,0.18752929346612343,0.1825407341384724,0.07863550563276664,-0.10717028508571762,-0.059658469377159996,-0.00888442972030655,-0.34688476310150707
AF,2024-06-23,0.4830146407956509,0.2367161165571356,0.1605516243656468,0.18703588956251352,0.5478743355422246,0.18971100348512157,0.21218174412342278,0.14424123161823227,-0.17011676536423573,-0.048462227497054866,0.01625419620254369,-0.27663476480083243
AF,2024-06-30,0.5322445005886516,0.19155388608550547,0.14143248029024091,0.20361390468410578,0.6042654677755874,0.14070043616113495,0.15343115591090034,0.07265221465094546,-0.12972910035252777,-0.0657170198562623,-0.03211115993684844,-0.3358592788557963
AF,2024-07-07,0.4790014590465109,0.1871715426901209,0.12516951868013113,0.19185203641372187,0.5077787726385816,0.17155268452818775,0.16533705764607087,0.12167274615664589,-0.13608114619578984,-0.053733744655501604,0.02791701080385,-0.20880476999004083
AF,2024-07-14,0.4931923441112403,0.19962427903102725,0.10943692197190522,0.20269254049805735,0.5584290885845131,0.1603619000170335,0.18366548306619707,0.07452595044980548,-0.1228865293425545,-0.05869321607571823,-0.001917420273810279,-0.286242099292205
AF,2024-07-21,0.48132970013109444,0.18326237779647586,-0.20358821456135437,0.27481831691711617,0.5301819454166006,0.09629060778527075,0.13954070279762804,0.06040901718067436,-0.16053058757493208,-0.07473526064503258,-0.044264002405624885,-0.24217409405888712
AF,2024-07-28,0.49800472362191583,0.21995886442742618,-0.0024666277426204824,0.2206569370282232,0.5635985194903926,0.14687512133840266,0.12772406886130314,0.09187620159813362,-0.15128510283877886,-0.058301907843837965,-0.019594598354778097,-0.25144072573186865
AF,2024-08-04,0.49113272488784415,0.19807486394270293,0.08721060121020932,0.1885302081673562,0.5418856428261919,0.18209573474780563,0.16189071748260164,0.09313884176144421,-0.1290286818610954,-0.040435684571612396,0.00019104969731216552,-0.2638362288828881
AF,2024-08-11,0.4939783099107385,0.16947559372024912,0.058386061394578984,0.14121683695647133,0.5603935957757855,0.2704423615718033,0.18412711973763632,0.10903872235607724,-0.07111635007415291,-0.00789420704438841,0.04676446011369094,-0.3114604029770064
AF,2024-08-18,0.5265962995420461,0.0862921203616307,0.10884155299264843,0.2264593766455881,0.5968841960741257,0.1805201451902505,0.16117301923735058,0.050254273946395665,-0.18106919630434562,-0.05665178718444449,-0.02856992261055582,-0.33087569127511085
AF,2024-08-25,0.4640661872266364,0.22871501960083618,0.09953071078678698,0.20936480057588597,0.518053207327986,0.2439536168931018,0.1468648313088126,0.1525269016716078,-0.12562262221247134,-0.003136041133796696,0.12616511200529487,-0.14366791853710145
AF,2024-09-01,0.4492892528784986,0.1688209682071965,0.08299432487124206,0.20353956553835828,0.48955172103076483,0.15641634185787445,0.15635391098530116,0.10972178257640687,-0.10640400810661642,-0.05460800237728167,-0.02044793592381149,-0.18046048698124068
AF,2024-09-08,0.48288353604922646,0.16719420756237457,0.0944539964989102,0.20558648255955048,0.524632980411538,0.16757665744249217,0.13192925866055233,0.08568265703460161,-0.18014892987497846,-0.06149571806093643,-0.002000816050109127,-0.23690319576608462
AF,2024-09-15,0.5651893894729673,0.29666109995193785,0.21897052157477773,0.1389423108860477,0.7090618385393302,0.07458000931943881,0.2655877245437836,0.09609024500671257,-0.05073878961897534,-0.10090776795827873,-0.06727200851137856,-0.47873220406907163
AF,2024-09-22,0.5242964643642047,0.23186658648597158,0.019623974634976428,0.19744182236480262,0.6003272563405664,0.14913083633233817,0.14811500363407373,0.05492659680741824,-0.12028278345051645,-0.038853120723788596,-0.013167928637464504,-0.28803061615901915
AF,2024-09-29,0.5405673195449205,0.0818768002867363,0.12239074307410466,0.1886532654143004,0.5114853468920065,0.05014210171162207,0.016274862183653933,0.09521138565341174,-0.02689483606155977,-0.033329960372672045,-0.033833642332752684,-0.19542286006864648
AF,2024-10-06,0.5012204148708853,0.22626239657600203,0.12599529915273328,0.1442143946904505,0.5689324750516801,0.18302528517981798,0.21931070870338712,0.11865141933747156,-0.0930493082274127,-0.054853183168586374,-0.016201225339151505,-0.3123797651559163
AF,2024-10-13,0.5320934812184195,0.16816010277029414,0.11753969577492221,0.17410277544932515,0.5716692894428833,0.1531655881289534,0.1729438003636051,0.09209197150059509,-0.12197560206868592,-0.018969922928545234,0.02666789705602777,-0.29031710781841746
AF,2024-10-20,0.5015263312165136,0.24462559432936168,0.08718029063411005,0.19067199892355752,0.5619448308753437,0.17424088048762618,0.197886147480579,0.21469478810967776,-0.10466715742409977,-0.02461491701789634,0.05331494656909804,-0.22120308366280114
AF,2024-10-27,0.48090705009373164,0.20560991474065038,0.1341636399528626,0.2234381922258692,0.5296582999303054,0.18663794731056252,0.14562659807323103,0.08122808304549255,-0.1570852845666991,-0.04717869155157615,0.020982355053137423,-0.23062592067934345
AF,2024-11-03,0.5068370916885259,0.20992155574128799,0.08612821544944534,0.15958369023105512,0.5469596122165215,0.14988729942891044,0.13321541979160653,0.08919828690573815,-0.14708747886560428,-0.03448658012219093,0.013820579645840459,-0.23707048293226887
AF,2024-11-10,0.5420418885566589,0.3059620101075049,-0.01010856786928408,0.21822502607947322,0.6187696491334318,0.09463519648662624,0.21060215319470588,0.15021281445870877,-0.07977434319853474,-0.0067162820698106855,-0.004881124680404484,-0.2510637926450943
AF,2024-11-17,0.4712066286825346,0.1998031383952656,0.1472796945531643,0.19704901843785746,0.49617953325974673,0.13510597245893025,0.1404536668309184,0.10583629577067429,-0.12744367479689545,-0.03822357325718193,-0.0009436142648188257,-0.2002562925355376
AF,2024-11-24,0.49172263278187667,0.19807784571351258,0.11859240066048375,0.19517072566345592,0.5474619634327076,0.20946572454778964,0.15835384837708483,0.09219251683188845,-0.1520472770467481,-0.05236629969779182,0.015018687301929056,-0.25689215672794413
AF,2024-12-01,0.5214820014291299,0.22426912141451777,0.10815132496502178,0.16623566626912256,0.5881671048345544,0.16542783165281585,0.1820009280887274,0.09235455504354628,-0.12756627711108467,-0.05341093833660735,-0.013386678767983436,-0.2817557869298653
AF,2024-12-08,0.47198286176342547,0.19403175682566162,0.12030163344843378,0.18008996393740329,0.5270475504457887,0.18320872811034034,0.16675127208034193,0.09195387867589992,-0.1358160948074714,-0.031770578289487844,0.005598575657920458,-0.25116931445436247
AF,2024-12-15,0.5370457150165119,0.19153082634918087,0.039113269158543636,0.1754033011494136,0.5886885196448919,0.1277278482978903,0.16194217668580257,0.08031268312070568,-0.09716304532531236,-0.0407132636210056,-0.08458191690490505,-0.2616299629368938
AF,2024-12-22,0.5066187055767692,0.1943958089715578,0.09949061253055798,0.1725897873638592,0.5542119965246991,0.17240125806951812,0.1668161821967871,0.08780025678415698,-0.11118889430800682,-0.04570387113970802,-0.009745890007564043,-0.2797460734231976
AF,2024-12-29,0.5480124003169101,0.20988187584942725,0.12757853565375263,0.14021379765563705,0.6276204673285725,0.12524980836293204,0.11949050928406353,0.055474047774860064,-0.1596846675035992,-0.11674363869517994,0.017699080266369054,-0.2932527246860981
AF,2025-01-05,0.5028626244675922,0.15770139904391123,0.07025047908279831,0.16355264818303256,0.5171391811163192,0.20913758516738265,0.15419797171732,0.09465546164336705,-0.09742422312403842,-0.022048464390044993,0.047617126004202925,-0.19989010026090523
AF,2025-01-12,0.544611679465538,0.2537042672667508,0.19055200903609895,0.2175730550081783,0.6575278614729839,0.15601481279087387,0.20582350038046937,-0.04198458448216262,-0.13321313576749694,-0.062183263145373965,-0.11835783782626573,-0.4136047738700014
AF,2025-01-19,0.5193575905243499,0.20375622943997787,0.12171555819567256,0.2205282225313411,0.5928191524230837,0.14341907401707116,0.09562950999299574,0.09981345559994166,-0.12723130580286074,-0.061133797683526926,0.00043906908693879,-0.3303246827627555
AF,2025-01-26,0.48625777132098624,0.18736757005996732,0.12233732153020561,0.17474954315330754,0.5565954336443936,0.18527301850821296,0.17231179393526141,0.07701518481672716,-0.12040333792372643,-0.067950488516736,-0.006741240103554067,-0.328968568303216
AF,2025-02-02,0.5025411810962515,0.1369292870343388,0.1672428721684503,0.17865829656051882,0.5602272302636392,0.10861334653407656,0.1872490734013199,0.06988611601336585,-0.1461992105053006,-0.08987381560289122,-0.07161981975802892,-0.2733978194010781
AF,2025-02-09,0.48815114026490536,0.16659872331508696,0.11963786348237662,0.1995957106707484,0.5323170467496103,0.18418954098568796,0.1614576174713543,0.03031404787539493,-0.1651488870960211,-0.04092197217622105,-0.015404386064326423,-0.27402616505547567
AF,2025-02-16,0.4972313319212806,0.23260255611913033,0.09492703328498117,0.17870039120350614,0.5681450325696397,0.22283305430375047,0.17262783279881397,0.0628311086807216,-0.09764549816943371,-0.007271004496744223,0.03618600135173574,-0.2633959567320423
AF,2025-02-23,0.5245430869323942,0.19605050703793625,0.16851901141944742,0.2200644005173075,0.6150304606983734,0.14363826325856419,0.15690979581077552,0.12166473784791311,-0.14215493054252645,-0.0846453958560243,-0.006619071093360863,-0.3240143664959234
AF,2025-03-02,0.49093280244645343,0.182743744740594,0.0923456427078738,0.2531110801779751,0.5463135240382128,0.1104667240803885,0.09961221642300506,0.09263852846479495,-0.15260486342023316,-0.0681958649255639,0.006146140150238837,-0.21773606743790294
AF,2025-03-09,0.5531177375235795,0.19129110737920713,0.13621160059025722,0.16423356305709896,0.5890688732766302,0.09654538617378951,0.1379650803381203,0.09093712643837185,-0.11738034625790734,-0.018257367683420143,0.007268990029123498,-0.2658767747412004
AF,2025-03-16,0.5372402916994398,0.21845146084033176,-0.17058664209273838,0.2295187594331822,0.5953246582425171,0.10703215374051767,0.1367322433090837,0.05345190405133453,-0.05061995565534509,-0.021819896596876207,-0.0715994516106855,-0.18081860046555062
AF,2025-03-23,0.4655958055977799,0.1582282745257299,0.09699847264848774,0.16784506151850964,0.515995045913467,0.2769807297879143,0.1437312641765845,0.09919905720798243,-0.149237380037164,-0.018266406472821,0.03460186144721793,-0.25525527387798275
AF,2025-03-30,0.562076185014551,0.23574433478867432,0.14778236125130775,0.14759450341765293,0.6058912908347582,0.0776556040818881,0.16601740579863897,0.01913789035504359,-0.07581938486245247,-0.12108287820734606,0.012270561282145655,-0.30466103916144255
AF,2025-04-06,0.5510487684081687,0.18489941292730366,0.07488692660901404,0.06881600394234731,0.5829299396265533,0.14633156685889515,0.11064487271837183,0.09597543845903717,-0.14768036138015703,-0.0675238183671747,0.023643173333334797,-0.25296392888475094
AF,2025-04-13,0.5145593097352799,0.25817261080821385,-0.004319047833780502,0.24479986741978826,0.6189926403047431,0.12955139874296764,0.1545561163767577,0.13689724383518617,-0.17733463287210088,-0.05686506300000799,0.023135571585891943,-0.26477877983362075
AF,2025-04-20,0.5390914935154156,0.1942364570743897,0.04113590326123977,0.13658657349299608,0.5868961189157004,0.13344772492331355,0.11556399579417406,0.0671953082199883,-0.1394301581827826,-0.009345917778615482,-0.026887073605605293,-0.28100368000455034
AF,2025-04-27,0.45271692518073575,0.2066199799791463,0.08607462965800623,0.15890705438340505,0.4938748685093149,0.25124363424502977,0.18455176638624005,0.11455314005814544,-0.13048120460364673,-0.02563910586320289,0.05642915609443959,-0.21714289299161252
AF,2025-05-04,0.5188214242565502,0.1832439735500827,0.11461326827732886,0.17064148087677736,0.5688496834396468,0.16689389166654314,0.15021181732963512,0.0746879381481038,-0.10251037475957649,-0.0382401439706095,-0.014221182006186632,-0.27275515392623906
AF,2025-05-11,0.48459495815891074,0.19693473871264652,0.08656910199826853,0.1867450524986348,0.5271887652505827,0.19361049121100293,0.13241885060280223,0.10480367330500474,-0.12370640908840547,-0.029053156427623673,0.044888050027705635,-0.21678400398700368
AF,2025-05-18,0.5269480503259929,0.190152531875747,0.05301643909228475,0.1725635154752908,0.5841408687845835,0.14288523947921627,0.15973750675894108,0.05992590282947949,-0.09573301729240416,-0.05840880719137913,-0.04182856182416449,-0.303406756857571
AF,2025-05-25,0.5240727935412681,0.24929497754224475,0.06849260481805512,0.171577659511004,0.5838761365374383,0.15800527426961358,0.19192159202790535,0.14072191184429123,-0.06574668084607191,-0.030936865926625038,0.011676566583125362,-0.2743337772957249
AF,2025-06-01,0.5191500771931277,0.16547821799799295,0.1330222858317712,0.17166883785599457,0.5754703411642185,0.15616327234768446,0.15137727438575688,0.06223198023135084,-0.14242134709509435,-0.07525856548396466,-0.05662745298971344,-0.3141728073883514
AF,2025-06-08,0.5261376936215251,0.21127252769345417,0.10847004558033264,0.16715989441422582,0.5825700353504459,0.11553195274754978,0.11395823615131208,0.010085145572966763,-0.1575810827380888,-0.028975262325516067,0.00033685408253028874,-0.2553467145527682
AF,2025-07-06,0.5230582696416628,0.2079207420892596,0.1163284334194165,0.17759740980621475,0.6085370501928916,0.2107018199326714,0.16887859401700336,0.05021530114717198,-0.1208762994735342,-0.07252832418391841,-0.02277997438369335,-0.39071284290115404
AF,2025-07-13,0.5373098529954379,0.21973762120272594,0.0047526130160439875,0.15797411914647774,0.5901126364328588,0.15735719205652562,0.12315936644161024,0.0540726821365437,-0.09333009210367575,-0.05716765264108865,-0.009983268228905221,-0.28947255840725966
AF,2025-07-20,0.5286310727675165,0.1986120635943883,0.10622142819047932,0.14701793769713192,0.5880896705615083,0.14441316559618345,0.1157897402772721,0.08803750980579263,-0.08694429921631644,-0.05907422364976929,-0.011944355982921932,-0.3186468453756835
AF,2025-07-27,0.5362066511983564,0.236551196204438,-0.06859003493608365,0.19511275301619402,0.6228225334655656,0.13974339468658573,0.18423163489674968,0.08416982735963878,-0.11322897884105225,-0.06028075545607241,-0.027027476736296654,-0.3127222747879145
AF,2025-08-03,0.5390466781229519,0.2023220711181475,0.04932447542245369,0.18066152160810456,0.6010852124709508,0.15823033211360563,0.1473990089248692,0.0732700463998665,-0.10644291971882135,-0.05801555127981352,-0.015688854990553745,-0.3066169031796229
AF,2025-08-10,0.5504389254368199,0.35464392428924146,-0.3964153208182275,0.2778174489674712,0.6626150895376247,0.018254890671991156,0.20038324498673837,0.08778332983596224,-0.15809901688106667,-0.001089516258946172,-0.016622366260109763,-0.20936232822213874
AF,2025-08-17,0.5573191316698972,0.2439740396494673,-0.008636179616803179,0.07638270052277406,0.6279675419897498,0.1924248009704935,0.1515909761973824,0.11310172620712257,-0.08756916306201724,-0.027651529336365735,-0.017826706024463318,-0.2856075540387846
AF,2025-08-24,0.5256811283542046,0.1883886506151684,-0.055632750282394894,0.18811776935523764,0.5839304577778568,0.15949626071362602,0.13946627489537208,0.08905918583629228,-0.10195272730211306,-0.059455266319004045,0.014012773402746849,-0.27670175976425915
AF,2025-08-31,0.509804347170008,0.1938777184410494,0.06585524965149873,0.06535117939050356,0.5446891900322791,0.23525319283285842,0.1742762426542516,0.05490461077319033,0.01580846476592407,-0.006186567184747549,-0.03421604548983496,-0.2892339263391381
AF,2025-09-07,0.5130545499932734,0.1589590235946937,0.082803988960921,0.1265374395152285,0.5502154699554278,0.20655243352534938,0.09974411068823776,0.08259663276914736,-0.08208079642528857,-0.021475284260439705,0.024228115915589172,-0.2652837072473433
AF,2025-09-14,0.528425728483922,0.24893847756261842,0.12747475050809984,0.19972052175302707,0.606751490572602,0.1687020443032709,0.08788578310284303,0.0834298428294753,-0.08790718244976156,-0.04087202160512218,-0.014759692976586499,-0.3215453052809434
AF,2025-09-21,0.5049614648955284,0.19408408961338386,0.155155091609356,0.2120488087018216,0.6261293407950171,0.18445520525587364,0.19425128644673342,0.1009958340009965,-0.1826244035134403,-0.09754851538260725,-0.04103095335707805,-0.39089081153250294
AF,2025-09-28,0.5178516103202256,0.25018538421968833,0.0753491608327997,0.19924526059333486,0.6169490758000967,0.1387404297150937,0.18017868247147295,0.10443744912251497,-0.13557698797719983,-0.05099878235119407,-0.01719606859416478,-0.3219412860372266
AF,2025-10-05,0.5357322222322488,0.23016101959074767,0.08623530441338978,0.15832092332513953,0.5909530733105696,0.14621767692384557,0.13873765791754317,0.09499972689890994,-0.07121239481208344,-0.010960716592425404,-4.120589306132027e-07,-0.2887167227969509
AF,2025-10-12,0.49966971034498137,0.25056147088364367,0.17941357309986147,0.2154143043156395,0.637048760646611,0.2263263839627618,0.2678317121659205,0.1739373997828976,-0.14235548150133243,-0.09183086602445213,-0.0015852044323916399,-0.40416421011971415
AF,2025-10-19,0.4574098507548971,0.2158885352851119,0.07179251247178713,0.15227204251966697,0.5263698460574412,0.19995631322119908,0.1873723140129553,0.14735876676073417,-0.14361370537367923,-0.04199712474385236,-0.008459428516674266,-0.27646596334418133
AF,2025-10-26,0.4617959726824289,0.21166541105510447,0.14358109526505888,0.16168801610723227,0.4949808112991311,0.1322251496512516,0.11558023601885306,0.1152779638318087,-0.11937796046013698,-0.024256614966105604,-0.0030754730738434613,-0.27469728488936795
AF,2025-11-02,0.4997404072905894,0.20205108658406457,-0.003599786047600589,0.16247577503545255,0.5390479955853956,0.20007501445689563,0.186992992723701,0.04841489604774772,-0.10252255962184122,0.006179447386214428,0.007162013960800215,-0.23799986557643546
AF,2025-11-09,0.4732626736643721,0.2265514883623737,0.12826368245452172,0.18870933728131425,0.5647367003997736,0.13556934216981106,0.24823140742854843,0.1675634950886532,-0.11166626156897162,-0.08755935200255656,-0.010824434084524817,-0.3210732907693041
AF,2025-11-16,0.48368434793575604,0.20137934741488822,0.076656443812845,0.18328392516765987,0.5201388815082216,0.16445344896376732,0.09252071315513348,0.11531333562671237,-0.12497839136436131,-0.027854508032331582,0.030692473955688557,-0.2144770109283925
AF,2025-11-23,0.5291866382517026,0.20146698812132144,0.08801865495729895,0.20811663762488625,0.5988555490542533,0.12201569015163698,0.15544802982473843,0.1025294997325384,-0.11197194519814191,-0.06675995734628096,-0.035465834205973955,-0.2887782446692666
AF,2025-11-30,0.49940333385540037,0.26055695929891254,0.1967997620805451,0.21206471328293977,0.6123194241770107,0.16957707164588515,0.17437680426043628,0.16386873471477578,-0.12144941440065697,-0.09320995411303486,0.054986637487553044,-0.3498672789864105
AF,2025-12-07,0.5076686284451907,0.18360371310705578,0.08483617461337152,0.1612281887302696,0.5703834053570853,0.15785148657368198,0.14950134854123573,0.09406962839133688,-0.1348532806411647,-0.043425858576435716,-0.0068513388249521745,-0.30711639458145457
AF,2025-12-14,0.5098656263213853,0.2230211863179485,0.0955551034675376,0.17924197588529472,0.5673884861370596,0.15991862666149506,0.17502344012113466,0.08100100904681724,-0.11418157914795041,-0.03034109517638038,-0.0027133307780660724,-0.27276440159052934
AF,2025-12-21,0.5207694710423447,0.18051423300276512,0.05860919828628668,0.17753042773220773,0.5694914822388163,0.14293954731544867,0.08122932201446356,0.0729681770553322,-0.08695367702816915,-0.060184099248001575,0.004678198529906555,-0.26933317737077933
AF,2025-12-28,0.5355885916205647,0.23325447659575346,0.16018866234215207,0.16608486431068709,0.665806103251995,0.142340003161847,0.2521497684125715,0.0819778548316023,-0.11100926149415277,-0.13174973457473466,-0.07804847907266808,-0.4524712203708029
AF,2026-01-04,0.45704073911716253,0.17657133352218213,0.13843882370639282,0.23246097060615764,0.5253202052747696,0.14428004950541573,0.13800142999454731,0.09344858014740146,-0.19892974365311378,-0.0876819743510906,-0.016055375466288678,-0.23255222196510963
AF,2026-01-11,0.5410287970422694,0.16084997375823967,0.13774088313716498,0.14265093429861908,0.6019938256557955,0.08594619084100016,0.15733698678525562,0.09273380010467049,-0.16787012470331822,-0.015483167012105743,-0.048153137049790434,-0.31630833176376666
AF,2026-01-18,0.5229327354296917,0.1956269813743629,0.13950639829828937,0.13556925707325923,0.5726507558325389,0.20632228269646968,0.1737522742678614,0.04386442371098239,-0.0922460924743064,-0.03031645938081519,-0.02806958322614182,-0.2761674073768769
AF,2026-01-25,0.5153052388675774,0.2339918214013935,0.16807299401279738,0.1669878214172453,0.5916120468844558,0.12368439609413359,0.18039998761050413,0.15776441337925076,-0.15812176619500845,-0.05136901309532098,-0.015578603539190418,-0.29371480458120874
AF,2026-02-01,0.483097056317396,0.20766171012950385,0.0589067626096291,0.1748357681880585,0.5246286463976649,0.21516687478416044,0.18078858174031381,0.13536163331675313,-0.09024551110128548,-0.01559228631341238,0.06131289837007197,-0.21530327469419042
AF,2026-02-08,0.4843033558496733,0.2215587335080787,0.07391286388522057,0.1679564196098911,0.5165790855362106,0.19630615551920946,0.18755257850383852,0.0595893148831533,-0.09055536592690981,-0.0017761960902582124,0.03202651362410819,-0.21355648018998352
AF,2026-02-15,0.5485081492097478,0.3282628553770221,-0.13275902644371615,0.2619251212656649,0.6689876967285328,0.067957105984391,0.20804976735311137,0.09354966441754241,-0.07868183959548028,-0.040628397292341724,-0.04502463741349792,-0.3006781077492423
AF,2026-02-22,0.4923779541819545,0.27582336931001356,0.1655137152297635,0.16760006603451463,0.5914336818571593,0.1972535006928053,0.24798766144273046,0.1252721341551758,-0.11104920056516945,-0.013804520810714833,0.007921154740781729,-0.3031369813175357
AF,2026-03-01,0.4960052788678913,0.21365985395801937,0.1583012036912626,0.17901350045856423,0.6065892047390355,0.23883334490617478,0.23285813287726434,0.1029448165581935,-0.13904661713865546,-0.04759377176899917,-0.015122139981034477,-0.3496143002892769
AF,2026-03-08,0.5230600002467606,0.25044332972685196,0.09260350605798143,0.19821079724556,0.5847188691486175,0.11557327648236128,0.05142890469737957,0.16883497160563232,-0.08954486733073089,-0.011304289623216616,0.020798233701533546,-0.2695146821112606
AF,2026-03-15,0.5103217671103203,0.1792031285588641,0.13655481158319518,0.13542115066909916,0.5705979894197005,0.20714860869275661,0.2526963285852914,0.1303387551683763,-0.10284187249667956,-0.07899002959212452,-0.05212514029920184,-0.2982167477568163
AF,2026-03-22,0.5069246576122136,0.1873829245100777,0.10095068114036217,0.15796460453584618,0.5559656417521557,0.1852744805062577,0.18702528836587404,0.09567825559492708,-0.12404122460728918,-0.016119541441866957,-0.004300705501283565,-0.2682394819443881
AF,2026-03-29,0.4780428430882473,0.17641359928177072,0.08143147233687473,0.12478518381883226,0.5165305240003807,0.2767780093797021,0.17755413728077307,0.0849947658943631,-0.0877759759460971,-0.007880836416941248,0.029085270045804627,-0.2727607515578064
AF,2026-04-05,0.5055323907078187,0.18659715447358163,0.07927161148865267,0.13324792762464702,0.5335883233544425,0.23208089175271324,0.1553193518587349,0.08679989555871542,-0.057912756789310724,0.0057064769479668416,0.04364243141716892,-0.24948561226058102
AF,2026-04-12,0.49886066477626406,0.1989831137942213,0.12546965030729923,0.17953786856965553,0.5829653923039035,0.15716734466969073,0.20189429464517455,0.09927621619400993,-0.12006327262295426,-0.07945315342984433,-0.0538088514158273,-0.3253726216733486
AF,2026-04-19,0.4743828986861094,0.1114599621118452,0.10754684271561624,0.20840184639168483,0.5097706449797128,0.1527032229809603,0.14895592367181643,0.12979908821997274,-0.18070383488808672,-0.06889613790093453,0.0049402311211864045,-0.23802326075946922
AF,2026-04-26,0.5236507697403178,0.26190933454133625,-0.07519712697813298,0.17274448000111495,0.5632910590376636,0.12021012023631256,0.1276487461426267,0.15472334790495487,-0.07931667447930113,0.008894704816416465,0.0418239435256405,-0.20147124857060686
AF,2026-05-03,0.47321591796994833,0.17420188142045834,0.14108697075317642,0.1773254638682036,0.5171293939391951,0.14683648007912434,0.13302243725327098,0.12227435200274361,-0.14927875019876113,-0.07912979575155182,-0.0209322507727594,-0.20306334822152788
AF,2026-05-10,0.48512179506373915,0.23788239848129983,0.09112970308344621,0.13470302479834007,0.5412344346410513,0.26402320695744086,0.21816214488108443,0.19881045708257178,-0.08474475192835015,-0.002570517802160793,0.09433817324556495,-0.2084606208020951
AF,2026-05-17,0.5368279686208555,0.20720646042027727,0.1635216222551058,0.17731639481466055,0.6012934731502595,0.17406757459089794,0.182806906911467,0.026271327431919015,-0.14475380318773473,-0.031154783614654503,-0.03274784242788679,-0.22526604678018008
AF,2026-05-24,0.5485431487214449,0.255722528413736,0.06167095525396816,0.16956065574847518,0.6067264522199238,0.1414288863274109,0.12512661260884198,0.16948436074871923,-0.04074942552509936,0.015742839225143537,0.038521705741264664,-0.22843699394962277
AF,2026-05-31,0.5312311814835027,0.2323952545383309,0.05673466998615028,0.1747247392367993,0.5801429779093965,0.13339613247612414,0.11014503390386364,0.11528808073396796,-0.07915347482263421,-0.01508101169769012,0.010786095974855053,-0.2710009844314852
AF,2026-06-07,0.5222321374044251,0.19465222541581187,0.11309102001166514,0.16130366390879275,0.5430661723553982,0.11193117989197887,0.1852372586954461,0.13835269119417418,-0.09118339952390984,-0.013227398884799041,-0.006126132007110621,-0.22104107377334226
AF,2026-06-14,0.5975972898211567,0.2608763114242084,0.07250574812032383,0.12244728990995034,0.626405925288275,0.03874012716574531,0.11471575850979185,0.099254605305967,-0.01422674204569558,0.026355894440319286,-0.010030986191486999,-0.262669368518514
AF,2026-06-21,0.5643337832681169,0.11903977277331264,0.054496667408604225,0.1676970785150261,0.6031891455051663,0.12402836608350594,0.1442468621046361,0.07853209567437756,-0.12388237246073905,-0.03354922325850552,-0.014177966884972758,-0.30738075118052677
AF,2026-06-28,0.4858194380073455,0.25264092845031644,-0.04950191445333365,0.1804461060985785,0.5572394652953597,0.21046704237259015,0.2151986711187456,0.10337816332980254,-0.11408920833738892,-0.01781874115518447,0.020163164826895764,-0.2515736733135367
AF,2026-07-05,0.4785349991455464,0.1617790286329241,-0.002772112613140896,0.1703291195855622,0.5094290771187487,0.08666286461018227,0.14417621518177484,0.07001994509934532,-0.13646824783546319,-0.06951563551981474,-0.009089504204462232,-0.206246565655124
AF,2026-07-12,0.5214940279736483,0.24863850835114928,-0.08069405515647125,0.20950789468865577,0.5956702931370867,0.21302256545308507,0.12905675354808324,0.05675861319832295,-0.14430837854175899,-0.008571814125638547,0.06563891084472816,-0.2099730935179143
AF,2026-07-19,0.5016942050840197,0.2410317199174803,-0.06756091507554976,0.21580954513249315,0.5596674645154472,0.14335386411998777,0.11946060046418021,0.10142852825690545,-0.08904799375635904,-0.022659193084358032,-0.01276259414287596,-0.23229303342113378
AF,2026-07-26,0.48310337256530816,0.20133381998760408,0.003257146758880524,0.1885867514353512,0.5100538401041117,0.1624023325020571,0.16256992388781105,0.07626396216752258,-0.12071407887090442,0.018138423025770026,0.058591802392136474,-0.19276692526152786
AF,2026-08-02,0.5104767924503866,0.23102582183823056,0.07713825592225855,0.11703719632918734,0.5499938374192049,0.19286885913352722,0.20812745364993634,0.1313953187237302,-0.08626544004409231,-0.01701074736367346,0.08559825385987288,-0.20936223401451728
BL,2023-08-13,0.5741358128305816,0.17982507868486222,-0.2859725794778986,0.13169206234583022,0.5705620962066175,-0.10462477316576702,0.2302974478286039,0.04606036107310408,-0.007180296534171245,-0.03464706833433882,-0.18040253966295305,-0.23657763692248043
BL,2023-08-20,0.5013801522900622,0.25278013180494996,-0.17116993040284648,-0.3420468558994217,0.472980382126271,0.7590481812485099,0.18883889782332416,0.03963069262515107,0.40976042672976837,0.32102548752363635,0.2505376993971688,-0.22734915672321251
BL,2023-08-27,0.699377346760526,0.09525853241336722,0.03810857893710956,-0.028359105494280928,0.7080354218496397,-0.12078677948269857,0.2624429284059426,0.01737438725303705,-0.021158836777520805,-0.06888209687961806,-0.20470290019082532,-0.32622174715936414
BL,2023-09-03,0.629264483875499,0.11174982680837092,-0.14692250390271258,-0.022772588398480065,0.5420132257708019,0.06615188611886902,0.12144727142968598,-0.004514424772697655,0.0566822924973949,-0.05466303054449865,-0.028554121993099632,-0.18561924910859062
BL,2023-09-10,0.6375527781151389,0.08274706628931446,0.1255697549189519,0.05615656384679599,0.7064685495952283,0.09732332070456473,0.17177359219969154,0.03975118726701542,-0.12111936228310181,-0.0921004783257584,-0.13366453555299018,-0.4476232205273221
BL,2023-09-17,0.5770705406337792,0.12591800184399793,0.0723657761411239,0.09719396179357415,0.6061234088149452,0.09017477357669965,0.14594345725495508,0.01562316457633036,-0.15091275153557707,-0.08809076978481792,-0.09325755604478426,-0.3074042221900622
BL,2023-09-24,0.640443709915183,0.1814794833687346,0.006448704747954423,-0.07940251595067817,0.6512851657418833,0.08456097685165298,0.09430580120641456,0.003533849207016791,-0.1313278014106776,0.012734933554853209,-0.12022367439627728,-0.3055696430427657
BL,2023-10-01,0.5617277763926319,0.1511287610993765,0.07181756777479618,0.04792788443494243,0.589086901418923,0.09551095064605086,0.09873706639572376,0.04708506581583703,-0.25528092353912346,-0.056578387913501456,-0.05032847334655195,-0.2733604332033297
BL,2023-10-08,0.6120815396175326,0.00568195839370837,0.10838861014707361,0.008894683793418507,0.5492868524544712,0.06126924236448761,0.14670628182902284,-0.006739535197591856,-0.09733538045286103,-0.0050771205308468605,-0.045902799956276205,-0.23640120450155394
BL,2023-10-15,0.6094705143848449,0.19016731940418563,0.12414236116515409,0.012336638550552774,0.6005441865338218,0.03420974865237224,0.02579090127907501,0.14263272487177509,0.028077830655417992,-0.007149804671118301,-0.20484303823769145,-0.3687688911791246
BL,2023-10-22,0.5293266442587258,0.18548923602615322,-0.11236503588680659,-0.395423130415195,0.4293258306150957,0.6104001534219184,0.049555147003739926,-0.014276653324230823,0.3231553741370915,0.3395920790314656,0.1367960771698206,-0.24266408092164404
BL,2023-10-29,0.6051020896734571,0.20490853664920056,0.0317145590668578,-0.1299081287077388,0.5938095870561766,0.09767792859925746,0.1306934786353458,0.08023144161183236,0.004004795422957996,0.04754578953091538,-0.0360691798258543,-0.2816163812550697
BL,2023-11-05,0.50587849934324,0.14102700098943555,0.035703245893178574,0.11297603398168864,0.5041890931206435,0.12712566324855373,0.1483350982481525,0.06617410943458925,-0.11022813318594667,-0.04686571097697575,-0.019968924489262328,-0.23392672809731976
BL,2023-11-12,0.6410529694128458,0.17979673494575502,0.087889954018941,-0.13177859617039125,0.630712665982716,0.07559600228296955,0.16454658350639492,-0.024981986197862384,-0.11530376802478863,-0.008561325800554794,-0.08709868425343023,-0.30105850280178803
BL,2023-11-19,0.5086410687744929,0.2080879603025628,0.04049665255261156,0.08917928581661114,0.5385330246109553,0.13936695429509205,0.14349383470029528,0.07795536866097424,-0.15505724824999828,0.048801989946792614,-0.006315012264770709,-0.19627641730037482
BL,2023-11-26,0.6875440526523956,0.19629073140102843,-0.06507773017860573,-0.055701189268166446,0.7103411655456312,-0.09680768017991276,0.1949536477996817,-0.029856777786248852,-0.057231712118544734,-0.0662662819494456,-0.0737919645015982,-0.41847202411402523
BL,2023-12-03,0.5980843429530928,0.3345833566488751,0.04341529943612675,0.0014413997988326533,0.7229616277764025,0.16490081637020781,0.304027254183604,0.0255920606218964,0.1703501549532134,-0.043649200697383046,-0.07814080970709499,-0.47626706860909873
BL,2023-12-10,0.7100662579973527,0.14796550459222327,0.06652183997032012,-0.2762215193094509,0.7069258256013261,0.018463437829365065,0.08063347135885165,-0.039599622209532545,-0.25138666851323627,-0.11528906029505846,-0.12702950892281753,-0.3015415782912402
BL,2023-12-17,0.5878672509460426,0.22683668458282125,0.1613103960521461,-0.003161460038032145,0.6671877897353382,0.1556695512215089,0.2203646459457141,-0.0030820673783858756,-0.05120773853069099,-0.0528833271617481,-0.08839266136827087,-0.492461383850245
BL,2023-12-24,0.6527642667726954,0.22888803598172522,0.11123262662639617,0.13152442147795682,0.6744026266711263,0.11883650367531579,0.18438728962623857,-0.16922956465792882,0.040766389699063106,0.029063990254522325,-0.09981258858971571,-0.24747971433076765
BL,2023-12-31,0.5979452672716048,0.35109559908097143,0.022270908583680894,0.11510755023640476,0.6668733044740548,-0.03620851154873553,0.23846950470681072,0.0062766343618120375,-0.07817037605652069,0.02349089530034492,-0.010264197598649659,-0.3217519606129005
BL,2024-01-07,0.5583180171864527,0.2650950438920727,-0.11132054786427782,0.036646772219392845,0.5878638526169981,0.08521897016436154,0.1487340518651465,-0.02052848236415757,0.038982484071476746,-0.0024526887730777105,-0.13549077558314776,-0.37539653278188495
BL,2024-01-14,0.5337073103180336,0.18342948631404876,0.11061136980793945,0.10728387503401937,0.5556888299015086,0.08580798648508638,0.15252634495112802,0.0882526520388714,-0.10642503002310631,-0.04461456125777887,-0.027167348255918707,-0.24394352221925605
BL,2024-01-21,0.590079525537888,0.10509121454058579,0.11376061909009207,0.1487281804751488,0.6110643059357719,0.07819590382004231,0.13020880078001645,0.0016376372098557503,-0.1392670419625391,-0.05573318384465453,-0.09088095615440318,-0.29584694695123115
BL,2024-01-28,0.7270036762483563,0.3023086186029897,0.22641291336140762,-0.05089396406935919,0.8668811362796564,-0.04733407516473462,0.24422444095627094,-0.00014332634780703205,-0.06348833183392802,-0.18897684568192802,-0.12850878284595998,-0.5035897652414676
BL,2024-02-04,0.5454067506465489,0.11040633498963645,0.022730550712453088,0.13653302911213444,0.5298178500900202,0.0535953865412087,0.12509497240448633,0.009416320688849652,-0.08154246084169782,-0.09082135137071222,-0.07563187966914975,-0.2814073653134962
BL,2024-02-11,0.6899704275821811,0.09314095882434513,-0.017411921211341084,-0.14088818639929843,0.6740719316313141,-0.011765762038104793,0.18009564824017013,-0.008315895439688133,-0.08255751383432418,-0.027828269253446652,-0.15514197817661166,-0.2538068410419068
BL,2024-02-18,0.5684928238506968,0.1600311403709369,0.1443383393947559,0.05510548579036348,0.5814436621618927,0.09697094826157733,0.14883639947260227,0.010017489841448237,-0.06727785269553933,-0.018717166728974617,-0.0501793246614597,-0.2515552546841419
BL,2024-02-25,0.6169975179675694,0.022010219410133872,0.08104735507992657,0.12241982936034004,0.5597952151118853,-0.011330450689324721,0.0636292838092742,0.06152111798179427,-0.031330294572003224,-0.00841873599982076,-0.09257152962162156,-0.2053719449613702
BL,2024-03-03,0.5540562417312737,0.21626502393505415,0.12941875823767057,0.12620264094956749,0.5611241377963077,0.10811533147319866,0.195162806456208,0.0902578951242862,-0.01421117939580468,-0.020548778175252747,0.04354599402132911,-0.18216121096031193
BL,2024-03-10,0.575854754355084,0.17726187025392495,0.12547228256441836,0.0032140444604039416,0.5636779283578229,0.13846321250497973,0.06578297506195922,0.05586066187643775,-0.016761759473819436,0.003919582984913824,-0.031716493576290285,-0.26179222500495264
BL,2024-03-17,0.6827676855453216,0.31074155648165785,0.08160401862560013,0.1265243931760023,0.7668508348538067,-0.04118560449099426,-0.11192340149754723,0.008289777700274647,0.06855987600192102,0.010499861953015322,-0.09946294778392564,-0.5235689638089078
BL,2024-03-24,0.5786342612018619,0.3406455151482384,0.0971954086952935,0.1536685149610405,0.6009599535024711,0.07854893184816349,-0.21148346764796425,0.04087503565936763,0.07765972103296791,0.09357100929751831,0.016662964006381512,-0.4389876697532506
BL,2024-03-31,0.5840246754754942,0.1766122696464993,0.14372475728381154,0.146733124032705,0.6044346707423112,0.04295800753643959,0.20375319234267675,0.009670629197880398,-0.05691192697546741,-0.035337090423736374,-0.09666841921080167,-0.23282563552734353
BL,2024-04-07,0.4451565995316476,0.21492768821876657,0.1731559594020801,0.18026797834046976,0.5191944662478909,0.19037027237209647,0.23163913192224747,0.10727351648926832,-0.14933602627820178,-0.07677519253671816,0.045547328077708664,-0.2703186982893501
BL,2024-04-14,0.5038727944833535,0.17762413886943315,0.10560156533913187,0.14654050707991564,0.5126875387746642,0.08120074550078538,0.07112032909393622,0.12689938501900652,-0.089899063337304,-0.03877942487261958,-0.02457718138790739,-0.1816973130604259
BL,2024-04-21,0.6485973495149183,0.36200245841733153,0.25609912608042623,0.08347134448635576,0.7265661838082295,-0.09901321711062099,0.2680157924467393,0.013353665607042967,0.04431045572546178,-0.07511139119260934,-0.14236437432475152,-0.5101043103912678
BL,2024-04-28,0.6715303202928614,0.23978153908769448,0.051969085071872756,0.03346392069734936,0.7334704107254333,-0.06819508039142609,0.1405434839011182,-0.041385262187418205,-0.07203921854320527,-0.04704968557335195,-0.22509587117233268,-0.4582723382287393
BL,2024-05-05,0.5731714814818246,0.2815539078645153,0.01688130425449842,0.021858430660039625,0.6084808529937235,-0.011274250170851546,0.13457115458577087,0.07794919104934478,-0.12804091866244058,0.026848323474872156,-0.0441948060167166,-0.31088054176041485
BL,2024-05-12,0.48580355327929564,0.03847184078377232,0.13114824719001864,0.22555387797874943,0.49707169250142486,0.22810961810128627,0.07991165918279966,0.16362677280345486,-0.2567646803352322,-0.050445581769395426,0.11092157603943201,-0.109666966846234
BL,2024-05-19,0.6435174330908657,0.2083558671015558,0.03873006012925629,-0.03699514616386234,0.6375445222152898,0.08132074475936879,0.15599707089285167,0.05700535239643556,0.038267944322900475,0.03100352655457704,-0.06559403840006135,-0.29721478570349513
BL,2024-05-26,0.6070805827797296,0.1621878494335685,-0.11460149352422022,0.05356740006220266,0.6236834947823975,0.03782106734550708,0.23098043826067952,0.1019624128020182,0.062138728898420065,-0.008436424426243157,-0.12223312420510507,-0.23537885644107823
BL,2024-06-02,0.5860158934387755,0.09126092495812589,0.15923671439176307,0.0814984054421293,0.5850654538351111,0.030583099818221018,0.17749685384023015,0.08382718063756325,-0.04984106538938169,-0.03057549897685147,-0.12256661543820745,-0.22605412458187682
BL,2024-06-09,0.6001536746400763,0.16285801508231942,0.10922295118201183,-0.05677302296805933,0.6147572410203334,-0.01933555825964734,0.2238490782453821,0.06873717099234887,-0.09946554406055459,0.04473790407240048,-0.09127732987209485,-0.20727570755824723
BL,2024-06-16,0.6098771526454932,0.22064685328245107,0.02589978726947027,0.02018529809166781,0.6300916589677669,0.06594504385227426,0.10296029946673964,-0.0069632323946085374,-0.07642732378690914,0.027918977341480505,-0.14657394423449713,-0.2588367623936315
BL,2024-06-23,0.6010928715792657,0.11760922858974039,0.127682929055478,0.03635280270994141,0.587904048177986,0.09379208605345069,0.19866855680322365,0.08013820319305444,0.01116970415314426,-0.03451918939682874,-0.07992676435525584,-0.2696976340879826
BL,2024-06-30,0.48196463559387215,0.17858429412927865,0.15137089156226138,0.22035687630699233,0.5639506605419691,0.1514939267752714,0.168574486439841,0.088997105182492,-0.22424284201850322,-0.08382151932089438,-0.011720070545127567,-0.29595703009918317
BL,2024-07-07,0.6014484215383908,0.05572896141590886,0.0837055302704842,0.05574769699306874,0.5673961853111924,0.05771661016830849,0.10348255471417486,-0.0018174603608626095,-0.08636665032632247,-0.02334532352239271,-0.09905345369727524,-0.2470301966993332
BL,2024-07-14,0.5149729193058954,0.0853716840938652,0.10536403254671503,0.09866185894045434,0.4852679880859792,0.16242369713206514,0.0971042175184798,-0.0066960274996046955,-0.15795651410265044,-0.0063381697645631535,-0.021810301322575196,-0.19021134972486908
BL,2024-07-21,0.5029898694598768,0.21680597258397777,-0.02845604371055616,0.015196049741765066,0.4998322645205563,0.2627176548779569,0.22517417334001325,0.1291646008828792,0.062414681713250375,0.04871816781596022,0.006398003841895199,-0.19782540863821124
BL,2024-07-28,0.560200731449792,0.16690183187702495,0.26788378430312293,0.20237005457990567,0.7713789986919466,0.0715536542809009,0.28190878737429487,0.04331686065158019,-0.14099123966669597,-0.22270295457543465,-0.21992255196422691,-0.6782981966034287
BL,2024-08-04,0.6206196177198556,0.20576430998361328,0.007143350166924191,-0.042258010725375945,0.6963543181655641,0.07587807411051425,0.15299550625743805,0.023347911269715537,-0.22276231344465916,0.02864707756508343,-0.13915537044997087,-0.38697066866941293
BL,2024-08-11,0.6005206182334445,0.2579960192055629,-0.09438705087989284,0.1289855606652327,0.6554172465473607,-0.020255357219483343,0.17937392006414848,0.012792562430680736,-0.15904801714854652,0.01790580440489693,-0.1034687018515595,-0.2311720165424019
BL,2024-08-18,0.6412412497060037,0.25675732374098265,-0.19213966608111074,-0.008452489285838447,0.6512569523625205,-0.062335286687382904,0.16215751880156465,-0.0018201348684244562,-0.09522771868520295,-0.07071546219102669,-0.06806425544379592,-0.2760414887448409
BL,2024-08-25,0.6354919972407647,0.06467874423831119,0.10289544679248039,0.045485221912376715,0.5666537760075981,-0.05666218232473356,0.09915309314030149,0.05326311231627698,0.058068988229478105,-0.02712139917507381,-0.13097123351261855,-0.1961885667548089
BL,2024-09-01,0.5063515036643741,0.1304142294278565,-0.24116778586806298,0.2795248395232547,0.5469687509762744,0.056207721157473634,0.1281964110004463,0.09903692542641651,-0.19552379644950119,-0.025230693529171986,-0.03875721393054766,-0.12393744685048091
BL,2024-09-08,0.6601877571713627,0.22502880991157465,0.030114857938942884,-0.48687405329391253,0.6644178122197264,0.14008855782671542,0.12981979840207017,0.002786813876482111,-0.31805011600439975,0.4077442487288236,-0.12005485060998979,-0.33772232144026265
BL,2024-09-15,0.6303765256214554,0.3532726105247312,-0.43246099084699297,-0.3224218693887453,0.6608242356058528,0.5621719287330266,0.05380879174331263,-0.0004968587229235441,0.3740992111415921,0.370113764668505,0.1037801242884605,-0.32465926104283277
BL,2024-09-22,0.6178927143699335,0.16477341545271051,0.03951076245926392,-0.11929195023577452,0.5928104752734696,0.1264692233090625,0.09072923275269278,0.030499350264692245,-0.14908843734540791,0.06557122722479955,-0.09987273133593888,-0.2504817988786809
BL,2024-09-29,0.575971336685517,0.19145144654858706,0.055757993320198755,-0.021717181874899218,0.5632755367706523,0.16149528220936438,0.046937591189296815,0.08907212789413978,-0.07486335234676114,0.0013883155305726487,-0.0258072646872682,-0.23695327147121573
BL,2024-10-06,0.6513568698173007,0.27424021555646844,-0.2938510897689599,0.10765670967401944,0.6817025248361143,0.004567208729190078,0.11306952960495227,-0.0160206497153646,-0.08467022796983578,-0.06365322501638714,-0.21308608664953793,-0.28682099178679915
BL,2024-10-13,0.5569761527069252,0.16906096869956264,0.15002000957814188,0.07036763520152671,0.5919292862739551,0.0859320190564955,0.15871272121478971,0.005316264926037187,-0.17998899673276483,0.029029826512869183,-0.018595933194996368,-0.2930093187725589
BL,2024-10-20,0.6412295878825117,0.19958142450161084,0.13228311198408202,-0.09617649469805006,0.6703933011480839,0.008797732242772176,0.2146792715324409,0.02182507487777802,-0.08273010167207581,-0.03280163916708117,-0.17733724574371554,-0.3586821047869876
BL,2024-10-27,0.5043285888323341,0.23093002580862665,0.11030722929967761,0.14900398769696074,0.6099405599210393,0.20705909357839736,0.2108435810990969,0.12174519240843465,-0.14117338044645716,-0.018272304412577687,0.0008419150664208285,-0.29947701608985816
BL,2024-11-03,0.4824857945353389,0.18878687121510032,0.21986872189234763,0.22595292704339917,0.5591721156017266,0.15509698985992107,0.18940789632431088,0.15871114805652267,-0.22902109648082383,-0.10412975217650206,-0.01658397352800203,-0.30126733663563826
BL,2024-11-10,0.5512118379271048,0.19533623298621683,0.11204201595347373,0.1671611523497346,0.5996802865399814,0.15674466438324844,0.09808308447152896,0.054791023044498115,-0.15285800137780595,0.007521214869948807,0.00364011652966904,-0.2082871496724532
BL,2024-11-17,0.6408249841575269,0.24123799014813038,-0.16268560391338688,-0.056963433618453484,0.6701834221496605,0.07246428070983103,0.1236763129583218,0.03699385536834733,-0.09764301341758605,0.07353767847142537,-0.13694347750264033,-0.3072340837162095
BL,2024-11-24,0.5068180187805718,0.18130548205163904,0.02935322259727237,-0.10863160429756591,0.5366844220965441,0.3908014775865375,0.2026973137969052,-0.0031130285985713703,0.0029706275219766832,0.04408128426143318,-0.050836663384026454,-0.34988365272309013
BL,2024-12-01,0.6318281665695845,0.17444435961277252,-0.6152963966184383,0.20175315911462494,0.6527709360321247,-0.0014217373465349958,0.22523446802540806,0.011829420793076924,-0.02927622572098268,-0.007665849772303972,-0.09742482958653845,-0.2714246060009608
BL,2024-12-08,0.5609338000561741,0.11349902857936202,0.17021419552350212,0.051989728929674704,0.5873224070265921,0.07520732272726906,0.2556041066859411,0.043819955554957296,-0.05072343808184746,-0.09513238754475602,-0.1275861121720578,-0.37624258897391333
BL,2024-12-15,0.6313346562192264,0.1655248052266537,0.19025083884482127,-0.007462376938771321,0.612416629102322,-0.022347947075991383,0.15625965066187128,-0.04094754195270003,-0.12383703190706417,-0.2647327094318975,0.0033100086691408106,-0.2760555001109165
BL,2024-12-22,0.6781841905644727,0.03947041263657188,0.05648194215400013,-0.18704539050205624,0.5732710745118498,-0.001065440214395936,0.029916404125375294,-0.012446820600665192,-0.14225968874500386,-0.05799494450453784,-0.08457813819241845,-0.22431920835592303
BL,2024-12-29,0.5894499901542195,0.20794234753061314,0.1349233405457496,-0.007039963874600363,0.6404084920528504,0.1620524589246604,0.1980942801872086,0.046353738091855216,-0.04182035405295938,-0.0197538909845867,-0.0957367962435057,-0.38283140235282426
BL,2025-01-05,0.6028239703883498,0.08872258593623075,0.04563044773623853,0.05620016368389745,0.6004248455862546,0.013160896854811113,0.1386853519202617,0.05726039114982221,-0.14535803960720758,-0.03390705197044697,-0.10549384717649762,-0.24918857777004086
BL,2025-01-12,0.6133467038403193,0.15011266447811725,0.015480700567574751,0.004473797936730683,0.5987524386343284,0.07731171347708551,0.09727532928832798,0.07154089708348124,-0.027581978997903857,0.04274452633411076,-0.06126238569752783,-0.22741857516418182
BL,2025-01-19,0.7341318357529008,0.37219565113429737,-0.2661709754174409,-0.14579346283550218,0.8330421415569822,-0.10941449928910074,0.2112087592833278,0.1497862688657122,-0.28803748378437566,0.31017476612639194,-0.056273639045257506,-0.20514118188100286
BL,2025-01-26,0.4489770318415881,0.18526569146220123,0.08523543016145955,0.1948687558617178,0.43255066924196517,0.10978613547061873,0.15656272589691966,-0.0004334577283356928,-0.12754398782337936,-0.019381789157943533,0.008709405678781356,-0.1553734121279303
BL,2025-02-02,0.5488516696901374,0.11598909841206581,-0.09212706471125673,0.12179034813608852,0.5240966329970261,0.04894223333572751,0.13669604358072768,0.002378476119345713,-0.13825413564586714,-0.10012816499924675,-0.06098728690531524,-0.2391449275109037
BL,2025-02-09,0.5980803644888162,-0.074008723442793,0.12966325609652227,0.07071267399939511,0.5261866124533463,0.0009159069558918893,0.14450258485449188,-0.00740845980053369,-0.15817614423233223,0.018477715475121073,-0.0034203535248234023,-0.29290022099109314
BL,2025-02-16,0.6451219424352148,0.0867073277734194,0.04953773997679943,-0.0004860675408580298,0.6316688985133128,0.010575223430893434,0.1725211681452383,0.08628377628783625,-0.10555186640863326,-0.032125307151790676,-0.07034333672472573,-0.24277635315145832
BL,2025-02-23,0.6271479534970875,0.16177026532674346,0.10697336337391505,0.042986866870735545,0.6286890594505719,0.08846687858640237,0.11397277436833893,-0.0423756432636394,-0.07028480948209477,0.004218930483326615,-0.11755322603679909,-0.22921601186011134
BL,2025-03-02,0.6001664882939173,0.36760410307083663,-0.00839587025044276,0.14897334442361534,0.666668707480876,0.13990436450983332,0.22764160612718362,-0.08912038662934653,0.014446638455828867,0.07893150827496516,-0.0448969445660986,-0.19222561650514877
BL,2025-03-09,0.6798353364193296,0.30171307232686345,0.07946149191247233,-0.059221881583764284,0.74524636516619,0.16140391887569897,0.12240698968452714,0.037342254694334484,0.07728859628135062,0.06365515835025357,0.019223142889672567,-0.33424480757102204
BL,2025-03-16,0.6060708586493234,0.09024537890626387,0.1012527679472453,-0.014281590759357253,0.5922668064907622,0.0132713749435854,0.17846294778070804,-0.018562968917213298,-0.08840865173635493,-0.05862004476179527,-0.03729775437532373,-0.3541699718884472
BL,2025-03-23,0.6022797566555237,0.1609187019600824,0.13760227416841514,0.03466408614997231,0.609325222517774,0.003317277189682484,0.16352335704887722,0.05630877235546,0.011076667378605465,-0.010169406593535947,-0.15366335863017927,-0.2662997224512767
BL,2025-03-30,0.6806156500748011,0.2226141634217535,0.1464645018813648,-0.10456218073153599,0.5783643036958966,-0.1527626797418564,0.21821567507109857,-0.09055664200338714,0.04178598769112313,-0.35631152455732623,0.11993916804518133,-0.2000897053674661
BL,2025-04-06,0.5820544129274575,0.09542218697799745,0.1072097101860973,0.07632573221947292,0.5441050007491525,-0.018208818842847585,0.2368604991508914,0.04580861533418536,0.004425465417599268,-0.10072761548837679,-0.09687756435859118,-0.2210021540426286
BL,2025-04-13,0.6366735876543461,0.06498948969976545,-0.23589394219486487,0.06108726772272552,0.5720869821042602,-0.1203487105299115,0.1987096772493735,0.11153621143791524,-0.020969947950799588,0.03423111454692745,-0.1985295421885972,-0.09500300347486304
BL,2025-04-20,0.6009301634628843,0.013837930218750492,0.07189980556561983,0.05374230171854762,0.518253802432766,0.064509176120442,-0.08131529978343277,0.10597104546386324,-0.03783949908338537,0.033358324850004846,-0.07351110882685086,-0.22298519498314467
BL,2025-04-27,0.5495175656690803,0.2486030153674966,0.1015231934011057,0.10266823071086714,0.588224564585016,0.10930630868009394,-0.04161056453898327,0.023442771893629286,-0.07337919877792344,0.07517288905572614,-0.0368748817713312,-0.2551208443228406
BL,2025-05-04,0.5514938181764811,0.24908876928541063,-0.0008736557950977384,0.005932355959685477,0.5487323514176525,0.056316308286580664,0.12204994754565344,0.0045864421188734055,-0.06880187959527978,0.022130010296665593,-0.05015730783060123,-0.2618388821758365
BL,2025-05-11,0.6380592362335142,0.23454795084406221,0.00810744894212041,-0.0029041122035030004,0.6777695741487901,0.06131475305621397,0.16729316095917157,0.024201096899982,-0.1218360127995979,-0.013426391901906717,-0.06585154312537012,-0.29851983765589984
BL,2025-05-18,0.5306089418451174,0.2324943217809105,0.07882805745062386,0.0734880811374923,0.5826800361261791,0.11102498754712233,0.12637422313005722,0.07439549701380936,-0.1341942560330314,-0.015709908444010278,-0.041195239109439084,-0.31414040345905486
BL,2025-05-25,0.5180110953718766,0.1065645200532855,0.16284526722415676,0.18426875383386793,0.5593813297409774,0.08937452654544036,0.12240824263983707,0.05543794187094292,-0.19264057718655409,-0.04066398971486103,-0.047121683075889716,-0.24532520879828176
BL,2025-06-01,0.4830346368779463,0.06293788307898514,0.04189667183075492,0.19055396569170835,0.4379246457641262,0.120852631168073,0.046667521369243396,0.10705022928473777,-0.15908425829249573,-0.06085652559718555,-0.02014279770252201,-0.12064412341894433
BL,2025-06-08,0.6582392519405974,0.11365669945115031,0.0463516368351883,0.03745462436964942,0.628265687534908,0.0656319941868912,0.08518816952456407,0.05733607598191437,-0.026784067554121885,-0.028077921947140583,-0.014511277721041544,-0.2552215614412681
BL,2025-07-06,0.5697157049879085,0.10376961827714544,0.021779983704325805,0.08645262300897055,0.5903755678311972,0.07462592412234806,0.05576916835265397,0.0639601911607271,-0.20469468975009306,0.01410809975348131,-0.07226466553597086,-0.2782508806074611
BL,2025-07-13,0.5998901949164496,0.2655046591509488,0.20185213250518846,0.028413787194549605,0.70789768525837,0.00695378598264255,0.16930090397155168,-0.0271346169596917,-0.10218149656045807,-0.02475522116237451,-0.17725765243260472,-0.5399463832978131
BL,2025-07-20,0.5498200074151409,0.20435440152510653,0.1806867658208453,0.08353375166905379,0.5920747243000485,0.12003311435986419,0.055967063923795024,0.0967949568115937,-0.14931525806778195,-0.060029333871228545,-0.023529760671862045,-0.28827914383891395
BL,2025-07-27,0.3690132844405924,0.22372306372772469,0.15683531313841795,0.1992234225103487,0.4838554097043834,0.12990665429476536,0.22306127082748092,0.06868005275619511,-0.192409983591406,-0.09793312161930494,-0.027064463763969135,-0.3059737668881112
BL,2025-08-03,0.5924638916705275,0.019751928161896783,0.13087071026330463,0.11376514175138747,0.583021500712651,0.06357630145167761,-0.034942159102702944,0.11502165617298238,-0.10681736405309518,-0.06043507770614712,-0.10139978103063615,-0.3263895854789282
BL,2025-08-10,0.6193421537580951,0.1581128616045932,0.1331547111296618,0.01503297658606493,0.6715622171322,-0.018127118321411693,0.23891796788095515,0.029582944329289682,-0.04067082366714803,-0.12122918898990433,-0.1824732225931067,-0.43539151914479346
BL,2025-08-17,0.5758703907075846,-0.05225950327538309,0.1293189965786396,0.1940242159112722,0.5710668455612045,0.1453661784094839,0.14180585785949262,-0.025391187313944342,-0.23882419138421349,-0.08525436160868335,-0.018972791243050062,-0.32614033124836095
BL,2025-08-24,0.5543633212344614,0.2012718894082824,0.1049482298274493,0.07691518829211119,0.6085831463789643,0.10738380214353767,0.132639253435575,0.06275556013582317,-0.11908798750845018,-0.012040530984262682,-0.08602230141130965,-0.3279562603728464
BL,2025-08-31,0.591395012804816,0.18630716057095612,0.05702122187301558,0.038271022615333015,0.6016138010253461,0.022592491693421417,0.05328873412784095,0.01601020561454715,-0.0967381495198968,-0.016901994028239473,-0.10485678126048636,-0.33877928973261057
BL,2025-09-07,0.6624678117934613,0.2255301835747504,0.04206949077717621,-0.1802844332389644,0.6302896618894388,-0.025692278345546316,0.03635446200908798,-0.061895548096624724,-0.1718824722891297,-0.14183426756045198,0.04803570480005132,-0.2415485654059885
BL,2025-09-14,0.5826369379390816,0.2949306050472947,0.05715722589810186,0.047410111800359214,0.6893548498504003,0.030710027856002162,0.09582728214797738,0.04217675247995878,-0.19211944679584136,-0.018726008898256177,-0.042866703166351536,-0.3934163453559496
BL,2025-09-21,0.6609719186499524,0.06370267055747017,0.1775475349893212,0.1428029251794013,0.6319399871943198,0.00014447694268779354,0.07590933073849156,0.030556299432761794,-0.11307776190119243,-0.03719691902293509,-0.06613150032076587,-0.3040567372628473
BL,2025-09-28,0.5220621817699017,0.165836386095182,0.1564480851913383,0.15401895839663002,0.570033785850204,0.11316341260223288,0.13919291502950637,0.08894854214315072,-0.18820721016191724,-0.04219372037847335,-0.03251191607596544,-0.25336834204729525
BL,2025-10-05,0.655981860911277,0.12450518067132389,0.0779790572898899,-0.13183181097640126,0.6210519279585174,0.04380392459497656,0.19543679521176002,0.03491093287836854,0.12800696250105537,-0.07057122377168996,-0.20778999695439826,-0.2957003422706313
BL,2025-10-12,0.641060532133109,0.31477927916724024,0.20652395705216908,0.12649455863199305,0.7431240867923058,-0.06640667811377352,0.28067866683395687,0.005123738011165889,0.10440429057720042,-0.11489577702132431,-0.10795824954847992,-0.498809443809349
BL,2025-10-19,0.5282984388175674,0.1525726109398474,0.1669867148068879,0.2128687998693561,0.6048270509836339,0.1722431367813919,0.17317415835178177,0.018799505015182166,-0.19289606301084988,-0.07475791218976534,-0.018221941844235784,-0.3374210302671445
BL,2025-10-26,0.5228277812807793,0.1275257530621612,0.11294441299421702,0.10621960630020674,0.5570863462713125,0.08824503494566194,0.17077307863381533,0.09796731793486928,-0.10016969880599304,-0.07650128203291341,-0.042187991251504166,-0.2834703444532234
BL,2025-11-02,0.5574837644719529,0.2866215756083112,0.1684033086175127,0.20357164435879516,0.6111861063850325,0.08783012365113349,0.18443400344901598,-0.08728484602384363,-0.11231461601090426,-0.024881843812955752,-0.1135703376732853,-0.23770356045200766
BL,2025-11-09,0.5657463903299232,0.1236437429987579,0.1857962084108485,0.14111339769658876,0.6277867585392259,0.1045010149838244,0.14613197895337562,0.048257282079911465,-0.20143306837843616,-0.10225926557935743,-0.1163189497397133,-0.3775050149908635
BL,2025-11-16,0.5247360241459483,0.2281437111105236,0.19725313395728925,-0.03501438436412961,0.5458362936448466,0.04064906439907711,0.20827767662648572,0.061084116264245175,-0.21578288924759048,-0.010238940187465278,-0.11625754930526276,-0.2654384808080204
BL,2025-11-23,0.6875846319015162,0.28643330236406417,-0.7300512754608673,0.27116645961011,0.838099438755375,-0.17358665137505055,0.33437765321110446,0.01158283999239318,-0.05086928341528449,-0.10981742377018905,-0.23456545076349664,-0.35603232567502446
BL,2025-11-30,0.5485755995959131,0.27799595578095254,0.2772822622722373,0.21838713998172674,0.7267491532507224,0.05470511455746987,0.2863994828981822,0.003995261928925634,-0.11017593848142705,-0.18189382863449194,-0.1498933160070547,-0.5786981247548214
BL,2025-12-07,0.6022960024136113,0.1621219883275344,0.05804583261919365,0.021520470729504602,0.6153241175953613,-0.01916028659323736,0.06642495980405981,0.023405142644718838,-0.13662478178337634,0.04303427197099227,-0.06034876290909915,-0.40125603060355886
BL,2025-12-14,0.5137360357597465,0.22224215747337636,0.23354478623475236,0.2180407261357144,0.538167435220521,0.07184243147009493,0.13614879188922818,0.051152631987786114,-0.11910318145519823,-0.08360955733172998,-0.030918358644907856,-0.21195158656177032
BL,2025-12-21,0.5064153175889109,0.09227222761446487,0.17173340826619649,0.13025588383566486,0.5345482288096427,0.11884795986492738,0.18383303497827921,0.023083590120576612,-0.15070140503513868,-0.1726785375666412,-0.07111983458650432,-0.2959528845206886
BL,2025-12-28,0.6200748458174377,-0.34011779039995704,0.05090350832434568,0.11852572091774213,0.388442402907575,0.022699222009403348,0.16242080953957738,-0.1226424948962065,0.028748996357923662,0.07016539993514057,0.16170959094265677,-0.15847701284613908
BL,2026-01-04,0.5254900998308346,0.19455244908602534,0.19182627693359713,0.12462217316634286,0.6192635187915756,0.09513659975057233,0.2312620411431194,0.07217976131978729,-0.13707311716082327,-0.0951298235690624,-0.10264909723051144,-0.35932353935847033
BL,2026-01-11,0.5461934499371285,0.12032195418224377,0.15956102754176688,0.09616223139806022,0.5703221243921551,0.02114230097712007,0.16314831276838407,0.06857616739662636,-0.12047594989241467,-0.06186321157717524,-0.10524865963709294,-0.3007494768543139
BL,2026-01-18,0.545308797476017,-0.08495390246064798,0.07866431045900814,0.022763903617311933,0.4734984636107335,0.00920641628233521,0.16358053644753426,-0.0177822829481346,-0.08570977869975854,-0.12998010316018574,-0.1268598871918202,-0.3310909009719024
BL,2026-01-25,0.5813634330269619,0.3533481659011166,-0.11451461329439716,0.22187606589046124,0.6230127689803229,-0.10423053124995577,0.22007483659768748,0.02281851092488962,0.017766015462586042,0.0006517383161596446,0.01255926711000385,-0.1985275851894552
BL,2026-02-01,0.46229821233424206,0.14313415704478064,-0.0032616974979598184,0.10785233658357449,0.45676307505423813,0.10236345748464613,0.0876203049883636,0.05698700521958115,-0.2507413197275471,0.0006275259829133468,-0.02016972931959369,-0.1438405118936382
BL,2026-02-08,0.5492797848712367,0.11410875218919611,0.06958078680429496,0.1001943244003201,0.5520224177609536,0.06246940639987886,0.10433290612357561,0.07910098626759139,-0.1567669078530097,-0.027706483809462452,-0.09354192222212718,-0.17494506112757363
BL,2026-02-15,0.422328203092382,0.08691610112160135,0.1386286221052421,0.17423940621843065,0.41902289337263887,0.08045987075033603,0.09150556623235016,0.023559398563849313,-0.15189527433180666,-0.0909235212169427,-0.10175636832016689,-0.21115394787026012
BL,2026-02-22,0.6869865322350461,-0.040040067098428,0.13039203865179114,0.06985899002785602,0.6181767564037857,-0.03486382079267747,0.10279185053088802,0.08345919654294424,-0.004946084343820735,0.019536419112922216,-0.15049147761703918,-0.19217076952879145
BL,2026-03-01,0.529637584851387,0.214746361131514,0.09922305363995854,0.031087665809818348,0.5755036189889243,0.26719951804798525,0.2758381011312619,0.11641359579524824,0.04797797599151244,-0.0017529605543703986,-0.005406887755653218,-0.2900558115184874
BL,2026-03-08,0.5839842878198038,0.2755499728073445,0.30230482210371956,0.23593700746062432,0.8245439694411133,0.0398773657927878,0.3218118647914602,-0.0021115444023764992,-0.12653088300402976,-0.2155411504145531,-0.19878232273385077,-0.6462672254885936
BL,2026-03-15,0.6279910077607694,0.08395058853386525,0.11181429775012539,0.13120599822534554,0.6073282947170957,0.04630800078594485,0.11014692716797675,0.03673850898151235,-0.04889668006875696,-0.07109540250584487,-0.05257440581821572,-0.22667623475841486
BL,2026-03-22,0.5732628982455137,0.16594309644330932,0.06714126902298208,0.09905479379641272,0.5541637335127713,0.03342521909068512,0.033139761817475945,0.09234544202948382,-0.041466642762152145,0.022403002557472976,-0.028227742152208538,-0.22822270782832432
BL,2026-03-29,0.5953182668012486,0.14361883537741768,-0.15274858932474836,0.0180891133489708,0.5931713951663193,-0.009639339010474092,0.24621926386357446,0.05367765871229603,0.03817458707197473,0.01196175315877387,-0.12092703318956743,-0.26475329120931207
BL,2026-04-05,0.6387815878185505,0.18199310307038088,0.09477270046471409,-0.04679671571296809,0.6062387087956711,-0.034790085166723,-0.013445109114274413,0.07869530587546221,-0.13433020085411498,0.05263987458669048,-0.10883891454024033,-0.23236110613454972
BL,2026-04-12,0.5373179185215599,0.22423608696756886,0.2653357571828157,0.22729731745204756,0.6713333058892985,0.08435657828875566,0.2078982325941325,0.020168305282232735,-0.16244276656918794,-0.1587632160229659,-0.10157582754860321,-0.4303869738376493
BL,2026-04-19,0.5436425131212276,0.258018200899836,0.19496152646709353,0.26405529313249526,0.6303283968769721,0.08966926624273662,0.15606841842874353,-0.0721829277199892,-0.14721861675011153,-0.03346118419518086,-0.09606366878680964,-0.3018940020748448
BL,2026-04-26,0.6706625636097763,0.30681606037579157,-0.5065663730714939,0.03260139069243513,0.7152008295940432,-0.09862111464242922,0.08570472065155202,-0.008601202721273595,-0.20270492350881375,0.13256581444145102,-0.171961934144639,-0.2373866923152534
BL,2026-05-03,0.6049946407573761,0.02938635349958204,0.051363889251417695,0.05935653862205915,0.5214349008164844,-0.020027928997497488,0.22543426848740347,0.10178423369255918,0.019549119356477188,0.004240973706494608,-0.11899448736822066,-0.0716049854067633
BL,2026-05-10,0.6405808899365966,0.17782801021299993,0.18460336897054713,0.0016212383584517773,0.6396759062114846,-0.005149036932460549,0.19195077275659153,0.039025182579574685,-0.04803788103117882,-0.14104374135106726,-0.1351158364772727,-0.39236894188443094
BL,2026-05-17,0.5734226815554363,0.1248921160238636,0.1360034729752872,0.018854898211463997,0.5535033118265942,0.08347008917314089,0.11048944989999916,0.09656080783968338,-0.09178582522031378,0.013134217743600693,-0.022367636532724194,-0.2381674814639819
BL,2026-05-24,0.5201788927779881,-0.07526980613635738,0.1318045316237129,0.1687116268235143,0.4651683119329878,0.12869194689272628,0.1783530346656202,0.059347365289071356,-0.10547960775527465,-0.05455659609602872,0.015548273965065492,-0.21375160387494518
BL,2026-05-31,0.6316762375374662,0.12971823801958612,0.05995957135673243,0.047366177629340096,0.6804604463956443,0.010881875874119824,0.0881846616133916,0.03241159074291406,-0.09539009995838635,-0.05018866114206557,-0.04719863889826833,-0.40146888424455696
BL,2026-06-07,0.57466251225693,0.1974480298843486,0.2552751817577189,0.1652298647548091,0.6827369884743749,0.038996740275418086,0.24501445316087117,0.007783585408282743,-0.10336361103124761,-0.14726373242903854,-0.1388697306006459,-0.49088319840881306
BL,2026-06-14,0.4627819909718432,0.15772851165894017,0.15708844283062276,0.13575348082935249,0.5108233457210062,0.07203712646823826,0.1270505554275746,0.11025443188766558,-0.11876608609251477,-0.024234997514505103,-0.04691270443350273,-0.1944429508204651
BL,2026-06-21,0.4690943119953912,0.19123201621284136,0.15970993474580986,0.1406458140858915,0.5292245348817555,0.20212100546937387,0.20684902482112333,0.08897871137158452,-0.13598952711074838,-0.032899745516931846,0.014448025921230262,-0.2890515374876799
BL,2026-06-28,0.49127000169833457,-0.21567493472448673,0.001728555797219571,0.0931388410992359,0.32439760199325113,0.14923702572198422,0.06700664423932769,-0.017470684031679076,-0.05996793656210811,0.0330132262278702,0.008731689288257875,-0.08628141397984768
BL,2026-07-05,0.49786509367547604,0.15404519260848212,0.1558542649831617,0.14947007889571576,0.5133089135564862,0.11749353392179368,0.07723285508947725,0.0771219786601436,-0.03898872945821999,-0.046585612744993975,-0.037012478526149535,-0.2626774874674596
BL,2026-07-12,0.6212773665068341,0.12812882135069675,0.20521926923120482,0.09701082016422787,0.7058308936127426,0.03269922057488712,0.2745580836769759,-0.0077130821644666924,-0.046310913730606355,-0.08856877331133406,-0.07955132635556988,-0.662094349872136
BL,2026-07-19,0.5600933989971002,0.15125150621392178,0.05993037947788732,0.09523361996830898,0.5904069946274704,0.011334888173947977,0.14413169451933702,0.10885613722312383,-0.0715897187745955,-0.022820488230974458,-0.11499770738490284,-0.28498040764379234
BL,2026-07-26,0.6379522558689251,-0.09647385640824208,-0.0016409534655847423,0.04822250415724205,0.4894517439858833,-0.14469116763027906,0.2380917826618753,-0.02860288072385366,-0.06542014452576998,0.2548886412584052,0.11860192338008706,-0.16120889368878197
BL,2026-08-02,0.5745742434522013,0.1955132887438841,0.14448463165267178,0.049654817883994694,0.565569688621976,0.07933708663759527,0.2013810038931787,0.010687768655009745,-0.03950389615832969,-0.010737677783709404,-0.002968675530372413,-0.23354581773443736
BM,2023-08-13,0.34360589355886056,0.17523872647078623,0.09123101974324604,0.11459344933623057,0.29597462613470854,0.2849118902992406,0.15795793369361052,0.05302310952602265,-0.12824286226759235,0.006334471284127194,0.1276335043275604,-0.09997115063166262
BM,2023-08-20,0.542914359300034,0.21186760560626067,0.1205401223021238,0.13505198878291255,0.5743511157282319,0.12348217853835919,0.1945114523623696,0.05998168480543001,-0.06013468701043592,-0.013550504046885738,-0.004046973144160507,-0.2622109891716382
BM,2023-08-27,0.6302495225503179,0.19227277530404124,0.008480025413325579,0.11862842682384103,0.7079519239929682,0.00839682144473062,0.22470614799772937,0.05041559734333795,-0.05426128847288159,-0.06785783612287476,-0.10831194874660564,-0.44855188949247393
BM,2023-09-03,0.5111738740206485,0.15346297800961478,0.17471588818374423,0.22681197591213384,0.5690790361838187,0.16103851313522335,0.10733636571887478,0.09805100280989837,-0.17994664081147646,-0.1119160376405682,-0.054750490880906576,-0.30327337291075696
BM,2023-09-10,0.5361662237495032,0.19479842917890186,0.15794607371395525,0.10550140607742955,0.5762134752394339,0.08657529680297235,0.17063272851894087,0.06419723274842164,-0.08040030381191164,-0.10999927265118171,0.00926086847073585,-0.33386084609842986
BM,2023-09-17,0.5997129137473143,0.17092995428969437,0.12123555854546206,0.050534906752844576,0.6099467682095493,0.03766411852849139,0.11472474212594176,0.07954827218220203,-0.11145895330186485,-0.04662847309085488,-0.01130797937560066,-0.330684426813894
BM,2023-09-24,0.5070970252387824,0.24911255988996153,0.0413251584315302,0.1426789477982472,0.5705309283007288,0.1924510805214898,0.1696574260935828,0.1385224105229708,-0.05967824870559628,-0.01996026453584085,0.041957024536844634,-0.2475662263269647
BM,2023-10-01,0.5628765442528408,0.17925254813091376,0.024367192115210445,0.07895858357208811,0.5853294482941661,0.07516627582680811,0.09584783567892179,0.07387995514279268,-0.15100299868120645,0.006155677367892447,0.0021936308200682163,-0.27031742563409356
BM,2023-10-08,0.5786591368240519,0.2563088983560847,0.16715038484447164,0.09098909688967734,0.6463219422006068,0.09603618699406434,0.22241244195133308,0.05708369847916825,-0.07802938636641203,-0.06145928072862771,-0.0794519262768466,-0.374368726427668
BM,2023-10-15,0.4971614635809793,0.16790664065898567,0.10580139200565196,0.16246642449833895,0.5517070461358914,0.16159475353749564,0.1555661298452775,0.10060934702665213,-0.17859131943277107,-0.06373894150297299,-0.03037173266148029,-0.271268474491633
BM,2023-10-22,0.5654491533561234,0.16385661342619823,0.09764613704331063,0.16173363183752362,0.6243058297356563,0.1255385695119105,0.16222130472443766,0.10944910288227726,-0.07500384066661103,-0.07071398286079338,-0.06613162969382155,-0.33780226382383305
BM,2023-10-29,0.6026178303190556,0.2238817188859304,0.2183731095461207,0.17093581933531887,0.7161424679395285,0.08971619438891525,0.23637679564423864,0.11084966571165185,-0.06614015849172797,-0.1521203387683667,-0.09874056108835874,-0.48421919613605613
BM,2023-11-05,0.43298224549915887,0.23170560807920407,0.08189042398238627,0.19422098003411162,0.4825790190544753,0.17323728167942012,0.18196109006863415,0.13709908354366265,-0.1588139483513666,-0.04983852430856482,0.04816111646966847,-0.19294720375368438
BM,2023-11-12,0.5376333925149956,0.2993363410408439,0.28281645717125586,0.21671971808245719,0.6286812141399791,0.04948750892897613,0.28780079601656433,0.08059415872778937,-0.07352190943588897,-0.0992805793277265,-0.06987004183410937,-0.3226172160893748
BM,2023-11-19,0.48842932299127223,0.22965133152277764,0.16248143930698009,0.14971177276754294,0.5196968658157493,0.1584938689867531,0.22002679312144302,0.028596422267847983,-0.08571981470427527,-0.05242891068893347,-0.03022428461312894,-0.2298761923863662
BM,2023-11-26,0.5763739729841062,0.21220401699285202,0.10471172859051071,0.02366327265937068,0.5626126166720476,0.08338022527709683,0.11474914896614119,0.05749287254891869,-0.09755103298326129,-0.11470197423205805,-0.010313546807122013,-0.21300551205542156
BM,2023-12-03,0.5208060838417499,0.21362947843897626,0.0931102410532118,0.12924218964119571,0.5564783859272887,0.0981337932138993,0.21705186831089246,0.03313848945870412,-0.053906470650697966,-0.03744311847410814,-0.1086987598104466,-0.32272189265903256
BM,2023-12-10,0.5827274218554571,0.22469021312823512,0.128502182940164,0.09689371249334502,0.5984174756461831,0.0956798913028851,0.06508755933201554,0.11757190277938416,-0.04686048607599583,-0.013696595361436026,-0.010418827486299223,-0.28452448006554665
BM,2023-12-17,0.5513937085623015,0.26644224882522105,0.13987940376529742,0.12526490573252738,0.6144051610591211,0.1192010626859817,0.16042612857936103,-0.011215524232103796,-0.09664714233594006,-0.0075863206970845235,-0.08492398810451361,-0.32785088548948815
BM,2023-12-24,0.5962775128088409,0.21257388466396743,0.10889533361122762,0.047810543807446544,0.6381501871982385,0.059219939194436855,0.25220578684244493,0.10363402529498965,-0.1259131073529892,-0.05721627258913689,-0.036763201150364945,-0.3876837476511111
BM,2023-12-31,0.5987664984255076,0.10750990811569179,0.14435477990988355,0.010022663113505328,0.5791415576874732,0.0383728984350079,0.21065468022300207,0.10995224430169466,-0.10295879424819533,-0.05602295694449274,0.03342726143633211,-0.28446374433129823
BM,2024-01-07,0.4938409634699281,0.2277523951210782,0.13234531946713268,0.1389733140839698,0.5552790671201113,0.14671035917757938,0.16475480329568895,0.07658523356452746,-0.14444132659257708,-0.019605213220368508,0.014137536766613138,-0.27218508724072055
BM,2024-01-14,0.5622426409848608,0.22015428131392986,0.1910070680183059,0.1240108857989866,0.6079681778355782,0.07323470159899337,0.2124061738336871,0.11534011409491307,-0.08287493262597317,-0.07115867024533211,-0.025397958529272572,-0.3330793879280087
BM,2024-01-21,0.5634632432461548,0.15663716200657957,0.17369490336534657,0.1590350751095043,0.6197094272430536,0.07933515058441148,0.17298777069866633,0.11025767268908035,-0.11655591502823005,-0.08730618510653548,-0.08027188303453213,-0.35065114859543356
BM,2024-01-28,0.5544140720473885,0.23617994722117916,0.13818697897069446,0.08118336553879267,0.6288990555684671,0.09103796244841664,0.22409357459715148,0.0950556706787356,-0.09048738622688539,-0.05382889914237333,-0.09587811970499098,-0.3404460448358199
BM,2024-02-04,0.4856099779589883,0.16472439580511108,0.16923501453335982,0.13736120142406907,0.5086913270512877,0.10792304908701034,0.18687070343212758,0.13883665381945737,-0.12253054063720313,-0.06144842802041101,0.01979209249080034,-0.2282920829092641
BM,2024-02-11,0.5271935827317478,0.191345541031873,0.16840013883927427,0.17443100976211823,0.5828964536764901,0.13809571866635123,0.18834533628327432,0.11501356962240598,-0.11928445137590553,-0.08734647562347622,0.005899997450281399,-0.29235070934716123
BM,2024-02-18,0.5752144548119366,0.24530386956547504,0.1584574983527147,0.14058640976047826,0.6170696271624373,0.07132754055412374,0.14098154895375317,0.05362493932937051,-0.09805371473789112,-0.05697259774062894,-0.007510735989228396,-0.312600277411863
BM,2024-02-25,0.5572642435763916,0.20996625982112876,0.10499334920475559,0.11375147442500881,0.5862430210473946,0.060694657827355364,0.0065725121696653035,0.09029334263311796,-0.03000271253644265,-0.02296404250206714,-0.04492510893267866,-0.30856674997224043
BM,2024-03-03,0.5876025066337112,0.2634408383100512,-0.21898099997184295,0.05997725189748094,0.6109794452120552,0.025712087670051103,0.12297108192923913,0.11564756231608249,-0.15174286502004333,0.033257884867990924,-0.04128176489520249,-0.2393185694623091
BM,2024-03-10,0.5514181800669846,0.23690590162888803,0.11705227012046118,0.13386679039734878,0.618558279350651,0.10669162803005222,0.21487595735243026,0.05783969928755446,-0.0632883867268133,-0.07715731920158551,-0.034327088411785917,-0.39177605804011356
BM,2024-03-17,0.6253537338365089,0.13524695483287277,0.10092451392238055,-0.007516620250038928,0.6353817022764146,0.05528466424842883,0.13208756585219242,0.05646247752218736,-0.10600810333356545,-0.14152641924108894,0.0047804648367800314,-0.3566403604440628
BM,2024-03-24,0.5754100556704052,0.18869226200660302,0.1647182139573372,0.018980532709651596,0.6180999085201232,0.12305485908133768,0.16554283276173767,-0.0039759025187844285,-0.12392021668148673,-0.08219921020489669,-0.08540675351574606,-0.4110600808272805
BM,2024-03-31,0.5204923450267547,0.1834581726436545,0.08320308071084893,0.10155881978520895,0.555800100589119,0.11043862065004748,0.15745333071188566,0.06506365708065787,-0.1381966326893088,0.012968432007317933,0.01081717463870326,-0.2592948481852929
BM,2024-04-07,0.628515177052531,0.3132117960279066,0.18902818309426084,-0.02514907813502314,0.7175963037267431,0.009541481434804423,0.27390118752285936,-0.01466528055621634,-0.019232519538722428,-0.23380200685635397,-0.038061800530810444,-0.4915639145164191
BM,2024-04-14,0.6046314091420854,0.22199352075115006,0.15970760605659368,0.003978564112024247,0.6452282762038061,0.052007703594712906,0.22542442962718165,0.07842613967071431,-0.06226457910142169,-0.03743957816233018,-0.04912335903283869,-0.40720127968983905
BM,2024-04-21,0.5519552470238375,0.24061017179008137,0.10348955984854187,0.09313320114158188,0.6323063708464235,0.0804299574722199,0.21604654209502022,0.080977010533408,-0.13725853727788037,-0.08257721460227038,-0.036052466746942284,-0.3760861582180177
BM,2024-04-28,0.6300887813584775,0.3211368026913434,-0.1535718328903286,0.0588805474158772,0.7209229722400451,0.16821281736400193,-0.03724031567469366,0.05703990628427913,0.06320294923438775,0.09874806688158463,0.03585826162527968,-0.36358017694966355
BM,2024-05-05,0.5532508813672908,0.22644320596168246,0.11798021327985711,0.1320859594428552,0.5605569087666492,0.1380348902610533,-0.10507157389306972,0.05683518837113092,0.003327334910619327,0.038794189683197866,0.04141113933384059,-0.3174488095169969
BM,2024-05-12,0.6390671577346572,0.13675481903118816,0.000275615897679366,0.016863812277118532,0.6107479792199383,0.03563417125051827,0.037088005253966265,0.03170549976105445,-0.02840644805885457,0.004442030275092188,-0.053644576933409946,-0.30943520328254354
BM,2024-05-19,0.6040069784153124,0.2639482897960187,0.14982454166756487,0.12010154457359053,0.6900938633707743,0.021976813378820244,0.17941723791703482,0.06870007385446554,-0.04200156345777971,-0.09329003297358865,-0.08439115781927885,-0.4176881794758857
BM,2024-05-26,0.6204910358127386,0.29022356952166906,0.25524977102838076,0.1438405602605401,0.6682793909193225,-0.046965367402471044,0.2393953528591604,0.04409782094337743,0.0010663992474431964,-0.06193352041612778,-0.08207641168541802,-0.3049695288696676
BM,2024-06-02,0.5498952902888238,0.20823802344955464,0.11001629080949313,0.041389925420693335,0.535748232020529,0.10493870404466075,0.03071717052841774,0.07224921105290232,-0.06914034288838562,-0.013794842521677361,0.012358323284106063,-0.2336534795952348
BM,2024-06-09,0.5642281052259603,0.27259599807619683,0.10465243642109427,0.08495164431967744,0.5792020568638585,0.07425594352161377,0.012665455038545406,0.108986522267931,-0.07141597535719632,-0.006424718791236713,0.04209686124219999,-0.2838618582606871
BM,2024-06-16,0.5393430374235044,0.2119888734051159,0.11756136839313519,0.1429364513191715,0.5614259187683646,0.12312588228758295,0.1413230752714758,-0.014336269081052228,-0.08123117082690816,-0.028703617307505893,-0.03401262501285564,-0.236170453796673
BM,2024-06-23,0.4845477515785324,0.19531664778601,0.09873878766227481,0.07869855649716981,0.5025386181038813,0.1337096594229524,0.14224630743253774,0.08488829064110515,-0.13073782369977144,-0.022186571153595312,0.0035339021763720804,-0.2502950471156635
BM,2024-06-30,0.4564440348229763,0.24769547145347193,0.09675061592801654,0.17395888481266397,0.5077073221700823,0.30786476194510476,0.1610404323709914,0.319701828977706,-0.08654926875036409,0.0339061015845182,0.23484826427985947,-0.06374435367523576
BM,2024-07-07,0.5303775686141753,0.23495656901827566,0.06193474499588002,0.12128970446036233,0.5417360566289121,0.07952890156753793,0.16696114915312932,0.09421948258692342,-0.12403946001097291,-0.06340321049239069,-0.0008805116991982867,-0.24419900974789888
BM,2024-07-14,0.503894247505243,0.1963621340275536,0.0909294435925705,0.12494006355014393,0.5493975810751514,0.20309040142231713,0.18378749866721353,0.1095892722356617,-0.11597901034034507,-0.01992483879350496,0.035936987004065946,-0.2516819450312637
BM,2024-07-21,0.5667472849701476,0.27598683088124465,0.08457581558551036,0.06549999164366273,0.6104947693607948,0.05454333024498077,0.13835790578965376,0.060379115244179354,-0.017407906843364393,-0.07859292352698567,0.02869057308896104,-0.31041307123824713
BM,2024-07-28,0.519293766573565,0.17481562273013096,0.10549413610457929,0.10506302946785429,0.5324128277688848,0.07184692856533402,0.08237028117356042,0.09829978705485408,-0.13181876004581947,-0.04063783323759002,-0.010138282618281771,-0.23739889422481267
BM,2024-08-04,0.5512322738021057,0.18017847677108184,0.09762820735674115,0.07566977579272835,0.5531588677328388,0.1656939266766395,0.10598842463834073,0.068208000169298,-0.06396115650708124,0.0026975244069169365,-0.018161567931752255,-0.2287801294057364
BM,2024-08-11,0.6002526218984781,0.2669685308716433,0.05847706951855036,0.03529611532020453,0.6496036030821633,0.05689679581121645,0.18799807989544343,0.0920762429142599,-0.07343673268754551,-0.015224529381605406,-0.032736361093517394,-0.33041458106559457
BM,2024-08-18,0.6361688542914239,0.2971617484987121,0.012703735406181246,-0.25361256869535986,0.6771822614284141,0.12201473213945381,0.2585859768378531,0.16215987162141185,-0.06004007522547861,0.13089047791900135,0.13531205538314192,-0.22397372132885285
BM,2024-08-25,0.5266562115114823,0.27634802498140265,0.1138118948162831,0.08836067040362808,0.5785562344836505,0.16165540502684111,0.21288600164904312,0.12839325960363687,-0.07719019128737782,0.028437515262351998,0.04079078710128459,-0.26837037007289966
BM,2024-09-01,0.5819938390687602,0.17325282546516899,0.12696383193750027,0.03610247769338647,0.6138852722169404,0.07900757474318357,0.14928428935862406,0.05117045850210469,-0.0732485444457624,-0.10376710662769413,-0.020673441832387517,-0.3194413138092989
BM,2024-09-08,0.5749384732854093,0.3099619164884067,0.18904303504296652,0.13605980647533822,0.6799267862699486,0.08431591748253088,0.2293704974341526,0.1390391806969846,-0.06065549081740993,-0.07995323205188291,-0.014151148192204765,-0.41560844975704353
BM,2024-09-15,0.4937258007761759,0.24761582344067873,-0.13939607021474884,-0.31201920567995844,0.44118134568831474,0.6844151512341919,0.209067916126762,-0.002738961684989535,0.34520236130979737,0.25988479673989023,0.21646912312510627,-0.2074636912669464
BM,2024-09-22,0.5694362282250122,0.22833467442161035,0.06076570668705768,-0.07336984466373114,0.5932122400743548,0.24538964025599394,0.17888328151620134,0.02386164078455351,0.06408440588479128,0.012975416876228172,0.013313065780380691,-0.38390139609845453
BM,2024-09-29,0.5356057937936982,0.2243550709989436,0.12572569379491072,0.07871689520417333,0.5563966584499676,0.17721595680225946,0.14638003186800377,0.09674858277210639,-0.060150228836312394,0.027374987249108525,0.026892892779457743,-0.27190655485338955
BM,2024-10-06,0.5616117878942599,0.2539056414279694,0.11016789583861115,0.1336351430929286,0.6073024728352479,0.07816622935667272,0.03845773720081105,0.06948057307003817,-0.04248827390818947,-0.007516600319897772,-0.011197755018317818,-0.3432526926491987
BM,2024-10-13,0.5531225836339239,0.20621153357772162,0.0847289773494756,0.03615204340596583,0.5570337957577948,0.11214683605323972,0.13106672566233132,0.11280074877581844,-0.1114831587136731,-0.050535087352636156,-0.028474327873959596,-0.27501565737431477
BM,2024-10-20,0.6642558946478656,0.17264048598642404,0.025621862900696964,-0.4164219151603396,0.5420490332023413,-0.10026276383164892,0.027796783001420973,0.0002965883203892871,-0.26616195794224284,-0.09085832408812596,-0.030443576060364113,-0.19918188916078364
BM,2024-10-27,0.5568352068489602,0.28773952888849835,0.11720466839146752,0.08258890910489147,0.6142824322101776,0.12011532688267554,0.1360646201209103,0.054931749206237626,-0.055135435134913945,-0.007604223388428491,-0.029716620353799565,-0.2611607666426659
BM,2024-11-03,0.4906244866665926,0.260760097158923,0.18651314089337329,0.1799735354485193,0.5681170695406509,0.1415875110565723,0.17458721636515537,0.05754284127814894,-0.23036060724263038,-0.039754082248151676,0.010569431239600238,-0.27424408238182457
BM,2024-11-10,0.4894419532596914,0.25231710979318084,0.16231176722842422,0.1888187151486398,0.5755803252803922,0.1788584353720979,0.19130439575368074,0.18118498458576607,-0.071634581205378,-0.06250807388118128,0.04472968390284715,-0.3362264062523285
BM,2024-11-17,0.6151967202893035,0.2115675398540351,0.1565526224359472,0.04757326014185126,0.6737046794345933,0.06062540966737611,0.13197577155693319,0.10181609955572254,-0.0878487972752697,-0.020612066769397686,-0.03118837889491568,-0.37201873132965896
BM,2024-11-24,0.5143484757927629,0.16654348812410433,0.10633705786995706,0.17186828101657894,0.5161553333999338,0.10913967166182752,-0.07859699229931964,0.15773089774503538,-0.04473044141611355,-0.015234164318917163,0.05382102283331711,-0.22327569369922035
BM,2024-12-01,0.5367858581189775,0.1859742957638778,0.1628766561230954,0.10628245091443758,0.5872234902837293,0.12621689703230113,0.21723217141560028,0.10813824592937539,-0.11525160833544242,-0.055580631230423685,-0.041388399772016075,-0.31343595216456743
BM,2024-12-08,0.5534623854560006,0.20281793067450307,0.12387041473115988,-0.02542143763995426,0.5504807584592578,0.12752974152431057,0.11673692877661643,-0.051235236987485784,-0.10277712542772877,0.07309862333978723,-0.1794537658429258,-0.17608757351119653
BM,2024-12-15,0.5482515846148461,0.23306020083578638,0.06667994363660391,0.11348419521532,0.6066854785800886,0.0700697120237255,0.12315174775283377,0.07016519443952976,-0.10097278610892843,-0.028559996820061852,-0.024784158750084988,-0.3082601234356867
BM,2024-12-22,0.5724635655679439,0.19548509680903348,0.059689742069360945,0.08503793865231621,0.5900118825721805,0.08196411404878667,0.16707883982501517,0.013727925375373566,-0.14802947501900704,-0.02922389774736918,-0.08257132053171995,-0.29349036201330947
BM,2024-12-29,0.5817734691046921,0.19425499813360136,0.04052498294401876,0.16568759046454085,0.67012656932325,0.07587920515010566,0.1478671000366757,0.08029501222127128,-0.08745342970253993,-0.10897762271559562,-0.1228542754255223,-0.4099087428967508
BM,2025-01-05,0.5580349321519394,0.18548925609491357,0.06722190930262234,0.147543912533122,0.605075688285314,0.1249876509646079,0.15921826288319957,0.13584326074452624,-0.137692201341582,-0.07905663388558777,-0.07392503781663111,-0.2730015629723007
BM,2025-01-12,0.5826285817960797,0.27033880463757204,0.09210318081631076,0.1500429853311046,0.6734586857864032,0.01763133938087651,0.22694067010120733,0.1293647274564276,-0.045957279746061785,-0.1112607990242943,-0.06762697959379149,-0.3950193762134555
BM,2025-01-19,0.6396662543185154,0.14487270195076274,0.12470506554725364,0.038546022252564906,0.6734791126957503,0.04465647481853711,0.09988950745186931,-0.0031210584645094785,-0.15634611240788038,-0.09323496611902456,-0.07941061373228948,-0.3738361606076141
BM,2025-01-26,0.590285891248321,0.21392361728356873,0.1793242324517485,0.09273094655326547,0.678322584378794,0.08140923252107887,0.16577379853263682,0.06860758303393519,-0.0384170407142559,-0.13089523281330245,-0.15026972383716627,-0.5051801577662365
BM,2025-02-02,0.5832346393676295,-0.06221930432018044,0.01385531885195859,-0.10111004516790074,0.39497792183010294,0.16850987505136342,0.08103115149890006,0.09178661429864826,0.10364416919299568,-0.10873985454852199,-0.30853683432079654,-0.020252153458485637
BM,2025-02-09,0.43248376972271735,0.1732651474323061,0.13515709870395162,0.11707866896411419,0.4575235796341048,0.1600004903859066,0.11642126505033173,0.09874328985360521,-0.26027937145460384,-0.013901798601177049,0.03217371944105824,-0.21313155173646223
BM,2025-02-16,0.5418824825234944,0.1896402424588343,0.1718439222710566,0.16151362127206645,0.5673163782402472,0.07401764826076887,0.20740988845324132,0.0745798207090193,-0.0952175241762213,-0.061721917944902005,-0.009899445357878985,-0.25739251497917975
BM,2025-02-23,0.6008499345363986,0.2236117132110855,0.15449760348315641,0.0038731040287923292,0.6616247684279326,0.060196565647451926,0.23342701085162687,0.08936265287688201,-0.04574106234027309,-0.05669102464176108,-0.08356374669316458,-0.40348709664036403
BM,2025-03-02,0.6140192057557995,0.2584016091919222,0.1688253304850779,0.09465115783497834,0.7475691613393222,0.07047819848184277,0.26555978208496034,0.156343441090031,-0.06456846211576496,-0.1376142459146864,-0.04952951834924093,-0.45783164990848935
BM,2025-03-09,0.525792073463293,0.2365648566337467,0.11299662860532285,0.06324818802657199,0.567041655271828,0.17694549842316876,0.1901646879334129,0.036753165660063696,0.03227190169694014,-0.021347624125068337,0.04227743890673354,-0.3157183128869063
BM,2025-03-16,0.47558168177792154,0.21775499600951964,0.09188538398020159,0.10188402350608702,0.5119680837797295,0.20431294491794993,0.2209938897844871,0.14400108580619078,-0.053551735710883,-0.0037524867077895056,0.06572213802773172,-0.22781976906501292
BM,2025-03-23,0.5476736718480996,0.23266533710197887,0.07020608861385233,0.1870439734756311,0.654917586373255,0.10649086094979394,0.21512235981408054,0.0755892326933819,-0.1355970560473604,-0.10689086321574573,-0.08806902437891703,-0.4103191259821128
BM,2025-03-30,0.47215576819228183,0.2293987206028136,-0.11412966271448759,-0.21459062622433592,0.44962223332487145,0.5741868680279294,0.26052421736919235,0.051959538203319035,0.3108322805496731,0.2034275878218345,0.1104932523008458,-0.19744623637596814
BM,2025-04-06,0.5181020606690772,0.2739873566636998,-0.2396471040685762,-0.07367568496461613,0.5468062542975943,0.4668330398760308,0.1887754117228249,0.06604495381096705,0.2141946673040235,0.16527326831188255,0.0999576794492793,-0.23659121667425087
BM,2025-04-13,0.5433610122052418,0.24094408770548567,-0.06760678366571729,-0.25271233117410596,0.5407123903294583,0.5167865985337479,0.3133115780295758,0.007386733722628248,0.357213848046897,0.15685756185732058,0.018624646977946812,-0.24832378563564092
BM,2025-04-20,0.5878434586268698,0.2583888511088362,-0.01779802337632293,-0.017061831934495373,0.6450882895706583,0.1835110638728802,0.25186581475383124,0.05349790606251261,0.06610404740418839,-0.03278477132338301,-0.045936580478030085,-0.3935956921739672
BM,2025-04-27,0.5630144297179808,0.2145851639144981,0.1553938586781079,0.11296658400299925,0.6021556019793859,0.17549358308868646,0.14470409885038066,0.0344565695250706,-0.013844565457057775,-0.03661531230647652,-0.07453496202875076,-0.2612182725823834
BM,2025-05-04,0.5431616990493775,0.24338608133717252,0.1026667750640754,0.038813131032498276,0.56658519984338,0.23764137663077978,0.051024882874729796,-0.02567232779794528,-0.0360488341229253,0.09341507993881958,-0.011876334698784356,-0.24812780148645364
BM,2025-05-11,0.5988437682058849,0.2366098482221354,-0.14356464075051226,0.07239588723916078,0.6366735056032313,0.11723169953689608,0.16555626731767012,0.0863443241015424,-0.0005454146040583265,-0.01926525578938708,-0.0758408393093784,-0.3548720077868496
BM,2025-05-18,0.5677905574280364,0.20307117375589875,0.001768946567222565,0.09680242540897037,0.5753655909763342,0.11118415640750921,0.0507214152517747,0.06995106977317417,0.07816202079700062,-0.009021013032530629,-0.004762845642558735,-0.30305964794782003
BM,2025-05-25,0.5766338314239897,0.23586399533281688,0.19162791472355814,0.12087326268771428,0.6323882628801031,0.031776639380749136,0.14448141716178997,0.12208029241747136,-0.07683395299247316,-0.10660425274680281,0.00046482961019994026,-0.3459974763231956
BM,2025-06-01,0.4861171213368745,0.19664955624476596,0.10401812311607699,0.10436844831852653,0.48829960952167856,0.23229387923533637,0.11419879712229562,0.38806212406092905,0.0009688172908418538,-0.05049008717737733,0.06852656151488762,-0.06916705143375335
BM,2025-06-08,0.5556844846889444,0.2798755990032399,0.14637252803301087,0.11934876319185712,0.6433676960404787,0.13180985464360256,0.23211019128862864,0.06797038949677645,-0.06900622879959958,-0.0014069293271532148,-0.039118958884975935,-0.3110567997214251
BM,2025-07-06,0.5321484985516595,0.2336439320355052,-0.10043111469452745,0.016467177583849402,0.5621926403480833,0.2813162686324691,0.14602182754029655,0.06877331374236904,0.021744835237250612,0.01086383966376403,0.06892347196512766,-0.26458266961504523
BM,2025-07-13,0.579546315655275,0.27835891701453974,0.22147978016556416,0.15173232850360224,0.6882092907942943,0.07301590957886334,0.17003996694366016,0.055724483849217805,-0.1221765636383271,-0.09104052171198114,-0.10637385990394015,-0.46416522844334435
BM,2025-07-20,0.6034594011296787,0.2807912049709148,0.08587661195422099,0.1209847538292145,0.6550767165914057,0.029332228347903076,0.12311087931633194,0.08848014218756471,-0.04799224556666636,-0.0024024225305656227,-0.05025965412096524,-0.36346558951020824
BM,2025-07-27,0.6130297278823713,0.2452224903570028,0.1031786624880776,0.04305012567837064,0.6695840778412071,0.06664156235128871,0.17653466225888562,0.08780438783233668,-0.07491498318344442,-0.009206185530617746,-0.04567228051050504,-0.3797301332171538
BM,2025-08-03,0.5650403475209009,0.23625475112856575,0.14905972169763682,0.0214322826624775,0.6073900692196474,0.1172602495601388,0.25924191297664806,0.043497230489778445,-0.018450308642338275,-0.1108780416699892,-0.03353012585450489,-0.33558099919960405
BM,2025-08-10,0.5674555633998689,0.1756060461849331,0.07529419489512298,0.06420812538150387,0.5774955955324756,0.07692401248990938,0.20955846045994556,0.10166164922038753,-0.09352744274806178,-0.07815585453233587,-0.04847457379771978,-0.2886095585793247
BM,2025-08-17,0.5351035079739515,0.24969389917763463,0.24100695991084056,0.19159036512817756,0.6160505330568679,0.08877136699604131,0.2460812905111273,0.0672255528323991,-0.049117939647288056,-0.07826164443382758,-0.035485453634742044,-0.3562599084636281
BM,2025-08-24,0.5880185328480158,0.28045955958748847,0.0723706196390576,0.08525712596292145,0.6363692486807978,0.06156640943246409,0.23740751676009347,0.158200922408305,0.006591584661671573,-0.06517188115006699,-0.07991797506439816,-0.310465563634326
BM,2025-08-31,0.5748805993356368,0.22801217819133232,0.1997810129798802,0.14695828822597,0.687676384650947,0.06703423812909676,0.26497878397716573,0.1505461681895149,-0.09738692294302581,-0.13044109723506878,-0.09274895102616391,-0.43058866022721837
BM,2025-09-07,0.6227687100250298,0.28258449471168334,0.13512242134809538,-0.0654131308867469,0.6301415034355113,-0.07464899874304444,0.139734229260199,0.09605596051136077,-0.006929422914042495,0.00025159394373334943,-0.07786907221405093,-0.3284590842630665
BM,2025-09-14,0.5908254923470905,0.28739129762658583,0.03282688208014641,0.10875447928057305,0.6813503536922737,0.0595644382366903,0.21188135688034088,0.12702482299033385,-0.001982115070227718,-0.030627528552052335,-0.08716414886038303,-0.37704004933151963
BM,2025-09-21,0.5663587907131771,0.270492744280965,0.08266993702501309,-0.003063485150007808,0.6009181326099159,0.13693707349282486,0.18008942724149388,0.0948943579377171,0.004093911614365679,0.04021870436936278,-0.028926057186647036,-0.30923535810645536
BM,2025-09-28,0.5847068585635435,0.2109231123833452,-0.026528725885210235,-0.05333100095369735,0.6377516714318234,0.21524834138813972,0.2234529334752249,0.04749007214099328,0.047186821707243184,0.028534536796552473,-0.04726616897954189,-0.30796403749653706
BM,2025-10-05,0.6366622153787028,0.3355219532751793,0.06101098795607139,0.09071274141626408,0.66134440365918,0.0035677085672817786,0.051195233510848495,0.06646787485928364,0.06254934470160703,0.0946494855993868,-0.04932085925770624,-0.24445077639297189
BM,2025-10-12,0.5854462369444815,0.20711804349575244,0.12984682108226803,0.19729839591794698,0.6341258765357779,0.0773337766246709,-0.08667722186857221,0.08423009815915078,0.0021429982213369727,-0.003189802081314755,-0.017701270372883566,-0.3380557450613995
BM,2025-10-19,0.5211452889834384,0.20459124760643377,0.04063608082774016,0.1562977668035542,0.5847833679682315,0.06595547051462013,0.18411127379265219,0.10262267003214996,-0.08786436968017916,-0.05940664014355632,-0.05567564969744746,-0.27964872440471444
BM,2025-10-26,0.5640367847494565,0.27033143298253265,0.15681600233238865,0.1450796794718297,0.6923031079216266,0.06884559733290675,0.23415736895335873,0.06993365137295972,-0.0653451840664708,-0.09783109878449893,-0.0922159547202802,-0.4690974777120847
BM,2025-11-02,0.6050977582517127,0.2726385180534543,-0.010342852106957274,0.06870811567262798,0.65029269128331,0.07506331071305586,0.08626747937929984,0.12578308678112704,-0.014492136518697973,-0.024689524993857574,-0.04255394694158493,-0.26607661977182395
BM,2025-11-09,0.4253419198707064,0.26373621685503057,0.17635257783831,0.2576675154789111,0.47351201929222886,0.216259709581122,0.258928616857113,0.29271879637352366,-0.18567868419329495,-0.060119201906386414,0.09559195715254643,-0.12498335045336942
BM,2025-11-16,0.5879023571406409,0.28369159763440943,0.10684603386200751,0.1058745104233165,0.668707726506102,0.15291688497281877,0.035822085065571274,0.06958275357409292,-0.006959583602388311,0.031225173810068497,-0.015614879052556499,-0.3692158084803094
BM,2025-11-23,0.5390600985128047,0.18921198378125906,0.027130487525966456,0.03087304475490134,0.5360345982138238,0.21648628147435298,0.1085768625685052,0.08195712641454812,0.029212301909693043,0.005990314910158075,0.021946351950167975,-0.24541520558154808
BM,2025-11-30,0.5541892408824707,0.24751778594281962,0.11303811460883796,0.09296119997839414,0.5780224840523694,0.08927399846600916,-0.042563895639758965,0.11171384083099196,0.048056861190066184,0.05959491013872587,0.06764669820678208,-0.2846375384892946
BM,2025-12-07,0.5236203382069277,0.2256875816666829,0.05286384839324728,0.023159395767866697,0.5768499178256239,0.3164113319916295,0.1788308983471924,0.055856713764003786,0.08985889284970776,0.014454137732392184,0.035679742275520225,-0.33657215975857263
BM,2025-12-14,0.5320127949357557,0.2639905661481626,0.15478036421306665,0.15797968367258547,0.640173543125514,0.13327043690748758,0.24186044044295268,0.1423764523731408,-0.12063349178031463,-0.1061381066709525,0.01966362844087035,-0.35530576870164327
BM,2025-12-21,0.5642887080725113,0.1868891938441968,0.16476854763624238,0.12232165683165114,0.5530129182633293,0.023100361599299908,-0.048449110704477584,0.018970955016410457,-0.057954616314324754,-0.0322060971545452,-0.03295530854879187,-0.3341193238969663
BM,2025-12-28,0.4291580364373083,-0.010529841528347688,0.14319186216411545,0.19148926104491873,0.3637149221377156,0.19727455696297458,0.14537021327407873,0.12225952208406274,-0.16566804067791638,-0.10614974281602715,-0.059519887634440535,-0.06514216462143337
BM,2026-01-04,0.43403519636371657,0.19864316578203603,0.17419204883035821,0.21873224256064577,0.4745794323040258,0.16216283632456108,0.16442702023052716,0.05269469523564624,-0.18368002951544257,-0.07004715171976947,0.01645099405614638,-0.22968098841205625
BM,2026-01-11,0.38551024442245163,0.09757786508492175,0.11915783715067438,0.20469028083617039,0.37401977135300823,0.2865904199372517,0.10854496440228492,0.06962650318001012,-0.23371264334324318,-0.0503584277470827,0.08787709829179542,-0.13535453628448055
BM,2026-01-18,0.5739005450827329,0.1009636892521779,0.08606952296488199,-0.031401539812437894,0.547463896056486,0.1477575990146199,0.22895034616215926,0.07129885546476705,0.022040012013166868,-0.049821999287908696,-0.11446843110426051,-0.24572523656445075
BM,2026-01-25,0.46387363604768006,0.19545475083084657,0.17789244506239227,0.19671169434797883,0.5217659635231121,0.2797850314017867,0.18582258576039473,0.11923415806546132,-0.1971876089426943,-0.07917500527035734,0.029256419415679708,-0.2501523724767751
BM,2026-02-01,0.5366481161469948,0.24788378036483072,0.005189858987435199,-0.0015544952141367094,0.5692640028768439,0.26046275252796386,0.16495069964931028,0.025812498676845874,0.02477342575169278,0.013362747438242648,0.05133219440842365,-0.26097154184522936
BM,2026-02-08,0.5516321903212106,0.2588858286220291,0.22603506533267811,0.09755374702321676,0.591932871611336,0.05688781798667564,0.17693577629612497,-0.037311256167217415,-0.05640305450940033,-0.05273831252110948,-0.13136155658250007,-0.3523239028793126
BM,2026-02-15,0.5675854990024447,0.2730731684092057,0.0858623263674858,0.0781315359853843,0.6172835293800707,0.1548919591468124,0.25035038194433,0.04550052490810312,0.05217260745863101,0.024378282183353406,-0.004357250386911604,-0.31783157972945125
BM,2026-02-22,0.5877162132166347,0.21250780503863684,-0.00565634326519066,0.041862180098434815,0.5924167967666155,0.05714180545452802,0.1129839560941238,0.031363882070194894,-0.13723064735825055,0.025698600127482096,-0.0538181728607549,-0.19318032351372147
BM,2026-03-01,0.525656456780429,0.20965458374316537,0.08052224337869023,0.09623075124832665,0.5321994799369097,0.19689429381589554,0.017848707738802726,0.12492506305669465,0.03320371456629022,0.07034873611693696,0.030820135612641877,-0.26435584123735656
BM,2026-03-08,0.5271030482115358,0.23545628174409594,0.25191303426930217,0.19986409429824142,0.5359884867444346,0.06646349821191455,0.17097844200429427,-0.03592787184938721,-0.05063374760839178,-0.09887100248508185,-0.08279529999855549,-0.26831226015372234
BM,2026-03-15,0.5935223673758266,0.22524414604643903,0.06195403794758784,0.05403483195918701,0.6276011925338156,0.06705388598204433,0.0858659044399012,0.039343559146734854,-0.0066127699271747884,0.005195684449844706,-0.018016381151066702,-0.36998389226992945
BM,2026-03-22,0.625735256361304,0.35148925618236776,-0.13713178335332982,0.22955879323842393,0.760647593358362,-0.013628451955172668,0.02206507229186878,0.12218362090639606,0.009772470503342689,-0.046763997910787905,-0.05190169588282407,-0.4750192295145576
BM,2026-03-29,0.5989121298218939,0.26144820758043946,0.14026733925312201,-0.0367784821029943,0.6463369892416813,0.02851608329710418,0.23130985546466942,-0.03462904841056953,-0.18834797653649216,-0.0406361927200995,-0.14491717428246423,-0.43363437087480045
BM,2026-04-05,0.6134159908124441,0.22847224628516857,0.16552610513840818,-0.0958473279529323,0.6845562922731858,0.2041163173357333,0.2914130220112847,0.0712917169615549,0.035938239003307546,-0.034766615781497125,-0.12540261914571205,-0.45771205929309966
BM,2026-04-12,0.5278667821637149,0.2950706398706157,0.00532888411527651,0.027907284703061582,0.5687346828396154,0.19124173403943234,0.27979493228067026,0.024495138393498733,0.054393750703589636,0.06174938290186693,-0.01658282974980802,-0.22651928231580307
BM,2026-04-19,0.5892568373337922,0.32967193206623663,0.026943680666628205,-0.014338783216526988,0.6211769113421609,0.15026834858574126,-0.013217343445504641,0.15420933126325398,-0.0322307086490643,0.21432040686594453,0.13825497972845596,-0.23826486354339527
BM,2026-04-26,0.6324600216689662,0.2903427211830997,0.16252887058735976,0.1357342938325653,0.7302651648479472,-0.03835793928742514,0.046389322822354154,0.09958315242404957,0.06336216212812494,-0.08284110515207159,-0.1194431622577617,-0.5794744529810752
BM,2026-05-03,0.4628688019694569,0.2426777785361079,0.11714843916359369,0.2561480761266819,0.42524675862761163,0.11286917776111009,-0.09571320575148554,0.04697333683936914,0.026554975679484352,0.03336403527621443,0.18385641864350555,-0.1135753864735921
BM,2026-05-10,0.5146179838421863,0.22955226645113544,0.08754822946983541,0.10558104938621886,0.5434390424254059,0.13275039467402924,0.19221344652458897,0.13583363834662618,-0.05335624068047907,-0.02380590271864788,-0.003776199626632924,-0.21780083162299965
BM,2026-05-17,0.3938043887956294,0.1129075182751949,0.07453639725213108,0.13846143392648558,0.37991576177474196,0.09466313838144767,0.17690107958677947,0.18064944256998794,-0.05657735849760568,-0.03512789832635044,-0.09680638981977009,-0.024249880308178373
BM,2026-05-24,0.5727280766836592,0.15251317553518864,0.10318234002349067,0.0649521682948464,0.5501158175002019,0.05535302459955956,0.06863927894096102,-0.00518701826337312,-0.07891409421732229,-0.014814873712160745,-0.0025296770218979337,-0.2528293476449821
BM,2026-05-31,0.5474100967276923,0.23454187837825505,0.0536079394122695,0.049757568510076816,0.6035510159126305,0.1874388832077345,0.10725003737289379,0.09805103692532087,-0.0005417438899657406,0.04292997135392222,-0.03653644566950727,-0.31909352346640407
BM,2026-06-07,0.7435127928567018,0.3278394532298345,0.17716445513983325,-0.48601114439660204,0.9025554824951226,-0.2381618266057164,0.22592025849763034,0.03669318052597396,-0.46720706438792725,0.31163463350172926,-0.3507181857599872,-0.7071683277397601
BM,2026-06-14,0.5954078942028229,0.2795632782317613,0.08751851502752137,-0.001979779376177246,0.6868883057134656,0.1895184630126893,0.2706261738151168,0.00702287223331747,0.08631766826951143,0.012009690612946135,-0.07646674003395233,-0.4787229588854426
BM,2026-06-21,0.6308465983291449,0.244993812249081,0.07531454977944332,0.04893479100941456,0.5954271577934386,-0.015083509141600426,-0.3454096037814922,0.1342064547659329,0.032312630800066335,0.13390392435814757,0.004895975142460308,-0.37286384637418196
BM,2026-06-28,0.6209491162853041,0.21594514809550502,0.0870000848600822,0.0029956179419213754,0.6053449734437658,-0.034292618064687995,0.011816853792958357,0.10343597047015968,-0.15734011906639303,0.024902078253070208,-0.056408412048278726,-0.24022357106547806
BM,2026-07-05,0.6211048975924088,0.1438924686254082,0.07418910341709727,0.13900111024460532,0.6545496570986934,0.05114155043728111,0.13146405486126378,0.12241538923813686,-0.09815358153411156,-0.027292393366815968,-0.04595147229660315,-0.3255620318012874
BM,2026-07-12,0.5632318582414199,0.19202908031213653,0.16585170618094605,0.020856012137999355,0.6046943749994556,0.09922234150174605,0.20979480629437477,0.055590481807209,-0.13116439227720197,-0.06330088518872709,-0.06792970517424143,-0.38083861137107505
BM,2026-07-19,0.6094489874254422,0.2719394483571789,0.1756999071819322,0.06762532244891606,0.6827310865432967,0.07423670328414046,0.16085681908284183,0.04878853927744648,-0.04512413589159066,-0.0016256069641187173,-0.09477898457922784,-0.3468703598318286
BM,2026-07-26,0.6448413997850905,0.1655263932073839,0.10022084605432126,-0.00501854871825723,0.6370463052862663,-0.03287458252839062,-0.1045516431441787,0.1207328101128634,-0.11794880576903143,0.014636306406427569,-0.09531619851048527,-0.2970385075554748
BM,2026-08-02,0.5576374423004751,0.21118223765635138,0.07539435545889335,0.06218087846811235,0.5967425899222524,0.08747793886189373,0.16349366298650203,0.1258340357147365,-0.005331992480124579,-0.06001188020836696,-0.029137509933422814,-0.28304616145922573
CO,2023-08-13,0.5016256548975361,0.1808428577309079,0.09487202997699404,0.16372494433590837,0.5246161844652919,0.13061960336265702,0.14599954400227874,0.06630127647539648,-0.12098158437790565,-0.03955360143739662,0.009577208060413877,-0.21164937030121744
CO,2023-08-20,0.4903912893638948,0.18805745614444458,0.10626852787043488,0.2107652672520209,0.5452531407961578,0.22655822185937793,0.16505091756656948,0.18050981698763907,-0.18818117100576207,-0.050999305655180814,0.08282087661864472,-0.18357246064042468
CO,2023-08-27,0.5988917937369463,0.18184214958303724,-0.022330268462488794,0.06721692431833957,0.61357765027045,0.014403773279743532,0.10380279592467553,0.07563770891459522,-0.029388036448342175,0.0015041472738294421,-0.06885133896019076,-0.2517629993814883
CO,2023-09-03,0.5396774399562311,0.1125140796852098,0.1132874374343153,0.14996594079418815,0.5563784848121854,0.059637041250998175,0.09096430575852181,0.08149438770212077,-0.0729723937150028,-0.054568213608935705,-0.0040630511110305466,-0.25479857722505656
CO,2023-09-10,0.6033986587468324,0.17315679720695334,0.05296504489955335,0.1465047318803137,0.6453709038815587,-0.007113354180454471,0.15016979368721572,0.060744051128335474,-0.05710170452367961,-0.07269815462712194,-0.07591796171236023,-0.28207564042890787
CO,2023-09-17,0.5767540340266919,0.19701403205471002,-0.0109773244086793,0.14551050140621563,0.6138790285432848,0.026891671866900693,0.1162367405465854,0.050202057646907834,-0.04095591262381396,-0.046787168258862234,-0.05054279020000107,-0.32365531072339193
CO,2023-09-24,0.5563369995931602,0.17965402245440593,0.1024949465215184,0.06698302962851509,0.5830933358043847,0.12385357785740855,0.19046736324228242,0.08346452910852081,0.004383602927000107,-0.016064572701913107,-0.010666594958317184,-0.28797358228550063
CO,2023-10-01,0.6015962458021449,0.17913096676309112,0.0793255041301879,0.04529517659371215,0.6082898244216851,0.08310564125757916,0.16916353243260543,0.10445458759687176,0.042837443486666994,-0.020834600291453707,-0.031083597090139532,-0.27796401974179774
CO,2023-10-08,0.5321166671417344,0.19645772865691932,0.12124837052750526,0.13861242260941325,0.5834853331068736,0.09821657558921618,0.13891562446390665,0.08113969215886588,-0.09490328455590386,-0.04249909988459842,-0.023641546950410177,-0.3083683515716367
CO,2023-10-15,0.5727527200916201,0.27807328278848237,0.027179621841806452,0.06748846064505432,0.6111703223408947,0.10656154693643007,0.09338912195120687,0.05040777446311424,-0.0560880561837175,0.03661624961598545,-0.015766588742575104,-0.2544804513913138
CO,2023-10-22,0.5276010986521288,0.2877374567070086,0.21061934006682267,0.1366337575646766,0.6167771929719389,0.06700067292699605,0.24624460534526582,0.030170899034268207,-0.003137162455755466,-0.0768691142776575,-0.03806219179840381,-0.37010117669457354
CO,2023-10-29,0.610861212248868,0.07800284568242064,0.06388615253144171,0.08358915577401974,0.6161528180931405,0.05326757314958437,0.13494621378544955,0.08516787361196881,-0.047350979514461704,-0.04308314320714536,-0.11796295328884947,-0.2935107929822807
CO,2023-11-05,0.5774435193408131,0.15883517338161324,0.05858603059855345,0.15028231308730272,0.5872759296497858,0.045538706686453774,0.11269180404262981,0.033201633236897767,-0.08329006724534516,-0.05036498525180234,-0.017631602151541116,-0.27471483267316804
CO,2023-11-12,0.589813626095949,0.14832279576305235,0.062270523227945594,0.13037551647099502,0.6155087890653421,0.03109583500366746,0.12465598506614396,0.056269096978807664,-0.05069870005367344,-0.04689130118064965,-0.04296429597952701,-0.294159895478364
CO,2023-11-19,0.5745991811684665,0.2730423749403592,0.048861208768070145,0.24354068194321657,0.5993391793511502,0.01201711149261489,0.06784297969325677,-0.08034149650198319,-0.00039367403873436023,0.026206283262192234,-0.06573176079182778,-0.21290666533394034
CO,2023-11-26,0.5545186468632661,0.15169807760643977,-0.13652505223273076,0.15704099824150114,0.570858304460957,0.01775533229538914,0.1446525032615095,0.04811448000033786,-0.08764686137259427,-0.05940032961157475,-0.0580212637380507,-0.21939003296514106
CO,2023-12-03,0.5824897588046836,0.1581486223515617,-0.11776171586241821,-0.09756888862441049,0.5373193378278174,0.21556036461175354,0.10694880563722904,0.036452486071006054,0.05966073940702591,0.05291758449044001,-0.06768135546594022,-0.19805354998517558
CO,2023-12-10,0.6397147665383215,0.13586611288111708,0.12509487241334144,-0.016144763150349448,0.6830626217821436,0.030733436385395232,0.14374038770536582,0.013155544343717839,-0.14798389146468247,-0.09203029395987945,-0.12620967623397458,-0.3811045510088333
CO,2023-12-17,0.5599572689462142,0.09821016933777608,0.12029873633259448,0.11279949022737056,0.5766530127718295,0.11478954261683895,0.1467192084701572,0.10357605186412752,-0.030004894731091115,-0.07120483896352639,-0.05685787651737228,-0.2835386961335555
CO,2023-12-24,0.6098269462561406,0.273126696170683,-0.029824390107492334,0.15384256851524064,0.6698268018371277,0.062326508683956706,0.14798305768844847,0.00880106340321489,0.003349969712290375,-0.0008891246353789755,-0.03189357760995605,-0.2726064129162084
CO,2023-12-31,0.5743919206115021,0.1724224351750855,-0.01819738443918289,0.12523669457516745,0.5956362421456582,-0.006587974012854333,0.15301968067179078,0.05002148821788801,-0.09698524132208738,-0.015909363492034295,-0.024811990817570136,-0.26983320815068174
CO,2024-01-07,0.5983367689545828,0.21271431843999936,0.04829916786318973,0.005098639206975073,0.6156077341970455,0.04112487848501654,0.15066539943764293,0.13961442261549897,-0.0766913785120934,-0.004214285738060883,0.020866991567472667,-0.23016473631650902
CO,2024-01-14,0.48949557789379744,0.19950283942435487,-0.004205034526547509,0.038424227548752,0.5072587966245126,0.28741210437556164,0.1562392089579321,0.07889975859199622,0.05268344242759452,0.06048698266054141,0.08616216991938817,-0.22199178590818358
CO,2024-01-21,0.5251731430990118,0.21227370633385512,0.02460290605069376,0.1636634376549425,0.5550060064659239,0.03641492679681056,0.15223633713599824,0.06711184197330342,-0.04950369579927589,-0.03900683736761486,-0.0414163213648951,-0.23201718955111864
CO,2024-01-28,0.4806145925758756,0.027940259501368678,0.04060400959972639,0.17977390447308716,0.4820541257404744,0.10036855121960973,0.12083241572722586,0.055952055502926534,-0.17012694276803006,-0.05334457483229274,-0.021834815464270498,-0.23807217218787044
CO,2024-02-04,0.6156946509349357,0.23580847688995688,-0.01954439239529666,-0.40327516491130544,0.6265559282176859,0.17140480088621118,0.10127649599303941,0.08587836862280049,-0.25515969855386605,0.38655209489075915,-0.031431024807345644,-0.23541720798764124
CO,2024-02-11,0.598509592166939,0.1264850582192717,-0.009953358306547835,0.10370742098353719,0.5979287875989182,0.0010958991093098882,0.12290226786834826,0.05334998030828001,-0.02351128155772851,-0.020287665246503328,-0.07571151456179916,-0.28075820250396916
CO,2024-02-18,0.6057624453484257,0.14914878397969616,0.11203574951437116,0.09953256241209582,0.610714150216838,0.0035458589408237074,0.13281723148330174,0.06865218151855322,-0.00771532648409151,-0.006961094255404138,-0.07306341016065518,-0.2821791418506284
CO,2024-02-25,0.639097715568801,0.10722497906161756,0.10381933716532675,0.0591001504395751,0.6364885901437006,-0.03263394795843525,0.12913848504378397,0.07941516842266248,-0.06544670141435308,-0.0038770205054437113,-0.10283325483388837,-0.2606184181429945
CO,2024-03-03,0.4906200989854838,0.09873849586218739,0.07522784853991438,0.13750949450967367,0.4806734524119161,0.0967647719433038,0.12281792340720903,0.13733002388850019,-0.08450066939453516,-0.0036066831611382085,0.01743463567475111,-0.14418139955470005
CO,2024-03-10,0.5746067838532236,0.21890013787664467,0.007493948541768187,0.16121380690167286,0.593360600941225,0.03225076884331919,0.16867034977357126,0.09549259618563337,-0.020571241679204943,-0.026844052359823168,-0.06056095366342811,-0.18765970837114024
CO,2024-03-17,0.6173661632197335,0.17868883880355857,0.18330035890105736,0.2042418145254627,0.6288253367247675,-0.047215356419892524,0.11722831546724768,0.08036428540476279,0.05357728365435565,-0.06257901390284425,-0.009912969015280146,-0.29211974418358566
CO,2024-03-24,0.47595380525028136,0.15569290172057895,0.11537263196882129,0.17441525776348074,0.488076651522122,0.11298895561380742,0.06441061676433936,0.11628684555110501,-0.126071694498718,-0.054142686728230235,0.018658423726542545,-0.16283279533270856
CO,2024-03-31,0.6179783691727903,0.02822181186675969,-0.014118094462281574,0.14281415271519912,0.5822524706149516,-0.008903105651227363,0.08852204133972731,0.06929870801682202,-0.0077923975884186,-0.03360681747605199,-0.05842740418051513,-0.2545573091574547
CO,2024-04-07,0.49093002373776,0.12387915983608015,0.14099280654212057,0.15061082284132887,0.5175967736369981,0.1285442376071993,0.17787155592670195,0.11827997142440418,-0.1257173426911155,-0.06132082411235418,0.0062739448079402104,-0.22013042619129475
CO,2024-04-14,0.5505592978940326,0.09367580415049066,0.11957433549275781,0.17153567349365073,0.5835657742614717,0.07818499330942726,0.16032081702808673,0.04421125213436066,-0.11530566257210026,-0.06082411240208305,-0.059317666333452625,-0.2687855415331283
CO,2024-04-21,0.512763655812749,0.22059739110209495,0.1275689651295845,0.19127561136420765,0.5727456062966234,0.09428239459901101,0.11781389903204627,0.08825829109827253,-0.18074336082387873,-0.03309431779095193,0.013175281280131387,-0.24264740295755785
CO,2024-04-28,0.6309283199602855,0.20256533541032518,0.0710173212392181,0.12347056902729951,0.6498749901627058,-0.046515733187216364,0.05555663027495163,0.08325474935231122,0.04115090262503226,-0.01911734934404191,-0.036661175785660124,-0.31397815377226584
CO,2024-05-05,0.4637355356371757,0.15315927190850712,0.021830999776287198,0.2009350730793724,0.4901132809433299,0.09416378413924277,0.14007271016949552,0.08811088021865984,-0.16854518513000277,-0.06770418663092097,0.004699786124439333,-0.16400372857177772
CO,2024-05-12,0.561828144109195,0.14513656793983717,0.08888440553874359,0.08610915142583345,0.5613242691383956,0.05279175193489897,0.13316480404876493,0.07658856986998928,-0.1015725853885888,-0.0012836245142699271,-0.048504103957995925,-0.22358696873773937
CO,2024-05-19,0.6637157499691569,0.19942262608591577,0.08856635006827049,-0.14803828131530652,0.6534528818341594,-0.02623164505674374,0.08100589610696005,0.07154074917696106,-0.15443268714495395,0.19246434562094636,-0.11694039690717879,-0.23704436238440427
CO,2024-05-26,0.6019382679529613,0.17601092013853406,0.16499394596443495,0.026972291971010882,0.6421775328955237,-0.054358098774028356,0.2741637322511312,0.0651275650248466,-0.017327587452597285,-0.0746210889243494,-0.0578679206640569,-0.3203481735321553
CO,2024-06-02,0.5724340654977251,0.1347121902903322,0.07871479528384683,0.14361387708799525,0.5918422308968596,0.03944042909462417,0.1157748545282059,0.05549993678451943,-0.06906272981483268,-0.02923097371501104,-0.0741458236131981,-0.26423039961538763
CO,2024-06-09,0.5136388122178523,0.13922610693842902,0.08847557376589808,0.13807159115428097,0.5367571014760206,0.13711172486005704,0.14060492512296283,0.12045970951141123,-0.10429607072508158,-0.044170166924181124,-0.003228197664028909,-0.19566076154255096
CO,2024-06-16,0.6017196250610524,0.22707977417434702,-0.12982467942170797,0.15128367030486156,0.6362936654482471,0.01845729451961124,-0.0279659725959079,0.06804046793866322,-0.02697370838846366,-0.008799208455820797,-0.09637219497930737,-0.2801800150677134
CO,2024-06-23,0.5824923619296468,0.1284848949599466,0.03939567805913085,0.11062772154575938,0.582379879094872,0.036509071302693374,0.14579761290259857,0.08513735926935842,-0.0139574489003962,-0.00613997949270781,-0.05437612237908135,-0.23604315203951415
CO,2024-06-30,0.5309499103652022,0.06844840629704484,0.03593924909132326,0.1514457887902239,0.5052669229908687,0.05023060138211947,0.15639628839051908,0.06007803543679818,-0.08899369635122001,-0.03306070722926811,-0.050970340059654166,-0.20417343230692964
CO,2024-07-07,0.5994538206099355,0.08555667052866336,-0.017778930240439406,0.09650020085597183,0.5928467568556772,-0.0026615653628899996,0.18929709271859688,0.07608820403181171,-0.047789520597921166,-0.013783962970138479,-0.09069086232224563,-0.2378001978432196
CO,2024-07-14,0.5839386902551361,0.022448973036872665,0.05661731757770258,0.12744507424816826,0.5424260089006352,0.03248698395900507,0.16285961698819412,0.08682339373978618,-0.04595830422172535,-0.010007639097928997,-0.05374217274882688,-0.16308927878888216
CO,2024-07-21,0.5383905125129815,0.05328686368555859,0.10567630554543646,0.1933758369265683,0.5290034514420527,0.07411056795535798,0.09456653297281914,0.09884010582616959,-0.14338211420506758,-0.057521990035282376,-0.05996753934839316,-0.18135707121931202
CO,2024-07-28,0.591323868539098,0.0961819829387584,0.19561603642110637,0.1855822346439506,0.7082582201593237,0.041996525051637396,0.24095418730911014,0.046452161992820935,-0.10787709397261909,-0.15933356891277367,-0.14838121180343358,-0.4999846609395864
CO,2024-08-04,0.5519859790661472,0.2635904374695021,0.04611358193533713,0.13876547017706062,0.6163846846560289,0.11033371405422991,0.151777381232597,0.08871274241280232,-0.02525479878252152,0.05552848216545069,-0.009083366005645386,-0.19284346841766042
CO,2024-08-11,0.5223385416857345,0.18113673516542736,0.08522905797339628,0.15640293941806283,0.4951769411488744,0.04676542265383753,0.08100500910621539,0.09661591122181194,-0.014548179544974294,-0.0008907453842735656,0.004188535929356349,-0.13251868574365538
CO,2024-08-18,0.5584096951473905,0.25227508401235993,0.20396993287487358,0.24007371334145977,0.6903346493510994,0.07240044281239386,0.1468942545114101,0.053660920073307736,-0.12192463437133168,-0.0939004913806261,-0.08546556943829518,-0.4237889495376067
CO,2024-08-25,0.56647396908147,0.22947676804677894,0.1804711724980439,0.16797772990932822,0.7160744420413517,0.10586035438483649,0.2833539602410743,0.041441145698376765,-0.0482603679629651,-0.10383014157094404,-0.09065884261587608,-0.4828170702202304
CO,2024-09-01,0.5412669262434513,0.11450118684821092,-0.0662487520228734,0.14097341698114202,0.5494044483611098,0.090361235052618,0.154398970475081,0.09786502268383955,-0.05444651322741248,-0.043375198675872466,-0.040539769662263005,-0.1849784423497763
CO,2024-09-08,0.5936839290227618,0.12113581632050671,0.10305790067538143,0.11237017782464613,0.606358455001266,0.014522299044204353,0.17547222434551046,0.06357407524813152,-0.020128324568218683,-0.04201173641518247,-0.08824354205928414,-0.2687810541526398
CO,2024-09-15,0.5442575155414752,0.23666435316061907,0.21918138459299388,0.2026813542723882,0.6706227166149503,0.06849813208367055,0.2713716023875725,0.09150641846781901,-0.08767075818869655,-0.11930653158581216,-0.0538659261992517,-0.4039448257420958
CO,2024-09-22,0.5990490200804542,0.21118809105396943,0.10406061694120856,0.0589234706981776,0.617572888221917,0.004403500246315197,0.1569587186642351,0.07264540672069879,-0.03411322164104651,0.008450805127567858,-0.07410663972470286,-0.30477264423250633
CO,2024-09-29,0.6086236654058472,0.1912675465454654,0.10404025985685841,0.09609301422759962,0.6248923532019869,0.045154868323087516,0.1573391999148061,0.04815651658546236,-0.04278249867826171,0.0008317349603609704,-0.07766793307356588,-0.302843086897234
CO,2024-10-06,0.6255413660614768,0.19980954641333126,0.07492863844094921,0.10073668101331833,0.6327324478738989,-0.031340806951063505,0.11333369933056246,0.023136268397867744,-0.0076343534827522305,0.002345512111248725,-0.06833983840055521,-0.30644434839730506
CO,2024-10-13,0.5502821821405486,0.13142344699570604,0.13137852620395662,0.12728097638633937,0.5478652686030403,0.047680151400069024,0.13992772622995334,0.026421841534601927,-0.21147986276264602,0.03525436510131711,-0.05791738346258321,-0.2120461133144079
CO,2024-10-20,0.5800768782895186,0.23855416516895336,-0.029858974288616374,-0.07075700286360896,0.5681959410216831,0.11037875430021014,0.144352669627052,0.06216343898254776,-0.06647665454629383,0.1164249378094908,-0.013975102181303177,-0.19328590719177677
CO,2024-10-27,0.6495260038389133,0.2681798226125262,0.1917402908978618,0.08567737515147182,0.740405776703744,-0.00032495775586482777,0.0660407260733136,0.026543922183155006,-0.010843880342125214,-0.01190100624081284,-0.10781117933041748,-0.49271100673498175
CO,2024-11-03,0.585828851851538,0.15264557100699155,-0.013297240325283443,0.0042559642328140026,0.582040314034517,0.067895450230714,0.1040562321617829,0.06417809096130458,-0.1533133397476858,0.06617936526195232,-0.05611124396603025,-0.22310394002851594
CO,2024-11-10,0.5358654542019873,0.12183759514057434,0.13807797117758552,0.18727236724132104,0.5629663057196248,0.09387365214265422,0.10351851536682248,0.05244702720742011,-0.133244730313972,-0.07353958940670026,-0.04270458031315176,-0.30642228977593394
CO,2024-11-17,0.6063033364964462,0.11329074919661225,0.05820375344287379,0.06658319904285913,0.6027496312334029,0.029248195626574016,0.07695192601800478,0.08192019004261467,-0.11273280165448399,-0.02154159068671851,-0.11558341293442467,-0.27109257234416634
CO,2024-11-24,0.6036802570545121,0.1725649303113006,0.07000020031358585,-0.006025223476262367,0.6236174132031337,0.14853025056628313,0.11962091263957728,0.04696322099000819,-0.16252835224069528,0.04074715840720401,-0.08270345212651263,-0.2916948906668516
CO,2024-12-01,0.5419519344983456,0.3071642568532333,-0.9328859551429731,0.31839639592977054,0.5686796234731093,-0.11312938945342017,0.18798748954769234,0.019699556232303784,-0.09663887486642887,-0.02271156745751326,-0.13997074358413336,-0.13963821369428248
CO,2024-12-08,0.6113507925979869,0.24310181796970298,0.03590353090741593,0.12548880688535696,0.6529235049737275,0.013583567228082821,0.14166435044321538,0.01518744037615631,-0.018485773802480746,-0.038772724660882454,-0.10721226221568955,-0.3201785214792766
CO,2024-12-15,0.6376265021586999,0.02841706433799671,0.04626937894690557,0.005187063121294322,0.5682519670200873,0.017063512870572367,0.07818739330450242,0.06871623258246745,-0.03899816747564016,0.016409775224926232,-0.08722000936315653,-0.2081666002800566
CO,2024-12-22,0.5922175190822506,0.07561917884706117,0.1304331636842287,0.03948202849439989,0.6156990105426249,0.07196999329769803,0.1515199117244602,0.06526286807281191,-0.17423360223458223,-0.04117829667381018,-0.12497847636461289,-0.31489600936310114
CO,2024-12-29,0.5763488351208259,0.13361091078920148,0.03353201515963411,0.021546162206826775,0.579882284068215,0.13051137952087355,0.11028152540285978,0.0884708451241267,-0.04866698828427545,-0.015401234282318285,-0.053381202091698735,-0.24791499652949162
CO,2025-01-05,0.5750738667995977,0.177435351258671,-0.00850952506234882,-0.15246363879164215,0.5306008830467358,0.1605550092051848,0.07957819045810194,0.09074255378963801,-0.18957993555895714,0.17995341686321878,0.013361537547389711,-0.10230592502635626
CO,2025-01-12,0.5836150509532597,0.15211025749583584,0.11639189915432602,0.08318219941901266,0.5897911461672594,0.05588281036186421,0.13906598392938702,0.06749202821165093,-0.05544267401638966,-0.03430748260912824,-0.06950187052123923,-0.2869230365539555
CO,2025-01-19,0.5857264051723953,0.2998700019145924,-0.24843799371027572,0.006302263644438297,0.6416525163210259,0.016530733238631946,0.2131758449329047,0.1205653451155734,-0.17735300729899756,0.13510798559388637,-0.04084345015714577,-0.1896847197456489
CO,2025-01-26,0.4623857753919707,0.15808294656194716,0.19151739469890092,0.2141106326770987,0.5652336420592274,0.14780102832823822,0.18097572312523907,0.07079233177936615,-0.19102285505750954,-0.10731227751986618,-0.019167562059574993,-0.3244471953867538
CO,2025-02-02,0.4655931519081035,0.08408138213107536,0.12056472440950346,0.1820160353070373,0.47888018055643744,0.14513792845255263,0.056263629083073974,0.08047119954426746,-0.14738908670573256,-0.08454587059737691,0.0005917714721230288,-0.21733203394875364
CO,2025-02-09,0.47538618532864724,0.1161295137143926,0.08374499425161389,0.18908758095701056,0.5063942336413099,0.19606641617170648,0.08400317971680592,0.06757882977747971,-0.18554771507380266,-0.04269403064263096,0.013901389500506655,-0.221239115157837
CO,2025-02-16,0.6125135581843595,0.30100174100475324,-0.20904916958627742,0.17014890594844156,0.6696829302827251,0.0030312073579338078,0.16053784322050246,-0.0024187297138266958,0.020395947351587347,0.027629006068590197,-0.038406123786879104,-0.2517315459043932
CO,2025-02-23,0.5983459998133833,0.24342384059765138,0.1715723764636689,0.1322313081205725,0.6953905994736783,0.056906328784150306,0.23132634386741605,0.02012853911046763,-0.018587814646894445,-0.0783803796432162,-0.07814824444604616,-0.4073972491616315
CO,2025-03-02,0.5550358458664311,0.13520715083444906,0.04390641824275091,0.12295494275580948,0.5662426117972017,0.045622891903778585,0.04987652528774997,0.0768707649999854,-0.0846242924792729,-0.013588962186742356,-0.08014879148884811,-0.24908354360057783
CO,2025-03-09,0.529910127262487,0.18942915303132046,0.11929618017136251,0.10469329403141239,0.5253953368621979,0.08498512233675236,0.14491563068127786,0.0350499180662839,-0.14141372828253565,0.01668857115626592,0.037389975201923394,-0.1811276811165986
CO,2025-03-16,0.5113550049400133,0.14688366127249766,0.11722008157437326,0.1427561449058272,0.5515727001317492,0.06979083303807197,0.13999649796624375,0.06737619037971003,-0.10242813905416795,-0.04505183475539254,-0.03001396542749106,-0.2761396741258969
CO,2025-03-23,0.6069971587721553,0.06552827140626692,-0.007983010630133118,0.10106271116212077,0.567975365658552,-0.011912162562758998,0.15588908295376902,0.08288100082207679,0.0005795509773113139,-0.00884084828112906,-0.0741406950920117,-0.16351474766306315
CO,2025-03-30,0.6173824395585861,0.1788449957431378,0.1173122875853366,0.04277817064632191,0.565457761712258,-0.04040222892058261,0.17380017254698793,-0.013813222689812821,-0.007855962426785297,-0.17570984680754628,0.06191394310290932,-0.20549532711610394
CO,2025-04-06,0.5185626871716166,0.13516115710962182,0.09623929348629527,0.18858230492567718,0.5596438530975714,0.07894105956802228,0.17309021534335675,0.08578685395224286,-0.12926575850848726,-0.08487000714724088,-0.036145400076413696,-0.27094537547427533
CO,2025-04-13,0.4531858880900928,0.17793367716627934,-0.13216696398064195,0.25412981567066706,0.49020201740853303,0.0803529886051777,0.11335640756971742,0.05750909388854821,-0.18129859380234956,-0.10188000869607639,-0.05022199667395825,-0.20001617591578288
CO,2025-04-20,0.5182604121723074,0.11488106314651181,0.05850563807387875,0.1596990468693223,0.5121817401129065,0.09950188397850836,0.0743428271636712,0.11808279986519721,-0.11313250266640187,-0.033349938364766504,0.014737720080796107,-0.18064869594677305
CO,2025-04-27,0.4377896222583927,0.16350954027882153,0.0728697938039575,0.088700941385229,0.40406285170518774,0.19265069917496883,0.03199517950300659,0.0705244564074528,-0.016460347897020614,0.020262561533770488,0.11800797603594043,-0.08070929574570908
CO,2025-05-04,0.5786627784751507,0.20902338862276315,-0.02704000617225176,0.11996907700534837,0.5966188053375013,0.0028001487142368365,0.11802271772024263,0.06313866683881646,-0.005979196746182199,-0.013121572091118344,-0.015169447138299394,-0.2706031377905854
CO,2025-05-11,0.5411096962374718,0.14140281569541768,0.042728798904786376,0.1526363568417492,0.5854150708849712,0.10546956192083626,0.17523164658026374,0.09031623267745396,-0.1254462351465082,-0.03559505907038427,0.021043836261902017,-0.2548880565347683
CO,2025-05-18,0.5675507604418698,0.25230873193190373,0.17786884773456682,0.17213713493143187,0.6449810017030747,0.09467332916518396,0.19981465437856682,-0.14597763158167396,-0.09610010709328415,-0.016498695594233642,-0.10935800505549426,-0.27830921373152
CO,2025-05-25,0.4782237785328183,0.18751806887899042,0.16433500324944073,0.19200290613821827,0.5501271915790642,0.14607750348752432,0.14793263355794095,0.08562102179601935,-0.15293575746147006,-0.06051580286286132,0.0037599630979949063,-0.29036451520653067
CO,2025-06-01,0.5398465206101961,0.16425934509901177,0.14351646618980476,0.15069215574082293,0.6009966549072235,0.07022563925214656,0.16002902374906205,0.07418220952151457,-0.1282019483369663,-0.04781610399671025,-0.05340760269366433,-0.32642342399498375
CO,2025-06-08,0.506644806930017,0.2460770537923096,0.07874736419696264,0.14276177417799835,0.5734484312274166,0.17495415754760166,0.17582933383416666,0.06820415459947052,-0.054609153892536996,-0.01191646407068853,-0.004530816793992656,-0.260431862459319
CO,2025-07-06,0.6047409690106773,0.23038190586035417,0.03198236764254108,0.13265236584429901,0.6638099094769992,0.02200945530620308,0.19613026791150065,0.008675815522604895,-0.04204197934317697,-0.050711366269787325,-0.10789386285413305,-0.3859718911524778
CO,2025-07-13,0.6814766569032816,0.06151137136146624,0.046663496486615615,-0.033732867561025746,0.6548259572761205,0.06041242033925493,0.1619513678455602,0.03139752710521056,0.05738539545582747,0.027470671913423825,-0.049852847350891134,-0.24581514090040815
CO,2025-07-20,0.472270025908245,0.19019072556505395,0.15368984321457854,0.16642336117359485,0.4821463292340903,0.08496328882604842,0.05331801550503217,0.08584188947054516,-0.04411064898895872,-0.030408568969096307,0.06935589555830128,-0.179926598071502
CO,2025-07-27,0.5492032603406466,0.12262965581491397,0.11874697315177564,0.10357397295450292,0.558449051352274,0.0945491967708456,0.18667143662652108,0.07616550713929351,-0.02673868331692485,-0.015271907320070267,-0.01902986176786346,-0.23637094420856325
CO,2025-08-03,0.5554342952944409,0.0692968794830469,0.07835943199987433,0.0847334542240947,0.5086564876291152,0.09277090036964518,0.12247846164046024,0.17510044052698193,0.04383088132326924,-0.011582970075631655,-0.06216240527352914,-0.08241273689131183
CO,2025-08-10,0.560509278078382,0.21420012242569703,0.08160094661430622,0.13077905938658768,0.618689416191408,0.059438795053975965,0.20984472569225754,0.0853013967585629,-0.04541669059236209,-0.04769756270948966,-0.026935021234600818,-0.32785210480605753
CO,2025-08-17,0.6091368672281198,0.17568656204739624,0.061115017704999754,0.05672141299673406,0.6458087230374567,0.02296300742485858,0.1489320640739051,0.08007259804261818,-0.059553434776924256,-0.03285481697580885,-0.048376244164333164,-0.3144085640341798
CO,2025-08-24,0.5857677230227769,0.20499672757537193,0.09342831452910866,0.08601024553519408,0.6335647388978195,0.04235448568476634,0.16317059603983378,0.087043358797991,-0.043142089694891,-0.04324701796705816,-0.08483309681648368,-0.3269173449045064
CO,2025-08-31,0.5706908612802183,0.1646866735292808,0.1074722599270554,0.05732700764428525,0.5916524647996604,0.040218443415279276,0.1406364811304795,0.07861786766637704,-0.10885996122880923,-0.016851522562794083,-0.07498793516223874,-0.2534903053753983
CO,2025-09-07,0.5193037525047918,0.2165429551948536,0.13801209648169585,0.07630837902192528,0.5558870709698888,0.11407522220241706,0.22475333859124358,0.1953180293875395,-0.05912739402689023,-0.08699137494133945,-0.05603117847560932,-0.26928691325138765
CO,2025-09-14,0.5554829480689845,0.20788778706162694,0.10803603434409552,0.13864193465110458,0.6244407187485013,0.04744826611960634,0.14119757254661328,0.08731703392854623,-0.039626666681338046,-0.0711976189981927,-0.07763873692168306,-0.34677933850252934
CO,2025-09-21,0.5408275149838816,0.2209789201133031,0.08909989752613755,-0.0029387429243395123,0.5670615422947507,0.12925575593673747,0.2039134815311173,0.06365492564811207,0.0077515217149470884,0.019371678003511535,-0.02509589638414701,-0.30324036000842913
CO,2025-09-28,0.5427960101070911,0.20119087355744056,0.15328896675111198,0.16765185036242655,0.625874808261637,0.08205245335387278,0.1321437673826769,0.09488366286574623,-0.15415754552666633,-0.0635347132423328,-0.05182114370704375,-0.3298178896171929
CO,2025-10-05,0.5124947127412128,0.20041715183140946,0.11908985789652385,0.021960730891647316,0.5120478473261602,0.061771745021766446,0.10835238032794822,0.11525768307976389,-0.20168500488921715,0.026500684366681845,0.024278890043296395,-0.17104028167043914
CO,2025-10-12,0.5166144793359961,0.127808617588333,0.06436552582835448,0.14427955019733052,0.5612487807594149,0.09130154152701035,0.13770926730612884,0.09314565164873678,-0.15203588871795296,-0.061673269496045666,-0.051031288937609394,-0.2474405188006098
CO,2025-10-19,0.4109036378058622,0.20275766103269457,0.09304174209925169,0.18047352266846592,0.4758993395500515,0.08710741906206422,0.18145433198746205,0.12076267341933618,-0.1091019389285725,-0.06714070233042814,-0.039416760095482166,-0.19028840297746122
CO,2025-10-26,0.4739567177400104,0.16635250226336146,0.10336964060762947,0.18026799258366963,0.5435439144910148,0.16321674527760516,0.1727563646824901,0.0751565062564887,-0.1742946276284143,-0.09350580046366666,-0.03678305585896852,-0.3123233129562198
CO,2025-11-02,0.5109787560268663,0.2132920381432651,0.09374919176778389,0.11978368503882672,0.5641397978496887,0.13666108902283514,0.19978305608890518,0.10989697036777815,-0.1312104327940977,-0.043557716511346094,-0.012030857013980338,-0.24136628552951364
CO,2025-11-09,0.5905418741947913,0.2638135262791846,0.20052102731564234,0.13835674146372423,0.6616930794877856,0.012878023583264479,0.2426462570259736,0.10983378777437375,0.01719341218993437,-0.08247205416507114,-0.03158772568234516,-0.33485901985154265
CO,2025-11-16,0.5121282666041681,0.14870791764743616,0.07525735907499223,0.1309955399338836,0.5134597110147476,0.06544871605111724,0.12425549583202242,0.07508315573751449,-0.06997404212382767,-0.03931926946150889,-0.06051961312521356,-0.188671300016614
CO,2025-11-23,0.5434852399977909,0.11319356079427596,0.0752713711228975,-0.015285352639092538,0.5420992666906206,0.1399578539969541,0.1378578531843448,0.09733906593360289,-0.14818416195326178,0.020333630229702686,-0.05519457861898307,-0.1979773449974076
CO,2025-11-30,0.5350815863660556,0.16111818994673469,0.09323522012328739,0.16458491853206625,0.6045520926146839,0.06716206644246772,0.18946615848493684,0.07711768718912798,-0.11865235837719773,-0.08777217685064288,-0.06566908816867417,-0.3288042546252884
CO,2025-12-07,0.5623453114407743,0.19277044335511817,0.07146488864867478,0.14668828483123647,0.6058059814859218,0.05031058253307735,0.13952352560221057,0.0817185774670682,-0.07821272590785956,-0.030542992019447025,-0.05111394940475137,-0.2637007779890448
CO,2025-12-14,0.5293029775518482,0.14731051722493507,0.09965278358969373,0.15607631035689776,0.563243443896141,0.09064937340602162,0.13459800690985085,0.07049076148313928,-0.10465162113493434,-0.052389250597503066,-0.0362537607488834,-0.26033362946818955
CO,2025-12-21,0.5241275790482907,0.12257000615699036,0.1020750197803517,0.09548258834444324,0.5256221290250809,0.11098494823552835,0.1073366884477688,0.11018969447617981,-0.15429867938148745,-0.026998524078566972,0.021599586547492375,-0.2371314091826066
CO,2025-12-28,0.45665448262549513,0.2521587876400049,-0.03268409356156549,0.12202290608928348,0.4998602607293845,0.2943103622878038,0.24769793362220147,0.1159473515164018,-0.049520145947636186,0.04924226241112997,0.10136985358094494,-0.20529730762366022
CO,2026-01-04,0.4546446193600121,0.18164967097523887,0.1815777732897028,0.23499792298097502,0.5731946937927616,0.14718644377913245,0.2039749919752497,0.07599967949675511,-0.20779242690160457,-0.12006541199153259,-0.06008103314480806,-0.3088974751680147
CO,2026-01-11,0.5252145386178952,0.1820108263193122,0.12625100069024545,0.15561126287465735,0.5918163862984818,0.11324623835563921,0.19616347966407258,0.08761254269388409,-0.08711248887575558,-0.05164305766641431,-0.05458693900833733,-0.2988222259087074
CO,2026-01-18,0.5054576489520999,0.14725858953757856,0.16123546215950332,0.1763121548437702,0.5815123350746297,0.1034878090763318,0.20205355582887582,0.11610933940867557,-0.15778407635620992,-0.0950151921397103,-0.06531171379124713,-0.30535781124605665
CO,2026-01-25,0.5741617232562742,0.10727215771636678,0.10841346346434087,0.14736449724519146,0.5846209497674918,0.05998040519029514,0.11376501556946411,0.10640106345432743,-0.06438666034183893,-0.029240357280979762,-0.023054583434625242,-0.2498894363608194
CO,2026-02-01,0.5473016841641162,0.21896578861358276,0.13768716921758953,0.08593076917201012,0.5860450657779986,0.11130661345959043,0.1312260946864159,0.10012202625077946,-0.15214668137293946,0.0030411984074124113,-0.016379731938269346,-0.2454718125944886
CO,2026-02-08,0.5574318571238981,0.1361065734691472,0.08527435144828777,0.12754379956514453,0.5776786794469336,0.06275834156780265,0.07444608876586196,0.06345671104137705,-0.07899525071653245,-0.06046214130990132,-0.039996654715606074,-0.23993494675871366
CO,2026-02-15,0.5907185710404563,0.17189224727621763,0.1257140237287348,0.15939584388027841,0.6484785158292494,0.00018776654739943653,0.04231222289611836,0.06930641599511467,-0.03339824717836458,-0.03635315591896765,-0.06750295049496895,-0.387150455559025
CO,2026-02-22,0.5107877784790008,0.21352964016849946,0.12873885019806666,0.17407589334022697,0.49816164347892744,0.0892811973697584,0.0796251577346737,0.06801186711188177,-0.032466003141473965,0.001544615725184776,0.024198362918357804,-0.15565385837021975
CO,2026-03-01,0.492750177375702,0.19884035020122484,0.04004140783910144,0.1498363413605057,0.5477160566147444,0.0924005684167051,0.14498123616134745,0.1179023912365294,-0.11606516562140494,-0.027212384203405153,-0.0010662163659224393,-0.17788025286157513
CO,2026-03-08,0.5261945818027948,0.20036087525394483,0.20863066385665302,0.21987555963435435,0.6472237612737041,0.10846916283836877,0.17978981463612834,0.04585920438169692,-0.16288319475432853,-0.11944609940271135,-0.07329563480569935,-0.40121014069775196
CO,2026-03-15,0.5808833111305273,0.16952905015699313,0.03297532556513398,0.14338622158925063,0.6145562516375299,0.014147963807902664,0.16796778679053065,0.061575892692665384,-0.0423636680718953,-0.03869156850601054,-0.07403973953181672,-0.29420895455657825
CO,2026-03-22,0.5585198350358814,0.20301035536223813,0.14136228756938793,0.14762606646972967,0.633715884531368,0.02302532486872142,0.18613058466085322,0.07535103984994665,-0.03610566647304961,-0.0880535592593058,-0.08702852002262153,-0.3676042762270522
CO,2026-03-29,0.5999574734521983,0.13446113996937673,0.057622083771881334,0.10279070993935616,0.5813353777998811,0.005174492343983979,0.10695395470624658,0.10944533164649846,0.019452282763089072,-0.008922396951762125,-0.015768342327515564,-0.19088347058540253
CO,2026-04-05,0.6061879339520077,0.08923698741577722,0.07315441709371266,0.04012844282528691,0.5606888528362717,0.006191498388790812,0.10458746558143919,0.08677552264870883,-0.052444095429586966,-0.013572103949390629,-0.054335379561019075,-0.1769896067843076
CO,2026-04-12,0.5977611665469111,0.15703684543591262,0.14079285508442668,0.08277150416027027,0.6080774981106586,0.010214773223550357,0.18418412788617877,0.0565466209999763,-0.039303303732026,-0.016564713383646037,-0.07864445683791922,-0.26289476455353467
CO,2026-04-19,0.6151194796266279,0.2457250103072393,0.016817198184707994,0.15462818182080554,0.6949487809065279,-0.02389590023512256,0.15783505615391194,0.05238888110380647,-0.015756041442446616,-0.058791736899299576,-0.12549964534130206,-0.4119749176740752
CO,2026-04-26,0.5227059221156792,0.1918745981933739,0.04382772810128565,0.0067752894228287975,0.5167522873886787,0.22076914501548392,0.12723543535840068,0.15208908201282964,-0.03814885331192758,0.07674223957281501,0.038649087322662284,-0.16022251923960049
CO,2026-05-03,0.6303183402725108,0.252160973281608,0.20845909811596489,0.07979006635628848,0.6695367034098672,-0.060593202352113525,0.2143123807558336,0.06775148899616185,0.08177792778174628,-0.11928721601548978,-0.08640376621869172,-0.37210307209414056
CO,2026-05-10,0.6049791586833596,0.0921703924733674,0.0026481684757286824,0.07662569836229151,0.5686130274237179,0.02867292378312062,0.15640711252968384,0.09269542212557615,-0.01922779295626056,-0.0409608736352824,-0.13416501311902929,-0.19318952660272504
CO,2026-05-17,0.4816463248193105,0.06237392798201013,0.11082820936248095,0.2041590769005462,0.4974518489403636,0.1500738392353995,0.07858330050857962,0.12434788675016718,-0.22399635341012325,-0.06117962426994571,0.03597744574584665,-0.12551660594860647
CO,2026-05-24,0.637872001439906,0.10943505524243405,0.1300175817464257,0.08879998263742948,0.6387315572777402,0.0013365319351759512,0.16189531846738162,0.08381732429850365,-0.016466777476847546,-0.06342336441516194,-0.05583427757203978,-0.27607025559392295
CO,2026-05-31,0.5357907071810746,0.20615837343375742,0.20050826120358392,0.1417881065522982,0.5808418870596131,0.03098228451300013,0.18665996673584123,0.04500797055105201,-0.14610165883506068,-0.11573099192805042,-0.038357100802184914,-0.3099070966177513
CO,2026-06-07,0.5668322599420929,0.12664311319441127,-0.016414165723514562,0.14306725605128004,0.5728662586305784,0.029775941126365335,0.12989872331179697,0.07378324981209884,-0.06541798576640284,-0.05185251590300316,-0.05582367489113552,-0.21910684866430827
CO,2026-06-14,0.5206892887500233,0.16761562912956746,0.10534276585722488,0.16688959345292595,0.5695079996944864,0.07798371839440613,0.14349639501856945,0.046954569610063855,-0.08971107624553085,-0.03303676266952517,-0.038588430584500746,-0.26109137367029006
CO,2026-06-21,0.42755945617999264,0.1184269180091203,0.14519507823724073,0.22443574145199413,0.4480624527928209,0.19267575079073626,0.13372795469313792,0.06950812340819965,-0.24367166863594839,-0.09897199565539105,0.018066296374361218,-0.19430782295627616
CO,2026-06-28,0.5682793084602985,0.2051979516995398,-0.029082561384297854,0.023196364042473428,0.604074106665531,0.2381286884758975,0.18635740210553717,0.06042978701796916,0.0761302712742864,0.05124547270108764,0.005701362635119651,-0.3062609637069055
CO,2026-07-05,0.5696349169137739,0.09748437788452759,0.07732577559165411,0.08664762381735143,0.5516456106582749,0.0492068492584471,0.08783849103540232,0.061195560758244234,-0.08185799001250431,0.005774528047397709,-0.03420875427396238,-0.2335081446368433
CO,2026-07-12,0.6462949643351813,0.06777237073204888,-0.07998539362584312,0.037280395505565216,0.622701353453209,0.025357723071100232,0.0493716429762671,0.08108275410024988,-0.03223575562374367,0.030520429462413883,-0.15403334392154047,-0.24806276710581096
CO,2026-07-19,0.4458992123060485,0.1352071792666554,0.1197827365704409,0.1368041196933308,0.4213272512589958,0.10639387410604581,0.020525721304857955,0.11675059404550521,-0.035822529981230256,-0.019602528676530753,0.08185314161712527,-0.12355671145303884
CO,2026-07-26,0.5120608278634969,0.08867049202346372,0.09428427033396826,0.14343266370986962,0.4920193140791562,0.09456553398794404,0.08884566951584018,0.11965085924710617,-0.06731253988907696,-0.05472150052469965,0.04870007630529502,-0.19083532395206734
CO,2026-08-02,0.5362292424933273,0.16311510198571705,0.11930157560227736,0.12067037934992815,0.5861102166645343,0.11865883095468056,0.17162845085620584,0.10245749830726124,-0.09867544852703206,-0.011305329812639387,-0.01741593736752277,-0.26036189018049405
EC,2023-08-13,0.4568741848861406,0.2234148836400458,0.12722512582141368,0.1876797050508367,0.5271664964430562,0.18651807228558162,0.17339931036919234,0.08625908050130206,-0.16493235824938787,-0.04016470129733636,0.0382126516066394,-0.22339503757722204
EC,2023-08-20,0.4585772873017199,0.1879635262355804,0.08785170408570014,0.16441679848890817,0.5059025348132028,0.3195843604532905,0.17545755522643722,0.1690613554566505,-0.17530062343281308,-0.005397998072701783,0.11233714834633399,-0.1603266931044844
EC,2023-08-27,0.6085201161852415,0.11838611660066325,0.004006415776662591,0.07293885060250446,0.6210578100086281,0.05379559072869364,0.08698737814387311,0.05497114813377229,-0.1300859405206385,-0.007035783642876191,-0.06606036557408967,-0.29475384961575685
EC,2023-09-03,0.6019404771988796,0.1912955864031002,0.11749609138393631,0.05038143840002373,0.5931690564530442,0.01309064129599379,0.12657643952722103,-0.029995617107132933,-0.017010271298520015,-0.01923626413736738,-0.022546394703603072,-0.28577676099028976
EC,2023-09-10,0.6071640256695883,0.2385728248652491,0.0459833170162801,-0.05044004766468005,0.6426034514848228,0.10557008563462188,0.1919021000750225,0.04160824460619538,-0.05699654242979994,0.00957382892323991,0.037966032516510484,-0.28554995986215403
EC,2023-09-17,0.5558452335965491,0.12075480697916102,0.044363731855323635,0.13261139326210336,0.5685430380707651,0.08421706919830212,0.14616668954477943,0.07693779985336109,-0.09951146495193057,-0.04167557743202465,-0.060369857309280704,-0.2680914370941078
EC,2023-09-24,0.5070140101234006,0.18834545010780865,0.03228021282202669,0.05087076023416986,0.5034324850942646,0.18583047603353298,0.12141105923441345,0.07381312962413017,0.019932747834539147,0.008888900027055597,0.07133612999413994,-0.2271271902512467
EC,2023-10-01,0.5206860791539004,0.12233763264694772,0.05075605541027366,0.1417461625239445,0.5199435922520694,0.15044870868634852,0.10056061851478551,0.13996202970207824,-0.047469654632526226,-0.008078280729815044,0.024414326520326848,-0.191071070763896
EC,2023-10-08,0.4954017557549865,0.2269364699874123,0.1394964004610113,0.14050974067726058,0.5649051589255328,0.17179124330348058,0.15183749979419695,0.09529633204942153,-0.09608264882269349,-0.014284838569099826,0.016947886498212703,-0.2812687407879295
EC,2023-10-15,0.44184312198516373,0.223978319386379,0.13430121197832698,0.21631828238649908,0.49905728914114006,0.16590394124548688,0.14447830741715972,0.0408726919463494,-0.1341424579820841,-0.0387694715364183,0.044617408040080325,-0.2237311125646085
EC,2023-10-22,0.4674326213789774,0.04762544502945516,0.17950975000084918,0.260150900812663,0.48375412658351397,0.1770808285395198,0.07524525483021982,0.014766171212592836,-0.3126583360071428,-0.07975016714509744,-0.015507781604767023,-0.24533975176593578
EC,2023-10-29,0.581761392502965,0.12027678729437322,0.045051137217280955,-0.09660282005489346,0.5065797026036032,0.14827839596495399,0.022002671158793022,0.08133290357837866,0.01927195417968795,-0.004255747752966487,-0.1723962886324378,-0.15345110925631913
EC,2023-11-05,0.5914756268942061,0.10347660759605527,0.06763556798544669,0.07013724231860044,0.5984806091010642,0.008885295299561703,0.14088827988780067,0.005087890652551938,-0.1097719514760443,-0.09469313490094486,-0.09849427894444879,-0.3176901420847899
EC,2023-11-12,0.6845568385754507,0.11878997403002585,0.1048162412416376,-0.08284226013190044,0.6904741322377913,-0.01141979326912795,0.1527467137381771,0.08568594307703656,-0.059223885090498835,-0.04864147651208765,-0.11762917780600571,-0.3366009174090319
EC,2023-11-19,0.5698298599927337,0.2773997080337584,-0.20937314246912292,0.22506825045574472,0.6709307381795614,-0.022589149746402748,0.1587739514853485,0.049210901659594214,-0.05755040641595458,-0.06739027092585363,-0.06991974111693486,-0.3395778021658348
EC,2023-11-26,0.46069509878110226,0.17723385578754022,-0.08084099715868286,0.20540978466777515,0.5188182772000223,0.09880381407963303,0.11015045046260573,0.07067852353450725,-0.18499078077261547,-0.09823638921778967,-0.03497920721832351,-0.20655327328092435
EC,2023-12-03,0.5998394021943012,0.15548426246529354,-0.15393090325477973,0.11364017360548155,0.5975422327792091,0.02781745824795668,0.11408487141908502,0.03637054652587109,-0.05119811578644982,-0.042205634023913474,-0.07590796487764431,-0.2769908735720438
EC,2023-12-10,0.5185279616168255,0.13979656347539343,0.12968339861219422,0.14137232226596075,0.5370296906533558,0.1006843501743134,0.054741493496707226,0.08877602236856663,-0.07456556380819869,-0.09234942949906358,-0.0008106524333205264,-0.2827223110861179
EC,2023-12-17,0.48954760941156833,0.21157323484086776,-0.08051691636964282,0.15578300867495642,0.5066828864631278,0.1171803906662838,0.10499368165629694,0.08615744255149056,-0.08553897131243343,-0.030960948508523097,0.05114262511728534,-0.1610238406032152
EC,2023-12-24,0.5741357391794263,0.23493199715640045,0.06817426982977408,0.05508663809071506,0.5847564748815047,0.10135818966314328,0.07204271263980612,0.056931281060120534,-0.005601937949877479,0.005970318317548933,0.028041987618720503,-0.24498965073867485
EC,2023-12-31,0.6047413400620074,0.1858063799690435,0.0695258040927265,0.04850586611646831,0.6440363766101835,-0.007039386307762211,0.2508851253168389,0.02149772502447215,-0.023274503071421485,-0.08083861905555964,-0.1361867216705253,-0.37716470723865436
EC,2024-01-07,0.589399267692082,0.096126049450315,-0.054609029863772446,0.0910289117458852,0.5998624828603157,0.07226890532515966,0.19598933454262116,0.014922025932199247,-0.06608855483247518,-0.02754259104980883,-0.03061894540417262,-0.3154647146323998
EC,2024-01-14,0.41620746865005565,0.17931457163690986,0.0504161025492415,0.15702549982176525,0.40148444987482484,0.13520318187753724,-0.01827556467628477,0.14697480777723163,-0.13125320692123663,-0.0010506078381958223,0.07240108174672696,-0.10474320146556643
EC,2024-01-21,0.5797700757779812,0.13089745525349541,0.0016010131649422943,0.07260869196213515,0.5496192527705118,0.02803305740698978,0.13188953618745,0.01021928530681736,-0.014426012130419164,-0.04682548991014306,-0.038249079315369854,-0.20671132957089336
EC,2024-01-28,0.6341208687112645,0.09032648257548652,0.16235830095567996,0.025405255520735772,0.6421070244663153,-0.026840297388089004,0.2074732188949405,0.06044570960800025,-0.02574179853790181,0.0030816933226379553,-0.16659285511457678,-0.29530870758333105
EC,2024-02-04,0.5129856491268653,0.14768513696984664,-0.010863081349375464,0.20968074338768616,0.5308367952419597,0.09514046892183747,0.16745470337045937,0.03932515069713977,-0.14180323543512555,-0.11470302034495448,0.04611552971914243,-0.22172745280359857
EC,2024-02-11,0.5563279649123434,0.07938288438257586,0.07071282322373516,0.05524279427553182,0.5117870543572589,0.03277265880930804,0.17900882515667743,0.06663948461537982,0.03215300927721689,-0.02914214841471785,-0.0978471906429086,-0.21207612196867476
EC,2024-02-18,0.6491685473183861,0.22804441712933254,0.1194326014172806,-0.03554375486615095,0.6861271932362233,0.004645358241351374,0.15824262013125187,-0.016169090932396803,-0.07358173900505624,-0.06548179775456237,-0.0847470778914301,-0.36953538550624504
EC,2024-02-25,0.6195047721789887,0.1022104485626459,-0.02124203377089926,-0.013750581278625365,0.5643487445364347,0.03304583725882191,0.10234895938623008,0.05032523960633979,-0.044959260784905926,-0.01965388316687092,-0.05195501190144527,-0.22459821127755492
EC,2024-03-03,0.589699048331655,0.11530021623845244,0.0714634186082357,-0.01668206260261712,0.5657625485725037,0.056149078026997944,0.13705848382679675,0.09775390993228877,-0.041385770678970445,0.078559023261633,-0.07307085056594724,-0.19664078466056698
EC,2024-03-10,0.6490201721387644,0.1801798031907549,-0.28974903856216067,0.15691904481569757,0.6388342821701741,-0.07058930719423356,0.258581927405619,0.07331976978200061,0.1703403592622569,0.03408813787586777,-0.1532714083182759,-0.0499668904918232
EC,2024-03-17,0.3973205856793837,0.17962306500072384,0.07662544934274416,0.02983580927297125,0.33382335952419234,0.33353648926290663,0.17848342731114977,0.11982049758869824,-0.12916877267064802,-0.0002148020521841543,0.10696580997948817,-0.11483632324653861
EC,2024-03-24,0.3965693863801662,0.16946256841705154,0.1218327240666027,0.19651438632001217,0.41312351128630537,0.20977637769602675,0.05443481255322158,0.1495173415744267,-0.16647551335603905,-0.05351035246950427,0.09819065710191652,-0.10749365575928814
EC,2024-03-31,0.5460356871901334,0.2765811557220699,-0.13763394455910224,0.1730518502020546,0.6375467082586526,0.17237817116185822,0.28429016042045874,0.12040239564081745,-0.04466240679277709,0.03779857864107763,0.03431647159790661,-0.18402030076240164
EC,2024-04-07,0.42004699277975754,0.15114070428612086,0.15416837678460366,0.2318307482792235,0.4916371761781843,0.25228669224446765,0.13186772327741414,0.13602102889334894,-0.24131894608798582,-0.07679609651965831,0.07134104347434411,-0.18853307258482865
EC,2024-04-14,0.5269687618652124,0.18406442722266675,0.1299348026166027,0.11720913405953054,0.5476971708765213,0.12176899441108635,0.1299111785390802,0.006251678633553493,-0.12599683693560113,-0.03354967104041675,-0.04562995296447695,-0.22324295660073287
EC,2024-04-21,0.4272270156560372,0.21694467901115402,0.1771301251830866,0.24339956169218538,0.49479884077253483,0.2011469814118991,0.13922933637005777,0.1299916978096194,-0.21045043984953662,-0.05886657792855857,0.08997478163269165,-0.15407252135446262
EC,2024-04-28,0.6021735884137515,0.1450257229569956,0.06890618403548113,0.08138261162526117,0.61096992324707,-0.00847346206118728,0.08690072111378185,0.13717240273523912,0.008381063675582704,0.0034017924687772135,-0.05838467111360441,-0.22074729239099236
EC,2024-05-05,0.561745772018776,0.006966433133434542,0.04852208870985586,0.09371237807359026,0.5028558904244548,-0.004050981137247577,0.13279783546319981,0.10734627062611816,0.002054251567376426,0.017233744890400575,-0.04115260379125904,-0.16713322728981636
EC,2024-05-12,0.651306457502392,0.15210940908559012,-0.20384667070610357,0.04534572729396424,0.6648170104635869,0.028863504712010987,0.15670297917291964,0.034354310411973024,-0.008470219427715541,-0.013381190612261295,-0.10457284051239267,-0.24326207380179238
EC,2024-05-19,0.5335437483949834,0.20804196852897705,0.19176062052277584,0.20902588047530116,0.5499416907796035,0.060728264547251894,0.1223002032582274,0.14212338937141403,-0.07595406042507166,-0.05994182731446319,-0.006156919336785947,-0.1534576727949512
EC,2024-05-26,0.5771780691056051,0.019761384120692334,0.01988709173576691,0.06208970934114666,0.5271936258353785,0.02046816727886985,0.16919895968560725,0.0924817451816872,-0.023489919506252645,0.0021701819037956848,-0.09643558839536753,-0.14026376579672015
EC,2024-06-02,0.6165297153219137,-0.00530795893127478,0.030520251468963373,-0.03676259742895769,0.5373893553111313,0.04743624536019856,0.17872352350631665,0.06808900200219267,0.012170134123971202,0.0602379249381869,-0.12273392563392375,-0.12447184327515987
EC,2024-06-09,0.47708966293026145,0.1538134435079485,0.09691181151403717,0.15988203505440376,0.4970684934908921,0.196956514584695,0.10606543396151212,0.15678996498411893,-0.13604328541510377,-0.03554272239126664,0.08265119162055576,-0.11076968494026
EC,2024-06-16,0.5412294847565557,0.2094127310247157,0.17508385850174424,0.14037390188073706,0.7017359324541917,0.12132787438427953,0.3263083461692906,0.11140884608195264,-0.048247388205389784,-0.1184605715230996,-0.16109580272608007,-0.4765935255762818
EC,2024-06-23,0.6955758643121225,0.1138747249010283,-0.7201212380383062,0.18813458254783286,0.6983559563889804,-0.05816955144265406,0.25994632195404094,0.06574734994738661,0.037253650887097506,0.0083079153751695,-0.1222299012158269,-0.0818892481006275
EC,2024-06-30,0.5371651164539348,0.0832616223312863,0.06903159524714905,0.16104520420635163,0.5034081582807772,0.06742598127750382,0.08239225765063088,0.1085817161819683,-0.0436619905414625,-0.023570318306586454,0.0004589544275751045,-0.11718250378070082
EC,2024-07-07,0.6104731270756105,0.13865564343646686,-0.035017005575367625,0.11147304678012815,0.6174978668296071,0.05504646334177344,0.13691046713928526,0.02553373527537033,-0.0748331237667822,0.0035297124883786096,-0.08424711825735032,-0.20041893450832812
EC,2024-07-14,0.5718182651666708,0.08540479798406765,-0.02479051997358831,0.12174244581862366,0.5559140615031908,0.020880937967834565,0.12958980089120917,0.0684449581962238,-0.078364182243183,-0.021465845683746397,-0.05735881352685655,-0.1856509808572728
EC,2024-07-21,0.6450321219306789,0.07915665024420183,-0.03872584856147847,0.008616556621329685,0.6151200840510944,0.018935523488736856,0.1491048466168232,0.04355611624785601,-0.050787720424951686,0.054417318552593845,-0.12125760960716114,-0.226397166607716
EC,2024-07-28,0.5670328321685338,0.09537743246401308,0.13987078496936828,0.18720390735290487,0.6025415010067621,0.05777995554601126,0.075181679502512,0.07413366325893732,-0.06452626358721356,-0.06644990877670975,-0.08593830618128187,-0.39175278981170797
EC,2024-08-04,0.5473047380754119,0.19682659423742346,0.13194031301962286,-0.02229255338942495,0.5725201272485221,0.10855669380592622,0.1313803943049271,0.05733901990756066,-0.1670520863045339,0.03577420233816788,-0.06426623920869164,-0.24107513198222238
EC,2024-08-11,0.4979289720492434,0.18971629134666493,0.08586472588777269,0.04969499515810243,0.49809656715681216,0.1576322674705426,0.15671901888443746,0.17211515160067203,0.03131181787422198,0.009457747962466852,-0.059327150006148806,-0.1669915248324764
EC,2024-08-18,0.6117223174054691,0.12773092348976195,0.0436314075638988,0.17548055321626552,0.6330481270783604,-0.011540139014860123,0.1686196896540462,-0.006380312154567879,-0.0020257197366229866,-0.04325813223344926,-0.17334131141841846,-0.28074283100804237
EC,2024-08-25,0.6123708074021524,0.07934600738665486,0.04601820565780865,0.022583958478993003,0.5868964527378217,0.012955618064288112,0.0883966219360575,0.10958607795397889,-0.07585649471785876,0.040416468586321225,-0.12430198681300463,-0.19008149363378474
EC,2024-09-01,0.5001909791157658,0.1254256760187888,0.061536295101307974,0.110156595260317,0.51087801255918,0.18236484140002465,0.11497385807504815,0.14895907371290695,-0.10100708592028862,0.014176018600540078,0.06128082873416368,-0.14443067477209975
EC,2024-09-08,0.5766491190251928,0.12821620671492917,0.12262724888122715,0.0367334340379222,0.5344712378161434,0.031426317401364076,0.07027037261815476,0.039617479968392405,-0.1220657784965781,-0.0208909094963215,-0.0442026266167734,-0.2030635526854655
EC,2024-09-15,0.5715884970969266,0.10068803957734117,-0.052053220705052354,0.06155557841427386,0.5418486020899553,0.054013015931918464,0.09092500937055205,0.07700018523587582,-0.04403152595591571,0.018963200900999143,-0.12603489854106967,-0.13815267823135266
EC,2024-09-22,0.6211310952217799,0.09989880151475365,0.015386930329850402,-0.23439206185227074,0.5706197904349124,0.20141424635709526,0.12022557574814734,0.014958540160281239,-0.10662129739395662,0.03747454632855656,-0.10095833592454034,-0.18879297003017856
EC,2024-09-29,0.6471099593211308,0.11516658546801739,-0.008030751871931913,-0.0019375344841102125,0.6078476127019378,0.017778680217723254,0.00830203023351561,0.06142400780595182,-0.0549537837241362,0.089675366460762,-0.10306036141963688,-0.2079258220352585
EC,2024-10-06,0.6341147490596962,0.39586096261403775,0.09902191549906861,0.1423778776703101,0.759682846902051,0.018692357051428122,0.008263804549200882,-0.10599350346107984,0.16891253692826547,0.024830945174740028,-0.08371210315467888,-0.5422073699223394
EC,2024-10-13,0.6325353680290119,0.04942562401699677,0.10442578373053273,0.0705712647936763,0.5961419809987791,0.07965520955993492,0.1347167888649244,-0.006231723231724744,-0.022808148135898806,-0.03787755503842072,-0.11177321391748714,-0.2376808168797856
EC,2024-10-20,0.5456198376892099,0.20430665360726752,-0.3376383632753671,0.12589502823090273,0.5637663733117629,0.06431737958773813,0.2438298446446442,0.09148180476388135,-0.03214389938450528,0.030804866335643874,-0.04660282586352278,-0.10216541104049816
EC,2024-10-27,0.5278594534993812,0.20121881763267171,0.16803911355210135,0.1379550185001876,0.6026642625920371,0.20064758211606282,0.16239687492469268,0.0023436717811976286,-0.1716346976420695,-0.027719636171396618,-0.061978144438513634,-0.31897285544371196
EC,2024-11-03,0.5161254627215999,0.11702661290054692,0.046555397149457806,0.1162039122613968,0.5006311302609013,0.14476243532535546,0.11504857423092156,0.07926257330590283,-0.0805363426833923,0.05216489179192976,-0.0025940765785815996,-0.11874720779729706
EC,2024-11-10,0.549105940116436,0.22820740246968124,-0.0031462162052093147,0.17970888509102897,0.6021151414339758,0.06941257464161592,0.1499521651289616,0.05223991078052464,-0.035172600066303725,-0.05286563162541661,-0.03645333397023637,-0.29192557294509347
EC,2024-11-17,0.6378980576021124,0.13804281805704474,0.039869540262156396,-0.14180026298745138,0.6499367111389528,0.17188060182794904,0.10098914352858779,0.006126230743945299,-0.12585952852297216,0.006812736744624985,-0.1260302033679765,-0.36244692709225557
EC,2024-11-24,0.5545594201976238,0.15739233427888977,0.0881500963377232,0.043779545381811405,0.6087872791242976,0.19194161540074373,0.12620802894630814,0.08691675083913891,-0.14472618968706688,0.008218869588741361,-0.05629412383012188,-0.32891841045277775
EC,2024-12-01,0.4083514217810398,0.19898816920470064,-0.5624840503940556,0.14513163199503937,0.38595915284386967,0.0938810441926056,0.07917369516898186,0.08292478995722097,-0.16767348415229244,-0.005407338141538319,-0.11795995393983412,-0.03565416629989758
EC,2024-12-08,0.6021300978024355,0.20974285948218832,0.11761648952135544,0.08371736238542829,0.5821856741013528,0.02768259892445691,0.0799738565850325,-0.0831242804438064,-0.05204038810575727,0.0026320018794564726,-0.0380635529653316,-0.2134954522443014
EC,2024-12-15,0.6532802508439779,0.030015340306759706,0.05617873747915027,-0.060631986905853315,0.6168016310993806,0.0011445983695428327,0.1551265598919784,0.07931762986294792,-0.007688651110516149,-0.042749347334132284,-0.17121441842254406,-0.24287154470370928
EC,2024-12-22,0.6099970881639122,0.01910479036544755,0.05581661608289239,0.004933284263932485,0.5736636624285267,0.060323006357155956,0.1096974890622792,0.027520464237456927,-0.10812455652878039,-0.05572060308532518,-0.12528167873153934,-0.26310253818750995
EC,2024-12-29,0.5568895672702359,0.1859541588295617,-0.013587047039503333,-0.060487207485191596,0.5712471614106303,0.24984415167565788,0.21768868851181902,0.14574925990351992,-0.019497035902142603,0.0387301084454039,-0.013831869453972002,-0.16921838490656663
EC,2025-01-05,0.5423415267387244,0.1151887480375495,0.10767400782334605,0.07330583098155194,0.5554433730963989,0.1211162024646434,0.10333725450085815,0.13328026509768173,-0.16808035984758948,0.0032560011749467096,-0.032447534899022946,-0.2573786938007031
EC,2025-01-12,0.6083192515624015,0.3740830829598917,0.03772821427043962,-0.05541596849987751,0.6302967229135346,0.36161979795905175,0.07701494980643264,0.025041503171875163,0.3086364840953144,0.26697469784041694,0.09357998352905902,-0.2471569513198404
EC,2025-01-19,0.6776404789922099,0.31450565831064003,-0.08434710809771791,-0.005198244628406704,0.8061190764842099,-0.04021478765272353,0.198149134933489,0.0952054564372358,-0.24802126457627455,0.13650010933441167,-0.10818252444466976,-0.3341917934053444
EC,2025-01-26,0.4760058952980646,0.1461666979713929,0.2075232339593958,0.22565212438791882,0.5932657177987157,0.1392805696423952,0.192950521255289,0.07034695602749115,-0.20961494156698,-0.12622304716022315,-0.04219597297127271,-0.34777541026019493
EC,2025-02-02,0.5081482240438399,0.12508090887208184,0.0945207408383824,0.1419109934547578,0.5294978978990693,0.12744821732448286,0.11325496137931695,0.12087121429855749,-0.171596742720298,-0.048062076157618455,-0.013175747324546131,-0.16677425895904105
EC,2025-02-09,0.4379440975793837,0.08039900490786454,0.15985783476230753,0.26522241326480106,0.4701348445888938,0.22706968537144034,0.0774737424121015,0.06785064324102524,-0.27365645973573305,-0.08970860395995954,0.03523700368437135,-0.20831753860659086
EC,2025-02-16,0.7208557132944805,-0.1899226282653134,0.029083238064132756,-0.0740723731770164,0.632560260704852,-0.04784636432038887,0.014528815504000482,0.07943350668980763,-0.19439867250811124,0.008908233452347628,-0.21828843704870826,-0.2663168864881612
EC,2025-02-23,0.5981346265036618,0.18763655388701744,0.037427669398779,0.03485049196382668,0.6626468955774606,0.07801894397493797,0.16376618831759357,0.029104927736063553,-0.048816900908845974,-0.03640882849226545,-0.11887719643254964,-0.3613193946660334
EC,2025-03-02,0.599198466586177,0.09901623212244133,0.07721230368339772,0.0926053063839835,0.5721780124507299,0.048787455456862965,0.15470844676938397,-0.02694458904915847,0.06309831731032056,-0.040867492947535125,-0.07965545835753221,-0.2546880040353975
EC,2025-03-09,0.5311482906345275,0.07897362102616673,0.1026617826798853,0.14488049367567568,0.47327881102209424,0.061108999163398035,0.09477078368626245,0.07142401548430923,-0.045020010818853644,-0.028076079817841885,-0.033031591210738745,-0.09496727224298618
EC,2025-03-16,0.6527378745353043,0.16721625979946148,0.09693111950552319,-0.17635642039801847,0.6347161057415917,-0.159634308452259,0.24821949831044063,0.03881560466471828,-0.13209497186949673,0.052872352144238695,-0.04948457596660088,-0.2520090167533383
EC,2025-03-23,0.5973165974171836,0.007609672290243634,0.018997315114659474,0.023466309595263454,0.5244642005097704,0.026225766976885355,0.09391914154380399,0.12553991706196627,-0.018692304856142903,0.029249963083695804,-0.07762066799868461,-0.07855069027720409
EC,2025-03-30,0.5085795685476391,0.13944980415308095,0.170082129697911,0.18857071795785163,0.6001655295199315,0.1021655408587173,0.2247000498397638,0.0875861454102291,-0.1300405763411501,-0.12569937944086862,-0.12855214616066882,-0.35527995961168307
EC,2025-04-06,0.545613667689711,0.09215858059232819,0.07799629407528436,0.046254304245937565,0.5271181106103623,0.051933970706636086,0.10323428376401088,0.07523553772887002,-0.09186207471430413,-0.09872714024509942,-0.03683593761043259,-0.23325597821902003
EC,2025-04-13,0.41047980918616533,0.1867089850424501,-0.10665202781574991,0.291031733872519,0.460136094534093,0.11717435640114182,0.11759845957603891,0.06778195776506081,-0.24449994694241692,-0.10260215602121825,-0.03690193475535175,-0.1784514640820108
EC,2025-04-20,0.5545896946655833,0.13188087365397919,0.05533168317471056,0.12730605297833575,0.5618612787702417,0.10924118088378061,0.11116424475521712,0.0761346444549026,-0.1001090842856373,-0.014043871355803096,-0.01510188970482049,-0.16793059525252588
EC,2025-04-27,0.5559461049262957,0.1748191517211633,0.07486761920969678,0.16566612166229203,0.546675121713411,0.09030146152304933,0.09660492818786798,-0.14569063065494248,-0.07885438694330338,0.015460907985011204,-0.09736779689548221,-0.17880401942394103
EC,2025-05-04,0.5763990775154517,0.24654326715022315,-0.05129803772532811,0.09360827743157621,0.601685847406705,-0.05073058435619641,0.2160151204771738,0.09536502340897361,0.0193716627860075,-0.05478883191369902,-0.09878327454811243,-0.3060495858830616
EC,2025-05-11,0.5732936115842671,0.1371498058699715,0.04302714045437011,-0.008500445255042847,0.5690322399272558,0.15089325385823288,0.17639252868801414,0.1550909846997443,-0.0767365796272527,-0.0013348313493639964,0.016655486864617437,-0.19151196375914242
EC,2025-05-18,0.6440199517652531,0.09400620463765695,0.09756910684318312,-0.018725309720308277,0.631395461626531,0.00941670789965103,0.12123338244950635,0.07852681566747649,-0.056246309935315715,-0.11357224474142469,-0.11128223742382451,-0.2969334604476648
EC,2025-05-25,0.4762582165008339,0.14068583183633798,0.17203175312124747,0.22127211043355124,0.5577632914338752,0.09294086947757067,0.18083679414126191,0.06183900489163951,-0.18487508838484737,-0.12142619518733998,-0.08669984355773078,-0.29470374210447764
EC,2025-06-01,0.6263845599412385,0.14215165218313386,0.0700018210113056,0.044652044248134314,0.6419340295954392,-0.024444959717945983,0.15228071289138895,0.015406536389717947,-0.049184004971636164,-0.15640404068238925,-0.057391566805069655,-0.34864952042890696
EC,2025-06-08,0.516974586288116,0.21755052603765743,0.09555015689694348,0.23749707334954925,0.5156119665590522,0.06767494161089029,-0.09560963588096857,0.06031589760378839,-0.05374276784184758,-0.0008363668229192171,0.04071527389506538,-0.19218448358072143
EC,2025-07-06,0.6231820564730312,-0.06383012699237903,0.05464664659829161,0.10261440698133119,0.5745003174242233,-0.008743059701289546,0.1422424006979475,0.09119119722357139,-0.09898348022716635,-0.04757711033531643,-0.11294722334606529,-0.20344774154691248
EC,2025-07-13,0.4857992647251967,0.17658398635872644,0.07513263881366311,0.09096949939321601,0.5243168457352952,0.13192266031748376,0.166717718750852,0.024165448151549026,-0.13290968600618394,-0.020690345869054553,-0.032072093985140875,-0.27515477694814794
EC,2025-07-20,0.4970034394673184,0.2504415765258732,0.1169993017738035,0.14529781828759614,0.5522309666325262,0.14555233233629544,0.10478330468471948,0.12657976287148814,-0.08704465198711273,0.0056826044401054095,0.05291942370275757,-0.2253708956646877
EC,2025-07-27,0.5742130387020488,0.1318764984764534,0.15764631945384713,0.10699428480893684,0.6149444488834198,0.09983948014792342,0.21716356940753695,0.11099385040410888,-0.015273424929718428,-0.007558162717700868,-0.03206780609963493,-0.26476893818306196
EC,2025-08-03,0.5787758953317024,0.020811826104653226,0.11786457242886077,0.09794221990161316,0.5598064006815492,0.10289972265805108,-0.001971339432356207,0.0947007588376539,-0.033293235723116286,-0.029237516536918463,-0.10329065504889674,-0.3226969639577311
EC,2025-08-10,0.47949572284064196,0.22215461030716088,0.014504922081837884,0.11069839722646793,0.5078546389119681,0.2723413468497238,0.24286289979902134,0.14044022963773034,-0.02582360424896278,0.03930499384844777,0.1204777750596081,-0.15091544613937483
EC,2025-08-17,0.5296108019513299,0.10645420207626488,0.15817396205114026,0.19309736912617959,0.5658973401875991,0.1582299156510297,0.1424544691275663,0.08002171994259533,-0.19062588398401947,-0.07191190557612365,-0.0015802166303807304,-0.23816439004165427
EC,2025-08-24,0.6110881462690759,0.15303957723696407,0.09821125415933457,-0.021399984378532435,0.6040204063969357,0.019669827200263387,0.20217870518175046,0.06951677142042516,-0.023411512672354865,-0.00010774072321744091,-0.10152575530785174,-0.2734223644391552
EC,2025-08-31,0.6179243474232741,-0.042825590659443594,0.039177966932331776,-0.0071214374015809295,0.5184959851349109,-0.015567108826137354,0.17331197903211612,0.0785168965484545,-0.029881624840874185,-0.024955900028215686,-0.09078569676130849,-0.1487285894098996
EC,2025-09-07,0.6039955797421986,0.2617423544320908,0.01583619325918499,0.13810327011745935,0.6490467985611704,-0.025256106524402706,0.1079946520192142,0.07317269008132346,-0.09943312807306105,-0.011538100213155192,-0.02747796052474559,-0.2576518551725762
EC,2025-09-14,0.5615065148392258,0.2625762503555812,0.17477193245450617,0.1765136790142961,0.7054021672219848,0.0817329974970896,0.16969021724386843,0.11087505506282598,-0.05634950604855479,-0.08231104654500764,-0.09859308854256713,-0.47649104834136063
EC,2025-09-21,0.530013684199663,0.14328650517163535,0.14512370295698312,0.1398596671774697,0.5777728160711858,0.10079729304917716,0.16616760364429778,0.09455741266883183,-0.10101800388499675,-0.09147963891845479,-0.05033636863424164,-0.28181910358219897
EC,2025-09-28,0.5477375419031535,0.06536559555327205,0.00424269727229866,0.04027561792269046,0.5068273774025444,0.07150522974678081,0.08951857154420498,0.054193579616921284,-0.17924136761465193,0.04667492095387713,-0.05153590098577599,-0.13117099284738074
EC,2025-10-05,0.5527462493381187,0.11223184618866092,0.0564611666298903,-0.06056033068007605,0.5394748035348725,0.16041305643275458,0.16468114754490554,0.04807971506869521,-0.0972498783182531,-0.0012765521420248838,-0.06341910725155682,-0.208148921789624
EC,2025-10-12,0.7276349086654071,0.291966974108546,-0.6005227418081116,-0.07609089004839864,0.7570860545520751,0.21050083651374887,0.31688609060081346,-0.06284658351738184,0.23966702094548983,0.1085564518387814,0.020336120354318168,-0.2216525480271753
EC,2025-10-19,0.4514895878294071,0.24173473736162163,0.10117803171452193,0.20243905672901935,0.5493729479336046,0.08323184924568493,0.21515005581316993,0.037450011564428856,-0.07069523570098768,-0.05719856599227439,-0.0770311085379009,-0.27321416704927676
EC,2025-10-26,0.4723706867950394,0.2337637460621539,0.146680396137377,0.17649446079805076,0.567081161076874,0.1872305918786301,0.23871527424623148,0.044619889023818464,-0.2071545031471096,-0.08805228540823831,-0.05634152887298571,-0.33872823295075466
EC,2025-11-02,0.5377178313287384,0.22623162163530255,0.08249309918982019,0.0278826382700339,0.5630464129887389,0.09700983125727115,0.14420687728830411,0.10559694407228018,-0.08373472685254364,-0.00447603817356008,0.018096206706883715,-0.24041946499653732
EC,2025-11-09,0.558117820813154,0.1636301236213638,0.12076973540337423,0.09802499198382941,0.6008459773506797,0.09700747950342045,0.20050244774598047,0.07291732225064762,-0.02876571695971231,-0.03296868872761974,-0.043851689906551944,-0.3081620398709853
EC,2025-11-16,0.47740863685357776,0.17357979075817193,0.10723834455082173,0.21023217218832826,0.5355637545476444,0.11109010079126251,0.17582189802459877,0.01076422611293667,-0.17181118006994348,-0.07805138618202213,-0.07479167041979748,-0.2564648875450847
EC,2025-11-23,0.593126356423811,0.10840491124511557,0.02447677473753579,0.006769775917579746,0.5929441197295241,0.016430756749476413,0.11087059352625839,0.059830889846775155,-0.18682798859790023,-0.0007017514826366641,-0.040605713456785965,-0.25124466464919254
EC,2025-11-30,0.5960115000937669,0.2462652202267048,0.035622944066083115,0.1788700064914917,0.7243076868727294,0.05869654860083456,0.2137460425526514,0.046265242745538115,-0.14328760056810896,-0.06933694726626848,-0.06105906560073694,-0.4084450217159327
EC,2025-12-07,0.6893985411991912,0.06922995239239793,0.18747829614330516,0.09113803515646614,0.793506445951301,-0.014914501461634033,0.22507625749630264,0.03121337641946484,-0.09717630847708518,-0.12769764142879358,-0.1660639433438158,-0.5292119640619852
EC,2025-12-14,0.4755997835221866,0.16766880890565306,0.19530508365125868,0.26078607438380624,0.5118481617761067,0.09318086212386457,0.10353472359950786,0.06730100986576645,-0.15900492430146176,-0.08920343568134285,-0.03172498119724858,-0.20124938840837012
EC,2025-12-21,0.6299271329334718,0.01741931448634155,0.05722768313981447,0.030826760967108114,0.5745184459346758,-0.016750396988386682,0.19884414074891887,0.09907269256586973,-0.039212668543352175,0.003666397905171969,-0.13587544294461518,-0.14590572485227893
EC,2025-12-28,0.548339715004239,0.122585667544998,0.058319317152865625,0.13603972372000436,0.5597040690669819,0.1326845926674404,0.1279708680781565,0.043697928759443075,-0.06993232592475916,-0.03736493394965016,-0.06822328143509565,-0.2147242587436539
EC,2026-01-04,0.4740254359543424,0.18332441442527303,0.21675848917763982,0.22377934736094426,0.601912480912246,0.14868326634282084,0.21333662004417261,0.09295827136035822,-0.20288528914813425,-0.12945873520187295,-0.0592534221280507,-0.32849635832734697
EC,2026-01-11,0.5418161833891468,0.12094477418733866,0.17791755600407105,0.1349655147698957,0.6126619627927402,0.08486309250817631,0.17862379116380958,0.07102359270042334,-0.11744042654355129,-0.08170975553933299,-0.08119241479791911,-0.3291607288854549
EC,2026-01-18,0.48444659610681257,0.13545866081245156,0.02771267635816059,0.09834210507129738,0.49509726624506933,0.08871288779073032,0.1120913137302438,0.14098968598108008,-0.0796073912432656,-0.019418082582338014,-0.02953889522133287,-0.14075749883616268
EC,2026-01-25,0.578727521090769,0.21480947959640317,0.07200946911166865,0.09792750559477104,0.6118516943599264,0.03463526079161029,0.10671814738157281,0.09119721122863148,-0.0623976600134221,0.0044984694063922555,0.015838105688035328,-0.2443110437820103
EC,2026-02-01,0.4149601853405808,0.1832041945543778,0.1616948527453819,0.2529505443493171,0.40509548564597253,0.14108801933424933,-0.017401772384942137,0.1444252681297506,-0.09239521863988423,-0.011784990710089144,0.16888181280333034,-0.004502291284006424
EC,2026-02-08,0.5863045631831846,0.11931890159491282,0.11172602348408157,0.09356287092062966,0.5638916914061672,0.03606404139784943,-0.013969619607998215,0.13941347528102144,0.011896168710434378,-0.01185732737563222,-0.03316024515014239,-0.21070943295700698
EC,2026-02-15,0.618338550676635,0.19701751683135427,-0.017572052814643704,0.08082648204237701,0.6915239418240025,0.06502962097843532,0.1809076459598624,0.06275220683318425,0.010702134714415747,-0.05229780246293023,-0.10158300747969158,-0.38763630721404463
EC,2026-02-22,0.5506090501000844,0.1949062232864304,0.11686107407886417,0.021030305379708965,0.5464942662530006,0.018394428820113964,-0.05525609434285615,0.09930122580329977,-0.14686003322714467,0.07717796153845022,0.022971446102452636,-0.21759174832267467
EC,2026-03-01,0.5421262816026394,0.07660519493164118,0.08044129183168788,0.06121555175661011,0.5060022063712842,0.10910127009109848,0.16950575334536444,0.10017891673106036,-0.01862604935438974,0.010417014319034164,-0.04926249824380026,-0.14670143010961104
EC,2026-03-08,0.585867992500984,0.24920898288637722,0.25157703202928494,0.23437109931538883,0.7471037095502573,0.012070981284589496,0.08149576960365362,0.05000396981186669,-0.05731029352014426,-0.13960602424766114,-0.14698680634706973,-0.5685985740836954
EC,2026-03-15,0.6486690755323308,0.14579214805456114,0.024797557346904565,-0.02337908626179096,0.6284297848892852,-0.060500724512665534,0.22158120562076983,0.16693984457630595,-0.06805813020566075,0.05880609113578586,-0.09183416172550925,-0.14978724203950516
EC,2026-03-22,0.5402864775618884,0.14873066150162595,0.06369923220543056,0.14616472726017005,0.5461791409352108,0.05097083359935571,0.08714395366863135,0.10264139667790317,-0.0998109992680095,-0.016151552215654386,0.039028478025690067,-0.22263135200713804
EC,2026-03-29,0.6123630240567147,0.1177241256309335,0.09538329374781367,0.10898484665331773,0.6374309625429962,0.07111337890137019,0.17779844483587487,0.10018765837251481,0.05558855225282433,-0.011805787239934952,-0.06377466357665128,-0.2945840185053444
EC,2026-04-05,0.5692955302387842,0.2482069651729168,0.14940680035899528,0.012744351949140427,0.5580212848516438,-0.015741371992555025,-0.10783998486543261,0.021964143596602433,-0.17195934844745095,0.10946349085914514,0.0017047417968897084,-0.24501227997244043
EC,2026-04-12,0.5553403190281514,0.18268541494241328,0.19388601845293274,0.16305508764580826,0.6321066379664284,0.07111455261245099,0.18121037731603473,0.03571749078508786,-0.11662531972578011,-0.12833572632759166,-0.09410360605011239,-0.32292327882729543
EC,2026-04-19,0.5826617070482879,0.16737543046365355,0.12969029910706012,0.12073404241823485,0.5907133168243174,0.038315171353294666,-0.03469426731329999,0.10421738161032015,-0.023251801091239775,0.0234935496752689,-0.02236391081595635,-0.3055329500436518
EC,2026-04-26,0.6375656286097657,0.25036318738152585,0.003734913575862205,-0.09547822937064747,0.6513583442002878,0.03185914800414808,0.1476137675903039,0.07802048893997926,-0.1102415612148711,0.13475269037874896,-0.007710831023895223,-0.2072793860051386
EC,2026-05-03,0.5816480173202653,0.15078276493825837,0.13478193406237401,0.033176557292857706,0.5823886152094535,0.04905759381790428,0.06096475637655728,0.11007162776647575,-0.07360549389408504,-0.02260833705675521,-0.11705647287654973,-0.2802698881118451
EC,2026-05-10,0.6452467810766691,0.2230473237699569,0.25268851526308217,0.21928452362001982,0.6568223757814069,-0.04368523454415988,0.05412070101094664,0.0441718533539538,-0.005652880416133633,-0.053476541070354384,-0.08832472956998769,-0.2930858277703821
EC,2026-05-17,0.557575330975296,0.10728511346930802,0.00964760504392454,0.06412997844578663,0.5422580817734426,0.1475271065252499,0.1557545891277037,0.07407373702906982,-0.09076528902413554,0.02712061789899278,0.03590402415503198,-0.19041746959841105
EC,2026-05-24,0.5670769876733692,-0.028651067729305677,0.018428250503631664,0.18661812500273817,0.5917655909828226,0.11076030491137734,0.08715310181587671,0.07934698940154808,-0.22680367763829287,-0.06306653489526436,-0.021799942157665227,-0.22783165734633148
EC,2026-05-31,0.4928306549518454,0.15908342571706605,0.13256585462664622,0.16005272833079284,0.5146758641104701,0.11766618104364064,0.10039100086405936,0.08232290226357143,-0.10966561842051235,-0.10261849323046972,-0.015111596968106971,-0.22796404814615942
EC,2026-06-07,0.6043263402869379,0.08897217053803946,0.16582091236054355,0.09088555749078411,0.646390856300782,0.038226019742647575,0.15625485182641397,0.016910838200165455,-0.09609474586426583,-0.0873646325824281,-0.11398004620122815,-0.3804653614121903
EC,2026-06-14,0.5043844904300605,0.17338149042036552,0.14677399945312397,0.11929545857069164,0.5580945523399204,0.10683386806601801,0.13478491066078083,0.08927338952941637,-0.09766740488066253,-0.04158138681496224,-0.03708751758323934,-0.24285412393385675
EC,2026-06-21,0.44943880273071474,0.13090421674822722,0.09289831773364336,0.17858426741874575,0.48757948320863514,0.14351943859364136,0.18286165231249557,0.10170473010844103,-0.2003300219036679,-0.08205580990523784,-0.020580541949034727,-0.26244839502442796
EC,2026-06-28,0.5536036971811775,0.21113267268477076,-0.047143635925505,0.02230495672921586,0.6000176279112167,0.27748910411586974,0.22747438676289058,0.08672134218435892,0.12327270047560768,0.06339672174476702,0.030802159384550765,-0.24782442447220085
EC,2026-07-05,0.5887375124206369,0.2155276090807662,0.187906393939527,0.10427195713491962,0.6714463111587012,0.09085189634824223,0.12113775365011897,0.08645931636703873,-0.029985796732033113,-0.02119875403787703,-0.0545149237383101,-0.38322218481268033
EC,2026-07-12,0.6413644359725882,0.19854285902709143,0.17428589469118194,0.022826551618135373,0.6379065666748607,-0.04991378320225361,0.14573038285497272,-0.0017713565796516925,-0.041303547873207086,0.037558438903224314,-0.07597487432779934,-0.2384866360166351
EC,2026-07-19,0.5234656117632912,0.12856463815971705,-0.022197540451694673,-0.15523582740266323,0.47879033591914516,0.2830948803568912,0.24378413238132038,0.06891279776455699,0.2342318033210046,0.11541404786616592,-0.046002296061757646,-0.18920497512300663
EC,2026-07-26,0.5490156211595268,0.1910115428682668,-0.04094320417564438,0.05336221587728019,0.5307262861524326,0.10572687391357569,0.16392791307627694,0.08740164019388427,-0.005206520637210293,0.023372289138052046,-0.03530267167463319,-0.18538824740141843
EC,2026-08-02,0.49604037422435404,0.15896695918944206,0.16998643407297703,0.16465838160314453,0.5246227150037959,0.12935169713360603,0.11406661680661305,0.050266289711953765,-0.21449345231246275,-0.07163843489632721,-0.0753108959226062,-0.25720854252288344
ER,2023-08-13,0.5849937591615578,0.24434507918989565,0.20986527382716022,0.10191581145237778,0.6808100777048753,0.01865497668452017,0.2255220961242229,0.0808222771496887,-0.005883503008963129,-0.14837094098154308,-0.09532331128497128,-0.5164677774130448
ER,2023-08-20,0.5279046576432974,0.1246253283476089,0.13867667900165784,0.0995520765632739,0.5691074118357633,0.20895995863069747,0.17528011066214494,0.06499378856843194,-0.07652088981491886,-0.040546864845994554,-0.015314251490974781,-0.31839709115327075
ER,2023-08-27,0.45263233206406694,0.1825586865004896,0.17584658305116246,0.19628428475647838,0.5060661978320479,0.16307668432566436,0.16962217300791124,0.0249178590353096,-0.17243818166966213,-0.06034805455272787,-0.03644279882169835,-0.2672062886285659
ER,2023-09-03,0.45132106426792223,0.21330728594151885,0.12763955617068565,0.17847669723562737,0.5501083749892122,0.22932953922896712,0.23673235809958498,0.06208231025051955,-0.12744764582043472,-0.051874158537232234,-0.00514377658027064,-0.31700636585874364
ER,2023-09-10,0.4594340080738952,0.17470715829163394,0.1281483724898788,0.21830098867219122,0.4862103498767239,0.17087451329333317,0.18490997828140945,0.16044815925863615,-0.1622852476882902,-0.04351598253742003,0.03517116726569768,-0.15680903320988007
ER,2023-09-17,0.45759653700175784,0.31125036264385186,0.035348007633259446,0.1851130697349241,0.5660525690280301,0.2699611061482482,0.25262779559153214,0.1779298826164005,-0.04799155030260102,-0.0003172312672354931,0.15257366110931456,-0.22246609150222652
ER,2023-09-24,0.5926150842500996,0.15504999758592417,0.0408682862047178,-0.09897803851555215,0.6423355481560791,0.2231239017751149,0.13837297933562803,0.017947002410893476,-0.2265151761782013,0.04997021825442495,-0.15636356461174333,-0.35607863376237914
ER,2023-10-01,0.5598018337187083,0.2341219158851721,-0.001065240047179343,0.11718372246740363,0.6180912348909281,0.1308109122089808,0.18605253752885753,0.08775076527741581,-0.01173557130338032,-0.03288642373052963,-0.04456464445121052,-0.30928969071130474
ER,2023-10-08,0.5252582390205105,0.16928640683656018,0.12624871700805246,0.10588982294219057,0.5785927042670063,0.18101209627266418,0.14488383904455635,0.07194067954210981,-0.1137108646913873,-0.03331194524607334,0.015517561931263996,-0.31827914054575235
ER,2023-10-15,0.5389726974084104,0.1641133685699877,0.06995729817683455,0.14410597252387067,0.5678450153342748,0.1250977484309839,0.15638989264591563,-0.016272831762131908,-0.16313094429208086,-0.03218089629244075,-0.035658057397785915,-0.2939003088479348
ER,2023-10-22,0.5818675252401679,0.08371735282988536,0.15606689542071184,0.08888961304674749,0.5867359683693517,0.0728443320787894,0.12833480433650496,0.052138750528491117,-0.14344037889420702,-0.025266933043118993,-0.15570729384385756,-0.3047772110207716
ER,2023-10-29,0.6371327249225761,0.22213466323463385,0.12618825427422864,0.07603535446484418,0.6998487096888931,0.06800879831220676,-0.06375102859163843,0.07171848710656631,-0.08385720791269323,-0.019410922079362784,-0.08309302288513397,-0.38212106643862254
ER,2023-11-05,0.6000196652679767,0.2390647565060771,0.12016992485739866,0.015915525770113296,0.5764974481789065,0.10705536981227454,0.10344718982316617,-0.17484568864557515,-0.18003877467037296,0.027603313621790814,-0.08668442362394149,-0.1698740868365167
ER,2023-11-12,0.5363516711239334,0.25863456625283765,0.04838024683178896,0.16770673993451968,0.6104097446213003,0.06505683206649675,0.17663035474277286,0.09112478187020677,-0.11426374375120638,-0.03860514958932467,-0.049463484518308294,-0.26771760451153226
ER,2023-11-19,0.3583794839292145,0.21633306353053036,0.17099903770991767,0.16339411247363697,0.3959808691933956,0.18491148143006117,0.26977310349675393,0.13021236300566302,-0.20405878964973595,-0.09936177974961122,0.02665402439220175,-0.24380885917177736
ER,2023-11-26,0.6111386229713928,0.32204862264922546,0.20766457803100052,0.07400905286944816,0.7369802139905343,0.02807183432227045,0.1398802135753187,0.10380468890650632,-0.047995943881429255,-0.05652168948990954,-0.06937683837511777,-0.502438309057057
ER,2023-12-03,0.4973542610998851,0.3339618457811356,0.1961174787644671,0.15633090711837577,0.561409388528714,0.2471849904411126,0.34418431740017214,0.30559189697809713,-0.09682672687494506,-0.015710711301238252,0.11389783608641409,-0.1967248340014117
ER,2023-12-10,0.5709415193692129,0.22793972116583341,0.12623391731525663,0.1347840017826635,0.6734622355004363,0.053052982045532784,0.11159626037630828,0.07363605956781193,-0.08614225711803644,-0.05615030816633605,-0.08618616017535219,-0.45277133670826963
ER,2023-12-17,0.5372295356373344,0.20746230116698197,0.16843722910607128,0.12671387673205267,0.6586910806473132,0.17446324846486871,0.2332907013988512,0.08255474134143699,-0.12867166892703188,-0.08650018934224811,-0.047513752706456795,-0.45005971207576273
ER,2023-12-24,0.5381296714161761,0.12207464649101381,0.07292022861388907,0.13399816069083723,0.5357171759710271,0.11926978642269026,0.21222247882195502,0.059556370589864106,-0.17264165900507114,-0.10959896624229454,-0.018188636756082205,-0.280513281080734
ER,2023-12-31,0.5375766033207622,0.233375333100203,0.10874075418227726,0.19155558570908945,0.6125764917150882,0.16760376447885963,0.18103360887038913,0.15049200072324548,-0.10081390583881687,-0.04924465252429185,0.03690654533208741,-0.2751411229153847
ER,2024-01-07,0.5417028554395411,0.13722642465799836,0.1589389376738506,0.11744471511426796,0.6042143873530664,0.10374630220253174,0.030340065681287238,0.06478080113840477,-0.20574301988579263,-0.03692010481874153,-0.06436228621114833,-0.33138817414786786
ER,2024-01-14,0.6340864700976724,0.2949139264754799,0.16076888545597115,-0.07548950299065398,0.7811890161421304,0.12543555806608908,0.3063368700841311,0.050964392690964165,0.0028327603452654336,-0.06436568953480969,-0.11759115689607808,-0.6124925185942814
ER,2024-01-21,0.5070743144350368,0.13427821699314935,0.14066053963678676,0.08151863462635345,0.5710656898559409,0.1293716736311904,0.11740732892207613,0.1241193188492772,-0.23807559786517915,-0.053575672707478296,-0.10974940739000819,-0.282194583830652
ER,2024-01-28,0.5317267414599879,0.1488181512885224,0.1730688468317649,0.15036265240124222,0.586477529499905,0.1454527379780979,0.14591039139969902,0.09033650358613377,-0.17168081335463395,-0.06402790652207718,-0.047321396875057084,-0.3119499612325253
ER,2024-02-04,0.5757476686023087,0.23837898237508043,0.2328735029244556,0.1556380989023064,0.6927709260479041,0.08803578454921959,0.22878454446938934,0.05179268705017922,-0.14618175330540456,-0.10219956563405708,-0.09616612764722414,-0.418362336918251
ER,2024-02-11,0.602314063804345,0.22163035583482246,0.0015272209932614847,0.2035379736799255,0.6691788962243175,0.06737141057272024,0.11889032989431522,0.04918265453112958,-0.10793982885315294,-0.08778699815221212,-0.031134545139378043,-0.30074969415983505
ER,2024-02-18,0.4783195205136175,0.2708951198529537,0.03488602219776189,0.19589153654879776,0.555676240156962,0.2219792506928182,0.2278614977840874,0.17149534453508863,-0.10610844837999735,-0.04746984552317989,0.10493594245127201,-0.18724303472047096
ER,2024-02-25,0.5992445178816325,0.1527094603652098,0.13285663322466867,0.04026387066558042,0.6588540679907529,0.07627575083247568,0.16080863392814562,0.008255319918617766,-0.18482260694380462,-0.17422324994158817,-0.06921998742377662,-0.3385424002703962
ER,2024-03-03,0.5401601898750009,0.2206263743406212,0.003449851021220236,-0.05467530900055364,0.5641557064788763,0.1857034823927312,0.28777316796007313,0.12503622092991212,0.05256943620351518,-0.024423446640489847,-0.0272675534163393,-0.35081420143070924
ER,2024-03-10,0.5874584524512068,0.19150562080709901,0.12773797372986265,0.1341542552600005,0.6006052660060199,0.04601939437252634,0.02029613788125928,0.05752184772412837,-0.048783039343074305,-0.03751835564816752,-0.10858805599028093,-0.34005185503293184
ER,2024-03-17,0.565561447027614,0.1497294420525386,-0.07182637178666271,0.1253422104481455,0.5527314595263528,0.07884378334882493,0.07502387480075645,0.12191510858603219,0.01340308180762463,0.03799594398930313,-0.03083452007224407,-0.16733224387746487
ER,2024-03-24,0.620099343854353,0.36161717671723087,-0.6197168394435658,0.3302051652900997,0.746088331416725,-0.08698755679508545,-0.04825173806093486,0.08515903112455417,-0.09538405861572363,0.006692654747518399,-0.09598618848116323,-0.3363363152128199
ER,2024-03-31,0.5091813417107097,0.23757481158921312,-0.03947853348650865,0.22937721693349894,0.5996720026982327,0.061702022624457814,0.10419910365805093,0.05031697536237514,-0.028920336563023997,-0.08230667760414902,-0.06392737231621864,-0.33474172283560705
ER,2024-04-07,0.5829340593560152,0.15292721848598154,0.13672946819302673,0.0883653254471144,0.5994459511729705,0.08158856147134165,0.15603450151075998,-0.047394778447711984,-0.11839605580020576,-0.09045014102892454,-0.10197388694280948,-0.37389160343159195
ER,2024-04-14,0.4888050401926226,0.19339818754273885,-0.04784107146622583,0.1641381692765818,0.5178762163287017,0.10917194677215204,0.13820282227873504,0.05863103547829131,-0.16601036836434696,-0.004546756102047835,-0.004407479814191668,-0.15860676922439937
ER,2024-04-21,0.6123522520808647,0.3537653327279287,0.26332542291815725,0.07915353870909325,0.676709950663158,0.07733681540530923,0.3683406468059524,-0.3695594081392905,-0.09120153733431798,-0.2960777998845942,0.0012300844475800672,-0.24226914942985378
ER,2024-04-28,0.5510653686926075,0.27721396907736573,0.06994067671881433,-0.07654501661718885,0.6618769925112684,0.313317717177121,0.2770919318886858,0.04399621505120563,0.13087101209351407,0.044255443913515255,0.04395928899762325,-0.48281925438588225
ER,2024-05-05,0.561219871793051,0.23200781604699322,0.22543895985919807,0.062050257481441475,0.6267784473595999,0.028693358961501696,0.22889585311220745,-0.08145137982697977,-0.02731788974522041,-0.17751941466690163,-0.11686955365973106,-0.4074225445374903
ER,2024-05-12,0.5787051569834206,0.24341491346559804,0.08827417246833412,0.019934973418138647,0.5773932059670595,0.11708365045678341,0.12676887279991006,0.02413112919639637,-0.05743312533665872,-0.02238904303825628,0.03318095096766069,-0.22230202003297175
ER,2024-05-19,0.6204217490939684,0.1327946074028231,0.10083079039210753,-0.10301028562544112,0.5312743629422847,0.14650440939679132,0.11955728443358096,0.12849524680865587,0.07820122572537964,0.048599246883179396,-0.13313752810787563,-0.2586609666899535
ER,2024-05-26,0.5503933923946114,0.16342490016000147,0.06129067895113166,0.20680881220241262,0.6493650365563078,0.1417492843889718,0.16233071094867152,0.041732162011730696,-0.16501243957210332,-0.11897782778375639,-0.11109213378164907,-0.40507531914238465
ER,2024-06-02,0.5743899712485983,-0.08080548033571334,0.03632901632257826,0.07697529674502832,0.47764130064433835,0.09591568318265849,0.11485776967770825,0.08639605039200389,-0.0775433111361647,0.023393519643480316,-0.027951416467577848,-0.16099815055801764
ER,2024-06-09,0.5700098060095343,0.19634301413304375,0.04043861443269069,0.11834717828542665,0.6083696157837226,0.07484854974786011,0.13353181228898436,0.037179383128759756,-0.00991604918844066,-0.07818567580197029,-0.08244354840192085,-0.3556276691189439
ER,2024-06-16,0.5665809984516766,0.1501989524724464,0.03048020951417489,0.20890510495105039,0.6690664883242957,0.04723179499431157,0.19890230613323742,0.007464039179801685,-0.12131552363934528,-0.09578528221898153,-0.12854852511998607,-0.46378533381368797
ER,2024-06-23,0.5821005124396212,0.14645685350000176,0.09891033005343186,0.10664697135900263,0.6185968647401654,0.06980563828426907,0.174227416186177,0.06993467548645635,-0.0899368867448113,-0.1192573943838,-0.0744197279696849,-0.3840100856300104
ER,2024-06-30,0.585879366687092,0.21940131620404932,0.14452273603340435,0.17173163594276733,0.6556649436947238,0.060034945784136276,0.027693536064108085,0.0962165616270577,-0.03920401080011498,-0.024094203937363258,-0.040984090358774344,-0.4217633927324861
ER,2024-07-07,0.5994692199692312,0.369955273281813,0.07924374661349556,0.16617043407404744,0.7098341569515845,-0.009322768797624172,0.30283047720345374,0.01698247159531609,0.09618141540870274,-0.06448788026114814,-0.10329395007016004,-0.41881825390783495
ER,2024-07-14,0.5597831141345023,0.26309884114082327,-0.36462115435841425,0.25497964900408726,0.575813075629478,0.003979168070130509,-0.1261758672049613,0.06498095897225908,-0.1202085273802226,0.030478122334446658,-0.013288045208433267,-0.15351767612239492
ER,2024-07-21,0.5507203375925216,0.16826308336008663,0.08713056484648625,-0.016612871109337665,0.5463673282806157,0.15449086304983572,0.15867783907996436,0.05623710165315015,-0.05199112120243362,0.012043308789847175,-0.05467432616326195,-0.239350960452463
ER,2024-07-28,0.5317457044976622,0.23317854869723265,0.013204654525166417,-0.02048819639175456,0.573952239352363,0.23059693268268405,0.17547956159982056,0.15472706084243917,-0.0014887417566327955,0.042122794224827,0.054228719256442924,-0.250474402446706
ER,2024-08-04,0.6379219682661449,0.09911528804229675,0.14100004137811845,0.09350382858898441,0.6051851419745851,0.050487415855022935,0.025094031217619977,0.02258444966384514,0.05037028058492175,0.02580140833759622,-0.03135496858274495,-0.24658092927096092
ER,2024-08-11,0.595700731564978,0.21972917668099587,0.08490740384290547,0.1026631752986989,0.6533782357610007,0.0660370582413719,0.16159915369240452,0.01633913256255771,-0.09858084511112575,-0.09123521140823089,-0.09829564992959548,-0.34231184706620604
ER,2024-08-18,0.5424346732917393,0.08999443096003218,0.11986209296588402,0.1732491960905579,0.6158242040951446,0.14138624623423307,0.1665160691269043,0.08637959929728643,-0.1853716666677082,-0.04768242631989772,-0.04064083093191417,-0.31274523432285706
ER,2024-08-25,0.5561070133400541,0.2633361085704816,0.03590174615163273,-0.09431184670473287,0.5797673974425943,0.1868236180718554,0.22786426346744196,0.11317055750163647,-0.08625444375005267,0.12066116461466851,0.03891922394009577,-0.2604632556975303
ER,2024-09-01,0.5444757209123124,0.23470801714137715,0.039344155623811106,0.13978388026595936,0.6148668700183128,0.17308374366129597,0.192747928273868,0.05057095014077531,-0.07823072152163672,-0.03620612156866057,0.027205101268271012,-0.26683785064158616
ER,2024-09-08,0.5962977444092692,-0.045822757210513994,-0.03222841111294788,0.07457812820283301,0.5806387765994345,0.26529691250606796,0.0910653464320161,-0.103186631884588,-0.08510730400764388,-0.19626572747084953,-0.0789343393652166,-0.5807078701570356
ER,2024-09-15,0.6539619097469177,0.39187932383209156,0.2537573354581231,-0.05873848725449894,0.8415384309967576,0.0061080782836430295,0.41210378579116413,0.11241521175714911,0.06011602758537666,-0.10297567118108009,-0.14025624806670403,-0.6741087036208169
ER,2024-09-22,0.5158099578773783,0.21043294813912578,0.05405205501133276,0.20041648564476638,0.5067138734006872,0.08782414666326767,-0.0007038136273182133,0.016594509511211462,-0.18163695558922302,0.00951466798265443,-0.047655957549509034,-0.17941071010539839
ER,2024-09-29,0.5565779083323942,0.22027963294141636,0.1819460426993615,0.11739960363745,0.5968179467762661,0.11797128472001268,0.19734469093411167,0.029665054045693858,-0.09583298275405155,-0.0913154582913851,-0.09856464008525985,-0.327790610122632
ER,2024-10-06,0.5743437265818099,0.32275542947543007,0.2508931357029577,-0.009365923391006784,0.7166941187108272,0.042316139531815275,0.3903503454427801,0.1240893326902732,0.10242700959708624,-0.16521581422062273,-0.1437142771567547,-0.6174070520307825
ER,2024-10-13,0.5170343833625908,0.20153813735406928,0.14748972621990827,0.10163166393441549,0.5525053165656894,0.13008228051688345,0.13675734752374172,0.01703408899108606,-0.21904991031809762,0.001379283108967868,0.006644362480109155,-0.2426514894616129
ER,2024-10-20,0.5236117621826513,0.2567478283848434,0.14963641220078167,0.18954817593967185,0.625199038752285,0.175498810360371,0.22774067371124637,0.031575122095624956,-0.08322770454110733,-0.07807767959726182,-0.034216797284061434,-0.37410192499879397
ER,2024-10-27,0.5150935637935584,0.1333171940263876,0.13148458260038123,0.20550366200442147,0.5179560778326465,0.1478511513077365,0.17596902574219003,-0.06512667949821221,-0.06417626735885865,0.03163783118586348,0.06258475994627599,-0.21383826772015282
ER,2024-11-03,0.5523516434293928,0.30745289652093444,0.1726434505047913,0.17733396635023033,0.6078669169427584,0.07419146594802675,0.12063387691309876,0.02746068160580744,-0.009296171470539566,-0.06162134064342495,-0.07912941627196828,-0.3458650886949296
ER,2024-11-10,0.5517253993282402,0.2827040117747656,0.18491846448632257,0.15874689740635933,0.6773551913595116,0.13246467746229038,0.23232856011477607,0.052377300358457536,-0.08167248415624574,-0.11144639760627471,-0.050470682709835735,-0.39729270811457895
ER,2024-11-17,0.6695486829647993,0.2998983996361902,0.2395719304409161,0.1747669171799438,0.7359957373959625,-0.09402722845129227,0.2806607765176473,0.07657376170409702,0.11750943304567263,-0.13877902251151003,-0.09340877603135904,-0.4741963894807733
ER,2024-11-24,0.6094014765836698,0.08511350660452481,-0.05374757516350282,-0.04981222997630688,0.5601870100860183,0.1412523561960078,-0.04404775787505451,0.02110207330084898,-0.019621240870996044,-0.15164978300752396,-0.23391272374535144,-0.25568556484873783
ER,2024-12-01,0.47306323802912986,0.14273794207269402,0.19082366272308351,0.16026001088645114,0.5277792875288891,0.14570424433790688,0.20633052153828224,0.12629333919274244,-0.1513985720561191,-0.10561485860700985,-0.055731703238061266,-0.34359137890082614
ER,2024-12-08,0.509525289133071,0.19730287308310696,0.08458067489507481,0.16657217277641861,0.49253439786251674,0.11321000746212122,-0.03546630644566694,-0.02421979643954718,-0.13905447748756758,0.0037397861167788346,-0.05913740680814397,-0.1914029079306827
ER,2024-12-15,0.6093817903563723,0.10527513047927037,0.11857104862033606,0.08310369518269861,0.6570209102768858,0.056221989814892015,0.09941483887168832,0.041936483612509026,-0.14908912707775573,-0.10140293517570367,-0.10303384319186938,-0.36736125361544
ER,2024-12-22,0.5272905431364908,0.13613032943103232,0.10514155864274438,0.07929807697379718,0.5229935910216204,0.20011307219929894,0.16919180701035125,0.009965356792832999,-0.0446270956908461,-0.005085122011977293,-0.0006725667525605879,-0.23466348095235345
ER,2024-12-29,0.6184040146651086,-0.06957328715715824,0.055673860116327654,0.06512279670241945,0.6005096873962953,0.11641653000277684,0.000380749938377419,-0.03359130606959407,-0.2557276986268717,-0.20845615278326216,0.028194885371227028,-0.23275500577831246
ER,2025-01-05,0.48509136578900586,0.0829868456365561,0.15707386795211833,0.14456368371482317,0.5060637705835673,0.12890205766674073,0.12411518487375256,0.06088505042294619,-0.15871563346853712,-0.049245424693223495,-0.0974711738232858,-0.30475525359910716
ER,2025-01-12,0.5494979805009016,0.22456816433733254,0.155445452284691,0.17147175900004374,0.6893386360434681,0.08554815311018364,0.2645813566397626,0.0087589016023938,-0.16685333685165066,-0.13994836151549095,-0.14103144038937998,-0.4720468360154371
ER,2025-01-19,0.5909796505530291,0.13229833220919843,0.10827158661216042,0.11106545144806954,0.5962568015395551,0.02353055175724034,0.25416725760611003,0.08169015511258898,0.036405136479063786,-0.07832916914833603,-0.2213822297930419,-0.2818045690497462
ER,2025-01-26,0.6273836290569503,0.2509632115785498,0.03084074906024769,0.0299561937283815,0.6923829177103564,0.10622858707314325,0.011908707707195551,0.023682714079805454,-0.034172232984495385,-0.03684696169429218,-0.014697386042260995,-0.3894680250943542
ER,2025-02-02,0.5479054691820392,0.26506166878075105,-0.22157586440862057,0.1940231155470459,0.5958379163533698,0.0859318492616438,0.09228302005713723,0.028441506785079496,-0.1106076694247164,-0.027195914735490143,0.03060088946723447,-0.20063004050571864
ER,2025-02-09,0.5290102326482526,0.15326586983996954,0.12165228517852221,0.10003432027740305,0.5342473476721654,0.16325489202649712,0.12663376711274724,0.06454727393064341,-0.11074685747012156,-0.05063049551393239,0.012216205037632545,-0.21209589724487166
ER,2025-02-16,0.5642492533788169,0.17882219148846815,0.13876147578663783,0.159091588277908,0.6864801773091568,0.10634187509657472,0.2857265710373955,0.08586391355299434,-0.14200747802880168,-0.11719146001839184,-0.12963087756508335,-0.5163212581957424
ER,2025-02-23,0.5827217453896105,0.21297646921293645,-0.11455557643692003,0.13095448021330258,0.6216973374018336,0.12283263697229517,0.14756409165557627,0.06108011817891411,-0.038353873310749374,-0.07519262627969814,-0.15876460899211797,-0.2893285386784586
ER,2025-03-02,0.47919693376975764,0.13402401298952116,0.12309618451313281,0.1272167190410224,0.4515204085775049,0.23696931331514176,0.12351336856621999,0.020366301156221834,-0.06116508846814332,-0.0005609790305781952,-0.03651680862161179,-0.19353473738283647
ER,2025-03-09,0.494342351680924,0.3766574955881089,-0.3684740294663773,0.20841137411901972,0.5579102572443082,0.1372268696794819,0.2748322479379757,0.03504519215393734,0.04025216810878967,0.0008539645396469855,0.031045376971327303,-0.22531775176180002
ER,2025-03-16,0.5043503900481622,0.15509097330563693,0.18597237916847856,0.17976979797678208,0.5516282501699742,0.15581447864641246,0.10752241201932534,0.036987354321923,-0.16639975932531234,-0.10034164273955101,-0.047029691115820976,-0.2934308275246712
ER,2025-03-23,0.5641165902961303,0.06406661809746286,0.16605344580321826,0.1427348080606021,0.5811887368670033,0.09441058069101545,0.09693103105924697,0.027577308364267503,-0.17331357449603174,-0.07364034112542335,-0.11496349259642367,-0.2981149186167937
ER,2025-03-30,0.6010556781187724,0.18574434892135624,0.15738725439763468,0.17688183709857527,0.6928410350934937,0.14486769356447662,0.15585815762600988,0.02176691767294538,-0.13527855304692754,-0.01358059461256794,-0.09931391575085255,-0.4023911721253084
ER,2025-04-06,0.5915397768237944,0.18342468932784212,0.04433248650959735,0.12382599798814989,0.6381437312740861,0.06123418475016465,0.1985325871361641,0.08306792754207779,-0.08951581065867202,-0.09611396920187756,-0.02898185393926873,-0.35547973295760676
ER,2025-04-13,0.5397743356565428,0.041033939727505915,0.07368644718315802,0.20761015600908636,0.5154376853546521,0.15110365191984027,0.029196882835474218,0.1441349667273752,-0.14688049754384624,-0.03464113300170175,0.07665663302800794,-0.1774846811963785
ER,2025-04-20,0.4903705571959952,0.23820429595708414,0.20853388602908837,0.22375695101668108,0.5064315131889978,0.1523204081612658,0.1604648993002987,-0.16324142445526052,-0.1282888814528618,-0.00963173727931008,-0.031642985806471666,-0.19135849028656174
ER,2025-04-27,0.5165843805067757,0.23689684809925107,-0.10708475591185146,0.1891751135839104,0.5575231102696879,0.13643321567425817,0.07345925712149477,0.07931502228719353,-0.07908531524858374,-0.04041202051322478,0.039693735319085245,-0.20712194464933484
ER,2025-05-04,0.4972165571101864,0.1728479466074105,0.09939906025124694,-0.004844090206489632,0.5146797460781278,0.21093498118325998,0.24740435183868129,0.16598658574486144,-0.12798957842595227,-0.08396768325038646,-0.08851880718240852,-0.23236540706130057
ER,2025-05-11,0.5362475387605034,0.3973674964098977,0.0786504383622429,0.3266102555365094,0.6744041318148208,0.1297813117832319,0.1192225441848154,-0.15712333070487106,-0.08327323582402198,0.010974137942902036,-0.09529883680605196,-0.31746241721370067
ER,2025-05-18,0.42709081345187705,0.18596168428358303,0.16747828424180375,0.24735982852475008,0.47930077097059,0.2536404775231576,0.09669584330339066,0.13638009329033898,-0.21384653347072408,-0.05280392579792847,0.08169624633616708,-0.18810917952084766
ER,2025-05-25,0.6282394148104903,0.04763298735708017,0.1770449170375213,0.20576662096332968,0.5607510048604443,-0.014197981335283067,-0.05250310734071854,-0.20422712129006063,0.002012469244619201,0.04861745566601485,-0.10520882617259768,-0.37872823394320504
ER,2025-06-01,0.47452683716388555,0.021995893812998397,-0.12889771876128517,0.1506550081509018,0.3980924320596065,0.07896509963093362,0.1445371475842692,0.0424469273438266,-0.08397544866960784,-0.0741643187926293,-0.004918651206756255,-0.20458550065824788
ER,2025-06-08,0.49818093376267075,0.16943356066151902,0.05238979304052806,0.15774142947865932,0.5530754854342156,0.14785922032008234,0.05435666484893446,0.04355205300538045,-0.2113191650151536,-0.07954717996025566,0.04502151630404566,-0.2252916069188475
ER,2025-07-06,0.6724578131978953,0.12005143434254793,0.18227558806187838,0.042329634795569414,0.7316754943991594,-0.04396840624394325,0.060935390732303765,0.07211885712682738,-0.07138692637462302,-0.019263502004678742,-0.14835359772085194,-0.5004607271615441
ER,2025-07-13,0.5687672211399848,0.26949537992523087,-0.04327444920936214,0.129591148697287,0.5874698085578615,0.08747647060282981,0.10777434101567145,0.07693144850579813,-0.045217404204743995,-0.04637009875917496,0.01731712389697419,-0.24740854265159143
ER,2025-07-20,0.5023551309592512,0.18363567404086112,0.11122171579012967,0.15850853168029044,0.5394524733993284,0.17212776169497898,0.14910168201299467,0.0030238936047179217,-0.13194698288900994,-0.04543896755308327,-0.04910336688711059,-0.22835399978822118
ER,2025-07-27,0.5643512029672936,0.09277787866813127,0.12519659313330653,0.008987922249226966,0.49988060326238687,0.05870471477729739,0.06723125202618337,-0.08128485378105656,-0.163939002289639,-0.1028426047939375,0.015511070383322266,-0.23064058159647338
ER,2025-08-03,0.6054370833468118,0.24712028761733162,-0.0986149901379031,0.11065480870945825,0.6949958766155052,0.1491306536132349,0.02313215364739506,0.08449201233491428,-0.08649507554337398,0.06558706775334286,-0.026421702881182948,-0.33753957319109945
ER,2025-08-10,0.5394610915436258,0.22563466118500716,0.008124429430098898,0.1827596407045513,0.6434766382229178,0.13617223903727313,0.19959375552817246,0.06075986667290178,-0.09487448395246745,-0.053925793046959256,-0.04337004297919131,-0.3823721974487536
ER,2025-08-17,0.6261930245851014,0.10748656908508891,0.14391379375572994,-0.01278331613017718,0.6572752184131587,0.0795962884274221,0.1735473263702827,0.04816532746778479,-0.07128026830028086,-0.10493610205574437,-0.12355106995199787,-0.3723272101839007
ER,2025-08-24,0.5185429433697789,0.25246308450864063,0.07020526128397551,0.05557725958266271,0.5798667931171669,0.24248852125096776,0.15954849330046048,-0.026516714364786115,-0.006311484855294863,-0.013270476001269748,0.059769715125351335,-0.3381478844359793
ER,2025-08-31,0.44770640970211345,0.18517197193184698,-0.04341988186838503,0.22629449442163146,0.47857934396692897,0.1873695757324231,0.1095156768959498,-0.023890926813464285,-0.14969377258334218,-0.039887019992312374,0.031033209736444353,-0.2110322229438898
ER,2025-09-07,0.5596680685038213,0.2217660831628901,0.14278676089261055,0.01131923553313119,0.5696243871306917,0.19201807365451398,0.12729895097084812,0.014262413282772233,0.010865665530504333,-0.03854719802836252,-0.054892687887420064,-0.3029047998521855
ER,2025-09-14,0.6488333466850111,0.2960294260588502,0.19955904448841244,-0.00010370628497581518,0.6799034670364272,-0.030098545744424405,0.11970218333692663,-0.08558212914447276,-0.058498180287894636,-0.11399630484952418,-0.0047575339792676535,-0.36915673938900667
ER,2025-09-21,0.5587574027595339,0.2182587539767095,0.12368750158508895,0.13554964115610132,0.6254329362469305,0.10545888198145055,0.07718318495515145,0.04096027147336995,-0.12191822974086855,-0.1231860483222824,-0.02670295647684927,-0.33485935876273154
ER,2025-09-28,0.5543227744432657,0.05292169703066728,0.07853337572906295,0.04170884970943131,0.46377138165721843,0.07204242624811237,-0.07211559329853263,0.007043557647770163,-0.08185962516175337,-0.10095585459458124,0.010489068220000395,-0.17817605295648198
ER,2025-10-05,0.5930908913701277,0.3134720552531424,-0.006792881110172889,0.23070461722288374,0.6969799509560574,0.0579004002760279,0.1699302543063001,0.027230408991509025,-0.047814090908972116,-0.058423616048726666,0.0062456940468492116,-0.30198256209209184
ER,2025-10-12,0.6290986341808207,0.23946509871350274,0.18614548595402658,0.07759716212987411,0.7517650236162899,0.10194750826775335,0.027764971098847593,0.07114889177850275,-0.015196398007982777,-0.08662307079714107,-0.21730393966158978,-0.5227938883135146
ER,2025-10-19,0.49201962448980147,0.17209546933368278,0.06998225843655467,0.05331719884280458,0.5111420845416812,0.2318647943102961,0.15665209626903506,0.05626192995825742,-0.1047267949126667,0.02144802150203104,0.045933637214683146,-0.24838400413927214
ER,2025-10-26,0.49641285694406756,0.18962071778696266,0.14137145636392714,0.19039322698928748,0.5521594493629305,0.19284040705808672,0.09072107377625306,0.11424855901008973,-0.1413588429011722,-0.07238192343750476,0.014951149281172452,-0.2899512696932738
ER,2025-11-02,0.4893782098668784,0.17818598567909136,0.1664928980137115,0.1471236487306809,0.5212018593383816,0.20574765445371124,0.15308699203268847,0.03599388136479065,-0.13268290008595462,-0.06517582727790716,-0.07098926493774006,-0.24888495881905345
ER,2025-11-09,0.5290218707623144,0.2208364268000607,0.11471212261995298,0.17750880642003936,0.5890272306617199,0.09019701606850149,0.13291842455697658,0.08839867335374421,-0.12841702559976595,-0.04655865019722974,-0.037343306423595526,-0.3042367559528061
ER,2025-11-16,0.6010818098038373,0.2450238546798466,-0.019108325208593006,0.2391603380689591,0.6699785597803224,0.00036940109915019635,0.07502749843077894,0.042920278707026534,-0.004470110337023264,-0.03550884079545311,-0.09234678529204761,-0.35864683040918793
ER,2025-11-23,0.569398811910642,0.1747371848773131,0.10695781627334576,0.12299983528385434,0.6386878268848507,0.11440125363051995,0.12924713874904487,0.03910576500469941,-0.16720742336882063,-0.048279529780298515,-0.06335301702381074,-0.3557360583985656
ER,2025-11-30,0.48950557292525715,0.1350551609138589,0.07910321371105532,0.14802708170374196,0.5246779434424255,0.21128988036579513,0.13060537579944484,0.0848004209114188,-0.08945856100545115,0.008249300826970804,0.02685903828313355,-0.2101745402192074
ER,2025-12-07,0.450808332367468,0.15513931158052713,0.07784933802659212,0.19969748096944273,0.4775596265570212,0.1662220233896961,0.038276197945302286,0.11290412955885155,-0.1656219148490856,-0.044621964650765886,0.0769060103640785,-0.17161864359632803
ER,2025-12-14,0.5319077589852271,0.14581545767458912,0.05107845405068702,0.14078944897166706,0.5791711668287859,0.12586302855696513,0.17285313514512163,0.08172609059023551,-0.13629045358656292,-0.07523664678070253,-0.07005209064919651,-0.34329728877234955
ER,2025-12-21,0.49907671311616714,0.2960661512359121,0.11112723758237647,0.1768328016835675,0.5558156542151996,0.1490997648680674,0.19762246041418344,0.10772322964914727,-0.045505484542579265,0.001219950942615883,0.0935675958810204,-0.25039306941291745
ER,2025-12-28,0.5031430200174124,0.1811218463173633,0.0995968666196284,0.17678427634024582,0.5452832507721455,0.15010878297508423,0.19300424705870814,-0.01722920140354335,-0.11973648873481584,-0.04833122205825087,-0.0696499197476056,-0.25554832277590983
ER,2026-01-04,0.4790886554285541,0.07938233378505767,-0.008389111603185716,0.08467839004611138,0.4332084992016676,0.21848792209827622,0.1897504915382397,0.04283181726737307,-0.014747141011976989,-0.028350947262944674,-0.014156462163771697,-0.22720888922354834
ER,2026-01-11,0.5305672687803801,0.18197919700430412,0.20714469113380674,0.1619251648008675,0.5593282993755051,0.061475000073828896,0.2569132241771348,0.05516455857450194,0.03477036327236431,-0.0934359027646631,-0.15124049632178763,-0.2402167548682127
ER,2026-01-18,0.4775502489708527,0.17695440360851705,0.16369489681587704,0.18196224970840702,0.540084392548489,0.1627498363736746,0.11643742188474408,0.11205787887015156,-0.12843620624427726,-0.03800045868732935,0.04954630331017284,-0.2269987232391405
ER,2026-01-25,0.4870678579489257,0.043918088558369796,0.1467592072631597,0.23482774173636128,0.5152832197456887,0.2033709703292069,0.11514452287879932,0.019534703349283013,-0.2887304371711084,-0.04769352043149993,-0.02207058724346852,-0.21602140577824355
ER,2026-02-01,0.5679729450754875,0.1384812082770493,0.06387878739556493,0.1736870658113142,0.6518829534740515,0.176757870081818,0.19019584527737438,0.04462431111246383,-0.14324101637554107,-0.07458157858789125,-0.042340007183664166,-0.38471191852065395
ER,2026-02-08,0.55243303192937,0.23388451551817896,0.22987590841272737,0.19112910181711015,0.6824020852167816,0.11888166325872904,0.2674618466850017,0.06228606930196593,-0.11586857911345831,-0.14810225650081418,-0.117189307164226,-0.49126655894389015
ER,2026-02-15,0.48169165351168336,0.08317729458215324,0.09748490587819483,0.23680683949842388,0.5181154880480217,0.12332771764183623,0.09910178612622064,0.07081780383031641,-0.19708273939972884,-0.08708959857608303,-0.023732111166222425,-0.26907385426877317
ER,2026-02-22,0.5618482387385906,0.18612960432194708,0.22444135499540632,0.19181589565192855,0.6118572626068801,0.06805111264493996,0.16381778348435214,-0.010805412253908653,-0.06589742032435578,-0.1437580817148484,-0.036215291120072476,-0.39770059416284226
ER,2026-03-01,0.5336167240282651,0.25498396821914365,0.06989954585021223,0.08297383852418859,0.6176121136482183,0.21892520217994163,0.3212870836830779,0.1570770188303587,-0.0778680042017748,-0.0010132215603257944,-0.03676790982321826,-0.3605788135277468
ER,2026-03-08,0.5497274694676981,0.21491304271181758,0.04713525603361059,0.039662682460360914,0.6025936450456751,0.11801053139299507,0.17785360893271424,0.16911688426420862,-0.1149402521251703,0.033156439028312425,-0.0960921247088107,-0.27580013097763617
ER,2026-03-15,0.49081065718838784,0.20424894616946943,0.1387803063041812,0.05472023503762325,0.5106626766558826,0.2238528382098557,0.2739056067240594,0.16952384680950594,-0.09202529092393648,-0.07258125532355082,-0.08613909037659717,-0.2941345565002385
ER,2026-03-22,0.5071146865074448,0.21427946255346017,0.13110912225578744,0.09522596996371388,0.5580399191534285,0.19601343878214647,0.2355657837531248,0.1927035515374988,-0.09766447266848297,-0.052798271977066824,-0.03479411666967907,-0.28758512579785195
ER,2026-03-29,0.5371208084732497,0.1256628801404989,0.14486123616919783,0.038083075224773895,0.5405521396693551,0.1416890599129921,0.2058514960615108,0.07838805336156009,-0.17000229227637217,-0.04116607463135651,-0.052445560723318636,-0.2144245578345705
ER,2026-04-05,0.5760433964800717,0.0691616086938338,-0.011781298271255495,0.10573907608754186,0.5437459662835958,0.0681348965569516,-0.08727623255181965,0.07383084982718788,-0.12267025426818148,0.04252602891553467,-0.0615940574265238,-0.21310200823992118
ER,2026-04-12,0.5439616465176411,0.26599071027414906,0.18537859188703767,0.18932209862024796,0.6072082540464055,0.1500505072322053,0.013523966285834865,0.05870888038586463,-0.07129178251232371,0.02774164517929515,0.006734393371635473,-0.2856546341552286
ER,2026-04-19,0.575151107847916,0.16143414781105406,-0.2842025440076405,0.07328487760101769,0.5853328893798211,0.045955287801839904,0.13774871888761728,0.0039003294208739565,-0.09661301811222686,-0.20635497656098958,0.00931924612546236,-0.21005556812445372
ER,2026-04-26,0.6036590317773798,0.3422816713638772,-0.4019096108409719,0.17866229419381388,0.7129722864795264,0.0027618484757360165,0.14668744936080516,0.05316003633316706,-0.110232852142078,-0.04647628537714107,-0.09246966574168683,-0.3298486861202422
ER,2026-05-03,0.47752198966148135,0.2068357067762309,0.12150131088233429,0.11890027666974554,0.47896568620400554,0.06689921550116568,0.0514293853637196,0.1230374185276399,-0.15608937993752553,0.08483797826740724,0.02622742817495553,-0.08434212703516633
ER,2026-05-10,0.5478857677788942,0.16472350398698532,0.13621357470001352,0.16806717126275494,0.5852008460153724,0.1221777342112413,0.15240192842301437,0.049288731439305754,-0.19619112104253442,-0.01441221369867688,0.0018588801240457776,-0.25629606306740965
ER,2026-05-17,0.5628251184765874,0.09612541894092519,0.12135732008227822,0.10896807947150167,0.5704571814174062,0.15845102297279706,0.15987237677309607,-0.01742915806223611,-0.13699042590239457,-0.04741049461447848,-0.09719004277049048,-0.2557496362281184
ER,2026-05-24,0.5687516534302033,0.09638431461620699,0.1410530963410306,0.22361401008820175,0.6359228247764095,0.12329627603195692,-0.07865229157464204,0.07521641215909282,-0.2008421562031008,-0.06852369149669238,-0.11021192434455712,-0.4404774150899985
ER,2026-05-31,0.5607117641943519,0.09059379014330134,0.05918022408631222,0.1393254535002449,0.6362707504707106,0.1953949877202652,0.15101220576006472,0.027422748384834158,-0.15198306272632459,-0.14327130591585666,-0.15053422195041957,-0.41123721688406095
ER,2026-06-07,0.6139833276405768,0.04494745686839165,0.027213121974397153,0.11998423886534862,0.5860618764568905,0.024306375114110827,0.13040802133589852,0.05444318737364615,-0.046369038742003814,-0.09832414124208955,-0.13598797924515738,-0.22718951416410962
ER,2026-06-14,0.534588998961481,0.10909569619917109,0.12380349459789859,0.09457228071312276,0.528799651582745,0.1233571137927209,-0.11511508707304563,0.08538471761498297,-0.22891697691227839,-0.007050102249199771,-0.045728566150575814,-0.31503473306739893
ER,2026-06-21,0.47158966340476266,0.13066163166199207,0.18371811625167572,0.2408442619308073,0.5228548205078418,0.21624537584656575,0.09278814593789118,0.0732525379172982,-0.23942655994891543,-0.11491534119810434,-0.03700268386788883,-0.28888043437927546
ER,2026-06-28,0.5970002894174912,0.1365026780602177,0.09924799557924692,0.09937676366286573,0.6038001506277899,0.06595213859364729,0.0075230921251618005,0.017613880089574135,-0.018690048975292008,-0.043880444360830356,-0.062432771185279255,-0.36666747993182985
ER,2026-07-05,0.4565005846190536,0.10465659357095138,0.10299440758721812,0.15535248774698093,0.40393395987649144,0.14898833050226232,-0.09744718713028065,-0.011206383771738522,-0.02415813420120959,0.03382986646802329,0.08090616056558476,-0.10382490354969748
ER,2026-07-12,0.6120100625071496,0.04427759506541326,0.05947605527869036,0.11856121838698656,0.5822842391195359,0.07606515784421809,0.07207111520399531,-0.004604527472300241,-0.04407700932258123,-0.10286204108898907,-0.03447859005972612,-0.3013582707107592
ER,2026-07-19,0.5397796799335529,0.15485203554123547,0.14029103617619215,0.07163914563647228,0.5961210261027942,0.13215310322708823,0.14667584191017582,0.08079812101280275,-0.14165252987887603,-0.08399243665121174,-0.09293314134828234,-0.2983994146420409
ER,2026-07-26,0.5620234604601856,0.12978430948864234,0.02516727507529562,0.0983360144735965,0.5439038606089017,0.099404554288048,0.08249212488213979,0.03618540481637609,-0.09154846777504569,0.012224396291052297,-0.11708344895622214,-0.13360274657626162
ER,2026-08-02,0.49489009002630685,0.11393371301850626,0.10230725240842505,0.13600876947615115,0.4777356658215253,0.1494926292468248,0.09852017498511015,0.07941267164319585,-0.15711378011308325,-0.10211957115941377,0.022862116393047593,-0.20215331634514064
ET,2023-08-13,0.6231835019504383,0.3360688622934477,0.05285736167934155,0.20372126862958695,0.7010390676451077,0.0002138983203573485,0.22458296916507267,-0.12758541424097372,-0.02776364416725419,-0.049482443156546464,-0.12148030520665247,-0.33333825048055554
ET,2023-08-20,0.5211091338498307,0.12312466228577368,-0.019059379436750516,0.1055531207523588,0.5124395839712826,0.1930327159284213,0.1617857732935264,0.030755013234231784,-0.05508612697684216,-0.057403016617835256,-0.012053547180781046,-0.2818287826059789
ET,2023-08-27,0.5246572057327262,0.06898207029251624,0.11479645734881969,0.13039715824358086,0.5535419769144668,0.07601323190308569,0.15480449396462345,0.0721827239325722,-0.09521586290003449,-0.0954137464062194,-0.10840303516792525,-0.31455819719208694
ET,2023-09-03,0.6350174416861247,0.04736158417851038,-0.034184887879587955,-0.2313079618681298,0.5755900843559544,0.19695432471096977,0.07729708646494404,0.0013138842884797696,-0.13573464450688935,0.005469284813603106,-0.10742660133176163,-0.2196851379140162
ET,2023-09-10,0.5734574141789874,0.11173748640166328,0.11468836452341666,0.1329858887086152,0.6094952745721295,0.07488748128188796,0.13304633193375154,0.0806284290863022,-0.07233865540740879,-0.0932147148921927,-0.13875271113883758,-0.3346322796003435
ET,2023-09-17,0.580252983345185,0.2577244108031388,0.15541908914555624,0.07309980669829262,0.6195435091298566,0.02145163138474016,0.2572983150199231,0.11754895513536784,0.030181783729474155,-0.07370369191108303,-0.07590369944118946,-0.3630906396311213
ET,2023-09-24,0.6253110671014608,0.20476384863580763,0.14713017371128953,0.08109455060067276,0.6944253386547141,0.04421593456008071,0.1850811582734644,0.04430310875167643,-0.01634283835166589,-0.09449422820445294,-0.11671260189567362,-0.4041456559475683
ET,2023-10-01,0.6519420260519884,0.17738723300644846,0.10741561522151533,0.03723165806831368,0.6948763045262017,-0.01608282670302691,0.16264571797016755,0.04457066235452683,-0.019470177606100623,-0.049273637009775585,-0.1467271632301838,-0.386914828672928
ET,2023-10-08,0.6233296769140139,0.17985240437023034,0.04981451709436451,0.01642084314261629,0.6416598723004826,0.023515296966633594,0.15334553580162422,0.030145227018852708,-0.06799054731993938,-0.020701363875545397,-0.10121627680219267,-0.3480872081515978
ET,2023-10-15,0.5816057211909849,0.15120361211567634,0.0812973892256577,0.06095486606417642,0.5778407835365703,0.08588168544662365,0.08345153308755165,0.06734067650145173,-0.032440347519767584,-0.01239828500080748,-0.12195526981838664,-0.3130376810372406
ET,2023-10-22,0.6146903511554084,0.11449613411865812,0.0955488345019908,0.06648921824222699,0.5998546036605243,0.04453578637083458,0.11589969139945254,0.051023763386902295,-0.0702176387017154,-0.07168838150292194,-0.08100125266014756,-0.3097247115780467
ET,2023-10-29,0.5715505205540895,0.14520540025003512,-0.016052330781158336,0.07923014097159928,0.5724002007654927,0.06441224392258911,0.0805634401223266,0.0676793719009958,-0.08925012675677359,-0.0695775485653596,-0.09405703406033453,-0.2616609054148128
ET,2023-11-05,0.6259935081969147,0.04222278243411432,0.09501539329477378,0.13176446258280902,0.6095491567574637,0.027606728721689577,0.16925096400900738,0.007829920776473076,-0.012204116987784569,-0.038321968689619845,-0.01795307562214171,-0.35438927961724837
ET,2023-11-12,0.633675691424032,0.10856009424500081,-0.20642304924042,0.04908816691642935,0.610345535636822,0.06713448705581526,0.11068198596553502,-0.022392681367642164,-0.04626700180007195,-0.018368755820088845,-0.013648371863438365,-0.30790469633509615
ET,2023-11-19,0.6183092837669057,0.12729738681939978,0.0004148105739854928,-0.028534018834113526,0.610834558808449,0.20524477046105677,0.12214862965006526,0.012561370335002328,0.038415209118046016,-0.011991523177985464,-0.08265842229899473,-0.3268758515362681
ET,2023-11-26,0.5709549487856247,0.17436536640261235,0.03412308369369012,0.08416338610966805,0.5922200350464358,0.113444492210311,0.1324530016119217,0.013841522487062935,-0.0627665032877577,-0.07765266675286801,-0.05674713097276436,-0.32812016386203047
ET,2023-12-03,0.6186865864081036,0.1780453184351997,-0.05452601044074216,-0.03738256256280651,0.6278484886728535,0.18677590134794173,0.13521527856946886,0.015978501434517643,0.03754025812944854,0.005802695995751868,-0.08257760196301267,-0.31304851833918984
ET,2023-12-10,0.5991576404928098,0.1498636037411899,0.005568356365303197,0.02177709863918745,0.6022341519920158,0.058453595848802394,0.019573322527558966,0.04054057207292776,-0.1405566467978649,-0.022740385013848168,-0.07435189849703926,-0.3083130447979087
ET,2023-12-17,0.5839177971553959,0.1821672714627494,0.1705660861387997,0.10885090436196004,0.6488634347118253,0.11200279517507905,0.18068901401786505,-0.04924833797656725,-0.12628084011219548,-0.06730074015311478,-0.10635920845836742,-0.3922625683617924
ET,2023-12-24,0.642872610171762,0.22030063745083595,0.042569364903863094,0.07542325948030132,0.688000262960998,0.02557265188860345,0.150361248082116,0.02746620024322757,-0.08279489974154569,-0.03940251194167074,-0.1207620523674233,-0.3379989770344787
ET,2023-12-31,0.5765985656393231,0.12970426991684145,0.09445314967968461,0.13492038172013496,0.6211547170095237,0.09755202177741557,0.15754900232320282,0.039077379154985374,-0.1234480839542221,-0.05871471515602985,-0.07988083025316427,-0.35468298923295494
ET,2024-01-07,0.5151882391242942,0.17868521399595988,0.1014519361228976,0.07415405904300527,0.5301195840052405,0.1939315951328979,0.19815881299108748,0.11924013293902398,-0.03982742493201834,-0.03487211212379697,-0.07258136080420635,-0.2413081246432403
ET,2024-01-14,0.5777850784578912,0.18640402559914224,0.04986292076607313,0.08980804246988817,0.6464581285401705,0.14833672233975082,0.15821856474575813,0.06781628655294432,-0.054640534596520185,-0.01871700027187134,-0.05751319805508873,-0.36404680717408094
ET,2024-01-21,0.556670755137828,0.1483107499516428,0.10773590191850914,0.10814989628691428,0.6282687179876043,0.12453653610510151,0.15886927697309308,0.046816281937741504,-0.17510897677289822,-0.06108497623723109,-0.11483008568255482,-0.3281885687914592
ET,2024-01-28,0.5491029633603315,0.12399101916078409,-0.0028968719036261193,0.13760268631174882,0.5671216225017103,0.07983547819668405,0.07520342926955192,0.071209641052335,-0.11944572520170307,-0.061635831740154585,-0.053736598233787534,-0.26281226922064016
ET,2024-02-04,0.6172136609066158,0.19703675620888203,0.20187666537203597,0.12727620043865848,0.6582562975037267,-0.041934768812101675,0.2017737618057385,0.05228680051267804,0.03820968496801185,-0.13368010122220803,-0.17430218139991335,-0.46830771685870076
ET,2024-02-11,0.594263629332584,0.15783142315107712,0.11326860044591047,0.14468343948003914,0.6328938683326653,0.050479369880861054,0.1354475031805029,0.05941733072006333,-0.08689413193084784,-0.08185877069717877,-0.08498111648603285,-0.35838948877269583
ET,2024-02-18,0.5456803641085655,0.09320930871435852,0.0866508312254493,0.18275352938314157,0.6046047106183212,0.1360602886005372,0.13550822416245417,0.04341773364138396,-0.17420285174509256,-0.0632133940887261,-0.052054322580874654,-0.35058200811080265
ET,2024-02-25,0.501803943722042,0.17236802186238515,0.1291409896633082,0.17050029825402285,0.5317311110205389,0.036984803706147186,0.07447576873988486,0.11465558462533647,-0.001582097447288136,-0.01590287724078,-0.06943635291620466,-0.1737245997499693
ET,2024-03-03,0.5672802803335313,0.16420786788060068,0.03726015069282405,0.10004961896572216,0.5864485278866234,0.06136871769418143,0.10197351869278656,0.06343491728402854,-0.0659590597396708,-0.058732470052225545,-0.10000653854503014,-0.29107983407406224
ET,2024-03-10,0.45384031077063725,0.17497070302261364,0.056643266213980796,0.17147593958002216,0.4724044500204544,0.17530879850030595,0.06720636392579075,0.14494391801626305,-0.14975455414340452,-0.0302878039424316,0.07674026777935496,-0.07569459079758234
ET,2024-03-17,0.6506502002634311,0.21054434013523815,0.08070789211134051,0.07125020059125838,0.7063715422318821,0.01744471662789971,0.13678869787304135,0.011741003969324709,-0.04633559018123864,-0.058795856342390304,-0.1215052209618978,-0.4102833476964496
ET,2024-03-24,0.5901381032095704,0.20273454831180393,0.04973218115648269,0.13895199786412274,0.6527069957576086,0.058243807376643746,0.14438488529830684,0.12125965650108106,-0.012930683314002208,-0.033842911636490475,-0.0936824301431444,-0.32570276663137887
ET,2024-03-31,0.5838597216352879,0.09726551659053173,0.04616181997360496,0.09411932612934956,0.5862094138381043,0.08133420091423901,0.10692956417454559,0.04633928368015147,-0.08171146537241179,-0.04952884753599295,-0.06287884614685131,-0.27899371032781317
ET,2024-04-07,0.5697182520887791,0.0852463101911083,-0.01685624813161373,0.16676540831450032,0.5481706125622064,0.03355936748609872,0.1190841881219874,0.06178975976373481,-0.06917793357452293,-0.055575277681282335,-0.05693735214977149,-0.20809916629871797
ET,2024-04-14,0.5827537688025288,0.1622098195551754,0.047320523513320084,0.10951091033942136,0.6078756933315799,0.08689329869177534,0.11894661133066445,0.09063096180569502,-0.05917805167201178,-0.03569050288719175,-0.0784541901262098,-0.29103998686955207
ET,2024-04-21,0.6080802819036393,0.1995691603496401,0.09564882918683659,0.09738802216275734,0.6197454731468338,0.039885270879949725,0.19892281163448874,-0.07451640160910347,-0.03388775928586873,-0.13211016902442504,-0.06661465059736793,-0.2535762573422654
ET,2024-04-28,0.5532670246435587,0.20127700413050936,-0.036256690769848506,0.059541902097349705,0.5986539082322552,0.20001957979994642,0.16204239700314166,0.021959660158386237,0.010216967208756296,-0.00033905821239582694,-0.012743983324095057,-0.3390425276575456
ET,2024-05-05,0.5693786529834431,0.19674453079476745,0.12941209608990129,0.12186221175073929,0.5693544451413141,0.10993608842151759,0.10168075598748318,-0.09906669744317613,-0.019688510575641787,0.0005741773254379188,-0.10634196837919062,-0.27367938053338453
ET,2024-05-12,0.6076029162769494,0.16713021984360718,0.040938387175602574,0.061801618122960894,0.6275755558994616,0.0917933417694674,0.13224058305561498,0.0835461198905911,-0.03426435174446296,-0.058999245255188945,-0.08509901677444498,-0.31163821805107456
ET,2024-05-19,0.6124204320383926,0.13411700614413535,-0.04153803643684048,0.0639158994350722,0.6052926363739306,0.05269004463509681,0.07506940174885966,0.07001057355593487,-0.026672439728799822,-0.02997608622133096,-0.10022533539007651,-0.24820274774037146
ET,2024-05-26,0.6128280607326195,0.09806568172608748,0.09901558910695678,0.13269519272706967,0.6313923397406234,0.06500306918455082,0.12651262682434025,0.022695867845228857,-0.08158390735095802,-0.04627069893224034,-0.09818759541595583,-0.342238742530914
ET,2024-06-02,0.6064762792332266,0.09212890543311207,0.0586363327094375,0.10390626918708336,0.6086305563860225,0.052315094310383566,0.13738753366256395,0.04439935632454115,-0.044143994445857385,-0.06688007351612969,-0.08017404702624009,-0.3012399925643376
ET,2024-06-09,0.5427339914238138,0.13948043148425504,0.10661154687065064,0.12606616353288366,0.5739018665310327,0.1565339279585795,0.11625843797250057,0.11340874148166107,-0.13228642380113037,-0.07096466934249185,-0.010271060215135672,-0.24259421176601237
ET,2024-06-16,0.5947269082107154,0.19777390417285196,0.1207065551480013,0.10308834803199786,0.6203798459506217,0.10205571551234012,0.11652662941907087,-0.02577586507633743,-0.041018069205413565,-0.017188597334277293,-0.06909203597639095,-0.31490929548984403
ET,2024-06-23,0.5981498059575098,0.15975210546744265,-0.004145359716479262,0.09992260268846526,0.6193812925119591,0.08459701498075943,0.10449468287891435,0.037159895820504094,-0.07311177811716867,-0.048764669773724206,-0.07748786061355033,-0.3066169308717599
ET,2024-06-30,0.46877541686223456,0.09706332437377628,0.0514691926652666,0.17853914311936436,0.4354885139310091,0.15298950100427938,0.05311518471210773,0.13804170692313242,-0.1432036549707676,-0.037190407325838094,0.06750526846448933,-0.05941430468273294
ET,2024-07-07,0.6079171013532741,0.1801053953040807,0.13219747158607292,0.10927971461289676,0.6773673440345674,0.07410210076893146,0.15068424431513291,0.0715940873523933,-0.03447473109310955,-0.07946014132445389,-0.14026892144446548,-0.4039804561194565
ET,2024-07-14,0.599494009983778,0.17672353926488435,-0.03293884439344132,0.1490649553901033,0.6045508017626856,0.02130895787820496,0.03889532775637095,0.06023749474353421,-0.08597592679424076,-0.013544185180037409,-0.05379912892125315,-0.2790963311166396
ET,2024-07-21,0.5897601545826542,0.1418870148982453,0.08674203749306078,0.07425841757384248,0.604026946152522,0.07440029327876176,0.08572307202946115,0.03929367794142161,-0.12623517151373617,-0.020255216196753755,-0.07186644195950259,-0.2933027813122589
ET,2024-07-28,0.5827224957495406,0.19950747198851582,0.032400818431899334,0.041102884708927874,0.6441889590120808,0.12576385198981016,0.1797581762607607,0.07026628590615476,-0.03572889624719114,-0.017752003056357078,-0.09011954972379249,-0.3705683777480534
ET,2024-08-04,0.5825701236474076,0.1544473392812386,0.08428754197681611,0.10756840442481626,0.6117287142088813,0.12401654286325334,0.13488045935567602,0.05625484114470065,-0.0685860808416175,-0.038930317553135786,-0.05812570404933728,-0.3146478072719122
ET,2024-08-11,0.563475561935713,0.20503568603957928,0.04213691120681397,0.00896464754098934,0.6136199396875703,0.2694480475044288,0.2011267276532,0.09872438349138786,0.05425531556598367,0.035837532530426736,0.0026090852038773843,-0.282318667357946
ET,2024-08-18,0.5977932704539837,0.08632185453418757,0.05166232108513131,0.1246479123683152,0.6061186168897997,0.06388377760759402,0.07094831595139522,0.09459448902642936,-0.07706670772859432,-0.05502852778969947,-0.08947201042468038,-0.32365728932422794
ET,2024-08-25,0.5421450694894482,0.17953015023564084,-0.005426321447207574,0.05025789899141014,0.5512763900682366,0.19807253022749674,0.18127378649370224,0.11376124380944999,0.0027809024281701014,-0.00694113077470832,0.008816464747513906,-0.27196019409143746
ET,2024-09-01,0.665184668993456,-0.09406119849179914,0.06313858675363951,0.04173604651201365,0.6029212783203791,0.025648914038898026,0.12159039999196075,0.033707032284246694,-0.08405145137339519,-0.014628187482957803,-0.1471740007465525,-0.28004600065376134
ET,2024-09-08,0.5545079969292804,0.007358550717924745,0.024694529196473154,0.11582906074599472,0.5491883767248191,0.18204496790851601,0.06603539517842852,-0.015148805555829542,-0.07739046420090394,-0.13894326976619406,-0.05845810860353114,-0.44744117309339965
ET,2024-09-15,0.5920717599789198,0.10817411039895931,0.08533220912236826,0.11060629463100344,0.6086448581797093,0.06346543613851634,0.11489685288707002,0.06395144726215382,-0.1029838503858978,-0.060707753890294834,-0.09881080175760046,-0.28410580383752027
ET,2024-09-22,0.5994565528861394,0.1816499962742713,0.02137555017113715,0.03224498106659782,0.6459082622401517,0.13493742055576596,0.10609484601068091,0.09065243965004932,-0.10662072917461432,0.024328265913725337,-0.0626513658879442,-0.3491363524924407
ET,2024-09-29,0.6626486189501911,0.014779600441957952,0.15198610069908783,0.15194442652370738,0.6264558963333008,-0.03411422800545896,0.11057342091369352,0.0856542192537166,0.011493808461024529,-0.039567337191152734,-0.07224398947837554,-0.2638835877135144
ET,2024-10-06,0.5884145082639773,0.23559395825076798,0.21170551491326914,0.03940136535567177,0.7037883123137256,0.04631104853021909,0.3155009372826343,0.1016823130814956,0.037730568662493226,-0.13601582108276306,-0.1492284069638116,-0.5616658096540459
ET,2024-10-13,0.6114447468616434,0.16077599895415665,0.12045844726357134,0.08445060847818955,0.6387035216106878,0.07070169788509748,0.07008697241210983,0.08316348472310843,-0.06985238277672089,-0.03507860961845135,-0.07085013728956703,-0.32931976926632084
ET,2024-10-20,0.5868972270993001,0.11990055363175,0.02213041325380586,0.18759512800439837,0.6406454642387803,0.0355773162614028,0.17269636638697092,0.06134662887568945,-0.08996254546358096,-0.07798497864780593,-0.07924328733780814,-0.36759749361311156
ET,2024-10-27,0.605255783703478,0.20255408947037054,0.24825986370393544,0.21405510442224535,0.6486854294446968,0.05739555956039474,0.15963693222397363,-0.19968570986123088,-0.11658417970856642,-0.019300248165917373,-0.1994468946586801,-0.3460797342928893
ET,2024-11-03,0.5095903509384094,0.15438200094670387,0.07165741072311146,0.15660658436377978,0.5212513779234733,0.08040000167910563,0.12241529275675439,0.062145000084192,-0.05461232818665649,-0.04872455871724163,-0.021875471189734767,-0.24842214761956669
ET,2024-11-10,0.5727931800452112,0.16561348840481319,0.029632582858539258,0.1126249989264318,0.6046203569855987,0.1219447254766893,0.08797390794790408,0.059320935200337994,-0.11800745676865623,-0.043638613044341044,-0.05436359233927571,-0.28574036329636926
ET,2024-11-17,0.5705280325641998,0.18138180102604023,0.0035588145697801224,0.09495980014070694,0.592381747552015,0.08466733544043646,0.11550250978290046,0.07680435548629035,-0.09906050605972992,-0.0391490572651093,-0.0679588585235701,-0.26423663107347467
ET,2024-11-24,0.5595270116870142,0.19353626388265255,0.060013735150910866,0.053526914735642965,0.576452132234688,0.08085182830585398,0.10006861150177469,0.05107520267397517,-0.04085015054608574,-0.04525580175893325,-0.03364919219294972,-0.2803547064012307
ET,2024-12-01,0.6653473118129879,-0.1496510155179944,0.14315368257240377,0.13977968113431818,0.6521585565972619,-0.0034761088959437644,0.33858142885663006,-0.0439503215422063,-0.04709644271482332,-0.07803641101971517,-0.08031159102048897,-0.604751209139933
ET,2024-12-08,0.630978280950834,0.13586443317835087,0.08643649044296393,0.034342617026921415,0.6372701486231925,0.025331738135005697,0.0748603772554296,0.05820324036933077,-0.0556709296445698,-0.05462706825617487,-0.15466638062689075,-0.3434120167165017
ET,2024-12-15,0.6029346644197856,0.10771617923303098,0.05770597303245218,0.05491157762975572,0.6134433557137314,0.04305980507531186,0.08903733098887899,0.09191734228200515,-0.1169401427592873,-0.04721515196163507,-0.11975724821143639,-0.3098346300452423
ET,2024-12-22,0.6324642864644577,0.16860076390880993,0.08854736938909558,0.10343873482624136,0.7092350758800268,0.02156204820955347,-0.004234963483625291,0.0776465783934384,-0.07317113127088556,-0.03788151467809852,-0.12667188819362765,-0.4312803833302733
ET,2024-12-29,0.5602640423426459,0.1272663379063394,0.09248359576391318,0.07862607389076746,0.5912186979731829,0.1152075343549877,0.1263903191342436,0.008063985206560981,-0.19375031813878646,-0.19839775144830912,0.0050536746258055725,-0.24152992246581198
ET,2025-01-05,0.5915646040274322,0.23165115244019813,-0.24516488343408976,0.12293220330766096,0.6622097847934115,0.12459101904309008,0.17915944301218653,0.039380349705997866,-0.043844616646661734,-0.022634124264004806,-0.06691655868856364,-0.2738804487784668
ET,2025-01-12,0.6095187732064112,0.17420489961860539,0.07997608355441735,0.08843881393267128,0.6810915971551399,0.11493832066766084,0.1352047910791,0.04616817092700947,-0.052551319113642234,-0.06930708700023519,-0.10913040281480287,-0.3868660401102701
ET,2025-01-19,0.5313689707160106,0.15042184447209575,0.15376139717891138,0.1346140825091061,0.5506541453491329,0.1597248662861569,0.210371083224874,0.00914119651382002,-0.1226613998124347,-0.04459381052874796,-0.07700315418508237,-0.31100894808343216
ET,2025-01-26,0.5977050902760263,0.17249965225094757,0.05951806999842307,0.07048679954874741,0.6235283555484991,0.10853281188647278,0.08704822555736864,0.012583174120309553,-0.019582657447394913,-0.009807897101610449,-0.08579903294324533,-0.3495817444615781
ET,2025-02-02,0.5558660259473935,0.1427614010579577,0.08087504314002736,0.14592937224445168,0.5917403966671405,0.10774352727031167,0.14269660356462538,0.0359502850484218,-0.103908327493923,-0.04974083492742816,-0.056123725247084845,-0.30301101079598686
ET,2025-02-09,0.5531368145926726,-0.008631754465422001,0.03000858648591789,0.15581523390324245,0.5223003122161707,0.09105562762941373,0.07733267479729689,0.03622209339870317,-0.14051626607013212,-0.06130249346135732,-0.034056409456916556,-0.26130747471714544
ET,2025-02-16,0.4542305906358343,0.10738373387716414,0.06149491895972406,0.20218152909274725,0.47232449359450185,0.1868488516402017,0.10489395532048705,0.07005833551180182,-0.23254347419094668,-0.0738106069534617,-0.004733927068334071,-0.23066922012982052
ET,2025-02-23,0.46864720565608375,0.18744080513583566,0.1447671555629106,0.1852029223893348,0.5127924107954935,0.1921686989222862,0.1404129459826948,0.1000636643682313,-0.15219593342836876,-0.08055133785955837,-0.013198899565081561,-0.25497190648194
ET,2025-03-02,0.624950481532851,0.17816530787974644,0.025788388786425673,0.10781692579036008,0.6636006753559194,0.050807290853902703,0.1074041567805438,0.021994448319410068,-0.02732916616497087,-0.08550620116213303,-0.13032874443291922,-0.37950403170319974
ET,2025-03-09,0.5587034084284234,0.15462118740017305,0.045243898223634116,0.08683091462089437,0.551892763500934,0.11352465706233449,0.10570488840305846,0.04954723961378126,0.0013232493254538343,-0.043120758510455916,-0.004614546101133564,-0.2617358520363209
ET,2025-03-16,0.6282544749797149,0.1943602372159819,0.10188966494302083,0.1135741214736529,0.7175131786965315,0.048000633519297266,0.15581086207148798,0.05378754306857701,-0.04887930356661265,-0.07348590324243759,-0.13834029277592705,-0.44533306632909847
ET,2025-03-23,0.6099015662618296,0.13415106117117706,-0.011883915990536266,0.07871025623212795,0.6079368416832205,0.049381850916550826,0.11436881320521848,0.03334497542298156,-0.02048437473380902,-0.03997951568036117,-0.10061233689165822,-0.25939521561059486
ET,2025-03-30,0.5721494333446173,0.1820253320243294,0.10042584101402996,0.0771986861386469,0.5836572869527749,0.0727406029774619,0.0727355088487652,0.05466951079983062,-0.10601211536173927,-0.018621560754089817,-0.03129724589335102,-0.2885606016757693
ET,2025-04-06,0.5594940240677846,0.1341224377127298,0.031105025216060744,0.14554243655246235,0.567448256170889,0.05320166428377528,0.15491250946341964,0.09306462988637255,-0.06305412036626976,-0.05514715624533178,-0.09690053439922323,-0.24625953185381969
ET,2025-04-13,0.6227697732556805,0.12143227143206749,-0.03191490911174201,0.12976470678568436,0.6425837778331818,0.019439323337310396,0.1746166569004335,0.0163685226381263,-0.05344972176734571,-0.0950745755082849,-0.11556733913501287,-0.32796360155159426
ET,2025-04-20,0.59628524889079,0.15008406367924185,0.16009015876649996,0.09366461469930121,0.6076390429839801,0.05831298292677824,0.11985608385428777,-0.06696282721154999,-0.08195776631091903,-0.060507723236813214,-0.16640533352072176,-0.32780661587308224
ET,2025-04-27,0.5876294828778861,0.15990671790135513,0.10426404923838303,0.13746852074173765,0.6159403294141668,0.06055192335016365,0.18723913795832153,0.07412844991927474,0.015793035423298,-0.05918373250895184,-0.10030562140755016,-0.3008080637664282
ET,2025-05-04,0.6066916768745356,0.1669707470513768,0.09762202353014925,0.08459758499714758,0.627437614397357,0.09178993027908434,0.07637429933634417,0.043389260985861676,-0.027583108489110397,-0.031136297667193294,-0.09524023983048098,-0.3181296126549635
ET,2025-05-11,0.5803876240062188,0.1257600541767495,-0.015413322426391922,0.14712974750992602,0.5891729631925842,0.06321365046142281,0.04657492322453406,0.05261222926050092,-0.0960092930385854,-0.027698814742988565,-0.06716179708363856,-0.3085102530844697
ET,2025-05-18,0.5836898321286801,0.19594509173325717,-0.04524696969617578,0.13275886676683563,0.6201888130106525,0.0744872527770782,0.07698678726623473,0.10902390803651613,-0.08134609290002941,-0.06941005560703513,-0.058828049278582095,-0.24379886124686917
ET,2025-05-25,0.5543628347254977,0.15748777349752538,0.03672436732648136,0.13609300925918988,0.5895903277653112,0.12850879034578294,0.1305140254906055,0.02019264879475528,-0.12962583528229887,-0.0639453006309597,-0.0581575442453199,-0.29558327874232143
ET,2025-06-01,0.5601156562555607,0.16855305927969033,0.10017319296664876,0.15603368786274782,0.6132284957373384,0.07102460951632754,0.14169612812972232,0.044961533012033185,-0.10570686040918034,-0.08172422279099982,-0.07311063504212705,-0.362562017925353
ET,2025-06-08,0.7673181512942436,0.17125263053857803,0.04584772189537664,0.15503574492708147,0.8196912594457381,-0.1282153522995059,0.194805841713709,0.042077384331397946,0.0456094146976277,-0.12420852382118623,-0.1910139737802471,-0.5014287471889661
ET,2025-07-06,0.5867585625508157,0.041473573380784175,0.12596025437578218,0.14740170678287465,0.6388441461115394,0.0990032860425638,0.1517350377674906,0.04337333948046368,-0.1547708008880083,-0.11283624479117856,-0.15197405857104032,-0.40106107814980935
ET,2025-07-13,0.5593961746084528,0.2511506971683952,0.1008944832699361,0.07457575957215729,0.5414318150943805,0.04404006429880587,0.17620862112989827,0.08187554982041738,0.05479797062868093,-0.018179072517249713,0.026905908354379508,-0.20284744952142755
ET,2025-07-20,0.5529511612676674,0.11133778988632066,0.03517018373137896,0.058499084352497566,0.5343561266843317,0.15610737694738702,0.10262039575736169,0.08656564960668645,-0.03339780921988079,-0.018891532025580804,-0.061322088957185876,-0.2324825465029877
ET,2025-07-27,0.6196759421671586,0.12786302145747527,0.08130028337096108,0.05586021016439625,0.6446568654092872,0.05679119007987655,0.06215036078227056,0.048020970390734836,-0.09576773623973532,-0.10063379669553597,-0.09723398385229233,-0.3523012359623388
ET,2025-08-03,0.5330323038316904,0.22719609880383812,0.02760406938616991,0.015148127881536626,0.5770101564833043,0.22541883818659497,0.19469798672645874,0.14417030886007132,-0.04224986301160368,-0.010694468408598223,0.029715383551598456,-0.25871353780098877
ET,2025-08-10,0.6108792519013898,0.30411500382303064,-0.5193876357076831,0.12311389992461573,0.6512766410549856,0.10842450870734734,0.13513712432137062,-0.03932905046073084,-0.035975670730917585,-0.04341806992143982,0.036844826986732894,-0.21727345321564423
ET,2025-08-17,0.6017356752443133,0.053361737447419254,-0.02717916192695949,0.06629945555083216,0.5766447385951626,0.07881853901174969,0.04463321081695203,0.09671746160422423,-0.115015861613748,-0.03106372828638428,-0.12011888505268817,-0.24437087433441856
ET,2025-08-24,0.55195484183206,0.24246108503663483,0.05298336011585059,0.04627295970945865,0.5951772856507618,0.18432118507331097,0.1410364594661318,-0.023342912443146645,0.02539002367704352,-0.01669000568939202,0.005744181400418426,-0.35007425906856704
ET,2025-08-31,0.5908783921201907,0.1672765611725832,0.13523970827928006,0.10131247400284268,0.6592220427398898,0.0793863812595049,0.15708934754388817,0.048388930038655846,-0.08699205492929216,-0.12828650923738402,-0.11668197374520106,-0.41541616065606113
ET,2025-09-07,0.5986495305097427,0.11133531693850851,-0.05400773527648048,0.012951866145029097,0.579198940051721,0.10335041991728992,0.07713342867464151,0.04391922950884382,-0.0850851564240933,-0.04525773382184182,-0.14131021589174964,-0.23524169262017702
ET,2025-09-14,0.5050749093215398,0.2141169717788681,0.13871916538620124,0.15704323635040202,0.5050312238661783,0.15018425879404532,0.15623546276746084,0.08973641708540364,-0.08344283841094699,-0.018498010855606543,0.03009031344813177,-0.1496148412211432
ET,2025-09-21,0.5591348573779862,0.18168494625251072,0.06999365180863726,0.1444159318456203,0.6324059260438347,0.07496756653906225,0.2182540612509992,0.04028321777136404,-0.08018345967177248,-0.11270509335878015,-0.08222034774351591,-0.3778194193830931
ET,2025-09-28,0.6327456814925552,0.06911245325643424,0.08433924190130984,0.03566605713843229,0.6222996668863022,0.06015328294157456,0.04371693693665358,0.07860370281170613,-0.1104864633784922,-0.01528289770817711,-0.10916714446649842,-0.3021412331029474
ET,2025-10-05,0.6354243429806685,0.021397255257186228,0.0755027271790795,0.09341159974061933,0.6169184228811151,0.07413721702619482,0.08401072364246333,0.021522661900193103,-0.10149673260631283,-0.039628162553989245,-0.1203752518660432,-0.30604960664649405
ET,2025-10-12,0.5298193565573329,0.15157818236522105,0.11321319010598169,0.14702309173707204,0.5776975812456598,0.116628054813568,0.12167482843722296,0.12116385519301821,-0.11156609925063045,-0.06858941635236793,-0.029610106537413975,-0.28368677634879175
ET,2025-10-19,0.6095708162124315,0.07454049233570602,0.0946976225305345,0.09693229334494778,0.6123552951397001,0.03159111149454727,0.0984205218991314,0.04454454323260917,-0.0609418149163991,-0.07027838317502373,-0.11603801561778183,-0.3423267598806651
ET,2025-10-26,0.4403468862363691,0.21732852866049016,0.14960733583266692,0.1745217489583794,0.46833135477559534,0.14757565247467577,0.11130111669386437,0.06923546424225469,-0.09536339563345234,-0.08358844827600782,0.04766931489272211,-0.24219852708268083
ET,2025-11-02,0.5994536976283821,0.08822864251880386,0.12424614247406696,0.07206920909117744,0.5988979896655161,0.08754070851307093,0.1124765260987175,0.07851063508235381,-0.10823152277045069,-0.06756741434880896,-0.0943009033811585,-0.30381400543822096
ET,2025-11-09,0.556218319785598,0.1276386038278994,0.09130469784544154,0.10761548599054462,0.532262641640607,0.09928663434832044,0.04085953770228209,0.035363391594880035,-0.16199683874220303,-0.02472210900651627,-0.054928212890637845,-0.20292092957891522
ET,2025-11-16,0.6120901837546708,0.17419099940119723,-0.3202531439205639,0.20289808783482396,0.6501308981258341,0.0011894386047929424,0.10867659410364541,0.028516708830639555,-0.09578339339395443,-0.0305265676486549,-0.13037643413945904,-0.271380613740649
ET,2025-11-23,0.5890296431327345,0.052058451581302664,0.040145834647147,0.11151602486248957,0.6137180123732533,0.09672027158290614,0.09099480082872181,0.03242897982793063,-0.1728679210894133,-0.040476811402097405,-0.11676553426664045,-0.3255075752851985
ET,2025-11-30,0.6131094736614825,0.12253391084822718,0.05645885818297499,0.08229477160142899,0.6234257273800242,0.04338269018130212,0.05443467418216699,0.0437531631881159,-0.07902189367469346,-0.021772090785060382,-0.11255514533728696,-0.3175478245424014
ET,2025-12-07,0.5910895423491128,0.1653403487359842,0.04777576781058452,0.12959478489641882,0.6623637642696811,0.04201525167161483,0.13512324132023146,0.051259020075421484,-0.13403057176008598,-0.07852700908543592,-0.08482381045406541,-0.40471322876576993
ET,2025-12-14,0.5854534996026889,0.10182487437305704,0.13390883957000185,0.13486083548075511,0.6231569311979521,0.07850923692844937,0.11288957998210927,0.04706587127118369,-0.1363708074889589,-0.06946556439392045,-0.11280308549502921,-0.3841285613839479
ET,2025-12-21,0.6079389560459086,0.06435775642086057,0.10274658558099875,0.10846591928062554,0.6193162596777096,0.0657591773375304,0.05055982635868545,0.07511930284050373,-0.07809291220975229,-0.02877244428715998,-0.09639188635816238,-0.32310496843968656
ET,2025-12-28,0.5477692431659518,0.08427355789784535,0.07487816776736525,0.13547024304862024,0.5627676100057614,0.12851532520476125,0.13338792514219375,0.0049992809071052234,-0.08740422134344895,-0.0956415531340835,-0.06677964178268427,-0.3615211938140726
ET,2026-01-04,0.5777893447021515,0.05398437661160806,0.07275067621463159,0.12163462615468786,0.5696168924903515,0.0773503979178871,0.07051819168293542,0.02695922085447661,-0.12019917220237468,-0.05328743287765323,-0.06547140788755465,-0.2877276105337702
ET,2026-01-11,0.6138248859787335,0.11898762425074527,0.08623715186618906,0.10314369407879621,0.6542089873969256,0.05704603080632562,0.1651821542926577,0.08183274380219568,-0.053045543529134306,-0.12284803182186829,-0.12866406721308632,-0.3677862763108743
ET,2026-01-18,0.5602017632982235,0.1715514421713935,0.06070521743554253,0.11722452871992572,0.6042012643155645,0.1451901390583364,0.10602774382556854,0.03532932637181118,-0.13662865816700817,-0.07480887785467516,-0.05834461690802215,-0.299018547453635
ET,2026-01-25,0.5664291346143838,0.03867613699797251,0.023975721624888664,0.1334349868321871,0.5472178395826535,0.06316255934123245,0.09162776336365773,0.04162332388460956,-0.11046114530089535,-0.01637816727611666,-0.0684223584652697,-0.26232128214498807
ET,2026-02-01,0.5849590393204469,0.07616026661817792,0.03570142136438649,0.11324777661826009,0.5947947373213529,0.1389197244054407,0.13336020341858082,0.008464770621443901,-0.08816485705574854,-0.052116105886370404,-0.07911734624846577,-0.3322118147139332
ET,2026-02-08,0.5811546173109902,0.21398945637112682,-0.3167963838757339,0.19572688331781812,0.6350327137428013,0.03248516836066132,0.18541411684124662,0.027900156057240992,-0.07828194649664826,-0.07844103218100852,-0.1691607382293306,-0.2658090394352796
ET,2026-02-15,0.554361329963901,0.09410633232474411,0.0946113145536708,0.1842921070457796,0.6001819732275065,0.0961405733434431,0.08524199705950512,0.08880922164404653,-0.16456633292319514,-0.08362125211851973,-0.08599659236966284,-0.3017776944752977
ET,2026-02-22,0.6068134344391151,0.040425613438279315,0.0711021586237435,0.09601639594926295,0.5900177351148779,0.0361265233768925,0.07702751720644749,0.05834074564763763,-0.11811942082164052,-0.04384386624143475,-0.10909150509544914,-0.2822452293474205
ET,2026-03-01,0.577517402156098,0.14301827188326455,-0.034439918983328835,0.12934997737153786,0.5937017784394693,0.0771758221356447,0.20207296775270597,0.08281493168128631,-0.03642565420429579,-0.06468574221000206,-0.09259629685872159,-0.29397145055177987
ET,2026-03-08,0.5793087754236971,0.1672506308109439,0.05812867201504424,0.062159281605550704,0.6046025150782125,0.1281372048717699,0.12854227331683982,0.11889100387774608,-0.03709936712447614,-0.013390888854397756,-0.08055566003509629,-0.3123436654910394
ET,2026-03-15,0.5555154419866483,0.15344087320272992,0.06927472477815486,-0.002748348910521576,0.5554668015254508,0.19851292621963387,0.17887419024746767,0.10767618121543783,-0.024155116324890286,-0.025790329838267977,-0.05219448349535795,-0.2916759950071398
ET,2026-03-22,0.4923142934623947,0.2348058040521866,-0.2815801245477466,0.23463336660436707,0.5587652492380171,0.04023089219960923,0.12256006574249106,0.1006121725082863,-0.11469980563580152,-0.058309101624003976,-0.03258601095899961,-0.19144836393017994
ET,2026-03-29,0.580487287430156,0.03847968795532368,0.07597450683597093,0.14191428105086046,0.5929543705639674,0.06807534137266835,0.1423743895937846,0.018137030347423512,-0.14716452208235747,-0.05904116140121299,-0.06381879423492724,-0.29953541446861565
ET,2026-04-05,0.5855163458115724,0.012774202696803504,0.06949221736904461,0.10916007834559148,0.5290819918303841,0.09095452097342552,0.05689713074117455,0.04678170647282927,-0.07023662399517487,-0.020084361651353657,-0.05508704781325235,-0.23025455434702766
ET,2026-04-12,0.5834523352569448,0.1726184240138787,0.038192230487756613,0.05440698270865718,0.5814213421794374,0.039829595734804414,0.11105172016319473,-0.006964870263785557,-0.08318519027247638,-0.08070017939308528,-0.08435137436944422,-0.2275969637906335
ET,2026-04-19,0.6016846348375762,0.07550047500612184,0.010932886492313174,0.06701965683971454,0.5768572821771902,0.05936429072748317,0.05925683786169364,0.025967065056775877,-0.09515820787793712,-0.07815591554231913,-0.08999585154011605,-0.26289278383570536
ET,2026-04-26,0.6747408507358369,0.31331296366821465,0.18687214526749257,0.1274463368892272,0.790500900597773,-0.039187097980421096,0.23790774258382086,0.11305279752853543,0.05649994696184424,-0.0391756679668991,-0.10757022087109262,-0.3611600071522756
ET,2026-05-03,0.6128438665630881,0.10342957203997526,0.04520716134438985,0.10719481271002154,0.613932395562517,0.05239856739289539,-0.02760879339332992,0.08235268921802466,-0.07196908746059076,-0.009265275952192887,-0.09408710664290405,-0.3201106849576562
ET,2026-05-10,0.582919393227779,0.12618654525265038,0.0769945148440081,0.12906789970745156,0.6094794450257959,0.07500895848081009,0.09113792224056202,0.03157968590187194,-0.10110828162095596,-0.06115853826480785,-0.10713144135970026,-0.3398672887054296
ET,2026-05-17,0.607947235791883,0.039891686269030044,-0.03691328113457941,0.07853646354256084,0.5339093673108501,0.010869652138715298,0.07735269422538492,0.039057381673174484,-0.05733783319161957,-0.13987309021853653,-0.11854353739736156,-0.198987387995629
ET,2026-05-24,0.6085784953922034,0.14029232373932965,-0.20867341399293118,0.14811102698410586,0.6493831447883971,0.03431506936420854,0.15653599912031066,0.0632743623603248,-0.13270977673363754,-0.025910080019907973,-0.12717695333078666,-0.2971263886090537
ET,2026-05-31,0.6603584517402001,0.1882199581102489,0.08542882546031716,-0.07740205399856051,0.7290190785806225,0.009946355978180598,0.2531386906347601,0.09182210865003204,-0.08363338856439484,-0.13815599137076526,-0.09147187880769536,-0.448838301989853
ET,2026-06-07,0.5575180039040752,0.052257684039041276,0.12304377041149706,0.16917343548722133,0.5734226671082766,0.10672220660732355,0.11800925623808356,0.06969092908737518,-0.10143450828745418,-0.049756554535735374,-0.04181107407446113,-0.2945603556204994
ET,2026-06-14,0.548466286728678,0.08122167259024253,0.04106620810814465,0.12205198150118839,0.5264432179709488,0.08729807966488519,0.03905731701464438,0.05922983085841674,-0.10299780697203083,-0.020559803860064174,-0.02311084278035958,-0.21960774911763767
ET,2026-06-21,0.5722035856134681,0.10290050168468017,0.11162370166823496,0.030656816169639424,0.5589842519419492,0.06930035731310513,0.0621242649713658,0.03881426662869989,-0.20802539069504716,-0.10148357378365763,-0.022871147249032883,-0.2786399349999745
ET,2026-06-28,0.5895287280652518,0.1497068448826132,0.11031341478514058,0.14345350168746732,0.646816031177974,0.06785666080481799,0.133156861700937,0.051078692651632444,-0.12013441932055695,-0.07037543972920393,-0.1076058952429618,-0.3670577625016903
ET,2026-07-05,0.523145360220482,0.10801749444487568,-0.017836598082179893,0.11813684161654,0.5400092277890792,0.060461643298208995,0.12038379056226445,0.07164945900870696,-0.12961984309922542,-0.07905028599359686,-0.06838239415466763,-0.269396192942765
ET,2026-07-12,0.5516747570825582,0.027497667446074174,-0.027819183592326026,0.1562597331079672,0.4975116313120457,0.023099008730538367,0.07269154112487562,0.05211811350728167,-0.070857347396264,-0.05644295766302999,-0.04067257865130744,-0.19472366797701304
ET,2026-07-19,0.5702924615433026,0.11191556242112329,0.04133116193543998,0.10144045270922038,0.5641729379258136,0.06779534249373209,0.08682426661662304,0.044120224135264965,-0.0964607265838643,-0.05191736599434976,-0.05172638495640954,-0.2504120413854748
ET,2026-07-26,0.622992618862033,-0.0001624175935947474,0.13304142635550853,0.08843863697986656,0.5855337284688809,0.04247842570074402,0.05950717713842518,0.019548226733440803,-0.1384390922881557,-0.031512992074483624,-0.092199345060725,-0.27812087167232225
ET,2026-08-02,0.5914086879604683,0.03973346911712503,0.039304972166168864,0.1009175690657056,0.5674589292992526,0.05638775987897506,0.09855990352692132,0.07931084485544652,-0.09559192416186599,-0.04156973633831437,-0.08383054755212975,-0.261474225386347
HA,2023-08-13,0.5103927771684954,0.22500730234716032,-0.03848327588340915,0.20578589031575054,0.5209705974836961,0.18735977928027833,0.0936897258179481,-0.08505918529387868,-0.09902015483607932,-0.02223934839947314,-0.004511908605958237,-0.1814117578597816
HA,2023-08-20,0.44597200545010285,0.16973792231927498,-0.07339186681485285,-0.08444943374039077,0.40943889924905913,0.4482399271785024,0.1251610198595421,0.05997085465261296,0.12616771443277464,0.13532455415587027,0.12587888443695747,-0.16164447363793355
HA,2023-08-27,0.42460299610139784,0.2314949104762588,0.05077593950605049,0.1047578946512522,0.4277080739581759,0.261579073373145,0.14842961477192732,0.04730633000636675,-0.02344665742434906,0.06279629704683341,0.11316434675756105,-0.1169632001190226
HA,2023-09-03,0.5536019754907799,0.19777062127240366,-0.0061108946300317225,0.14405171289880886,0.5631557402858286,0.11501194271604612,0.028084616171827316,0.020440982560449402,-0.013114340461928315,0.006363877781002106,0.039610869164281824,-0.25973128141320995
HA,2023-09-10,0.5165076768563975,0.2528564369886113,-0.011166989920219082,-0.0035350502086623006,0.5244584594626507,0.29345784381830753,0.13048752335910224,0.07782333589044114,0.051466441944968,0.10869347636849191,0.10641473223405597,-0.18381293031040202
HA,2023-09-17,0.619117770599008,0.14541804328124383,-0.0038872846550093583,0.02597634439463527,0.5992336034714643,0.09624342672010448,0.06381222811334046,0.03341673338316283,-0.07589396590509118,-0.02493689891013038,-0.04960519013530467,-0.24799171438830334
HA,2023-09-24,0.504621237602403,0.16020616960504147,0.0817131853607332,0.07347641856659722,0.5494613662138698,0.2477581482694198,0.10297060222784112,0.048045757110128526,-0.11077250142015062,0.023708620143221962,0.004031454069410335,-0.2740860629048556
HA,2023-10-01,0.3909288130143669,0.197978810835883,0.1216436551895422,0.20382699759035672,0.38748140715658685,0.21326020484780792,0.09907421889929366,0.06685211848550396,-0.17147961635918765,-0.01398400133209619,0.10704898770210897,-0.07499488368927855
HA,2023-10-08,0.5298371899596708,0.2152422123884599,0.11287172048931354,0.11884425558554537,0.5469815511512076,0.12603611714873822,0.07268711906964018,0.06902553339507196,-0.07148450034672982,0.011804245647846668,0.04576860243316958,-0.20619497060348682
HA,2023-10-15,0.5507921685465933,0.22109051666663349,0.07253545218413926,0.11305537688458862,0.5883921270057718,0.10699942520396714,0.14921793445521028,0.03771669424162573,-0.03411970655201684,-0.019535512405755257,-0.0028117231331301353,-0.3143280179519709
HA,2023-10-22,0.38994189801816065,0.20458975176801747,0.16103495029039802,0.17982363520942415,0.4141541230299376,0.17093299985869237,0.16227764304927714,0.10360259424716013,-0.16108163192419253,-0.07564006630053918,0.07483612047041283,-0.16628725431735428
HA,2023-10-29,0.5339160712936434,0.2022599827455307,0.036979465697512925,0.15445331830570855,0.5324118836172352,0.09717489674621335,0.04788045535178128,0.07095908055878077,-0.055637671047629685,-0.02013257556669983,0.0302831770319149,-0.2059770113936974
HA,2023-11-05,0.5925317170504872,0.12116812935220703,0.04015670131985815,0.11781649873462126,0.5812388996185565,0.07812661461333571,0.028811123209967985,0.009355087415909975,-0.11166655081036,-0.032479068963670074,-0.04685192643594146,-0.23292156679786846
HA,2023-11-12,0.5808882316289831,0.30505783755010596,0.18804159489240865,0.12716858524307137,0.7454475571657576,0.1002355554123877,0.2813679145785596,0.022589833864092815,0.00909907797642789,-0.13043212235809903,-0.0772381663283349,-0.5741090331639193
HA,2023-11-19,0.51900017651434,0.32672975144152533,-0.3677197941381768,0.32920710526743385,0.6252167607716946,-0.001263453093598238,0.12397909874127622,0.06825818100060278,-0.09797486370005298,-0.03730794568026829,-0.0627316945090778,-0.18969400034968678
HA,2023-11-26,0.5857092448044157,0.2408613265923747,0.06535969074862558,0.05539535426882478,0.5856991294309971,0.07362908717080253,0.05675880457455549,0.049432309537813454,-0.04943856747463919,-0.03890066541655871,-0.01065090975754632,-0.22239264942514528
HA,2023-12-03,0.604349728338224,0.2197100460755455,0.010494390265697632,0.051393626363678516,0.6255610539485902,0.06981743826637388,0.12153338875311495,-0.0064867503278992515,-0.019295501213393507,-0.00669838888974751,-0.06411834903815043,-0.3249182638771251
HA,2023-12-10,0.3888254640663488,0.09174780268076943,0.13689991969960283,0.21781252189116054,0.3981887675794449,0.16576441320645993,-0.024507406910549926,0.07145482695683504,-0.20304394282248245,-0.0764741030828121,0.06250165228972841,-0.16611769425660716
HA,2023-12-17,0.5555318304469667,0.08572553264494875,0.13671862498703258,0.101006864128016,0.5977946547790676,0.1291621392961831,0.1702166683816118,0.11568573522506506,-0.05889816297887392,-0.10021989149447749,-0.07628811646568769,-0.3460791061463582
HA,2023-12-24,0.5596937722325124,0.20330319202310324,0.10244093144269828,0.1625132093547002,0.5760657748871244,0.10088281162865984,0.05311704537890167,-0.025655137912209823,-0.02633310022002757,-0.009557328903732253,-0.018298306334456994,-0.31246374319936443
HA,2023-12-31,0.5352053970170736,0.21028417294677715,0.13334664124983547,0.13288321320058857,0.5936974219407704,0.12836620114145214,0.11113704481551197,0.061913376220376924,-0.09124635309151434,-0.037006741648236134,-0.02146330259522108,-0.30588771354410227
HA,2024-01-07,0.5101624006737584,0.1587433293116069,0.09316315730658724,0.10719335826880473,0.5076552576682717,0.14099249188952948,0.0678007074688159,0.06405833829527109,-0.0981637162460423,0.010549102639980988,-0.0034495804074782424,-0.22929773868824885
HA,2024-01-14,0.4750651206307519,0.1632696173165906,0.047506477449822684,0.13623295205578642,0.46692660777281425,0.1364796032091584,0.051374783268857936,0.03391963515053112,-0.07489168312991333,-0.041130771669579375,0.01978815987101806,-0.18829254162486306
HA,2024-01-21,0.6726534334862678,0.205699002222517,0.18357391945238064,0.12190880196625817,0.7199257218444909,-0.026300945728732126,0.13432632508998127,0.008496821126163772,-0.022758899356311632,-0.07035863228700627,-0.137723517363239,-0.3776943237010536
HA,2024-01-28,0.4940169424337162,0.21524730268137918,0.07235940973622604,0.1911680174588941,0.5328193852249192,0.16921602430488644,0.118553314802738,0.06910932234542669,-0.1460739094059171,-0.020837847667050182,0.0429506729570282,-0.15998580468265208
HA,2024-02-04,0.47817837150622716,0.1379774537490727,0.11600876062719484,0.18743698741320194,0.4756040562600381,0.15037127800856787,0.06650533518976096,0.09354500071973487,-0.13633688928238066,-0.05234121969920971,0.0543678095196141,-0.17714939224165874
HA,2024-02-11,0.5783939669152307,0.2891136582271947,0.02547530749555023,0.13034476259197092,0.6546716192144942,0.04590455254127049,0.10151620416090741,0.025527769717226475,-0.02872026854489443,-0.05653331322913568,-0.038232546107571895,-0.36516235293611793
HA,2024-02-18,0.5610180760128879,0.2869702235740019,0.15958268572946585,0.23913350122224053,0.5959213020079125,0.1220827210908123,0.1544237446605897,-0.18466919037774035,-0.05751091149207353,0.010755800271146117,-0.0685155765262031,-0.23781032821685433
HA,2024-02-25,0.4676666488104703,0.09658910171356969,0.14508395643594185,0.22614115314542546,0.48702655637428693,0.0990953680798235,0.07443907038595468,0.08013426517378444,-0.12582013741093703,-0.06929471613200015,-0.07585583147337081,-0.1972291807892081
HA,2024-03-03,0.4092928686577976,0.20797806175347017,0.12879583260313177,0.19777468004162532,0.46798019918549805,0.20663594315330783,0.11521753986077592,0.12829241758870702,-0.15046318494006186,-0.03432262407157453,0.08185043657344249,-0.1821978205636867
HA,2024-03-10,0.425382113250293,0.19381023207781645,0.07072257747330647,0.19217876633053774,0.49248927717045343,0.21495281048924011,0.16509366632445177,0.09192652503846413,-0.1920744507327384,-0.04309574269920109,0.05286879004081569,-0.1928753901642982
HA,2024-03-17,0.5021291142714458,0.2035289644485046,0.05978870963454511,0.14723239780998038,0.5138833607276979,0.14742295455446291,0.010222749111934609,0.055640046030739604,-0.0853261468087402,-0.07960204278677661,0.09866412683417312,-0.21106583485740665
HA,2024-03-24,0.4982131813593947,0.2190395822758087,0.059927905915300735,0.17352146110674913,0.5594956054904774,0.16110163998588198,0.1622941994150228,0.04613260935138868,-0.11033278834804396,-0.06790783576157154,0.004917761619916388,-0.28417273505924506
HA,2024-03-31,0.5541042044520005,0.371312302060132,0.06897390012972536,0.26010026425515204,0.6720496297813551,0.11356582724724104,0.25306274509802895,-0.12192153815887109,-0.04487173781559711,-0.003271476332859215,-0.07305867875050784,-0.2947584986025905
HA,2024-04-07,0.45562643622772714,0.18393356001994388,0.12304725264693107,0.1571082111628576,0.48381108433196135,0.2057710083456263,0.09078261697786273,0.11527307531846465,-0.08633905511051644,-0.037524943109999896,0.07998143249007064,-0.2067824309343032
HA,2024-04-14,0.46629270661191086,0.19610160131268184,0.07021408599221075,0.21467925040596106,0.5254029432324532,0.19254336430707675,0.06503057329082183,0.10933109912226595,-0.11887049591505305,-0.02234177581391671,0.08615976064521612,-0.2013453952483286
HA,2024-04-21,0.5595813314786889,0.1974999013055719,0.13787191020906023,0.19919045258690846,0.5934970010570074,0.06722684364406553,0.056050546670864836,0.07516529608301663,-0.02621838257815032,-0.022122473100630636,-0.06555627072403722,-0.24095593429244896
HA,2024-04-28,0.5228981566530284,0.2195185265105257,-0.016551479026931853,0.2171592085113949,0.5602573203939716,0.09508180315192022,0.07105165960907114,0.049998459577436496,-0.08561498219424063,-0.03905456363547542,-0.017390590659028052,-0.217637295578649
HA,2024-05-05,0.5536733857146772,0.22451246860550075,0.013297508017620984,0.17796131099060408,0.5768088003047557,0.08929536689166459,-0.021247174760537033,0.04286286428522725,-0.06283032188079862,0.0004557769404791971,0.0275821287679039,-0.2542549180279579
HA,2024-05-12,0.5176584479698675,0.25782420806558,0.11350415274168378,0.12620554603898043,0.5950010013275467,0.17055844618000834,0.21193046785650732,0.023922143604899106,-0.01504995088031903,-0.027132054578889675,-0.034006513125598506,-0.35157469193850527
HA,2024-05-19,0.4578199272389475,0.15420544020363758,0.14445995578458168,0.24574532941611202,0.5332838383742197,0.21378361080562133,0.08467376313444606,0.08549924081669195,-0.2214292280568723,-0.07529047071752575,0.03675118757352226,-0.2503618215317522
HA,2024-05-26,0.4664222764593864,0.24308420497581965,0.15636274041561748,0.21084012157529994,0.5310838789943743,0.17715900175975785,0.17331229186493904,0.021890270699814647,-0.11858478889621286,-0.028873877887711223,0.006152767906119715,-0.19737526161849184
HA,2024-06-02,0.5286773335493153,0.220635404964053,0.04698049252503627,0.18405398101202383,0.5404934404641834,0.07935254574979553,0.0537422576607261,0.06817844200944694,-0.0672652447953757,-0.022569246226654988,0.012195512319781093,-0.18374554707204663
HA,2024-06-09,0.5233414043948894,0.30875800747536647,-0.39514148822543216,0.3443709500092983,0.6786906718010638,0.12488411841993524,0.07583922736538355,0.09278639854025697,-0.14341009741334956,-0.027449444413741416,-0.011935663816539684,-0.24357921245682662
HA,2024-06-16,0.47715061911426765,0.2224002269336469,0.08892352667653539,0.16661656580902476,0.5222231908478031,0.1978916782189937,0.13219566668291158,0.07903054738729996,-0.10442147143334563,-0.02030746064197561,0.055370941301438895,-0.21197661160415057
HA,2024-06-23,0.4984805406312947,0.17793948748114535,0.10193607953266098,0.15284078327330222,0.5038981167245004,0.129045520305817,0.13086086116713985,0.04193962767534166,-0.0538278146835831,-0.00988489198536863,0.022820082457521516,-0.18309103251982364
HA,2024-06-30,0.5439360007093751,0.2017287984775642,0.06553862921793915,-0.03120564377463003,0.5714932769285228,0.27451657042506195,0.14006568933441405,0.0488879837085531,0.00945950917419301,0.06778183644841503,0.03540574723450031,-0.290477215116969
HA,2024-07-07,0.525673333868992,0.16276335478972442,-0.049661935818476596,0.09854814982110807,0.5289461173109631,0.17893712125992478,0.06360609018232048,0.03371020661057539,-0.12695619092437732,0.005444407484971013,0.03663194320534052,-0.18829987339900345
HA,2024-07-14,0.5229543441480529,0.20182535193301995,0.06252263322688803,0.13875993449966703,0.5333714013376915,0.16108380745207135,0.0963388923516246,0.019313666839016294,-0.08047934476827642,0.014488021706996585,0.012935472832996066,-0.21282299040548947
HA,2024-07-21,0.5558354059682753,0.24499914045498752,0.08844600093892707,0.15142047485928628,0.610155879895604,0.1350116807674094,0.053804321842297234,0.04178507564145057,-0.05781184007442575,-0.02681649830586118,0.008669710106755824,-0.31139525570268095
HA,2024-07-28,0.6301108913199744,0.23053760566005008,-0.1428743632545332,-0.36860701028436355,0.6115775372620315,0.3980961276686926,0.029814697153373773,-0.027199147101075415,-0.0031953359920591216,0.262665204726332,-0.02395467731666209,-0.2730571017690666
HA,2024-08-04,0.47271952356352526,0.11403889682573298,0.1231148681921402,0.18221436555880652,0.500533933247408,0.20857889869040083,0.05990617017905418,0.08026377272243328,-0.16356904859056443,-0.042866814905890116,0.058723746804260804,-0.2136345220810971
HA,2024-08-11,0.5418428070096967,0.20181151528292635,-0.0431574763421157,0.06408575892119077,0.549188302488054,0.15564348490882954,0.11680014527935802,0.0280087915258536,-0.029046191589616598,0.017928334060779146,0.014167337720866879,-0.2072013850505025
HA,2024-08-18,0.536770480940356,0.1867882689833896,0.04847645510667353,0.12382301445206415,0.5480454368447575,0.12816864961699287,0.0684307542396536,0.05979199010426186,-0.06275418955474894,0.01720726838773962,-0.02866206876210183,-0.20602138732690795
HA,2024-08-25,0.5818449973728782,0.22393965671903898,0.11066578814205935,0.1665425934790204,0.641428258156927,0.040565809750212,0.09520825602038337,0.07324796774544193,-0.06629111094750827,-0.036845297695460216,-0.026596311186833334,-0.31339349213207346
HA,2024-09-01,0.48531043263575036,0.1856051453767965,0.05818810014305508,0.16124125354586463,0.5225200846790982,0.20886791367872087,0.09088272614528213,0.129900272253578,-0.10865875767016651,0.0002851505668171871,0.08108998043732413,-0.1956455851448739
HA,2024-09-08,0.5159294541228927,0.2061271049944292,0.14128342707677938,0.18259790028290618,0.5580030359011211,0.08923520027236553,0.09046887679525828,0.0946398015040142,-0.1299814889596858,-0.06473420386340953,-0.013425828725278983,-0.2691068365890933
HA,2024-09-15,0.49315380650244833,0.24548032506179632,0.17493442319528543,0.20194810269897362,0.5764066599334151,0.09163478877264836,0.11792861639205243,0.07963603188071972,-0.13228938178442776,-0.02778295394407976,-0.007499328880729518,-0.2569044381471592
HA,2024-09-22,0.44421593330127584,0.19990058846578487,0.17290635913627753,0.22434771411852647,0.5090122968664837,0.17104342325053748,0.11753900645903359,0.11554652071648003,-0.21073208232127694,-0.05500658596075892,0.045931277354576666,-0.19063518677896166
HA,2024-09-29,0.48524482047438255,0.20737022090167426,0.13731038625223796,0.2058685324839274,0.531067586440374,0.11677960384164932,0.07791736206764895,0.07055183951878274,-0.1976647826823791,-0.01964786635838217,0.025641315532307828,-0.21232302811617346
HA,2024-10-06,0.45116808928433916,0.20942939129949714,0.1387732544346693,0.19687008724935778,0.48786625958325697,0.1865745415129661,0.10806223843980754,0.06968926982388524,-0.18818204496228633,-0.04354632909047834,0.05258748551467951,-0.16799329442272476
HA,2024-10-13,0.5185190896920627,0.24199876720448366,0.20333161418909199,0.23659647398216796,0.5892781393137532,0.12112183806082853,0.1564652631010374,-0.008455727381691636,-0.12512899224361282,-0.09202774882021487,-0.024528734709538463,-0.2772683243843157
HA,2024-10-20,0.5572028364262949,0.24738051409187498,0.1543487359594283,0.17241648421035816,0.6360978681586552,0.08560476595427984,0.08026471449045999,0.045689160045732154,-0.18503113196415885,0.015312989171059822,-0.03006268157613674,-0.21273840086459694
HA,2024-10-27,0.6112232322394492,0.3442649579382754,0.2719179414741755,0.24059027386579354,0.7259524859262487,0.024558360063924322,0.038345764198750416,-0.11292292320954288,-0.010005094340882302,-0.011274818892405893,-0.12791291143467673,-0.467456910966509
HA,2024-11-03,0.5140671363934067,0.21510445271704434,0.12023415936905386,0.22550437157418493,0.5598439040079848,0.1325269283722814,-0.03559789414750541,0.06804934666151677,-0.10010423049065824,-0.029301415131979907,0.009204681760635703,-0.267188957717398
HA,2024-11-10,0.48462624121704845,0.1483395073263829,0.08096500802321822,0.24776761372904507,0.5352012567238439,0.16801503063838727,0.07683569954909686,0.0705594690439562,-0.19293306013730288,-0.05396053293610657,-0.004318598165799262,-0.21909144383343515
HA,2024-11-17,0.5121988605054839,0.2003216986097811,0.09961268736855512,0.1611893589202347,0.5376821433021065,0.1354330569910167,0.09521388707881967,0.03267932398917313,-0.12055369991445247,-0.0076777349836608865,0.011567440376768101,-0.2210929941003737
HA,2024-11-24,0.5384424191020162,0.25903049352590457,0.202418926760213,0.2355231827570818,0.5834748860811337,0.08700198193972335,0.16303802951976043,0.030062269583717473,-0.11396258625174027,-0.06721066403592256,0.02974876224661353,-0.20843435330918614
HA,2024-12-01,0.548054339163537,0.20481839827815093,0.06742633030469335,0.07727021885767021,0.5679528113415759,0.14493599755490544,0.11025494570243353,0.050504798482822064,-0.07108334226057325,-0.00840507659819887,-0.03417742606982491,-0.24169141256703197
HA,2024-12-08,0.49830219089491534,0.20417489080042006,0.039897729761721144,0.13202171805438268,0.5388567994495946,0.2533113757928711,0.14888690742688246,0.03330690063907292,-0.030735063811335596,0.05233177184979635,0.058037336354383864,-0.1859776419174389
HA,2024-12-15,0.6447741805143239,0.355918966371237,0.20661720485389093,0.1951774259167915,0.7572564504980701,0.0352333472763656,0.22159935169153486,-0.1662774285540147,0.04948933917569325,-0.07418850659092162,-0.1711142660005655,-0.518174302423536
HA,2024-12-22,0.5497416017238147,0.18812822729133108,0.16527142898045935,0.1321904717512129,0.5747587388573298,0.10875352220187799,0.10796416141749958,-0.016054202924819187,-0.07420313970247637,-0.01631964066279042,-0.03283248815135731,-0.2770609250130531
HA,2024-12-29,0.5438833353579466,0.1581144870453898,0.11189384763189551,0.09264335451677687,0.568569222814253,0.11707450813895642,0.10435817634615094,0.030282732013202487,-0.22268466085737393,-0.17664893502688575,0.06570888430473325,-0.1871668441823623
HA,2025-01-05,0.4986153437666096,0.20502971300989242,0.11354311241825847,0.1845939626202573,0.546448506810416,0.15923443691856384,0.14628521268874403,0.11298864282037327,-0.16841525854985342,-0.04826901839798326,0.06867089288758023,-0.190712288498073
HA,2025-01-12,0.5308382336840969,0.21084114702053586,0.05277389146485505,0.11869680367532212,0.5702375902286971,0.15260846838874764,0.09672019288620154,0.015989686251352504,-0.05480323436707471,-0.0031240704245505293,-0.026744120023828782,-0.267531865978204
HA,2025-01-19,0.4881791271839102,0.20007634546350125,0.12520918635382652,0.1768090790066679,0.5172185026211716,0.17471430114807163,0.1087059680035897,0.1363429867080701,-0.10564294883139119,-0.02761792287497697,0.09521812857937953,-0.16436846991310572
HA,2025-01-26,0.4766408778369482,0.15999716241692355,0.0928506899358673,0.25074156546658033,0.5026681213788878,0.1434663985973838,0.03417278205484298,0.011064811562187131,-0.1576575247509112,-0.047424328929821104,-0.024800044759437905,-0.1797426249108354
HA,2025-02-02,0.49303567689974104,0.20811744416731556,0.12306801174209006,0.20563374794060044,0.5195694350049844,0.08292540825733626,-0.041993405627584066,0.10048522836889026,-0.08198131977589522,-0.027521804901731808,0.041815144754578815,-0.2119228452305641
HA,2025-02-09,0.5395282984095158,0.1817057333047355,-0.05544159915039422,-0.14000239053397287,0.5389619218566588,0.3049648050662185,0.17908381222543587,0.032813302225213524,0.09804193545860038,0.13482001621040077,-0.0522298899789538,-0.19837773251322194
HA,2025-02-16,0.5400642799621714,0.18676259106192775,0.016164482843987082,0.1837132262169565,0.5625177409510878,0.09936847583643302,0.091793713034591,0.03343069993341546,-0.06546590964912519,0.0002657300775564811,-0.022756233467929404,-0.20240736838071416
HA,2025-02-23,0.4975635674569451,0.19135039466459441,0.030529876563078727,0.22488283108331572,0.5115748565929007,0.10902962866066576,0.03864324930854269,0.08129102548076797,-0.12318990866344033,-0.03126017687628149,0.03916859844192816,-0.16783433058690142
HA,2025-03-02,0.48946940222753127,0.20689906183078544,0.004289341075326115,0.2081227406887399,0.520306073680329,0.14940249072823314,0.07502575457844005,0.03979652591488894,-0.09749998862913394,-0.031125417293239754,0.03998002506323094,-0.20875757092372713
HA,2025-03-09,0.5292888167463449,0.16464534855816335,0.0983937303607001,0.15623014996229032,0.5464603247500899,0.13097862578905506,0.11284940923757215,0.06363787222475463,-0.12732789240080492,-0.04261396148125113,0.01115771521575772,-0.21036133509783678
HA,2025-03-16,0.6304904974116191,0.34573420127740184,-0.16304458591649018,0.27401577145646633,0.788392502674396,0.006567640871035886,0.16636911439326424,0.054884966937745534,-0.044394961384114924,-0.07202670500924241,-0.10096840579485128,-0.44412295402565194
HA,2025-03-23,0.4708145125651324,0.12708117947254802,0.1330606379139791,0.19342536746155045,0.48551540697464357,0.09610954801177755,0.09367306404958252,0.08154973950633633,-0.14893089128805195,-0.09672735703776644,-0.013519063597705753,-0.21817005094938433
HA,2025-03-30,0.6241139820026056,0.2593423528201316,0.14043969971864875,0.030167485006120973,0.5797418977090358,-0.06817198126840934,0.18216882158291237,-0.06826291531950716,0.007923915603824543,-0.27682305701053284,0.12456381289396401,-0.21355446282878213
HA,2025-04-06,0.5646824989565896,0.26672154264243303,-0.2944715827749416,0.3004517037870554,0.660143349042642,0.0506501444323867,0.0993772981224718,-0.001241624403050895,-0.0835285568095461,-0.009315463235131115,-0.03764361728315258,-0.2524195725625586
HA,2025-04-13,0.528884456938201,0.214815908549295,0.1321406162848829,0.12959641692156484,0.5386790600536833,0.06934576498095124,0.09006243878443021,0.1390547833188095,0.07562230630730549,0.0315319837586964,0.020780531020281438,-0.16986117165630618
HA,2025-04-20,0.4704212424920753,0.1834660006661818,0.12460516812634731,0.20448747984384602,0.48696970928599226,0.11196902624056809,0.09068533125589855,0.010797796307179423,-0.10197855104877772,-0.016356881231366648,0.028277414700606313,-0.14451642557952593
HA,2025-04-27,0.5317099193652709,0.1740678199657297,0.09582592716731755,0.09179384253721225,0.5360409004103879,0.0571700834668128,0.06474379915609205,0.01047916766703208,-0.15159655689996376,-0.09905666289240243,0.02816829922613051,-0.24340413253533985
HA,2025-05-04,0.4075575469403178,0.21392302831383145,0.15013026111355698,0.22829965753173104,0.4078056857332181,0.13989443982501465,0.0942930206727613,-0.031187939694734094,-0.15252518666099343,-0.021518872316659388,0.04096099367221374,-0.10107041198814733
HA,2025-05-11,0.5361874540567377,0.22986823231936684,0.13340616455824464,0.18857959752308118,0.5691766260157359,0.09870631108133222,0.09792899066497948,-0.011305901900909047,-0.0658188209883419,-0.03281706202048885,-0.03441122913251248,-0.21197069502809066
HA,2025-05-18,0.5572773771876915,0.2306569643250128,0.07008419615537881,0.17195076751207333,0.5990299192734867,0.061798891900588335,0.07579863583023486,0.0029952157940129464,-0.0802468061035565,-0.02625980482547436,-0.03091403508022441,-0.25334543959103756
HA,2025-05-25,0.5623178887836415,0.17446160853717213,-0.004782387667483218,0.06151358217935531,0.5553665207464116,0.1336271075167613,0.00786898747930954,0.026144517431669484,-0.0791924058775359,0.0101885222129749,-0.009568618828427158,-0.22681907472028742
HA,2025-06-01,0.5423621929436558,0.160738304761526,0.11799367196030203,0.13517714477367096,0.5126331630127213,0.07396671308735785,-0.04037039774237502,0.06059200926541491,-0.07168134154480725,-0.023368070272977562,0.02325386096474164,-0.20811931295773647
HA,2025-06-08,0.5127753147128467,0.18387838380620455,0.051659956468969793,0.15082781519552496,0.5632562865191924,0.12833451782639274,0.038722786527056866,0.03892854299772438,-0.1732499117623108,-0.06736795182045106,0.026605605774879994,-0.22378052911219684
HA,2025-07-06,0.5484676796970881,0.19483247887562732,0.11659871960941089,0.16557355025023296,0.5872046759914131,0.06895599460442839,0.086590825099957,0.06449734425258355,-0.042021276814527726,-0.06117322036408325,-0.006883722134900432,-0.3032444097892437
HA,2025-07-13,0.5106836759818576,0.24376955249519844,-0.06781492114833715,0.17773302773709276,0.5627819353887675,0.14012574767304253,0.010667926012622118,0.06776571654465809,-0.06030389842716146,0.026319474824083717,0.030115113704003032,-0.21880679622439136
HA,2025-07-20,0.5137247060064049,0.1537638274102094,-0.004289359237981366,0.19275868856527173,0.5205755578481273,0.10709059708620783,0.03844661660564368,0.05403158935100493,-0.11063604163681383,-0.02930664385032439,0.031954744792624994,-0.21100346219113442
HA,2025-07-27,0.5351004431328756,0.19292235518321663,-0.0010224505625068662,0.12286787996577318,0.550231280182444,0.06740273295827927,0.08457124684321296,0.0796376664876518,-0.14705287867797429,-0.0035768189928957815,-0.0029260946122531407,-0.2501451152495996
HA,2025-08-03,0.5211410068957828,0.048642579956652124,0.12586241147004842,0.20576705977945994,0.5111539950324748,0.1198870634202717,0.0579500061346992,0.121987036357431,-0.18112236646748517,-0.10997427890840232,-0.014318779235280193,-0.12183871932382019
HA,2025-08-10,0.5323143860096242,0.1617565138397706,0.05515457648932192,0.17300514553541035,0.551454112058344,0.10789153516435339,0.07782304417567089,0.05810280224977553,-0.09561903809814422,-0.03616999163257542,0.002037478724247888,-0.20696631843410412
HA,2025-08-17,0.5254296423255526,0.008332911997653875,0.014057169836231198,0.15836989382392166,0.45364052358963514,0.10641685982511341,0.0846340570217246,0.07500563683193369,-0.09117256271847933,0.003586982498691128,0.05988026741488837,-0.13195997347590038
HA,2025-08-24,0.5387235826899136,0.20624695204729826,0.026713140529963833,0.13471299659097236,0.5568234718663075,0.11462347506939016,0.07221037142487957,0.05204846095916841,-0.08028807074745123,-0.018697363737802772,0.03339569577203771,-0.23829765692701946
HA,2025-08-31,0.5429234677685497,0.22968358108576553,0.0637863260298587,0.16613451846965022,0.5875150299563232,0.10330764531936457,0.08905196332447261,0.04191653599629567,-0.05887289415219208,-0.015899299378936103,0.007180110184949652,-0.2565551943977226
HA,2025-09-07,0.5424591141890898,0.2278851131621864,0.11937789412026684,0.18614925814060979,0.6008503567600124,0.0941196501363482,-0.017941754536747023,0.05017961044262561,-0.0425911380206462,-0.021526790675987454,0.02396837082291721,-0.295578641606448
HA,2025-09-14,0.4750230275368315,0.20590006794636734,0.06550088618562504,0.17796185786216073,0.516525927214377,0.14216645471980202,0.07631301564294901,0.09285524596388985,-0.10759682764747842,-0.014237818667482012,0.03499505393280293,-0.20070424638390572
HA,2025-09-21,0.5707549691893679,0.1764111598593232,0.13681665410810356,0.10771144106931205,0.5597184670031768,0.10287105268522401,0.08239543174012708,0.09107919935954832,-0.07269115644858537,0.024409493865198202,-0.0018781176819496863,-0.22009844154145336
HA,2025-09-28,0.5801461086935747,0.24475231764947178,0.10390389157283304,0.038151068830143395,0.6251626731011856,0.16031872298966857,0.18413746189082922,0.03748675397787994,0.09248271010299525,-0.006815422790932969,-0.029847232850105185,-0.42978530292588457
HA,2025-10-05,0.5205822278318527,0.20445473916235732,0.03629712514483458,0.17324827326510783,0.558591760368181,0.07651615649626133,0.061912046642047754,0.08262971627439078,-0.05719216009005388,-0.029661946798353996,-0.007216251032727076,-0.28198378371587907
HA,2025-10-12,0.5374279341657132,0.2212817700043988,-0.046770742401783506,0.13172694860982723,0.5398570430287847,0.16294091591414572,0.05215244527526819,0.05837340577045048,-0.05160064038223721,-0.06701152703362075,0.06764201921367098,-0.22457892509480812
HA,2025-10-19,0.501389061009872,0.18002107519091587,0.05015286073136733,0.16260620512664348,0.5035017925076487,0.08517826036657274,-0.03159280744120252,0.0916468135413923,-0.11269028096239928,-0.013824722749787133,0.03334000888888632,-0.18761271066827617
HA,2025-10-26,0.44937654492445317,0.1989657895023003,-0.16122106346489584,-0.4356349377603086,0.3562661047218115,0.8504482780215084,0.1817821733331713,-0.024297802357714313,0.44034954695120365,0.36035647421891454,0.21653931671552765,-0.20436058875073598
HA,2025-11-02,0.48335719498695795,0.23836853647621728,-0.06280779732206426,-0.12171756770511713,0.49899126925151466,0.5008018731845295,0.16951230942815054,0.05729234551052101,0.1455067296482194,0.17721268341448868,0.13501791381005523,-0.23051613897253997
HA,2025-11-09,0.5845314652282794,0.22043802733467902,0.1146593829129828,-0.036940068519896695,0.5850261705747257,0.12884955368131468,0.1777902041352614,0.07066423961040957,-0.05827468536238061,0.09868456489481607,0.020397522344692085,-0.2346442188665383
HA,2025-11-16,0.47496159056140846,0.20476177089545872,0.07631104003729687,0.10387980776605397,0.47750495963450057,0.19523335511986267,0.15968285651193256,0.09912521347559723,-0.08316746118646638,0.004501560091253352,0.062116396153691134,-0.1405065786148743
HA,2025-11-23,0.5361538653878103,0.274146605890457,0.19193603891793107,0.16290671961707984,0.6318101489715123,0.10133373242577869,0.15787362301639093,0.03397275814362085,-0.08019810608679116,-0.0368313662377703,-0.018435397644250694,-0.34869566897027454
HA,2025-11-30,0.6105400420820174,0.30825752539295104,-0.043444527894056256,0.1788047180771579,0.722136110424292,0.12197752499710264,0.08327078093484847,0.06375760724510639,-0.0019225871297871807,0.033689321662236905,0.05161443471845214,-0.3253213483088658
HA,2025-12-07,0.49919212844292693,0.18501603147818296,0.08057164431584395,0.19580139743751426,0.5282379499494785,0.1486281796489236,0.013795446284017503,0.06974190841011581,-0.07803835583281875,-0.009617191102786265,0.0340351779867879,-0.21755314805053744
HA,2025-12-14,0.5343219673297142,0.2073459818534968,0.10844298674571831,0.16194409019083175,0.5823331034397372,0.09205813175522688,0.006772824990710533,0.06583334522124126,-0.1017082663357859,-0.019027391676067026,-0.02986139863853212,-0.2884239862748404
HA,2025-12-21,0.4516659856721999,0.1547313272028746,0.10220539906369601,0.17078846497395286,0.4707345531015233,0.12344976532194023,0.009501253930335242,0.11959022321052355,-0.0981365957742324,-0.03897894626051536,0.041208238009668774,-0.18655379486044615
HA,2025-12-28,0.5303936700593173,0.11820373627681433,0.0776259017288923,0.14351652326907482,0.5383351547458328,0.1344618542971996,0.02526264986773759,0.0156384805190197,-0.08984419128409697,-0.006088815722611856,0.03396585788806248,-0.24278939423567875
HA,2026-01-04,0.4736319610568818,0.17161794810205414,0.16438281337173435,0.22613720089624917,0.5625814755685514,0.11809135905282159,0.17324431656193642,0.06826143730980808,-0.1785630138627719,-0.11384729327373892,-0.02561268373541659,-0.29284664202433414
HA,2026-01-11,0.5152904354288054,0.14679435138475613,0.16760559929855293,0.1948991183385393,0.5444943622087383,0.10308259612329079,0.09248059851248802,0.1033551674690035,-0.11675487132704859,-0.07576824466240606,-0.039310065680926556,-0.2731386931493331
HA,2026-01-18,0.462539090832673,0.15565301373025553,0.12438991226843518,0.17407132626080563,0.4678033194592991,0.1614582634278045,0.10075571052903062,0.0728476473817366,-0.12047657355756032,-0.02594221159999305,0.056889032972933726,-0.18230739473784485
HA,2026-01-25,0.503642829736361,0.24267954132203273,0.16065247887629877,0.22898581417975486,0.5768560539559736,0.1374982171527823,0.1608365647240184,0.07943007900506907,-0.07430614460838911,-0.06981821028048078,0.02896544200961886,-0.23819490144734223
HA,2026-02-01,0.5521199680140586,0.2222127878258248,0.04538643043128541,0.19377120830934885,0.5966641968136375,0.0734730160701365,0.10986362825274959,0.07089074846214319,-0.04953167175341509,-0.047737066917156186,-0.01844957513622948,-0.24609640735354932
HA,2026-02-08,0.48448090997930077,0.16499919338454413,0.07935814171999309,0.2069503625839161,0.5226865275314135,0.13200309424752088,0.09623097559966483,0.06618864298273353,-0.15174697136985654,-0.0639240485632292,0.0034380451610131926,-0.20966647561365293
HA,2026-02-15,0.5182261169007223,0.2583833972415576,0.14787201900191047,0.18553363001640855,0.5712151912807267,0.11356550033843571,0.16403537409560984,0.09203669587817331,-0.1140907246101847,-0.04729544945128139,0.045803231989109676,-0.18499230482541915
HA,2026-02-22,0.5137180023367311,0.16344071850382255,0.1358396571809038,0.13318960511936626,0.5285327729370024,0.13530687433001595,0.07801991108348656,0.08156698006486796,-0.08437879655573739,-0.008703525084873468,0.03931737766767971,-0.21309163109267873
HA,2026-03-01,0.6128740525370202,0.3226669476429322,0.08931239149792572,0.11284387122482996,0.6826204996137744,0.020362484882169445,0.1178269769751702,0.05934577841581854,-0.06251627272885782,0.097478637432106,0.014745959767476,-0.26049436278825355
HA,2026-03-08,0.5283901787944344,0.18065364250901889,-0.030275103846012966,0.20686336680365067,0.5647475926938743,0.10851010738621622,0.0837893814231608,0.09596072975644575,-0.08987611445081578,-0.030016286217107477,0.0019742640192799647,-0.2147544933906721
HA,2026-03-15,0.5598867829803396,0.163862942297137,0.08490058832863999,0.14857312171869547,0.5507259536810732,0.10068338952992839,-0.056354720807665015,0.03287516410830455,-0.07453456959855352,-0.024501414979122994,-0.005370194844278657,-0.2171696104624687
HA,2026-03-22,0.5469955056145214,0.13887837156716668,0.0319698707278612,0.16056318142498022,0.5156674537007114,0.12393431754920155,-0.04648115095280035,0.06613537765778447,-0.015738469051463963,-0.00395820383876093,0.03269831355463627,-0.21576196794316674
HA,2026-03-29,0.49421201816646165,0.23301442215307627,0.06535134238848214,0.16508981674134013,0.5352602914186115,0.08938726697080104,0.11858947270281557,0.06803375727660571,-0.1067344891075746,-0.02344378384705312,0.02530425825520827,-0.2106605251111364
HA,2026-04-05,0.5756817198730773,0.20553559892784404,0.14272821176090697,0.13116375511149944,0.5944263097551968,0.06262978960142879,0.07960338543199212,0.05548002923927685,-0.0471676736945186,-0.008756320189107165,0.012788689142172262,-0.24372279188764498
HA,2026-04-12,0.5032899640724741,0.19526858610525055,0.016102471246451627,0.06768787524607986,0.5431382191794376,0.25974415296464615,0.15605395659249502,0.08931590223640715,-0.04753074787774963,0.035065230980964424,0.05948297454966589,-0.23748877547040703
HA,2026-04-19,0.6918868666743838,0.3684097365281811,-0.09633639877423468,0.13208751244647163,0.8609641850847253,0.010384162204015708,0.14826712312948162,0.024355757022879353,-0.016768321203813847,-0.03380819742138272,-0.07442752471464786,-0.4855129955257091
HA,2026-04-26,0.5365574511205663,0.1717686661237381,0.1026742860094457,0.15088019478791173,0.56527734871589,0.09558737115601729,0.07117589103644002,0.0587575103221404,-0.13059684401013594,-0.06986583373323232,0.005909472992648748,-0.2598577018786606
HA,2026-05-03,0.6405404905809449,0.4034296842201043,-0.11174654960124951,0.1095853874395615,0.7827733095180612,-0.053743778346075674,0.20879635254325776,0.05550416928521499,0.03866593328316847,-0.09939855893428373,-0.08066830392920958,-0.46272963120587274
HA,2026-05-10,0.5679899342935382,0.20537749070440012,0.0622500516766334,0.17431280122038373,0.6267998226714371,0.09559411854883099,0.041657018780369204,0.0015906724255831976,-0.0720432106728539,-0.05404138908743755,-0.06937472768703477,-0.3177790671070166
HA,2026-05-17,0.5541417634375191,0.22436229235835575,0.037798868839098596,0.16187516109325345,0.5760401349171365,0.05326296339047796,0.0963296032207732,0.02506372529957242,-0.12787785999559312,-0.047097371686754444,-0.008191416574984687,-0.23101510891150226
HA,2026-05-24,0.5161258126720856,0.213648374192598,0.05021414698680028,0.09274410775999374,0.5288473435624453,0.11370722057753871,0.1245033011121029,0.08106569775081487,-0.047597813534887116,-0.026418745841879445,0.03777719024725242,-0.1961605713926206
HA,2026-05-31,0.5133588131921719,0.12878903958731017,0.05154387370826829,0.18293626429580606,0.5233731150367448,0.12612505026111528,0.10519031321851163,0.03840056246963038,-0.14748380845949113,-0.03592965065702158,0.01802845399343528,-0.2148777584909321
HA,2026-06-07,0.5808579329228116,0.06664217782512258,0.09710972374212508,0.17384761546124555,0.5434732768554257,0.04560599954684099,-0.02192011919093704,0.09270917722079944,-0.026202309968153255,-0.019463672500957634,0.02093658515465637,-0.14795273526786606
HA,2026-06-14,0.5671380252732909,0.32995434024367215,0.02688531682833575,0.21739222409348424,0.6940587971843591,0.09049247336244653,0.22482841238302817,0.14356255476486757,-0.04618702686013739,-0.009504432610005635,0.017957932238650203,-0.25587166718488885
HA,2026-06-21,0.5881711090393914,0.1989733057612558,-0.11301677334533419,0.12219118431624602,0.5902107594770515,0.044187953567565816,0.09032484413964549,0.03572902665950354,-0.05057812118273791,-0.031270382850321195,0.02621786622389069,-0.2406511217537871
HA,2026-06-28,0.5065977712107209,0.09271282895069619,0.06675622727520902,0.11596508272638587,0.48806788932046613,0.1843382248232074,0.11005812697136097,0.05006477388720612,-0.05460663044515004,-0.0055503306342272124,0.029192462186544806,-0.18298844669703893
HA,2026-07-05,0.5335081715989904,0.174878345802943,0.14183804136323572,0.1537149319077124,0.5577425677471269,0.09124478530377844,0.07048487132129984,0.03952633114948857,-0.09069374000241479,-0.04724643025482098,-0.037420594421032426,-0.2756705671778164
HA,2026-07-12,0.5277131910117202,0.05452510661208947,0.024925994949667324,0.19425232567116038,0.4899966138561302,0.10544525622434209,0.05897293337386976,0.03127415409508888,-0.07108153373967163,-0.00992205320499982,0.06596026055751263,-0.24932209842872974
HA,2026-07-19,0.5380566190067991,0.2274521018716817,0.07341438028010563,0.15539928455667754,0.5907240389343549,0.13827078002338775,0.13366456443551136,0.04948427061474453,-0.04417673713098535,-0.009659228216330947,0.030981897480620108,-0.26262842576744544
HA,2026-07-26,0.5271979488740487,0.1752937895437583,0.1789486586103148,0.17978501914954548,0.6301947759697357,0.1263164306403997,0.2189433988960687,0.09367633316332723,-0.09831624102934382,-0.02724267800273979,-0.02934771053754305,-0.4198899794099737
HA,2026-08-02,0.536621607955904,0.12615759108842686,0.07332255843988193,0.15648868340796745,0.5522750289713368,0.09592922314144112,0.06282052557250917,0.07225775434538823,-0.1274917418425364,-0.042858907033232946,0.03487129216071549,-0.2235338187634659
KE,2023-08-13,0.6128288291239063,0.13586208054350343,-0.008074123151395456,0.09250001470431479,0.6074746778783187,0.009529358042113415,0.14330126942478205,0.06493224249797673,-0.05507707915774552,-0.012348041756099442,-0.11586355852678935,-0.22605197378939978
KE,2023-08-20,0.5940082333231372,0.1193333767429234,0.04052486877599309,0.13545879855952556,0.60962023255178,0.03418429126856665,0.11537635099671437,0.05985555947051389,-0.04509767870453429,-0.040584917038801474,-0.07024829970670249,-0.2861531918825605
KE,2023-08-27,0.558109227463249,0.1273428952873056,0.05103790783799441,0.09048324337087428,0.5363510363384215,0.09084884808396711,0.09677870124138648,0.056588361639754635,-0.024151316980415102,-0.03157598867073582,-0.07129855685560096,-0.19234251286410053
KE,2023-09-03,0.6194274796673184,0.06282272864509424,-0.07080361255293952,-0.18951394207244165,0.5444537580787595,0.1934896334059385,0.003645523396849858,0.019550403052331244,-0.11883972162981755,0.040483817166838826,-0.09329836754942372,-0.18892497327127836
KE,2023-09-10,0.5740265843661541,0.14691531339506025,-0.009873239638688885,0.13374391906992283,0.6150003537371938,0.10053606281224219,0.09438518753119153,0.07039183743383919,-0.13764636983425185,-0.03419580854037252,-0.0675408158234793,-0.2709680488694029
KE,2023-09-17,0.603618615727196,0.1653354186466379,0.08021887471476713,0.14441835142190773,0.6240872607261325,0.05865179694497191,0.052939332189240636,0.04612480599284962,-0.022765855694376416,-0.020162765127481583,-0.08318105609473528,-0.3134855354995262
KE,2023-09-24,0.6075415344650936,0.1917058691400954,0.09664039760177047,0.1587677768380393,0.6658096130843832,0.045429806672950386,0.11698024292394921,0.09372053595660068,-0.07857752006583742,-0.06401247834626793,-0.07852813088277448,-0.33004784974060686
KE,2023-10-01,0.5329454577364043,0.11587703681699646,0.054433766587734224,0.13953703996866565,0.5171087338844417,0.10275195509784671,0.06966662863846071,0.05256845251076585,-0.12459505232730117,-0.04703634656932439,0.00203629549424613,-0.18326725346969167
KE,2023-10-08,0.5976376045090288,0.15654206376738877,0.10688185900239001,0.10824177005542182,0.629179575198696,0.039862404399083125,0.13376120487388007,0.05483755119068603,-0.08676430787044873,-0.06491433615322977,-0.09348568009181005,-0.3435268597802851
KE,2023-10-15,0.5791222753813365,0.09955232689105172,0.07134875083343824,0.14321153453725755,0.5825973617377009,0.07540995475703557,0.09174301988724844,0.06140947233791862,-0.08552203544476271,-0.050600326482960395,-0.04532602179270851,-0.26685889952215475
KE,2023-10-22,0.5873087867300685,0.12449819216667703,0.001246349668873752,0.15546308526765124,0.6025632770045181,0.06812640273728318,0.07071154276810751,0.030409219914980978,-0.09788099810904657,-0.04742302489748161,-0.07098418862978491,-0.25948683120032995
KE,2023-10-29,0.5890939316212986,0.02423806303978919,0.05284635473340905,0.15053263684389373,0.5613480567940418,0.06523803475019499,0.06989772936041068,0.08069471697347996,-0.13989384316927572,-0.04406851168744092,-0.0603869867895577,-0.2453775016870364
KE,2023-11-05,0.6182943186788409,0.1699848626043112,0.07451278477730434,0.11732862946890837,0.6303688698386923,0.03784686766792518,0.08465943289713189,0.06131701500909988,-0.03739830574287307,-0.02145185021751417,-0.0711436010851631,-0.24918519344558698
KE,2023-11-12,0.5451785070252781,0.08115806660628709,0.017871239501513658,0.15754037328270362,0.5438946656796486,0.12311649049467331,0.03951803787056774,0.031289579447040035,-0.08408834051529747,-0.006894958838886878,9.197413131620612e-05,-0.2423006691025058
KE,2023-11-19,0.5663843320295975,0.04946908786923837,0.008477387394890758,-0.015504389337649483,0.47938342965894554,0.1277244205999313,0.08425771620926449,0.005352139387769186,-0.01060132037292856,-0.1272980702417738,0.01886906900743535,-0.17085013194217355
KE,2023-11-26,0.5789542849482119,0.11893508147168255,0.03316084329539385,0.05232805783440955,0.553144179830036,0.13407431875663683,0.04911245815425216,0.050065406439587054,-0.030383795007675914,-0.001459559830884235,-0.013212379435090441,-0.24494695172690667
KE,2023-12-03,0.577371284305116,0.17487020384351057,-0.09723244351066909,-0.011496108383586431,0.5714956093181753,0.17981236552111765,0.05607659247092171,0.0569680337034039,-0.06859246330910994,0.054452048174036725,-0.049841536753276974,-0.2361859112919329
KE,2023-12-10,0.578863343469866,0.0854929422084934,0.009051489699627302,0.09025829852042205,0.5521418762635936,0.10476204905609879,0.022718368898581795,0.07702640800787741,-0.07676672331924052,-0.008142550383156371,-0.032834687940719885,-0.2260495596779881
KE,2023-12-17,0.5811992951832214,0.1373585555811037,0.1024465644273051,0.19388376411772557,0.5647069610388334,0.08792789947998932,-0.026574942559903177,-0.0863167478436354,-0.06247637101805483,0.004040899226241461,-0.058314853392411735,-0.2224651898495737
KE,2023-12-24,0.5216755208444438,0.19546617047031484,0.038832195170704596,0.20370990333930086,0.5329413743434515,0.10335998881190403,0.021587210741641844,0.013908081518531264,-0.09178158128026334,-0.007693855129625232,-0.02459148043228516,-0.20172990289291534
KE,2023-12-31,0.5667842728904547,0.18898508759998423,0.07925317827596846,0.15773382292086377,0.6144189785227031,0.08897061806833034,0.12508095151122647,0.06861142567994695,-0.0845799856413831,-0.025354120776401364,-0.03501324805141315,-0.297406809542351
KE,2024-01-07,0.5671019109355531,0.16215871650112332,0.01262521163445554,0.12880747687861951,0.57570731735855,0.08831684388122801,0.028577778788123544,0.0588350558898255,-0.09420274164547979,-0.025110226071388124,-0.025428091437014442,-0.23027170438976163
KE,2024-01-14,0.5636932828987461,0.116601013754674,0.02791047406064066,0.12752803908476204,0.5775291822290474,0.12935291809887134,0.09204034421948203,0.06746849779516657,-0.07431774932202578,-0.026982239893932333,-0.009733205246890482,-0.25927496696196717
KE,2024-01-21,0.5751396431428536,0.10765159208982006,0.07091618300734018,0.17454720392164716,0.5909696979200877,0.06650205652319117,0.0521936733077534,0.037613312386853726,-0.10377905922670692,-0.039247609458164065,-0.04225492291969804,-0.2863715333947301
KE,2024-01-28,0.5554058693408096,0.14710181522033244,0.022885185034545973,0.17061551681566262,0.5639586675618763,0.08415760024733451,0.04132810937383984,0.06896123258029709,-0.1212687258835505,-0.008893045865798912,0.007089080528202897,-0.21684928054102018
KE,2024-02-04,0.570185756283179,0.2743087791618593,-0.17846614252837778,0.22741461905342825,0.6407385413647937,0.06924652028389762,0.07755513339927841,0.07398263931555948,-0.045036949853972,5.3829811947934305e-05,-0.014828465343662242,-0.2637434329743909
KE,2024-02-11,0.5399872428753978,0.2672261537472903,0.03428910476248502,0.1410370517518731,0.6261252586805527,0.16378988962877902,0.16516203753697228,0.13095477811798714,-0.03519586446633055,0.007716984819133165,0.015202054914165689,-0.34491432729527655
KE,2024-02-18,0.5756295192783708,0.13034026447802505,0.023979791600595105,0.1574017448987032,0.5892955684455218,0.06395526662992572,0.0634630382469785,0.07134526275419993,-0.10762422963267042,-0.047378773225851614,-0.04472611741397577,-0.2678515384469374
KE,2024-02-25,0.5104850960043755,0.11863310347856271,0.11206586890182589,0.1969005322820426,0.541240647707158,0.09558257887087969,0.07415477239789954,0.06796758475097478,-0.1329833180124137,-0.03691000839682294,-0.062885667267966,-0.22948043434139526
KE,2024-03-03,0.5207931082673537,0.14033025401498964,0.06518144535713277,0.14378762947292,0.5212810473145826,0.09558129448435428,0.0743899570277508,0.08982175420721128,-0.11126023126366001,-0.012411335624483615,-0.007287503253827008,-0.19466245993655293
KE,2024-03-10,0.4932955752534442,0.13710173801978404,0.034497701036845,0.168152485872715,0.5125911784168049,0.1580269612764552,0.10956170515403083,0.0653020351688832,-0.13902313666480712,-0.022392343961606272,0.03273507324551807,-0.20023428617936417
KE,2024-03-17,0.5496295124251962,0.1419542934297144,0.07749726688431337,0.15595671625137555,0.5454977814987468,0.09137285893183383,0.07416317363470087,0.05646873470753283,-0.10056559460314239,-0.009207560885261947,-0.0026108929267942386,-0.21286296410375058
KE,2024-03-24,0.5683732416193926,0.15959239450505236,0.00932368002641497,0.14087266705887908,0.5693857197252742,0.06946475819690939,0.048799698387799254,0.06987027607860359,-0.10765114149158421,0.005280604860403148,-0.028900955639740666,-0.2063202564948426
KE,2024-03-31,0.5583904594100854,0.11655249580087566,0.034833352134419134,0.11544148935400135,0.5478582805613754,0.07272574280921083,0.06350722712115074,0.10784168986831366,-0.12322334485254434,-0.027910414599580654,-0.03768137367943758,-0.2033270346064894
KE,2024-04-07,0.6063660468117804,0.13459969469853358,-0.044940303013047384,0.08958616566675677,0.612828683082294,0.011475522875324716,0.03958069293431046,0.034110579095974224,-0.18181761371418534,0.03968924540094141,-0.07514338196304685,-0.277300041370469
KE,2024-04-14,0.5698876868070332,0.14243991683976476,-0.020290407891182492,0.16499122445092956,0.5728088658316549,0.07771834838909472,0.0702747925347402,0.06845156732519521,-0.07619494021151497,-0.03686945107907573,-0.021387754152901176,-0.21766054252408765
KE,2024-04-21,0.5503372510868165,0.2004897082522971,-0.01834584848556559,0.1310089912362162,0.538040390962157,0.0404679910746529,0.04426973651566989,0.12691536988636354,-0.01718490022247237,0.009504990755040176,-0.02990983918128057,-0.13389333696351233
KE,2024-04-28,0.5966925517769887,0.12244676321991008,-0.029738870255611307,-0.06439780097850313,0.5565038238568534,0.12610489124192034,0.006634100732458401,0.014472597732452038,-0.10995335249396349,-0.0725077591965107,0.0016757384758101035,-0.2008079705236142
KE,2024-05-05,0.5277741551523132,0.21167583010024,-0.017497990559238456,0.009659087756473207,0.5196733641552305,0.3009907008681811,0.08684572577939366,0.06839117404789118,0.0361247132869121,0.07649557493106224,0.10020221862268738,-0.19176532389018103
KE,2024-05-12,0.5803794401499441,0.14613183991115214,0.0006288193561020038,0.11123524321253825,0.5812617952535482,0.10689247476266826,0.020205634685365747,0.043717146043272335,-0.05649729020873171,0.002888443044247563,-0.02573300023959804,-0.2650116443711177
KE,2024-05-19,0.5691965097736745,0.13805173999305578,0.07542613503114749,0.15291209606172781,0.5871118814834838,0.10077612921334585,0.05737088426828924,0.052881010148690955,-0.10131576600652013,-0.04611396562858347,-0.017317440318777508,-0.2550949857555433
KE,2024-05-26,0.5629776357401647,0.17615277177464833,0.07968363017184976,0.13408010228949396,0.599147036993184,0.11154167958662617,0.1078113886615118,0.037249382723283875,-0.08717593080213151,-0.026714163521077257,-0.042905210185423544,-0.2660525640850748
KE,2024-06-02,0.5789237006251872,0.12180729315648411,0.021785874700196252,0.15959435033328379,0.594346706747049,0.08443256729731906,0.04583194597984447,0.05947103444821524,-0.10654024690404523,-0.04237672916628125,-0.048461745486197895,-0.2402915236797696
KE,2024-06-09,0.556110424865177,0.14737551411858113,-0.09166343307049134,0.20594597673875617,0.6110736412687923,0.10557772280644605,0.05852023726624648,0.07670397557013706,-0.11745115409608617,-0.03848060268022847,-0.04763338085962254,-0.27900608980977687
KE,2024-06-16,0.5362525850739824,0.19994246888123604,0.12711493218346828,0.16489256739602667,0.6357201265560165,0.1311845064484582,0.18071575325720995,0.06498725573595165,-0.10886492922149058,-0.0836728873729217,-0.07891699629180753,-0.3680777530196225
KE,2024-06-23,0.55350671716127,0.09962131827943041,0.07383570473451449,0.18930243699021768,0.5658405428384048,0.09375456186079978,0.07226334797664039,0.04608917680000793,-0.14240431664076364,-0.015518811451674993,-0.010046949770304254,-0.21038406711322288
KE,2024-06-30,0.5486227782499034,0.10989659654906347,0.027174940068955693,0.18863760694822318,0.5630737476954039,0.10929168426626769,0.06073307533022366,0.06251497190849901,-0.1266344052984715,-0.011942811444742466,-0.006314566995342803,-0.2248209052098692
KE,2024-07-07,0.6004564635463868,0.04703542224732044,0.0025301050541122498,-0.05088241216492577,0.5322144220117175,0.1832861534612416,0.09466424941788223,-0.048564346343927256,-0.0713714393176368,-0.10811987069107966,0.0625709995721385,-0.1900051823899672
KE,2024-07-14,0.5622866024894722,0.16199737436676379,0.04455323261118255,0.14566883522053023,0.5776154961332829,0.09771975388930015,0.08726800080865223,0.06134445172108509,-0.12188163962800405,-0.012899815963797532,-0.025803447025145105,-0.2021505548200626
KE,2024-07-21,0.5507158998069901,0.09574760446480016,0.06491508799013987,0.1754710201528991,0.5613446897080082,0.107023344547054,0.045518340612542986,0.06602896601881941,-0.14632385737479553,-0.049487977332157936,-0.0432425836839968,-0.2250976904650709
KE,2024-07-28,0.5650082658763769,0.14047554476849142,0.10382815689446427,0.15664473087668487,0.592343642960413,0.08648254239352804,0.06296737145982555,0.06252137319368209,-0.14120967506133522,-0.05902205412185577,-0.03511227467272843,-0.27980068225730403
KE,2024-08-04,0.5408884930591402,0.1128458943879808,0.041326967349206364,0.1796645575715254,0.5522918897754444,0.11590353465358384,0.07051010200360472,0.09167253277950103,-0.14392609041964258,-0.055336978408290514,-0.02633880612090402,-0.21945817406736806
KE,2024-08-11,0.5740214357646624,0.15376511988641645,0.050406211281621954,0.13571458220453386,0.6082492514192397,0.06772629059498433,0.11207973133859381,0.07613828054732397,-0.0650923158110934,-0.05559208526838394,-0.10191594712866216,-0.3032162119135293
KE,2024-08-18,0.5803214348195327,0.1832156587485613,-0.17408898194092293,0.1966733230084969,0.6070812341119869,0.06426262633709398,0.031774037012023276,0.05856453393532781,-0.09911511078923638,-0.0303370663660252,-0.05374708204156542,-0.24354208651340048
KE,2024-08-25,0.5686167942298489,0.1349184959691546,0.010404733817206803,0.16086743862236783,0.5692007331964615,0.07790399400972246,0.039522846659789605,0.07308532075484252,-0.08405321908657004,-0.016630346582593537,-0.007019509168846854,-0.21587126072617918
KE,2024-09-01,0.6247141512983884,0.043249830650537974,-0.022088055187379628,0.08351027043354105,0.5968696522861546,0.02552431614079935,0.06987847120332205,0.051535088778776036,-0.10332371831677495,0.001957259965689414,-0.09628263066219579,-0.25449727148921164
KE,2024-09-08,0.623934943272622,0.1625453355904284,0.010197561278254346,0.0340160870241233,0.6179527448060443,0.07739308331484099,0.008530037464698147,0.059284750185038856,-0.058953906517374435,-0.013606180162005297,-0.018066578142247835,-0.2584088955715888
KE,2024-09-15,0.5683139910865944,0.13531987636471493,0.021247019094140705,0.1419114043266445,0.5799482255218071,0.09809538609134806,0.08822034370498262,0.071460806730787,-0.09206263498300585,-0.04846987243873086,-0.05729426060656497,-0.24170544506638933
KE,2024-09-22,0.47620173974462904,0.18719358536390665,0.07332114562694934,0.13632594937859926,0.5057496230442533,0.2167390530900647,0.11489247608777503,0.14112743927445992,-0.1640703523709138,0.006622250235855506,0.09440256700460226,-0.14823544187
KE,2024-09-29,0.5619737002946555,0.16756758465135715,0.06474968949704703,0.14204001566251384,0.5900852016466702,0.08447681488381527,0.09002103113432429,0.08005974443826022,-0.1112720036676965,-0.02611969150234921,-0.0458803513926948,-0.2583472430919032
KE,2024-10-06,0.5462170484978323,0.18267231162443326,-0.17415926219160208,0.21442322377888734,0.5883267936308398,0.07972179019500575,0.08386632132448003,0.024385589022392407,-0.13234868235144484,-0.0491840576974885,-0.0641579744107408,-0.24273422298677905
KE,2024-10-13,0.5775982921278197,0.1650449047843085,0.07245277562552967,0.146348839564909,0.5985097098179226,0.09339752478464494,0.05149579794753414,0.08541504843726819,-0.12484752421127357,-0.015861575769732773,-0.05082339086228669,-0.2430608350582817
KE,2024-10-20,0.5570251263002471,0.19504453626501894,-0.04012173621172131,0.19724717953702853,0.6083954655329001,0.07966769738600488,0.08747065732063708,0.07734082160918751,-0.1125238280707845,-0.05148795023099038,-0.05289800367879982,-0.25640437909948477
KE,2024-10-27,0.6071815351621512,0.2733187836831619,0.026074958945682035,0.18233807756008227,0.6989655457500497,0.029392596195014397,0.14669789392710306,0.03339082184896899,-0.011272594570673816,-0.05265516304250996,-0.07826100023638159,-0.3772121723269011
KE,2024-11-03,0.6216106276888363,0.19622088086307085,-0.15528559021236538,0.19194243957035756,0.6605864264621293,-0.03650968573405214,0.17140573220749591,0.08432299761878216,0.005775951067495307,-0.03868343429576549,-0.14589942274765116,-0.2040750416642279
KE,2024-11-10,0.5949381734586325,0.25276748600412163,-0.19716738479866616,0.008651126749936679,0.5978742460740649,0.025664794309571397,0.038715332277100147,0.0576579879702153,-0.13236224078285003,0.13696921457279754,-0.07165377355856692,-0.21328592116496023
KE,2024-11-17,0.5803856836813903,0.2322574854522547,-0.3938928373489851,0.2548347096557439,0.6278667405419446,0.013058986796762791,0.06413445110511942,0.046086265177672406,-0.12146087195349356,0.0020984615663940326,-0.08149814755586231,-0.18036020075454434
KE,2024-11-24,0.6067909081273167,0.17120911308588757,-0.012753033230627573,-0.04702945178187418,0.6309973592341793,0.1809412526720313,0.09996841404879953,0.026468083729607447,-0.09678316754524736,0.0289793004375697,-0.09438654329356648,-0.30653884661818603
KE,2024-12-01,0.5476562249193598,0.18054047947441518,-0.1270729249541824,0.14589750044839755,0.5709862095453858,0.07872016984625098,0.08580624885964504,0.07846225661350745,-0.10345550079409203,-0.03592524231068064,-0.0683561838175467,-0.21554999885228876
KE,2024-12-08,0.601763556031766,0.15556826869626308,0.027292482302433602,-0.024025658154483338,0.5831711320998726,0.018871341861626555,0.06371791670245398,0.09604412002382216,-0.19547539109768264,0.09618665787369886,-0.09292823041443209,-0.2388266917338791
KE,2024-12-15,0.5863824532852945,0.08870284923823638,0.04059960135775662,0.06190231186628007,0.5566249105774845,0.05867279658423996,0.029282623250308323,0.07921127165554334,-0.11600035676159408,-0.030149431291957393,-0.0867123451784875,-0.22290701695187243
KE,2024-12-22,0.6075437979468222,0.17032358282152618,0.02438151237288545,0.1360350191331707,0.6324248312651717,0.03617618733173454,-0.03118488398343296,0.06481650675941021,-0.0787455503627542,-0.005997067237080054,-0.08035681297271151,-0.2915988876529801
KE,2024-12-29,0.592200303256137,0.06521769004546067,0.04077364638084586,0.09946499980592088,0.5757662290668926,0.06278841585073729,0.08432352802704317,0.04037752680110514,-0.1132968034111673,-0.014814105338310981,-0.06303974779358805,-0.25175080425403673
KE,2025-01-05,0.5720480915418324,0.20497121606163532,-0.09437496184786046,0.1550664971095991,0.6306011684650434,0.09271637975611047,0.10518264766412125,0.1034226095963429,-0.10029962648770589,-0.02149292406947459,-0.03931893419928354,-0.24539714902143112
KE,2025-01-12,0.650157854300347,0.28750581887305754,-0.22623897268934712,0.07312254114129918,0.7309851331809076,-0.051536958135585245,0.0655523760810649,0.07895551276415272,-0.19065140461943975,0.11390030366497349,-0.07823174769082394,-0.26034295193468643
KE,2025-01-19,0.6265095635890003,0.24838740556537856,-0.06400758038028914,0.02714231436998128,0.681074274909491,0.01010386875454718,0.12242369764225855,0.11887633656003015,-0.18902376729057985,0.09268596202004083,-0.04025368406091867,-0.22779594395263283
KE,2025-01-26,0.5538873986044413,0.1498702514890607,0.03384648619757967,0.18945277741957928,0.568464490767049,0.09041592520392448,0.040526648344316775,0.03273057196485905,-0.11174638370395303,-0.03121628502426417,-0.050573540474714414,-0.24355587938908227
KE,2025-02-02,0.5597196223437242,0.13514838718378858,0.04599561833768426,0.148033840822138,0.5611808822870032,0.09382258847644094,0.034644876276557914,0.05985041512520325,-0.11274954200301693,-0.020586515133189452,-0.033597893433796544,-0.22086802458717666
KE,2025-02-09,0.5289256126040154,0.1684251398726227,6.49796259498093e-05,0.17474816559433892,0.5574326693450185,0.12220053328474915,0.06979238685816265,0.0855449983174281,-0.14634929024441115,-0.03683539357861404,-0.02877054167228221,-0.21789851184933096
KE,2025-02-16,0.5574481797176053,0.13872139565928204,0.07256317418097419,0.1897962243998577,0.5865145778808719,0.09090013898348034,0.044894802251132605,0.07259765829053116,-0.13871493392433326,-0.03578589404374837,-0.058093937600880094,-0.25769387168195473
KE,2025-02-23,0.5299097529672088,0.11481605127695256,0.0846131155327383,0.16452934237145758,0.5541885767620692,0.15334970933028066,0.08755062706049967,0.0647608771556219,-0.15903682504402658,-0.05126601863475239,-0.02425005918548609,-0.2687183390215041
KE,2025-03-02,0.569556602955114,0.09830356544547043,-0.007655763813490995,0.14594597706616447,0.5569965733973015,0.09125997329042146,0.05558866162348357,0.05242216605887358,-0.10101015463921126,-0.01941305897880543,-0.03608820566365256,-0.2452707014849162
KE,2025-03-09,0.5427223766975058,0.16884293723073993,0.07908808759005413,0.15100543201204905,0.5533404644842288,0.13699652924518163,0.10228264853279302,0.053411277154824494,-0.08524830177357451,-0.0356397112772936,0.00853766144305531,-0.2270917069094113
KE,2025-03-16,0.5910291588580483,0.15160862702058875,0.04065171998283529,0.15270051928756379,0.6122028985181945,0.0678148138129584,0.04496682977642099,0.058631068762426734,-0.08550453914667033,-0.024299704587628132,-0.07041343188076582,-0.26997383773367356
KE,2025-03-23,0.5656023255059157,0.17166656871343144,0.029658373982421646,0.1339174470676349,0.5898813215477572,0.11769711139088718,0.08434047760196471,0.05579128728097474,-0.09940258504225544,-0.014749968510257987,-0.024567097149164236,-0.23168063632739677
KE,2025-03-30,0.5536227513333503,0.13883029122488494,0.0688145657662254,0.1679399798610256,0.5616405056783852,0.08607106292423387,0.03958906857499051,0.06312398601802735,-0.13526169188106993,-0.03910902088054613,-0.03630330101687401,-0.21807006876693702
KE,2025-04-06,0.5653821926638805,0.10130921606403616,0.06213586688036752,0.14560617680963311,0.5638604785011262,0.07074729645602951,0.061747696835532,0.0765922008777343,-0.11199254322398798,-0.00273397780479412,-0.044713070146018816,-0.2232698008642998
KE,2025-04-13,0.5864356319536241,0.16753252499439777,0.08268408949367934,0.1656832004114906,0.6238471706041052,0.07217841580106019,0.0644037036895669,0.0764035713138362,-0.08824864724301804,-0.030836847139447322,-0.07495702526428774,-0.2926163049075522
KE,2025-04-20,0.6109176992893665,0.1765965097194216,0.03475992735238446,0.019470470692597188,0.6110932621644708,0.0247572113904615,0.05661354935220837,0.05824416228542517,-0.18156380781541961,0.10754830436108179,-0.050021370705973456,-0.23066563454129038
KE,2025-04-27,0.5925381009517416,0.18231036623485755,0.07814784325888599,0.15364701437525696,0.6125497659871146,0.025520342912860622,0.09134544370136392,0.07207014582269496,-0.026566544237752614,-0.02930418329462479,-0.0733142837705957,-0.2754243856315509
KE,2025-05-04,0.5267608941140729,0.16610809114234484,0.08188549852218646,0.18127261648657914,0.5662302730137934,0.12881733787071767,0.06694884902267972,0.059571734129512256,-0.1406807470230349,-0.03974204902915246,-0.02098984392897152,-0.23391122061628414
KE,2025-05-11,0.580748522042643,0.18535809931546915,0.01161460477091492,0.1663196934057331,0.6021084477636218,0.0750585514428668,0.04832430141456719,0.05163413203445675,-0.05261703299007204,-0.014401064002578453,-0.027653185115946395,-0.26065688205968046
KE,2025-05-18,0.5774420771232803,0.17126368947797427,0.0375759445620639,0.1445340147723102,0.5783910304337316,0.07464255792695942,-0.00928989090077843,0.0762958280378375,-0.12678078567329676,-0.016980712403179266,-0.029536910583389274,-0.20623866211891334
KE,2025-05-25,0.5908354599570782,0.15213202511452134,-0.014233003481327253,0.12972139576161995,0.5967010583564186,0.05659024689314754,0.02853145202685504,0.0409345571026586,-0.09921500233651181,-0.029851071008515466,-0.07185463353070874,-0.2611892065621637
KE,2025-06-01,0.608943949614623,0.20511222810051383,0.06687160382386034,0.011412160959899642,0.6114699040631402,0.020357030525259997,0.12053649349900729,0.13041814043654146,-0.08391014996345991,-0.011731070960832264,0.032395616327143675,-0.22455522782734652
KE,2025-06-08,0.5314889093056154,0.22405183158579944,0.11316990563821164,0.19392222900615194,0.5489228279892541,0.11854652706412862,0.1172425620745859,0.2047769249411997,-0.17503462632838568,0.021469934835154372,0.09980612829776352,-0.1022483077226733
KE,2025-07-06,0.6116740459635347,0.21881405046636185,0.03376955728698453,0.1553048505899604,0.6565257756103272,0.016060582976797955,0.11147047054820058,0.023813268843601212,-0.052299014421981926,-0.027560776596615558,-0.1030195616841641,-0.31643430876708023
KE,2025-07-13,0.5574866508256259,0.25538623628266177,0.14173247418350035,0.1665005552101747,0.5678054109743365,0.01135572151009417,0.1471186591773427,0.11641756361042611,-0.0025067702946852143,-0.038560635484207205,0.004203443308808008,-0.21354418884479004
KE,2025-07-20,0.5563641320016239,0.1703769833101499,0.06127602905284981,0.17038369408771434,0.568396627633222,0.09344103713066469,0.034391662042676414,0.0635405507892489,-0.0994844285525112,0.0032850092850957658,-0.023515025191536722,-0.2155668609017686
KE,2025-07-27,0.5113492553608182,0.061533023300593084,0.08287180161423524,0.2230946214026991,0.5164031082319095,0.1117740534031622,0.06409160473434701,0.03110509299288409,-0.1985032665548621,-0.08106064386520523,0.0250545386848029,-0.26485161572082483
KE,2025-08-03,0.5818924166087943,0.14817330302911585,0.026209009718599335,0.15007698197172498,0.5921815039571923,0.04900784622733492,0.027029657654626508,0.06512703657984295,-0.12506808961707522,-0.021051441430848004,-0.0731034496980601,-0.2539836574918678
KE,2025-08-10,0.5518722045254245,0.17702793914241874,0.025809461910664265,0.16862654937183744,0.5704400184121972,0.0687488845039078,0.012552731409167722,0.09164807704445409,-0.1478236201320364,0.02963747525685293,0.019899271705334613,-0.21341582299716563
KE,2025-08-17,0.5719014026456738,0.12557277974491649,-0.04337620587615141,0.10603084350143945,0.5722897161616778,0.09289195057908563,0.058276934475811434,0.0613995344791304,-0.1146847298975286,-0.016946025277719573,-0.08155459324964251,-0.2172807012551852
KE,2025-08-24,0.582825432261058,0.14020110659097945,0.002946490387458656,0.10744929678721467,0.5881157970163173,0.07630991257796786,0.03867412581757583,0.060169036173361154,-0.12912425888057877,0.002039378143447203,-0.025228539050372086,-0.2316446302496331
KE,2025-08-31,0.5812669943693545,0.14396206892469676,0.03715119089008742,0.12328339020533369,0.5876493961463078,0.06220646426417612,0.04537272347639496,0.05374675353836665,-0.10359296148745151,-0.026442765289116228,-0.05519345889653034,-0.2484656374567662
KE,2025-09-07,0.5822801422922905,0.16097992627562085,0.052923311643135025,0.11981784877259008,0.6069615194068423,0.05877553021671104,0.03756178509807709,0.06377861943599226,-0.08184547504391879,-0.02330299296439544,-0.07467970837766846,-0.2741768670433017
KE,2025-09-14,0.6113679128764307,0.18208934610189775,-0.0002674109343934658,0.14370292832326914,0.6231407765068471,0.045908674304144144,0.06284620247192492,0.06121155041063353,-0.017231272614823927,-0.002233883057854383,-0.0665871224192318,-0.218620817694248
KE,2025-09-21,0.6121709050144795,0.19571032588031786,0.03397807786648155,0.12992413188175214,0.6423498488691607,0.023245927986310522,0.14623280663952276,0.052589129742914,0.0043201849443073445,-0.04868269702620192,-0.1062344848248534,-0.2883204460621071
KE,2025-09-28,0.5697116140758381,0.13472036137831225,0.02300658503634068,0.11640323320982304,0.5563031918091348,0.0752916857446777,0.04563535234204882,0.0838342690647263,-0.10080313416177762,-0.00854745009367346,-0.05215608374541139,-0.20559218367553045
KE,2025-10-05,0.5751889977820557,0.1537972129277878,0.03879228114101648,0.1727432476713707,0.5871474468128381,0.07284333872310934,-0.013216878897413164,0.05698854445050383,-0.11730308975450454,-0.014388054805282734,-0.04526808678968312,-0.241715965732431
KE,2025-10-12,0.5421984693732977,0.12261893123164355,0.10908461600048443,0.15681212882627646,0.5555973830161892,0.12359675167365913,0.10076039157341143,0.0947973001268199,-0.14443244004090416,-0.04913009422861009,-0.0225819816404394,-0.23400227850536415
KE,2025-10-19,0.5821844228203742,0.1598031480621001,0.14452110624924472,0.16781994234669806,0.6458618757136891,0.09705085166503297,0.045127516863247216,0.050525284301363584,-0.1339698587685076,-0.0568330915048479,-0.06719023196010673,-0.34036778654409355
KE,2025-10-26,0.5797025115908082,0.10740478214033407,0.02273045291773558,0.12526178859032608,0.5777207879277715,0.07177956097763279,0.04328649861679347,0.07897517197019614,-0.10565528641050291,-0.014094816832203476,-0.056874761809171843,-0.26206779374737066
KE,2025-11-02,0.5911544803019512,0.20921932366063437,0.06289711565597547,0.06429482270039273,0.6266933912896453,0.16829156955780372,0.14368455053343274,0.04110149197356783,0.05858557619698074,0.014862432037831554,-0.018346174448738498,-0.3561679961500077
KE,2025-11-09,0.5566532855370294,0.16711080793187194,0.07844015065406762,0.14021907063078384,0.5961149521485147,0.1030825317686937,0.06259992496054285,0.06676390247227129,-0.13627786868367883,-0.0169414444791199,-0.041385788276271866,-0.2657311077408388
KE,2025-11-16,0.5337757685941783,0.1803446724127328,0.06252293461933779,0.16921270056699741,0.5676941399072396,0.09905419124246413,0.0759147973605618,0.07755375566959137,-0.11870213024537986,-0.030378064010878756,-0.047755280902745195,-0.24722641558499778
KE,2025-11-23,0.5716542629261411,0.11231747371413686,0.03437748234702116,0.1551873061005365,0.5815112879413897,0.08832868018772395,0.036255916544505246,0.07586607075649517,-0.1072238139472558,-0.023087353863007302,-0.06689581263925974,-0.24899723174501565
KE,2025-11-30,0.5752329371624106,0.1878844052769726,0.05514324075989275,0.1377404675869776,0.6047866005780571,0.0851404723057159,0.03141283591657811,0.061274754472476343,-0.13029845239724308,-0.0065539449265802855,-0.0551964627218981,-0.24960694388048127
KE,2025-12-07,0.5791915362470252,0.1705512027494847,0.07987787995205033,0.14117997460026674,0.5895405452351161,0.06194795799219627,-0.06005223810599768,0.22251866840972967,-0.09677231588835525,0.0065467272457068685,-0.016475986559027423,-0.2597805077940052
KE,2025-12-14,0.5651774170310612,0.13101030806489425,0.03466093537672214,0.13016857382748953,0.577315244892223,0.10705952677398566,0.06564417147236351,0.07240133426092904,-0.10875395380579807,-0.005716222204605596,-0.05490238363406159,-0.25099809485605507
KE,2025-12-21,0.5753926649531396,0.17411498628393868,0.0369199034437007,0.14612236449145552,0.6038089505889797,0.07584898180249869,0.07908793997114373,0.049724736636330175,-0.07957150330040591,-0.029056622426216278,-0.053521322924649756,-0.27749607027871054
KE,2025-12-28,0.5551570309195032,0.16134154709901105,0.014328904069636578,0.15583787188639947,0.5706400316564822,0.11456270450513982,0.03413620633207167,0.03732156130998234,-0.09881825090861139,-0.017684702112816163,-0.0338510284332816,-0.24323134160198268
KE,2026-01-04,0.5598812608929741,0.13308102448950399,0.028984141949086814,0.1245257376187012,0.5708419461075475,0.09742350986001076,0.07009472729017036,0.07559572924012876,-0.12117411965128229,-0.001465677592450783,-0.020457875532364653,-0.22896184138692346
KE,2026-01-11,0.5880852015952036,0.15069727869142055,0.07040914166237541,0.15620292059310004,0.6109799983357159,0.0799476414771859,0.009495987700146341,0.07030343626238261,-0.06637884786974954,-0.01341743471044713,-0.06817652500052064,-0.2833813151870095
KE,2026-01-18,0.5197038178791858,0.16166616894260108,0.04743308107739211,0.1975004537707353,0.5430216520978866,0.14487531122771552,0.039507490882118364,0.09061981550808869,-0.1376707000681691,-0.024252078904033407,0.016107659248831674,-0.20611137664097032
KE,2026-01-25,0.5581370934419543,0.13694624385747073,0.044130918365412684,0.15014981365221997,0.5604265808439011,0.12683214687336958,0.04883707553463703,0.04967754503306513,-0.12844585654420615,-0.010313437577963887,-0.03810643873801845,-0.19469649124964022
KE,2026-02-01,0.5781888042242082,0.14874135596184068,-0.019884307925156632,0.12556299296650258,0.5931436161176994,0.10211548267357212,0.030976582752785586,0.056537477457581566,-0.11218810535939656,0.009003475555708497,-0.039778000044326994,-0.26338412404364986
KE,2026-02-08,0.5558296176931903,0.19749071189686307,-0.11249323389589361,0.2220569919154486,0.5941064114063942,0.059789468418495084,0.06877720590336435,0.06233116266289037,-0.11018106505332016,-0.03631440391208395,-0.05325785332317044,-0.2377192518885636
KE,2026-02-15,0.5714104066163546,0.12538119718506935,0.05280833055626806,0.16482597814137634,0.5931230078446311,0.08397487272565567,0.016056060713087066,0.0751108149855947,-0.10959339346490514,-0.04476423031269473,-0.06520461441278134,-0.2745451737576799
KE,2026-02-22,0.5734690141955079,0.10978438795474216,0.002253452802997191,0.12713948577924575,0.5718543029194527,0.10507549490863088,0.04964290651867895,0.037071880550086485,-0.11081122853040164,-0.009783819049529898,-0.04294470295627204,-0.22261588935008442
KE,2026-03-01,0.5588597015704088,0.1610566138091276,0.02067613359735275,0.1553583901166088,0.5805337545755767,0.10367054523590544,0.09723473648485137,0.07197319412959009,-0.07259067413053805,-0.02561491407710783,-0.047337521206146004,-0.2619452263393285
KE,2026-03-08,0.5891831439824965,0.11770812970048826,-0.04508722875162466,0.04364564598903969,0.5628591669677375,0.1459647599678114,0.056063504323589884,0.07878323221728212,-0.019254310800347247,0.028713940328440535,-0.04773770491745666,-0.23317473262171465
KE,2026-03-15,0.5468780427659359,0.15536800158002886,0.07980731559936144,0.08938260435347847,0.564395496595941,0.1936431578785637,0.0907974324790407,0.07501129600559542,-0.042523735188228266,-0.0008656244906107077,-0.009615603111819198,-0.27451103443197683
KE,2026-03-22,0.5137195146207311,0.21812193973693822,-0.228767343773054,0.18017289982298407,0.569204898512586,0.09672794320965487,0.11906314402181853,0.08558873202524554,-0.0840667209792884,-0.014106572856629454,-0.010696131708327639,-0.18998457850849693
KE,2026-03-29,0.5588344460863307,0.12005906560328843,0.0515821300638598,0.1229039092199068,0.567147847300456,0.13076754648229816,0.08731381165095115,0.04785551568819689,-0.13867113511065315,-0.017119845391287948,-0.028556117866071692,-0.2334574584686786
KE,2026-04-05,0.5427791561407178,0.16374937099742656,-0.11847249409778861,0.20668799010964414,0.57333718752386,0.10084326791516163,0.06669855868446355,0.051623775207926714,-0.16826693404027696,-0.020122438303418293,-0.03003418776345507,-0.1801385634291024
KE,2026-04-12,0.6042912225826328,0.14379191615593662,0.04062209111464147,0.1294125959500462,0.6193608154535404,0.07727332029140307,0.03261586182808975,0.065745663452243,-0.04751535091625513,-0.0059893605377094455,-0.040510328564597936,-0.25911531856472486
KE,2026-04-19,0.581245303622688,0.10971243071909689,0.0362985625674818,0.15804200188638415,0.5783210251951005,0.07519871112123945,0.054870496671134965,0.03970568998461065,-0.10827513994077892,-0.030049285000193153,-0.02483738367820157,-0.21899851582345356
KE,2026-04-26,0.6019327326642621,0.16832835548086847,0.044784880210361803,0.11918714782718277,0.6114613023452717,0.017523546431451396,0.09776578176207268,0.07719620147864491,-0.04532557514247559,-0.050422291390287956,-0.14670845471270033,-0.26198506610391964
KE,2026-05-03,0.5661829130426712,0.09249029019518286,0.018763067370480013,0.04664735259181895,0.546637785133272,0.20180406373461182,0.06152209977688303,0.06182764619373919,-0.02849521452023318,0.040743048503888095,-0.0005597070023875296,-0.2399248697490024
KE,2026-05-10,0.5859788840862878,0.09442306004240954,0.09880392438283989,0.10981023989648826,0.6033759456285299,0.06683777261631377,0.08997697430634492,0.05864451773536778,-0.11941363731584151,-0.04942345286606548,-0.08101982757723372,-0.3018464585801975
KE,2026-05-17,0.5651184176750902,0.13054356086843094,-0.17504487137233563,0.1973469451743017,0.5839425124262136,0.038524245849243306,0.12311445516624434,0.059150509673495714,-0.10074390532650787,-0.06405885425269005,-0.10394449157958324,-0.25699357605394174
KE,2026-05-24,0.5887495011291276,0.24453821133389173,-0.4403054786149582,0.27573060232190977,0.666526667553167,0.04183469487539365,0.06975427833488218,0.06123567401713026,-0.12225866995312545,-0.022229468358180522,-0.03683833249217612,-0.21583330332704917
KE,2026-05-31,0.6177112044560004,0.19940601631319166,-0.01479884690727989,-0.0009552338140639881,0.6646176241469536,0.040985850187213076,0.14350116738223095,0.08363307506622383,-0.0919632559881477,-0.06441957762763909,-0.06888185019520801,-0.3384803753537054
KE,2026-06-07,0.5857757175183768,0.09628482460061051,-0.07125861355619524,0.1523423585575588,0.5816666849473321,0.049592415116937405,0.03212912128087047,0.0540574810680596,-0.1342864914847485,-0.015179399070701607,-0.05450000846995354,-0.21972193441593965
KE,2026-06-14,0.5656034192714535,0.07282511274122591,-0.017237190990431424,0.17970885611052928,0.5464133938308556,0.07580011172232227,0.014687512625206112,0.043443447101328046,-0.0805768413243863,-0.07287080412411505,-0.07771293750473142,-0.2589633891447386
KE,2026-06-21,0.5872556316397358,0.10959443934754026,-0.0009013056111045608,0.12950400696092784,0.5993322143919998,0.09012759218936278,0.03696428177443444,0.06482232091861388,-0.08933956861452418,-0.023392817115840757,-0.03363064243126843,-0.284459133556315
KE,2026-06-28,0.5625819297298627,0.09110845958030767,0.08485150169168676,0.16567058156528136,0.5664099620891508,0.08446442975662362,0.04699044111680081,0.11739562176007477,-0.08213443159051594,-0.04057523455091957,-0.043445200928096325,-0.24303735630104753
KE,2026-07-05,0.605628514520839,0.08746968016557488,0.09413811387419217,0.1624732667910693,0.5883176487196363,0.06983160577291628,0.01115139715033704,0.09440871052706154,-0.062321896971920684,-0.02335756875365462,-0.0522615804845353,-0.22269817012104254
KE,2026-07-12,0.5646804121353106,0.13291456793663822,-0.015306399602596702,0.14287604363755713,0.5584241897420881,0.08540865324475021,0.08742455400142804,0.05361063215379711,-0.11668816775417637,-0.02381956717422943,-0.09236541807615535,-0.21001302551442136
KE,2026-07-19,0.5674053191709407,0.12737653384240863,0.027622643241716545,0.1299477525068084,0.5845131751041778,0.0817825424725399,0.03567002070654493,0.05166066376467567,-0.15644119243556165,-0.022768537458092795,-0.06582866019477818,-0.2484028657788387
KE,2026-07-26,0.5246870071030493,0.11440184294734485,0.058309904656400895,0.1694458599473265,0.5361501665964142,0.12261128691099568,0.03342631682232308,0.08922471355650649,-0.14571393024934287,-0.04533388525480299,-0.017173844584240438,-0.2059691528999473
KE,2026-08-02,0.5689988599385298,0.0885456289692818,0.016145615766296507,0.1481433606187862,0.5652183472396811,0.09919365100205539,0.031545801588440524,0.055676746167539246,-0.14126469410104645,0.006922656661135797,-0.03377554264055276,-0.22377858339027673
KG,2023-08-13,0.6783408529130935,0.03564483544880599,0.15412276989942333,-0.04822080489485437,0.7113837229159726,0.05965744076347898,0.220771398826213,0.03756699196909385,-0.16527704760305098,-0.09388362077980543,-0.16719274922617502,-0.4829392891996477
KG,2023-08-20,0.5984926232141886,0.09982364389052056,0.20874369104512497,0.08237280221741039,0.7019319259508265,0.08961401984802511,0.24150262252975013,0.04642199541848836,-0.12374394198119361,-0.1669308096621426,-0.23419918706832443,-0.5493809774346583
KG,2023-08-27,0.5550966156986059,0.22972763412627786,-0.03287690703858748,0.08795251091507292,0.6329484789697323,0.07442694603566148,0.2358233643207085,0.018427650160795336,-0.07072207975745204,-0.10192044603729701,-0.15655952139651877,-0.39369174781837996
KG,2023-09-03,0.604417868849895,0.16347398123582765,0.16501570764270357,0.13677607074166995,0.6675420265987183,0.05071882756945878,0.03995817292641982,-0.03184264121890005,-0.06546991023089739,-0.05922188201488917,-0.15721181591153077,-0.43129762199813754
KG,2023-09-10,0.6130188048604835,0.17474589114214295,0.15330571729299766,0.15611485957675034,0.7058035873665536,0.048607347079354525,0.035327865404634964,0.07756356014272763,-0.11553160423936487,-0.08433012109522395,-0.12149121853037013,-0.480154224609819
KG,2023-09-17,0.5503976798070863,0.19756529643671225,0.21640206325904138,0.1097150832372926,0.6737124310490763,0.10961751057831144,0.24583808986909927,0.05336617375797845,-0.14420460994205694,-0.1614908011047072,-0.16123827838644636,-0.5210059873207639
KG,2023-09-24,0.6208209589052256,0.0802069211573235,0.13838081584838915,0.11605379428695375,0.7131795528279357,0.052254957635443806,0.21350658449470677,0.030387338602596466,-0.18955960348854,-0.14391199160839493,-0.23882669160423634,-0.5083758297754244
KG,2023-10-01,0.5832005599551768,0.1258155554933348,0.1720753348998176,0.15312677281856082,0.6861354376595873,0.10515742669467316,0.18450216344051448,0.0351562174677394,-0.12470317557791491,-0.11942154514305632,-0.12232065950728607,-0.5274669820783954
KG,2023-10-08,0.6160064337899513,0.09810335071468795,0.1870945805801794,0.12706948818870895,0.7075539118124126,0.03324636068619218,0.22981243389621697,0.059993111167502146,-0.0528508315171283,-0.12910748934266927,-0.22114346340757038,-0.5175169917996371
KG,2023-10-15,0.5681018123237839,0.16747464812427307,0.26882441629553316,0.15738168340113087,0.735915695462791,0.07394231160985469,0.3335208312078524,0.053797881493726434,-0.09766168488382909,-0.2126253327958111,-0.22251119767333005,-0.6564830613863601
KG,2023-10-22,0.5687568383797957,0.1075283177864581,0.12493334838779538,0.11742736041352121,0.6119938115865207,0.11996496452379148,0.17048810452970264,0.04206266882258514,-0.11754805590019553,-0.1486672481231267,-0.15062998253463247,-0.434413816463471
KG,2023-10-29,0.6289360701128947,0.21716126192268484,0.18621756288541097,0.010562500673126227,0.7039751333243303,0.008742284482591374,0.18463105043851044,0.027707848968130295,-0.04286226038251732,-0.10362154556838067,-0.18851404636560765,-0.5301784120575969
KG,2023-11-05,0.5588045068169456,0.11784584522646438,0.11260272971443024,0.0631134269489313,0.5803654348697499,0.18960632022442223,0.14527189757897516,0.024412789036187165,-0.14017805664815822,-0.03133278318829233,-0.045689432752730096,-0.2878227028194601
KG,2023-11-12,0.569955063647545,-0.012917203925404734,0.1161812915787009,0.1557385355934829,0.560292095993628,0.0686847923866982,0.14379046736208972,0.03610575994082808,-0.07046342481283394,-0.10255577272075615,-0.18334334364361748,-0.37561313964154047
KG,2023-11-19,0.5530728584183306,0.09924164711609658,0.10978713645607543,0.18051668434586876,0.6023609226459772,0.09571824491916717,0.16543343929393767,0.05976128076663646,-0.1220501798508042,-0.09562706104072288,-0.1398627881216993,-0.3687919869586719
KG,2023-11-26,0.6136351669523601,0.13397222737236145,0.10772099464490904,0.040391831604537416,0.6380345618691943,0.03907590387416961,0.06775802279374807,0.08896268471706874,-0.0670807944536571,-0.05514019668717575,-0.2202849236237448,-0.4553819799365317
KG,2023-12-03,0.6214107284601155,0.3612080815465193,0.25483238673968756,0.1403249936116756,0.8296405535333538,0.01393348316487204,0.354865271882228,0.03246845155502075,0.10709890481267377,-0.11894113096740785,-0.11668907225639398,-0.6209289737396397
KG,2023-12-10,0.6538267039900115,0.2584103834481031,-0.026428577795172218,0.13774501470156678,0.7488766592724257,0.0316220440710573,-0.002724686359727191,0.05398309814817247,-0.05319419549048438,-0.0435222473005363,-0.1271621404888412,-0.500593990602017
KG,2023-12-17,0.5314477476622066,0.1635451668706959,0.12703427227811773,0.15921342482306408,0.6151570364261283,0.09320672643957525,0.13637007258555187,0.06241596239964211,-0.13001654696519002,-0.11594048597847756,-0.1361427065910435,-0.43625398618618066
KG,2023-12-24,0.5736978603062847,0.13393686408907177,0.026742122364156524,0.10260168499544252,0.5470408015274175,0.055181743747125395,0.03716997290234503,0.019513802849397747,-0.11239944974695781,-0.023817156142349485,-0.041920170383156055,-0.2549789700086671
KG,2023-12-31,0.6452227112293565,0.09311290904328703,0.21917595451837663,0.0817482202520631,0.7498771074678218,0.05525348539120887,0.26111847641176117,0.0472214095660647,-0.16254269075994907,-0.14066838200112344,-0.1928486934818244,-0.5821618343118132
KG,2024-01-07,0.5516312188525525,-0.06055711990709945,0.12142095800575102,0.1433108420662493,0.5180468613037158,0.042064026952634774,0.2775875101407047,0.08400261482732468,0.03529520329178032,-0.013410945096138785,-0.08886975988915419,-0.26331216049641815
KG,2024-01-14,0.6034566003050998,0.1374617502213356,0.08134516531172227,0.12598968495958396,0.6656910023237657,0.07134653504338974,0.18719792041252187,0.07493051207529514,-0.048217976033639746,-0.11045274806990822,-0.1405343147315965,-0.43459044814320713
KG,2024-01-21,0.6032773659012496,0.016113336092948048,0.17161027660040287,0.16808528568370498,0.6612348055392842,0.10706885393625994,0.16251914179333982,0.0033988305090175168,-0.19187444234498813,-0.1260779939294137,-0.12669197226699605,-0.4253907789270642
KG,2024-01-28,0.4440432350444987,0.07476261670260181,-0.0607386751685188,-0.2563392080514955,0.3439432688240271,0.4451651922257385,0.2780848464027287,0.06659045678732807,0.3630080339663946,0.15364974341354196,-0.07134529791259724,-0.06272502064489183
KG,2024-02-04,0.5576484490775835,0.11975816575677355,0.04804016395874281,-0.029665516966292386,0.5613775175482033,0.27922993805459473,0.20384726677136475,0.05684266158254724,0.011230390364134332,-0.018371578155669737,-0.06640533741523356,-0.33979856772003253
KG,2024-02-11,0.6368247390227515,0.05721801571202477,0.08085873691724585,-0.04950097418878021,0.6384323340111256,0.06336745189604652,0.01932918750345688,0.06750496302266847,-0.2455557741333777,0.041178313744501344,-0.11144059226189035,-0.28869235548058186
KG,2024-02-18,0.5961510749485195,0.18463871760074863,0.07532754710386719,-0.14364750877337545,0.6102943545131427,0.1809586067281245,0.19886691366030043,0.01766728728947572,-0.04506514279111838,0.006875103358807501,-0.029526289317519598,-0.36800426846340045
KG,2024-02-25,0.5323647317859868,0.19164309301914678,-0.004280021157847345,-0.08635525894928979,0.558394274780346,0.40921219311056245,0.2659841308354797,0.007298788657740077,0.1706322522770049,0.10359420965803713,0.07264524217035971,-0.35023658500158916
KG,2024-03-03,0.7537791380315307,0.1570473041998349,0.004822690463026969,-0.5542235684010091,0.6938125749251748,0.14149346396812357,0.07074695848530571,-0.1026164554314392,-0.18882256866740244,-0.07933573902192428,-0.054332377695293574,-0.26573753040476117
KG,2024-03-10,0.6952882234832342,-0.004535903167196557,0.133129775866006,-0.007557701389061337,0.6886295091820804,0.08761342444762021,0.12066543704161652,-0.009276582854621502,-0.12840432560696052,-0.11202576928417864,-0.2052312267610303,-0.40118435014611564
KG,2024-03-17,0.5912677995640193,0.21463738242226924,0.061331232810311935,0.05237184966957447,0.6359294469319215,0.07193741031486404,0.10397928730114633,-0.006667037595877356,-0.148055532305733,-0.020695332948498003,-0.010863549713367447,-0.34936244290553203
KG,2024-03-24,0.5814700096219623,0.1725542740315568,0.15517911749338262,0.07615660131515037,0.6515882272099957,0.116155350091091,0.2567636893564815,-0.036266796671862965,-0.140658896040356,-0.05668731854470128,-0.16132966393382192,-0.421896484603501
KG,2024-03-31,0.5648696890149805,0.24114960334428032,0.2325806772944847,0.13829330690325814,0.6898672970518331,0.1742977493809515,0.2718300500602474,0.01942570472613241,-0.13898098931925812,-0.09666814324154563,-0.16365141789060375,-0.5062281525141682
KG,2024-04-07,0.605816164535206,0.046224851359989744,0.11409652368310794,-0.017864483667535822,0.5903162498428683,0.06726785971997813,0.1922650979174611,0.07400314000777566,-0.10562468473306225,-0.07067152366617119,-0.15126280076915247,-0.32652572586188106
KG,2024-04-14,0.6047105271196119,0.1803670857539353,0.05557894134961748,-0.05255676767279071,0.6215390869216927,0.10563862657886451,0.25319489006367973,0.02656841647971641,-0.02000744248299612,-0.07878663133123354,-0.08146207819791886,-0.3527101937825429
KG,2024-04-21,0.639280348664786,0.07264502303901142,0.053861781991545864,0.10558912752033726,0.6780048722448104,0.07142410629421565,0.1816472102923986,0.05925452197382669,-0.0285779661017516,-0.1129868144587369,-0.21821599217876686,-0.4272411444578219
KG,2024-04-28,0.6290891415342422,0.23630328025774705,-0.6675426346436942,0.25615302744155505,0.6714967380091283,-0.0053008100352043026,0.07625641959936302,-0.04776050609332888,-0.16830024576607353,-0.04836555384316389,-0.12910582048958197,-0.32443598616803204
KG,2024-05-05,0.5974241893848868,0.02272647511890798,0.17859939881568943,0.16979134874662336,0.6121115235376863,0.12897769697433742,0.13912763257010027,0.09438576051802489,-0.18153687443791114,-0.11192382060536196,-0.10957039536056888,-0.3335816739052414
KG,2024-05-12,0.6091961035997583,0.08553419658697284,-0.07733159377195296,0.12223435200088692,0.6228583379865178,0.033824234772562765,0.1295340460813902,0.03523159158557719,-0.11600829598712828,-0.18676683177053208,-0.14952763280390743,-0.38209430578257525
KG,2024-05-19,0.5150898240656251,0.13435238146510553,0.08778376270636733,0.1890428073387715,0.5462680083169155,0.14083118088498936,0.07613091297387428,0.08898586924487116,-0.07157812443820419,-0.02639270442734212,-0.06599330296359414,-0.30695003908660434
KG,2024-05-26,0.5515781643781205,0.23172610835388907,-0.11551224800367531,0.09116713530971803,0.5947943116415733,0.19453395437535514,0.048806787351594126,0.08624629805675976,-0.02263281092834993,-0.0486015432838697,-0.004876678137603588,-0.28272128167208765
KG,2024-06-02,0.6343286784042489,0.11173914584349616,0.022256402536074686,0.1109712113020443,0.6874284597046401,0.037906522992773,0.11955137979045574,0.06125977216683312,-0.11326229772791041,-0.07644039096417274,-0.1400202819101591,-0.41958023529399757
KG,2024-06-09,0.6406772330654004,0.1372459532713566,0.156244503265549,0.03511025257920502,0.6637949885186668,0.034756263647850366,0.054279977793502646,0.09977711605854185,-0.006354284108671374,-0.09575990978686881,-0.19697334591964444,-0.4119139429060976
KG,2024-06-16,0.5610407206402516,0.20863931844803835,0.06667406180505374,0.09843099017438384,0.660898511460068,0.1289544043465032,0.2786495564647341,0.008798845281283996,-0.09457959642667933,-0.14415018053505094,-0.1533300510705223,-0.47991900358708695
KG,2024-06-23,0.5188612795587505,0.08805418847724661,0.021967408425203578,0.20131804349825597,0.5607274684166617,0.11222819744468415,0.11937333423789974,0.06225179220054034,-0.1419100114751365,-0.11199281907182145,-0.1563044217571714,-0.3448691688287983
KG,2024-06-30,0.5991818319681779,0.14010553883112312,0.10883582984407511,0.004372341321781017,0.6838660513222734,0.19354886700798993,0.25616443273176687,0.04678204122112333,0.01001294567072083,-0.1051912274411309,-0.20940554105922046,-0.5181442463649857
KG,2024-07-07,0.5857517588078373,0.1647003611885008,0.2497053011458521,0.16946414574635452,0.7439125659948396,0.10294645903932143,0.2680815227313901,0.0051797520387381986,-0.16553319013056803,-0.15974112274238558,-0.22565188804646447,-0.5981095513108785
KG,2024-07-14,0.5796984049237526,0.11420124473369236,-0.08150692075774917,0.20253256224005298,0.633273814270615,0.08328069231170127,0.1534259324101125,0.060037195716772275,-0.13227816169464196,-0.07739845884298457,-0.11691697402876369,-0.3941754672706626
KG,2024-07-21,0.6141216970049105,0.10004992143405596,0.14064749898834436,0.1367819490970954,0.6756719937984973,0.06384982013118425,0.2211602188814614,0.07986507228153227,-0.025305256861126627,-0.11287056954547496,-0.17372968094446917,-0.4285493103780275
KG,2024-07-28,0.5443839005675202,0.09446547798274069,0.14843700466965115,0.2053400999052038,0.6213761045889832,0.08521783597427,0.19490497565466383,0.07630384089441798,-0.07409118812232143,-0.11487599744874803,-0.1283230164968104,-0.4207406929553435
KG,2024-08-04,0.6435591510435978,0.2580276687335663,-0.06310528579275278,0.12161635097516472,0.7325415086263243,0.0522842123582785,0.21389343681798884,0.04650295320046971,-0.027926117537594025,-0.06617611101561481,-0.17190222159433177,-0.3384133004738082
KG,2024-08-11,0.6219602442864347,0.17614508058546546,-0.0930349592652015,-0.03205568623280769,0.6224239172778541,0.07582228213398298,0.15828747255090644,0.058983842358346195,-0.010700016478623373,0.019158205995862272,-0.20204394001693438,-0.2123308975129225
KG,2024-08-18,0.6197170244717708,0.21998727253718278,0.12776969211789782,0.16059928223711303,0.6902975230084489,0.01615785640466979,0.05011014965458073,0.07158359459741458,-0.022825488098096626,-0.10722311222976298,-0.15693910570729125,-0.48582308312860106
KG,2024-08-25,0.5515067503502799,0.12425603855857839,0.18851935178625767,0.14838544904921852,0.6141691182563886,0.14881085031680738,0.17430009832991902,0.013543762408111087,-0.11447552650686207,-0.10845865945788703,-0.15318545078212123,-0.4408110805386246
KG,2024-09-01,0.5960722136705523,0.15678514278941455,0.22690748051984772,0.12799720304481987,0.6884156273498475,0.03591320283293878,0.1638569599556343,0.026519527954071996,-0.1269045387819171,-0.11007318564418705,-0.15554642363387863,-0.4997076061888734
KG,2024-09-08,0.597208090381526,0.24605110767094718,0.0053536778052801605,0.21026852559265755,0.6847601278380004,0.03894787744847728,0.03747422794456216,0.08061314301640357,-0.05240724146483156,-0.04162116848412324,-0.07793631852385359,-0.38263305025830696
KG,2024-09-15,0.5902099694696765,0.1737948444518765,0.18427038979255317,0.11832531340558808,0.6930136014844891,0.08794586331834704,0.2163335514919485,0.03237653358865843,-0.06290398115522335,-0.15677632584161624,-0.14804348900539896,-0.5276912310666614
KG,2024-09-22,0.64553799157586,0.11296920453756394,-0.05664623473276063,0.09892632580393973,0.6793164767374555,0.026633716723836003,0.1814653124766548,0.029224477344592062,-0.05832458815990397,-0.17331795888868004,-0.12975790709278154,-0.3759063053252228
KG,2024-09-29,0.6065702339356375,0.10150597687276332,0.08742397205413954,0.11277247647303242,0.6982417195659885,0.08653494673013803,0.14952781502933238,0.06863786108828672,-0.11165777613471499,-0.16248706377625988,-0.2103356901434604,-0.5196024052350985
KG,2024-10-06,0.5738533618644145,0.1381612172977321,0.17900487697646106,0.15372674444506434,0.6673532015890942,0.1592791923329486,0.14560238953918517,0.10349485743727113,-0.13841534498479588,-0.08873737963016183,-0.10458383568484489,-0.43455865295375296
KG,2024-10-13,0.5184131229923097,0.1035021954499094,0.1229276424344552,0.14985336447335296,0.6006267548782344,0.19746502726678297,0.17605553775128926,0.08201482972793898,-0.2075173888794134,-0.07901815861224194,-0.04939786330603425,-0.3566590346972261
KG,2024-10-20,0.5846372333454862,0.21981887219795104,0.09538806715524162,0.17756482580491356,0.7288687282102655,0.0712901716335895,0.2698705007501793,0.05229379241088634,-0.08474788845336355,-0.1494626821307013,-0.1605984428912079,-0.5358660986379021
KG,2024-10-27,0.5419554695953972,0.05853998868506432,0.151895225542962,0.14378669470468666,0.5677373413846734,0.1399779014736112,0.12056115320953141,0.05785026471076212,-0.1644103242829208,-0.16221890842514222,-0.15384115212362012,-0.4153045698310833
KG,2024-11-03,0.6062108487606437,0.1330510124538939,0.1934088288855243,0.07422152138166198,0.6631366117703568,0.05002706690679931,0.2201769052130552,0.01629590381454668,-0.04022427575381279,-0.08632272370077089,-0.15260095515497243,-0.49376301022050034
KG,2024-11-10,0.6209118942187795,0.13263626084985816,0.17197550907873105,0.10750371611177194,0.6818561231670068,0.02523611893815826,0.08089418607051911,0.03286784170546777,-0.026631457320944515,-0.11063496191173432,-0.1662633349542711,-0.5562878952302364
KG,2024-11-17,0.6100751563221156,0.14375798994154843,0.11274477316408169,0.09420019650477959,0.6465472546252361,0.13807676527035498,0.02978699862086961,-0.01590842573288602,-0.17939761459030487,-0.06631262304814323,-0.10289659830917194,-0.37501283963430115
KG,2024-11-24,0.5200141205803007,0.07834014216604104,0.1331291933625825,0.187157359063801,0.5100452073485674,0.1296791710801386,-0.0188316714922335,0.06449195800998357,-0.08852583587741625,-0.06100819656528085,0.007094975973842773,-0.2836210765886918
KG,2024-12-01,0.5842535664225845,0.05650491508813834,0.18258355001298432,0.13305683263128912,0.6525960561223386,0.07923803495740171,0.2059875310177846,0.0194243703067449,-0.11491848230100384,-0.1714000225355425,-0.21457711689375336,-0.5114180304132597
KG,2024-12-08,0.5971646483727024,-0.04562095166602461,0.13255387534796398,0.12776731583147577,0.5805132983509398,0.05923398221795706,0.03309206530723931,0.02949934509701177,-0.10350741637859255,-0.03768602652638224,-0.10474554128200646,-0.32540431985841783
KG,2024-12-15,0.603278996352644,0.11796409344703898,-0.03178370689268851,0.05362624145307252,0.6140174288258663,0.05346482086227592,0.11366482169353871,0.030098394680721806,-0.06392335282959274,-0.07000724614043703,-0.2129018329264123,-0.39893825632520435
KG,2024-12-22,0.6119060781629847,0.16582400978920459,0.0920719108191633,0.1085839854885297,0.7206019132434721,0.05052843745110752,0.20514380925875766,0.03368296215129578,-0.06334012620089202,-0.13090835038556156,-0.23886888039973514,-0.4718496435287492
KG,2024-12-29,0.5653859566111615,0.19048061659683246,0.19046940274328084,0.09773437094950523,0.7046324626602711,0.10128727862481567,0.2910009602300451,0.09873282787882012,-0.09296485799696182,-0.15154579586480965,-0.23383013132112093,-0.5886671948041894
KG,2025-01-05,0.5860059491805928,0.18260710859943005,0.1973122406140396,0.026648724756519426,0.6556531742275019,0.07856781379651759,0.1930489035162696,0.0790883862789426,-0.03941594975901703,-0.11383228428032617,-0.244506907819803,-0.4922766670977134
KG,2025-01-12,0.5786243021300137,0.2063691227241845,0.09856835340248103,0.12198136178482345,0.6722118695106926,0.11289681836899675,0.2063976728801778,0.12856722625506536,-0.0855593361598783,-0.0927370269484835,-0.09171279791839879,-0.3779507276060228
KG,2025-01-19,0.6010351357050513,0.12358434188109407,0.09430078351829281,0.09772434524413501,0.6397562720839668,0.02507564493656163,0.11610396329498951,0.07472911273502401,-0.08959551540937255,-0.050445646720145544,-0.13762246910763196,-0.3649591991958709
KG,2025-01-26,0.5637386600851717,0.2822120492643419,0.1458616947371915,0.168818601473609,0.6699368806506718,0.10397787336397896,0.18136513735300858,0.029152440945325625,-0.1369063184565183,-0.0532793500088097,-0.1252825592685083,-0.41988557553740774
KG,2025-02-02,0.5385798979627953,-0.03178131060134752,0.1593766443758707,0.2177838909938459,0.5150008920626935,0.10661699814134767,0.15040763074721827,-0.0013292526986263974,-0.14111059724121552,-0.08961460440021324,-0.1188963605809622,-0.24376517571172587
KG,2025-02-09,0.6420519398013949,0.09274472395265072,0.2091187093918872,0.08193582895692327,0.6642112855190467,0.01800621267330153,0.20879083593120212,0.028221749267703863,0.021585894394251615,-0.12418903932735663,-0.1936294130020886,-0.5176270265940606
KG,2025-02-16,0.5889143036114356,-0.03660336351379758,0.03314007827600413,0.08691310724930708,0.5440688077186604,0.04258404808076809,0.15311689325546693,0.07996670752230692,0.001904762181381021,-0.06540079369947727,-0.1960098971337881,-0.27622255169653975
KG,2025-02-23,0.5741189725202834,0.21799757853731733,0.21830153129547178,0.11660956413095457,0.6733770387448281,0.08851921238373978,0.19347884044671876,0.06463692176165213,-0.11438502877317584,-0.12499193636708424,-0.11491409071836822,-0.43065618131627914
KG,2025-03-02,0.6050300667033282,-0.03441357177241385,-0.12186202165453094,0.04349530175838472,0.5069823411715686,0.06252277870978555,0.14518530008764105,-0.00510396717143726,-0.023008522746297836,-0.12116311140608567,-0.2667464339305283,-0.19186332741496412
KG,2025-03-09,0.5420023723833848,0.15989630101057326,0.19602061004890686,0.1422622373350906,0.5909461702774501,0.10244725753540056,0.2815355714785508,0.1322665471954816,-0.10841968790780201,-0.13055652444536142,-0.13796301919086829,-0.3815055947390768
KG,2025-03-16,0.5728172716185095,0.15052208895479885,0.1465062221813115,0.16786927507976268,0.6096200215481477,0.06763614714860457,-0.003995403846681864,0.017607297319668223,-0.08870479730064385,-0.028722002180221362,-0.13085786583593964,-0.4193372613319013
KG,2025-03-23,0.5882182024908256,0.1715575878135086,0.17725449084442652,0.09159155829800562,0.6226054373141167,0.017572835947059683,0.14546517715558138,0.04365749571362194,-0.07121726059168991,-0.14424945786656107,-0.13062038246440696,-0.41045710899322035
KG,2025-03-30,0.6016705933189316,0.3777817986381024,-0.16038924045969236,0.3539615767145891,0.684765530967441,-0.03526901876344272,0.2261566047983556,-0.3722920199130718,-0.03832794823716272,0.04096888228709594,-0.26408148245124524,-0.18574208821170765
KG,2025-04-06,0.591265465253026,0.24657082299288977,0.011137633974348391,0.10933134603806142,0.6722527252100491,0.040559723989421835,0.16358209309578417,-0.026114223414856835,-0.12253949729412814,-0.07856086179569347,-0.1555929957629153,-0.415144340304753
KG,2025-04-13,0.6354337767785873,0.1563123006816588,0.02397549632830147,0.07881047667393966,0.6746827866022402,0.05634995370937487,0.08154588077426293,0.06680674238638146,-0.06974712049289003,-0.05147831311709847,-0.1302507696355677,-0.3718665738036095
KG,2025-04-20,0.6197067806717474,0.10776418942234567,0.2264725541261427,0.07131405965958036,0.6890853245740017,0.059003086512320814,0.24366580557377215,0.012259762461481132,-0.10649510262589694,-0.2069779393685238,-0.2330773322300411,-0.6627378675533692
KG,2025-04-27,0.5925622505833297,0.07529588295282351,0.20804674710738855,0.06945623967710735,0.6408087359721372,0.022078039668955277,0.15293291794315303,0.014589264722762594,-0.16561129945047243,-0.19572206801540748,-0.1959742393545868,-0.5096657741765677
KG,2025-05-04,0.6321303307693722,0.22274736507655576,0.08450856759040866,0.006950825760160901,0.7344944561941745,0.05416707128288677,0.19636652582885614,0.050654766377489925,-0.15738548690137594,-0.025569060900110865,-0.1821172627016812,-0.48685653903983356
KG,2025-05-11,0.5754454615124598,0.14340881009150708,0.1700567817774156,0.16640297493427966,0.5874915617516882,0.08743485651118064,0.19751666227360443,-0.05283185684927016,-0.060399553360562665,-0.0668124619660577,-0.16959085955560155,-0.34468075976816126
KG,2025-05-18,0.6392850600665207,0.07341785455280796,0.17975862170206378,0.06161188803022179,0.6855794778977237,0.0910114411595332,0.1526466618128805,0.05353285492135751,-0.0729987117007096,-0.1155691978893191,-0.1675245796350994,-0.5135114935688873
KG,2025-05-25,0.5518895946628374,0.021910824550160024,0.12506343790510321,0.17447016064869078,0.5683030408572027,0.13429065737897614,0.11547353368976508,0.034703139678891604,-0.1725772836105874,-0.049645514200709846,-0.09007669549094134,-0.3200270585797103
KG,2025-06-01,0.6992368960756008,0.10166791001931448,0.07449493780315954,-0.029526508373573603,0.6881723405684445,-0.006654978052671614,0.07145757718317068,-0.01574511217064129,-0.07102795664314208,-0.007008075497673372,-0.12845427677487326,-0.3832087257244436
KG,2025-06-08,0.5511262878728918,0.13659430311066248,0.18511524581511804,0.15443569005045527,0.6565627689173353,0.15949055373285248,0.23397722469112717,0.03623189277072046,-0.12399945647814241,-0.11422884042805205,-0.16201122044358673,-0.4727349640883558
KG,2025-07-06,0.6206199475614311,0.10711097998625731,0.12758639153165663,0.15961794905578292,0.6781539546345392,0.010461890132812937,0.15831898195258823,-0.008316299998188495,-0.10035971834267766,-0.10534555089014484,-0.1823474262588606,-0.49206786267957275
KG,2025-07-13,0.5349881805997486,0.12273833242848073,-0.012059721624404645,0.2208352461256405,0.595725989131128,0.08872885640597361,0.1651718782355392,0.0887911241569308,-0.09919785084485296,-0.10550596384538902,-0.11780479503474779,-0.3402598311071226
KG,2025-07-20,0.6074633600099401,0.18868331160694335,0.06945253714565054,0.04316267821010242,0.6240590167457127,0.059744651406487305,-0.03473115348321721,0.04598641185860336,-0.02919585131994463,-0.011523122147129049,-0.09350146183995166,-0.4200237449342852
KG,2025-07-27,0.6822023074929697,0.0059929618067212686,-0.09369090382510001,0.16413877290736667,0.751355875156135,0.041910212968326664,0.15235175812483376,0.07391849368608867,-0.13545863679352121,-0.16723854080904887,-0.22894129310577274,-0.46033659831590396
KG,2025-08-03,0.5878608379852108,0.14072372660808724,0.11451738290157722,0.0531259771074445,0.6235535256379147,0.03391682761834056,0.1917354007836298,0.07784348643614206,-0.11578972876300889,-0.09171518143045669,-0.15098775499310865,-0.38694088180031405
KG,2025-08-10,0.6267691456431781,0.04470329952477634,0.1772825560059033,0.05189514287146017,0.6364714604450628,0.028996370420408916,0.08215656680516416,0.030301156856073617,-0.08879199168749852,-0.1309362089314461,-0.25572081151093434,-0.49453600308841983
KG,2025-08-17,0.6658910298243274,0.09516349300391834,0.09949438359436305,0.07506983203260824,0.7115310215123594,0.004247975578578787,0.02118381318770563,0.06354567087100692,-0.08809690914513232,-0.09731121166691324,-0.2049922407305017,-0.46828587806760646
KG,2025-08-24,0.607318812502265,0.3137804059994653,0.012403528180626356,-0.09693512989394586,0.6716492353739626,0.11201765561323157,0.14479586285879834,0.04039099536498319,-0.05476909579452688,-0.017065487349459233,0.008049435076407594,-0.37791056018059566
KG,2025-08-31,0.5831424178837062,0.2424872509614684,0.29608368739014446,0.1903185031487091,0.8291210408722541,0.07730817138961595,0.27565713067258324,0.07206952900996894,-0.14568520978623306,-0.2382299271357112,-0.27393055922020054,-0.7382013716908922
KG,2025-09-07,0.5723054875047299,0.07962126365108642,0.10162014968416971,0.12155738512759232,0.5774214270788954,0.10035846155470537,0.09898769088874627,0.056378704315588155,-0.08761536249310999,-0.07838534669506143,-0.06669175226011582,-0.3595045133002527
KG,2025-09-14,0.5990915778579049,0.00951612188817778,0.15530293798426634,0.12926336003837965,0.5998592078980872,0.08781469058726701,0.11472646243456307,0.008972351416748334,-0.15357783251869941,-0.10920600370275976,-0.08808305476090562,-0.39322061929211066
KG,2025-09-21,0.6160422499187095,0.2738724260350992,0.31175766938455823,0.15679509204311437,0.8045890926880134,-0.030125472276977334,0.39027136218719005,0.0375956390716133,0.01712996202762965,-0.24644684505440567,-0.20467675373366212,-0.7576807444221867
KG,2025-09-28,0.6181623818923435,0.07301429825674575,0.061049508998200934,0.05032653075903522,0.6142133148649869,0.07941081396334339,0.05985882761111202,0.06619109072452144,-0.11000787637652429,-0.07756635319047946,-0.17027116101441073,-0.3638402810539712
KG,2025-10-05,0.6742022015743857,-0.1344131770229714,0.1018554329694095,0.06242773872426259,0.6399249962722438,0.13408849679213936,0.14775093750707077,0.05139635016112411,-0.02190441539955053,-0.07112217649638433,-0.1390820022285362,-0.39523504131205034
KG,2025-10-12,0.491408418843963,0.1832254393796544,0.23823301740450298,0.19993903207378583,0.5926235384323383,0.15894998814030328,0.2723857570726037,0.2243364514231097,-0.2072958988949695,-0.12202182967395692,-0.04922364019445656,-0.3440136520769667
KG,2025-10-19,0.5113168320427243,0.027156586612202757,0.0721065534725626,0.10389984986889829,0.4459043356061209,0.12072407060690311,0.005547505987938032,0.11546652589285855,-0.08416738530608231,-0.05488680843328352,-0.02976371964853997,-0.17518228723882037
KG,2025-10-26,0.5500410537637286,0.06182528455180484,0.19528780021006784,0.21371531123635243,0.5905139936833468,0.04821216180140862,0.17165982651630032,0.034077787653625666,-0.11640698018348372,-0.07696860955420969,-0.05379232851472606,-0.41440560818336103
KG,2025-11-02,0.5564254228613904,0.08642351893733158,0.19146616162843982,0.106669012421776,0.5630229433452894,0.0408441937714527,0.08148900735930052,0.0302924546088312,-0.11913824190755434,-0.07453129725286516,-0.18244431371609693,-0.3389118854016905
KG,2025-11-09,0.6500553554072922,0.11698937900645329,0.1690161577977168,0.10006031092379895,0.7129859258080508,0.01483547504322569,0.2605643620333821,0.053917057018333554,-0.04806722004613078,-0.16799747393138809,-0.2453602096143185,-0.5256172524027674
KG,2025-11-16,0.6191744372000508,0.24260775103905793,0.2579863288315622,0.17060245108201194,0.7830248180425087,0.07954574094942937,0.32524991766705047,-0.062414303439544655,-0.08300117191418135,-0.1855285594044377,-0.2825543870059711,-0.5990199782302912
KG,2025-11-23,0.6116879507183866,0.22035790148217252,0.25943302879428304,0.18470690942855597,0.8365854168991087,0.05308600099409041,0.33399357531789153,0.03640674998603953,-0.1124462368812122,-0.2630930366469958,-0.2814956691842301,-0.7903907250744465
KG,2025-11-30,0.5318207931604958,0.1546824755781511,0.21794489915188583,0.2050993854095355,0.6241886872984683,0.12751985202224694,0.16373410177211326,0.06092746291777434,-0.21184538387477353,-0.16674016387597332,-0.14832577671838798,-0.41793218192757897
KG,2025-12-07,0.5773784055281471,0.053884333826344236,0.11086892180805114,0.13143993393809575,0.6186399655751943,0.05794995590430443,0.16896969523055758,0.09354538361336844,-0.11848688809352166,-0.07287703476365108,-0.1621051564575785,-0.3704843777207069
KG,2025-12-14,0.5872990792928652,0.10756177122570315,0.18029104882045327,0.019731093334153904,0.5956699448409749,-0.006299695208059754,0.0845295665316679,-0.013148684425388924,-0.12771369587443784,-0.20197633841942506,-0.16178399661276174,-0.4671269477195806
KG,2025-12-21,0.6225249453835691,0.07247454968529915,0.19731565746123653,0.05930787786877912,0.7259271847776281,0.023705731024407737,0.23714783258981578,0.04980830502150846,-0.100299068613259,-0.14504732639443949,-0.2617233060845311,-0.5691459141341408
KG,2025-12-28,0.5531833950736873,0.14912454607774456,0.16427954425193889,0.12897113743465638,0.5647749014958455,0.09322205852271674,0.09615312672340467,0.03952170871918557,-0.10310902865705907,-0.030599797816189486,-0.07156387968119161,-0.2825228960736903
KG,2026-01-04,0.5963738377802402,0.2255790720610067,0.21462649448949145,0.07997023078863667,0.7562932485713565,0.07580746382218091,0.26978006574302016,0.12389443519841857,-0.09008826852800775,-0.13903440696983735,-0.16735078863327268,-0.5793640337654133
KG,2026-01-11,0.577102816236361,-0.03910300286233981,0.04737276096727256,0.08625588529869688,0.5219821099012106,0.12491972059757725,0.06621684010670825,0.10724237340942151,-0.08733339151603099,-0.043445704216273216,-0.07054999932184512,-0.19743324764942316
KG,2026-01-18,0.6035823809249572,0.05266466298144348,0.16052102097574278,0.039053598281692574,0.6101742950815952,0.08175268243123439,0.08974009691160073,0.08124373291145015,-0.10351925669921368,-0.049243208820493836,-0.21420772499166862,-0.4533873902743816
KG,2026-01-25,0.6482250372051416,0.15563787943453483,0.06988084262848475,-0.022431695129599926,0.6913924347562564,0.055521193217898716,0.14899937973133356,-0.004821616251236223,-0.038917108144782525,-0.2146291429208289,-0.1351627081361636,-0.37620185699446024
KG,2026-02-01,0.6120641716574908,0.23250826097612806,0.16653134697117233,-0.022892074465481655,0.6878325579622252,0.1272959450504644,0.20048236496437255,-0.003025706482850755,-0.021476518671010265,-0.04567351231609154,-0.11953615731409678,-0.433823425248911
KG,2026-02-08,0.5603141635698757,0.04465630682815711,0.163914236457401,0.16461484197448095,0.6202496107250475,0.09725970842099657,0.17014514736190614,0.049060825703692634,-0.1069637952827728,-0.11914517575692733,-0.14905039480744742,-0.43267295714592824
KG,2026-02-15,0.6586810475267911,0.10954893714137351,0.14332818311503576,0.02501579935999692,0.7071497647891772,0.07455932760211754,0.05461050533870269,0.07798681178793938,-0.0980308836526745,-0.0008135388210255785,-0.10470038251016969,-0.4003019951934352
KG,2026-02-22,0.6520287677318772,0.002968935748711443,0.1344626361060133,-0.035497863030233646,0.6306348753594947,0.052236720114788325,0.11844060323458871,0.03415082447268639,-0.12126550396819219,-0.21967578937893623,-0.207399181450923,-0.3984901349044536
KG,2026-03-01,0.6603122432486358,-0.014569062798391265,0.07940235552126235,0.1958515378382123,0.6935009102771825,0.061142928450289825,0.12106682821004947,-0.03402008230746271,-0.148016494273286,-0.09940502936927936,-0.0907601808324779,-0.373211016183899
KG,2026-03-08,0.5010670384086223,0.07617787817039118,0.14402874855529296,0.12731408364621397,0.529401272520714,0.14079460142138073,0.09542440491386571,0.07529589639278933,-0.12658166790560144,-0.09091975311792115,-0.1283632352319877,-0.3325925398900379
KG,2026-03-15,0.5756427454525112,0.1286768433220721,0.002200940133578663,0.11850963336972568,0.6099958389094038,0.07552076726480751,0.13389764880527344,0.02619651220627331,-0.0963766451995413,-0.2156483878215732,-0.08721026334314222,-0.4001642005489886
KG,2026-03-22,0.5667640266656315,0.03893780872521885,0.14668064021796146,0.09719796394630308,0.5682745662220662,0.04522356860513561,0.16684461617053112,0.039749984536036724,-0.18950368840679824,-0.06629684886850538,-0.1364055827534043,-0.4040690297133231
KG,2026-03-29,0.5934696936003953,0.03516602018916228,-0.0336657828216421,0.24382756871885322,0.564326379238056,0.02921215635075449,0.040974053958473144,0.07429953269656335,-0.06305379792784743,-0.022920971840619555,-0.022110922692644464,-0.2351084854376184
KG,2026-04-05,0.5814854340555222,0.09491193682428893,0.2090687145106223,0.16108585531142827,0.6145810248933258,0.06943288047612606,0.17643171146257555,0.042030415584723,-0.01483556351224892,-0.11181946572457444,-0.13587835472054502,-0.3704864388429165
KG,2026-04-12,0.6365274702713181,0.13571738435992337,0.21824804660010738,0.06337559291400423,0.6700537451724506,-0.02676498593900264,0.31841622077258414,0.17125478283895854,0.06625059954919185,-0.06405318439840027,-0.24518652231161384,-0.3321076773846498
KG,2026-04-19,0.48612322242804384,0.11851768499511717,0.12789836428774268,0.13457951494414996,0.4877033519854698,0.1077517272904049,0.03320341221395607,0.030302953160859382,-0.31983318814685063,0.06516271419878447,0.04243739818466327,-0.18207743263275575
KG,2026-04-26,0.6415827995846471,0.20956793877886917,0.1861046793585109,0.039369537703394936,0.6902846759215537,0.05555227512800018,0.12229973437758895,0.020814871645563112,-0.039817944148899324,-0.060751393777078805,-0.11816188814304729,-0.41055910737385964
KG,2026-05-03,0.696280206899853,0.021220754643853822,0.08262738383733591,-0.2303240656560005,0.6385139709178936,-0.021905571448409187,0.04715490165692027,0.14229277260634576,-0.16517540096109498,0.03664652556350299,-0.379490955221147,-0.28236574997354275
KG,2026-05-10,0.5759664136251386,0.021849084760538817,0.20364057013578354,0.1289572177369109,0.6052771370388612,0.03891171439429135,0.14539760558824433,0.09396498455460206,-0.05042557398221055,-0.15359230997968745,-0.23812702353635212,-0.46453812140067235
KG,2026-05-17,0.7056376029971753,-0.03899674536214092,0.12482010201485018,0.0584969046334264,0.6757091292939718,-0.00910540721003485,-0.026149460601649552,0.06629655474355628,-0.0422857518520544,-0.06603380068639939,-0.11842924588179483,-0.3549975615743264
KG,2026-05-24,0.6071308585398749,0.17932488040185604,0.1392776222881279,-0.1637866802833736,0.6089999196100502,0.007928837195248062,0.09392432006734809,0.06579640560955918,-0.14773520362275008,-0.07352279313314582,-0.0577553612573967,-0.31233906141210366
KG,2026-05-31,0.6020290659051981,0.035431902310811454,0.15107037902978623,0.030701813895876073,0.6178778744122128,0.07184337281432245,0.24282571485702614,0.08090434163961298,-0.11907963279502139,-0.056051312487519225,-0.08455131033844265,-0.35559316371443045
KG,2026-06-07,0.4516775118513272,0.1399573121912329,0.16744280233318704,0.18333041048265403,0.5123431643319847,0.14312882886235145,0.19353926708765046,0.18307109421702425,-0.15474071931558958,-0.14132723067133046,-0.07886345486620369,-0.2857600114395396
KG,2026-06-14,0.6206848648664158,0.18131949435331765,0.27580760349580785,0.15669781834484436,0.8215931430324279,0.04459704973525862,0.29161971586620966,0.08401821290170139,-0.07225339769279857,-0.26111409470036784,-0.2954110809017823,-0.7417007898446139
KG,2026-06-21,0.59788970135475,0.17069127112810048,0.12731114635046353,0.13969685977227442,0.5788161148077701,0.04145059469908178,0.03542030374163589,0.19381117736353412,0.08021779941948735,0.048205098753913135,0.019915297794373385,-0.1577085451735822
KG,2026-06-28,0.7277014955316113,-0.0609271144338538,0.1472222427688176,0.02977390619826324,0.7220193905136953,0.016640217473776,0.13607916113173538,-0.017676637332678536,-0.14423213754277392,-0.06668445056712624,-0.18998919896245214,-0.37449472751036106
KG,2026-07-05,0.46083175752150396,0.15288252082640327,0.2018988476784038,0.18797787508212976,0.5331865309535019,0.19414488714356054,0.226806492529091,0.1122346387462186,-0.19363474961563507,-0.12521403805843687,-0.1048168026703641,-0.3601867390098129
KG,2026-07-12,0.6159449059330592,0.09933580756326164,0.14131022932059054,0.09056011808315402,0.6517038692279028,0.09816928881403247,0.02183151712734565,0.09062791882309074,-0.11975112732811653,-0.045160137676642335,-0.07145698552300292,-0.34335321638845656
KG,2026-07-19,0.6027571801887834,0.09944490871523658,0.14769245352177782,0.1679338518901678,0.6359803709472133,0.09570502099990792,0.1185722312127333,0.05471110789438448,-0.07651740897518552,-0.07593962985073985,-0.11541881261828793,-0.329247983947242
KG,2026-07-26,0.4854117098379989,0.1980872640055931,0.24622294425080218,0.18582781874987478,0.6117411776684567,0.11055346367539866,0.2572412766730058,0.03122084594373444,-0.15310945198499595,-0.17457605064783144,-0.17567386750873126,-0.47862999763181446
KG,2026-08-02,0.6023257857871634,0.03663364504776949,0.1831015539969785,0.07758363175634081,0.5909004553682347,0.015001043451201772,0.13528760310285323,0.08984293437396787,-0.04375283514634144,-0.10914958091716037,-0.16330438076229437,-0.3971737954123885
NU,2023-08-13,0.6048230382003036,0.20985578727217527,0.18517212643594824,0.13277349691415755,0.6373056856168001,0.02203658639362028,0.029759092050529817,0.09265597764171245,-0.05239743797305645,-0.020249768204115632,-0.061280442196064835,-0.3273074701113987
NU,2023-08-20,0.46925211083470697,0.17556750552054762,0.060096719846679525,0.10316281172754045,0.495697614878266,0.27360467798741195,0.12770242626708844,0.07306316162118535,-0.053373441825597195,0.023766469701420576,0.0827833761792833,-0.2294949951743
NU,2023-08-27,0.48245142012055786,0.1557148752894612,0.09271856356691068,0.21087771709229028,0.47869187346459613,0.09302643697143546,0.011115404158558004,0.021762853260699187,-0.09336550910187552,-0.02511228112900043,0.022738717272033165,-0.15297255793104494
NU,2023-09-03,0.49156442427245617,0.13415325239829676,0.10058212934281717,0.2140163524573358,0.4793223060370838,0.03159258165140085,0.009646162978656536,0.060752001054845836,-0.03179539574420667,-0.04642854979667469,0.020117238763033327,-0.17969235408563078
NU,2023-09-10,0.599205820689262,0.19201780002038213,0.0224408110291947,0.1168372100852825,0.611229419229999,0.06418813917032917,0.06597356361831846,0.05868562849799633,-0.058495864382729613,-0.02518921366027971,-0.011446238289855923,-0.23763370787616783
NU,2023-09-17,0.6072675311640809,0.1645219540857627,-0.033958142503964665,0.1307710741191011,0.6185287276834123,-0.011997926472146231,0.07375419316679503,0.03407862630847115,-0.06914377709298519,-0.04009266287051686,-0.11236769780032285,-0.3027921958245988
NU,2023-09-24,0.47831304416097375,0.15161964829113606,0.15600901961686922,0.14634944323213583,0.5447401499765022,0.16828952205101425,0.14888378499188076,0.06982546095508445,-0.14404228635619895,-0.08616872971134787,-0.029479717364889073,-0.3213266504457903
NU,2023-10-01,0.5659721700519805,0.09661914961791161,0.1242354253184984,0.11931599774949678,0.5810008517005447,0.08964738913609967,0.1593025754592861,0.09099773695255516,-0.10685496453836565,-0.059227222552229127,-0.1031157603291799,-0.3101717986699053
NU,2023-10-08,0.5297425816624827,0.16848689749421217,0.05250607956511275,0.09852309363782093,0.5434828772256101,0.08338836666164168,0.10893029312591954,0.05256457551621665,-0.14446503619215292,-0.04111902877225089,-0.07459827396244528,-0.22907848618559393
NU,2023-10-15,0.7175026951884103,0.32992893044777666,0.004829577929804314,-0.1281628180196858,0.7551276986583513,0.11799508607670703,-0.07331142800082373,0.05027673312606377,0.01215189224116899,0.15806299952563152,-0.031872133018575916,-0.3065234854133798
NU,2023-10-22,0.3767751569758281,0.20944490422883705,0.15048801175151302,0.13762435577169246,0.38365210467285393,0.20536678292464422,0.1738839357017862,0.09093941776045104,-0.12425669289230278,-0.057978492745938026,0.09978952621916122,-0.14998020859160283
NU,2023-10-29,0.5409693284212052,0.09630471940683208,0.07752795109404645,0.04980562270487931,0.4957557135648425,0.11059371103662771,0.023098564251335225,0.08929202752942728,-0.06617783840366305,0.013715270162493591,-0.03668492231733864,-0.16729321658565316
NU,2023-11-05,0.5982436646016687,0.26109255298641243,0.005635083436785576,0.023776676588046306,0.6238528591392714,0.11478070866209714,0.15050552338665102,0.026083240783305622,0.08050526906198589,-0.0052528330233180265,-0.03499153845679276,-0.3332203576223896
NU,2023-11-12,0.5481479296131649,0.16117063112691166,0.11133078886697403,0.058614371318040044,0.5633303836018254,0.15779912111528707,0.07956077105929518,0.03684697350490394,-0.12047188332347422,-0.025044778416758947,-0.003483368679483659,-0.2564852946246787
NU,2023-11-19,0.603145212923098,0.39875935686649866,-0.40769928062031163,0.3571086412383828,0.6893324057681175,-0.09191099677031858,0.10487529940401297,0.07177846374160467,0.021016387982344835,-0.009785588994485634,-0.053690565452694815,-0.19071619235092346
NU,2023-11-26,0.5627196458519522,0.2039460997633196,0.13516357066814325,0.20874041655456277,0.6006813773845032,0.06557883945703952,0.021517829890612794,0.04748472519859329,-0.030758474263149375,-0.036443181806197975,-0.03322383367824831,-0.2746067366997023
NU,2023-12-03,0.5747890762531671,0.30946393291562924,0.19549480957599202,0.1668764367351268,0.7085162890867869,0.03649938449965442,0.2480793671711426,0.04642506004805874,0.06127207825134202,-0.07873896042960753,-0.022599836420326598,-0.44267737815645586
NU,2023-12-10,0.36122608633096054,0.06454258347254276,0.1534017826623214,0.26008856920515766,0.3743206096675643,0.17082967678362385,-0.03855808941467724,0.07799971231888055,-0.22978044525840083,-0.09686681091953112,0.07441490994470287,-0.15799169036620314
NU,2023-12-17,0.5517533235037764,0.03280260289437867,0.15228151519397468,0.10673647590193756,0.5872099526239999,0.12184880177249376,0.1697842830357852,0.1336970517141233,-0.07123638966323774,-0.12842295002733184,-0.08916859267659027,-0.3486391320241023
NU,2023-12-24,0.5536992285825619,0.31722949054915234,0.1879711140131838,0.11746008497435363,0.6680788112869601,0.07416661591064765,0.22494383020887482,0.09218602645806788,-0.09191688711988105,-0.01569510534811561,0.008394796191365073,-0.3680124271600398
NU,2023-12-31,0.49315506481403626,0.18674780938852242,0.1812673248636171,0.17663483428207913,0.5373527984303106,0.13895328336852075,0.1663671937086704,0.03135881776821141,-0.11157934287996914,-0.03208592218563226,0.006983899705346921,-0.22656947705201236
NU,2024-01-07,0.5184139422056157,0.21885052532182625,0.18302632422528414,0.17961280361255152,0.5781251027140955,0.08772996887631336,0.07522174609736497,-0.005797174388830212,-0.13198771702705464,-0.05504275770585783,-0.0460309482873064,-0.2767001014110476
NU,2024-01-14,0.5387112367976774,0.16435671129919335,0.19407313822233305,0.27077148233984644,0.5765424738120635,0.1128990322897459,0.05432408299879551,-0.14183563445375957,-0.1097372339441513,-0.009928885381733222,-0.05152637763121924,-0.23948438152993495
NU,2024-01-21,0.5097596593114443,0.16026157983724806,0.16298895428739507,0.1600615276849354,0.550826588379508,0.12329087068572654,0.11760361149759342,0.020905957411316213,-0.14489845547519445,-0.024476902633475812,-0.021702424016374615,-0.2903680588031996
NU,2024-01-28,0.4990443894464808,0.21036904360642977,0.17676474109233054,0.17920068992241467,0.550697693052658,0.12190156567601791,0.0978135260168442,0.07477451840644445,-0.13425015765785203,-0.07831958362652876,-0.020428107180022744,-0.26220945370737103
NU,2024-02-04,0.45623745745163113,0.1844504977220459,0.15387546377694516,0.19514953150548897,0.502698172403304,0.13649080265610158,0.12504393092585445,0.08103705696129948,-0.1974578230748696,-0.06929326280612685,0.030708733231337722,-0.20675212916584812
NU,2024-02-11,0.4917799462799698,0.2705508466636526,0.18566288109171036,0.29259044080188734,0.41598545742373727,0.15318194882237646,0.029281992409148132,-0.48001044285195743,-0.1039225071136791,0.07416920663907665,-0.1046751321803879,0.04791216415417895
NU,2024-02-18,0.558456571129775,0.1587808888253385,0.09055111444989683,0.19348315551741851,0.5803069037024781,0.05738065310039517,0.030527389017109698,0.026260797593775816,-0.11177248465087283,-0.054682614798315154,-0.0523822037783131,-0.31887233628521816
NU,2024-02-25,0.6302777324813197,0.1306273677761565,0.11118543266690413,0.13497479555329386,0.6385598962577422,0.00031996403799441984,0.1220507181996171,0.06019470797970834,-0.023252391222772964,-0.06119526260228294,-0.07801969464871343,-0.2403405652607234
NU,2024-03-03,0.468828987478519,0.16025591860658286,0.17996048646570947,0.174414101726846,0.5105342755096719,0.0632719021149238,0.0732507021098407,0.07033305556560401,-0.08446199461985791,-0.07287319237799633,0.03270686671128781,-0.22576135159211616
NU,2024-03-10,0.49007443624362185,0.18537304694958637,0.17393773266690166,0.1960642246582857,0.537779308010549,0.10333122145340168,0.10715176756609249,0.06675679238904203,-0.14105497943682258,-0.051441366236790145,-0.00035861056108453564,-0.2612154944300562
NU,2024-03-17,0.551932282925461,0.06575574716739455,0.1428348761346752,0.10934333047707862,0.5664636544986409,0.1284008831472043,0.16967747842280617,0.0016185235564271207,-0.049549023844872676,-0.07574889110210767,-0.0879016892688157,-0.321031259044181
NU,2024-03-24,0.4977689352766365,0.2100999094777955,0.14841873304639372,0.19140708961547662,0.5449310477787748,0.13253837632730955,0.15591210746642495,0.041046551822814865,-0.0686977206351499,-0.05959548443899038,-0.006412271612739585,-0.2852796061156781
NU,2024-03-31,0.58998713221791,0.215298394536529,-0.017591858685603378,0.17090879918946902,0.6030871147512006,0.02481611819201106,-0.009042723168347762,0.05423321588948399,-0.026114740466127537,-0.011727914933285587,-0.021219191654849655,-0.3071117143315225
NU,2024-04-07,0.4110687986520531,0.2352458247047472,0.21381378352277164,0.2251091649340406,0.5024278359714022,0.17998402673723837,0.21454519943840933,0.08764618483663872,-0.17183583789976561,-0.11384066993989958,0.041817009029718015,-0.2925101223949202
NU,2024-04-14,0.4666552306663194,0.15239774974174425,0.09421713538551924,0.16087768608687403,0.5034277336342209,0.2092672062933097,0.02862745817277972,0.13194333025328198,-0.08263454217647842,0.01660208474447964,0.12658725436988175,-0.16098007406676654
NU,2024-04-21,0.523086400196887,0.2507705473839215,0.13650140133716196,0.15126986215299276,0.5866788154140175,0.12795388669348587,0.13523380776197116,0.07093795856568877,-0.13134403101678618,0.0004141632373906192,-0.03282239753292176,-0.25086614649614486
NU,2024-04-28,0.5573326371846569,0.21491638554232997,0.18931119478682332,0.19753769112363864,0.6056064937415627,0.03556140545794178,0.1242109986787876,0.09210640441018735,-0.0017227444535425165,-0.04901833892320432,-0.04308814673208744,-0.28407607691401904
NU,2024-05-05,0.5381668389656112,0.13125332995104902,0.1881876504331932,0.21505929833337847,0.6002862298613048,0.1282504736312568,0.13357421255544147,-0.0065280512523130975,-0.19034442853479783,-0.10280330962357882,-0.04676064064167249,-0.2989682229688773
NU,2024-05-12,0.4685018137447192,0.1563001161278349,0.08577788779395781,0.24273598139256572,0.48617344228235587,0.1367211135827585,0.12034893573645908,0.04805645123676476,-0.13968556396113804,-0.06943115070843894,-0.008972031136238024,-0.22865892370562735
NU,2024-05-19,0.5428580568553721,0.05200916724397991,0.10659304299963963,0.11604258737576176,0.5158442910371958,0.05438603540718667,0.15162006880412332,0.0539657416097344,-0.10587710639151149,-0.0423787911846836,-0.07217201657605368,-0.17092074075400318
NU,2024-05-26,0.587225617842505,0.09472635786045666,0.12758548867700598,0.13114921040058428,0.5712462995841818,0.06873409226925718,0.12767484435980664,-0.010841414124513494,-0.00780515822428031,-0.053387972497027814,-0.05564488972819426,-0.2456049195868542
NU,2024-06-02,0.5066738919489021,0.1909022740138582,0.07826547496768455,0.12977895567801753,0.511604770517074,0.1326742144281738,0.05170915433788056,0.01966124111854954,-0.12361893859525946,0.04781762833934667,0.0027945895298827103,-0.19420939846955249
NU,2024-06-09,0.4463187038728429,0.19107223372174814,0.12565259902723291,0.18139408047671599,0.4948110356399845,0.2609719272271768,0.1161256993269929,0.1566623980848035,-0.15539519472888616,-0.05896151193062594,0.11143551739160953,-0.1576837561083633
NU,2024-06-16,0.5253899395309971,0.1971781452460129,0.10153807246085987,0.13231564789861391,0.5537200867836198,0.09421329704295482,0.11607987478509804,0.042299396008550184,-0.1357022993550717,-0.03426407784115858,-0.04287134059569139,-0.23763071956117007
NU,2024-06-23,0.533706689364953,0.16648049868302167,0.15165022421698462,0.145593146779327,0.5803643371867094,0.1338786758413188,0.12183501547435141,0.05104180416181842,-0.09906352381499196,-0.07308254312203363,-0.08849969695129342,-0.2982546972630083
NU,2024-06-30,0.5587496813177886,0.0777604336210155,0.06987913276398391,0.10816749317580447,0.5309866460311127,0.020701395367691017,0.16200835874099528,0.11274638159951986,0.04434027497181243,-0.026994388695577146,-0.09789919702001879,-0.16450566294098284
NU,2024-07-07,0.5177951900837936,0.14428991312792452,0.2187214124983423,0.19458136104193738,0.5497147074549033,0.08533923914458735,0.2280615272079116,-0.061778615304335135,-0.0808109622865785,-0.06800335117846659,-0.002173856743006713,-0.34979860321538064
NU,2024-07-14,0.5475019038644938,0.09134910590230491,0.12531443314477458,0.11521154309582539,0.5331093614006277,0.0941385709486886,0.15786602828251833,0.09169516108041179,-0.06901216296860818,-0.0131067491030161,-0.041145663419315005,-0.1957041497280268
NU,2024-07-21,0.4681235266306918,0.10936770335396191,0.05155664048613274,0.12680736322269454,0.4681602576721043,0.1914404750308777,0.20616279105639318,0.04570954501275319,-0.02520714464613371,-0.024065983173052353,-0.06704531518742461,-0.16875794616119438
NU,2024-07-28,0.5850121229512886,0.16668440528404913,-0.04269080658027284,0.17107421911064682,0.6207532523971392,0.025140127174282503,0.11659621362630812,0.07656164869044849,-0.0656684381096018,-0.01380998684349635,-0.06525612781756131,-0.27090502038142444
NU,2024-08-04,0.5149493722832481,0.11736950308713405,0.18054990375122634,0.23643109467962853,0.5828014166938656,0.09584272371581358,0.12628826827683168,0.08838225513032932,-0.19944139927695947,-0.11024150062837391,-0.042612967100754864,-0.29263863875315843
NU,2024-08-11,0.5876149013039709,0.19421025617373652,0.09774276070110677,0.12680731960872677,0.6013841369985714,0.0022554770809780876,0.12866892268121025,-0.10025645049951647,-0.10443403533604086,0.007726156504035161,-0.12847815666087495,-0.239022298470467
NU,2024-08-18,0.5757238662036354,0.02325741600491952,0.08131130192423486,0.13692650901759124,0.5229998351368191,0.03858344898973521,0.06348057193666343,0.05470699719406408,-0.053201869963312165,-0.0012690272678256,-0.035315030795484384,-0.17157823659943322
NU,2024-08-25,0.513186874282568,0.23108251242460445,0.1101181707665493,0.2435460376552112,0.5441077282093606,0.1539110929189923,0.1373693927942183,-0.13173125106632197,-0.11417324223396155,-0.009436176063475406,-0.05977238953617701,-0.19890654783203165
NU,2024-09-01,0.4508961350668748,0.14601045383794253,0.10219427827646448,0.18644918675684763,0.4774151438945357,0.2176851299592525,0.10143625848774009,0.10969094556272148,-0.12352625536622579,-0.013554048923208873,0.09019197988201505,-0.1570469678435589
NU,2024-09-08,0.5378083498838863,0.08063104486240928,0.03205306276538079,0.19071077937623881,0.5077457149937911,0.06554809514435873,0.001406542453978057,0.08219105823064571,-0.057883887890994946,0.04449560273389667,-0.031265626751977076,-0.16275732992853423
NU,2024-09-15,0.4661575396613541,0.0623505714044787,0.1537806112613546,0.2173282884414118,0.466151943171628,0.11169415323200585,0.0808912445311345,-0.0700910328850422,-0.21869499829327774,-0.04167735399441055,-0.044760767550963906,-0.30403773219444374
NU,2024-09-22,0.48662442384414106,0.15377003172408538,0.12221206719645716,0.12652614957470093,0.564260559564204,0.17354352542606616,0.10948912302882975,0.08439055210688114,-0.24091575996506773,-0.027554122658256668,-0.028654869226109853,-0.2750144124281011
NU,2024-09-29,0.5233493400442125,0.2414622297520475,0.13113939875300187,0.12132932416345665,0.5532776158399944,0.11934923446421475,0.06479237881051458,0.0177261949418497,-0.026856828616388394,0.01147330841639237,0.0025938048757460715,-0.2516514381521262
NU,2024-10-06,0.6164968603975468,0.21010652586228068,0.19843636708462228,-0.01810903494826209,0.6318990183541034,-0.011978003605670718,0.06853803866642187,-0.05331755704562752,-0.10983536863492355,-0.07491731955490072,-0.1501986219522842,-0.3719133847169098
NU,2024-10-13,0.5184632141030128,0.159617183046568,0.13667347866734156,0.11928112944426077,0.5184109310911909,0.10347882862338682,0.1533606117989881,0.07443485250718053,-0.009676751550779333,-0.05043057979663191,-0.044258146832466504,-0.25118998070886
NU,2024-10-20,0.5283399754409022,0.12757421446524217,0.1414948395395916,0.22796156040600724,0.5666438622626573,0.06568843987589632,0.12201634117158483,0.07447742508061368,-0.08411451957983036,-0.058318686039933426,-0.04514327242844387,-0.30286715089846067
NU,2024-10-27,0.4750740076998513,0.10909949268557435,0.11216950470430305,0.17735457051450504,0.46474193065196456,0.13015526015354778,0.1193877317180619,0.07205989095967395,-0.11485803063570177,-0.03724873323663771,0.014985341035219603,-0.17651179555562088
NU,2024-11-03,0.5312648739638967,0.1584918230961461,0.11052975931118018,0.11356017324333177,0.5351735741480202,0.09048779679067336,0.08641233989355857,0.006794169917028125,-0.0702773345348545,-0.058192087063885345,-0.007510521472574929,-0.2637748437605564
NU,2024-11-10,0.4362804116500878,0.1554303156108135,0.18028849182881085,0.25108884388200897,0.4470711808657162,0.15259210591949152,0.08556091987470169,0.03868811872322188,-0.2589024750769593,-0.11436175074398323,0.012914377626624536,-0.1789299609548219
NU,2024-11-17,0.5662625676416246,0.25854862257055516,-0.23077557884550193,-0.20689296281266237,0.5249340591557711,0.38768782871609914,0.14773354187453414,0.003741731566763295,0.257224295532722,0.22421175591979117,0.049546090637913855,-0.22405123740267766
NU,2024-11-24,0.471985586425926,0.20402988506380795,0.1827979793768104,0.21854860235335657,0.4654244244950997,0.0926163423764966,0.07067474414964568,0.03689778587802678,-0.15314742097523468,0.013508124678620732,0.03544752970542541,-0.16351266837283335
NU,2024-12-01,0.5073281369398643,0.169914107872779,0.1414884788703789,0.14701451348445865,0.5161681533085054,0.12562324806164157,0.10088966659003272,0.07481457068689537,-0.059476811493305595,-0.057295228624364876,0.021679655490630403,-0.2070024973236599
NU,2024-12-08,0.5967186340748722,0.04202453615636682,0.05969576034211793,0.13350024143755115,0.6052403338803831,0.09356750983765029,0.07479608396179381,0.06350152355621252,-0.12598715953926382,-0.02046709001090263,-0.05919935645887304,-0.26850414239181025
NU,2024-12-15,0.5719385418062743,0.15186640673910315,-0.10967959842682205,0.1256888773369804,0.5965051920244955,0.05793125958605422,0.14594213843015844,0.05418441701907013,-0.057327852628830785,-0.06033327209739597,-0.07540742390314036,-0.2315420919489441
NU,2024-12-22,0.6019008264968683,0.14979870355242045,0.21344255072755736,0.12474073292020284,0.6760323922021425,0.004354415832564884,0.1291457063548344,0.0013416122032135953,-0.0700444106119142,-0.11809892300233082,-0.0795282910637783,-0.3916743987821941
NU,2024-12-29,0.5257781886760631,0.2771939002989263,0.1359619458247588,0.17257183400842643,0.6813016697245218,0.11726231602471358,0.20191041086701988,0.08258516756304216,-0.18966054160056314,-0.035244102740879066,-0.026710829282103242,-0.36066082482058776
NU,2025-01-05,0.5754686509539372,0.14090556028730342,-0.010157438318151314,0.018913480631912838,0.5615907380311166,0.09128452353466984,0.041574876263667467,0.0628475550753311,-0.1002106061850028,0.06495024613920763,-0.030528648080662746,-0.21907915818435733
NU,2025-01-12,0.4679949956811968,0.1517397624687142,0.07473695089892264,0.16272403717354486,0.47217534373070574,0.1843271174238266,0.09762805183555223,0.023078631296292694,-0.17856320214243146,-0.03459199030243228,-0.019076450283411196,-0.1669336455004911
NU,2025-01-19,0.5201201381545162,0.10159178056674889,0.06343128067658962,0.15959047942917784,0.5384031913925506,0.13145267565570845,0.11003724084711607,0.04411728829949146,-0.11699801024692962,-0.033502097405618735,-0.04224101589771397,-0.23709476960508447
NU,2025-01-26,0.4296471702065561,0.14196213495437462,0.11736782512526704,0.19649352829955619,0.45206886654840656,0.13426455289840367,0.003949302843487186,0.11153558423844444,-0.1279918652009919,-0.05661659450101943,0.052351110086127625,-0.16536761278029888
NU,2025-02-02,0.4085905436728297,0.15384063752263602,0.18898296692008174,0.23934142941107098,0.4931727169122975,0.12333048403130488,0.03279489116742367,0.10049268238383924,-0.16655015066358472,-0.13677642652720876,-0.01400852874477542,-0.2767935026962655
NU,2025-02-09,0.5263017326372679,0.16814755812419943,-0.058281911580975405,-0.20579109018771924,0.5178402929769292,0.34075793624593903,0.167218233444586,0.060673490512892135,0.15126222141244347,0.1792356713981647,-0.02863744722319499,-0.19158910456172742
NU,2025-02-16,0.5742424144643642,0.054109181268106876,0.15289501422190568,0.11141535424784856,0.5765476828643558,0.06508012791335178,0.10311471032918193,0.07274319613105744,-0.1150432402157783,-0.03319195589594663,-0.03936349848370028,-0.3009386468477337
NU,2025-02-23,0.47569692287141285,0.14424692543206236,0.06040465205192466,0.1982968747082226,0.4749282203806416,0.10791857377022611,0.06786609492252606,0.06089748919966434,-0.09691723425118097,-0.05523113471198103,0.007085942198371213,-0.17003217884360988
NU,2025-03-02,0.5203807565719138,0.22251335764119434,0.23102494474430132,0.20275782639938278,0.6070496034759905,0.08534794305786834,0.1651968371122099,-0.008917303123709546,-0.09387946395880985,-0.10632260289005224,-0.10193313057935016,-0.3403095899678812
NU,2025-03-09,0.5531684021326437,0.11050689454831349,0.18212956191392765,0.1610326557831906,0.5941400958133071,0.06149624942591009,0.20758089681412192,0.03417808309956883,-0.06359315137170643,-0.03279667423433545,-0.06367374406248294,-0.33808837796470426
NU,2025-03-16,0.5445264797666634,0.09323066644790226,0.1241407635479233,0.14305433675015153,0.5318432105739509,0.07410511159118455,0.14074728047940938,0.11761219562894638,-0.09443631940853885,-0.02984323230334249,-0.04770333483317206,-0.1831698857140008
NU,2025-03-23,0.44781145080769613,0.08786591311531108,0.17172933470484442,0.19220805048948436,0.45280004405286267,0.10865460442145748,0.08490649900828447,0.09030603939720983,-0.17425805370313477,-0.11055399265087398,-0.0016612929246971788,-0.20636739356693648
NU,2025-03-30,0.5274251062890638,0.09121368032384802,0.15382816188996112,0.24369784316433624,0.5120620095884902,0.09654549950419379,0.07248284685968176,-0.14886183763733482,-0.1731084922526242,-0.024970096072265354,-0.027182867759786407,-0.13189221785032273
NU,2025-04-06,0.5334156048570421,0.12799446932221215,0.1608528633642159,0.16189318836563965,0.6243688011187278,0.12814309315555222,0.1887295586990553,0.022887477751149708,-0.11900208780087877,-0.12508073318480492,-0.060267478307199786,-0.4484340278734249
NU,2025-04-13,0.524844638352069,0.19604417396833201,0.17044987192284705,0.12640229723525317,0.5233880852768313,-0.026456820287265724,0.10679469463516535,0.12223045135104861,0.08501258582190209,0.019026249726423212,-0.04066495488393235,-0.17526846503717186
NU,2025-04-20,0.48213882199592256,0.12738059145658437,0.11829637358621262,0.16691093675951588,0.5104343775884953,0.11923201819951819,0.04700681143599579,0.06207751898709353,-0.08250267432538932,-0.02136529981148208,0.01085034619181294,-0.19617766985571278
NU,2025-04-27,0.41383997750199847,0.1605762137839484,0.12388413030862556,0.1971910751572127,0.3967918253758952,0.09644431629650828,-0.011702451930114157,0.0869676477470155,-0.09690422167972784,-0.02776628224673965,0.074851985796606,-0.06819081177924936
NU,2025-05-04,0.5774910402896092,0.19802921969017978,0.2357548276247926,0.22618664952171733,0.6627394474044637,0.05748302728620965,0.03368177147609506,0.04373628574872109,-0.09928506902573758,-0.06279221997189142,-0.08452132059342395,-0.36449489312680566
NU,2025-05-11,0.4911608134572513,0.07747339477417083,0.12927947128175726,0.22021115484725412,0.5397582175993124,0.1505058388687232,0.12643084456939724,0.00749614851910895,-0.15790739449939023,-0.0528891031698319,0.030689567419262646,-0.2800737241946103
NU,2025-05-18,0.5500303703055442,0.1977360573656909,0.1571905445826211,0.07630161054671142,0.5924583837401504,0.13042150174677386,0.14521445810598188,0.06221129386740096,-0.10487969539829765,-0.021460921492230615,-0.01349386301886016,-0.26711628068442606
NU,2025-05-25,0.6233250849197124,0.07100845756156322,-0.1429021104293232,0.05988208353057151,0.645558364432535,0.11882016312679654,0.05790083494335586,0.012751024833557995,-0.17511933686606238,-0.07103031358684218,-0.05848112001811776,-0.2872810401005873
NU,2025-06-01,0.4668028470324083,0.15529535321878796,0.16671061200185974,0.17023748575691358,0.49699370678136673,0.10777598308614215,0.058706762226762445,0.09132100627289498,-0.09434597841069149,-0.06081393926899453,0.02457838801044577,-0.1831765485686211
NU,2025-06-08,0.5596789063941581,0.2822869801789502,0.130996991658972,0.19276074910409652,0.5275475629757006,0.09155355876619799,-0.3347363327968167,0.16996013617210823,-0.02314348111253151,0.06730142476278873,0.1765811997496332,-0.17710443718402
NU,2025-07-06,0.5967489706150586,0.20378418511221225,0.15728161097367377,0.16901397072762875,0.6535181802413446,-0.011993875980310466,0.10867018549787309,0.03142651333811044,0.03160291245369566,-0.07249187821538315,-0.05546876645714599,-0.3620512418268843
NU,2025-07-13,0.5159745701966917,0.2429744835751823,-0.1953470674393035,0.20443306581578707,0.5486103329513259,0.05203158264274961,0.019944789296946364,0.08889135953607183,-0.061129680333918975,-0.049536719317910476,0.03469581678445424,-0.18643899669563294
NU,2025-07-20,0.5305254868899384,0.16661129455005078,0.09646584070360205,0.14290309272324286,0.5528357063357516,0.09931335949314517,0.09101579576128682,0.0812122704802739,-0.12604798355200827,-0.052200063581341445,-0.08302887958374067,-0.2521568932571178
NU,2025-07-27,0.5389422483623142,0.036182145801990966,0.12261875908642544,0.14734491183031417,0.5127780278844899,0.07262541688247358,0.02476200818658163,0.0831608199982767,-0.048061900132236206,-0.03419651576855111,0.002903326632354387,-0.2713813482134041
NU,2025-08-03,0.4994179101494484,0.13999402172399278,0.1316359981027097,0.1688206807279808,0.5536602252574757,0.13263316475771852,0.12363841495337909,0.06648037700341304,-0.11530184619165458,-0.08456321166098474,-0.04334868819778709,-0.30619649060590565
NU,2025-08-10,0.5316543797998942,0.16889431362256652,0.10103736519981997,0.10925386793703881,0.49450656055569564,0.09051578791154531,0.004471765259516161,0.11754379646311117,-0.05345909366949708,-0.030834279237339453,0.06613408067223138,-0.11896435779176398
NU,2025-08-17,0.5147670994313686,0.04480161457322464,0.12926064861266223,0.14093436409425628,0.4767918497415894,0.09270486982957543,0.0572843376266808,0.008744664822618006,-0.10434271357518023,-0.002187548979969551,0.07712269849259329,-0.2454678590275931
NU,2025-08-24,0.6221647345790712,0.23941553348794098,0.2101348367525513,0.10483469948954295,0.7130238405722465,-0.012996474122943486,0.10591728121686653,0.04018795701751748,-0.055582560897744146,-0.07872368258625072,-0.11007068008015566,-0.45632174162207484
NU,2025-08-31,0.5064255399473864,0.17224173288265138,0.08712978490830764,0.13196147173955763,0.5570739621240625,0.15647885694459157,0.1986332905812168,0.10581509168768914,-0.10298673370921307,-0.07883282669066197,-0.015018671339023197,-0.32267835088542207
NU,2025-09-07,0.48581860126198473,0.12193009557508909,0.18751263604488383,0.20082951013046813,0.5441841173690206,0.0864734256081184,0.06946741300235433,0.06905167853142849,-0.11273281888709942,-0.08854656352177295,-0.03246744684681964,-0.2660317600539159
NU,2025-09-14,0.5322290908209218,0.19377665636902494,0.17640893344135078,0.14593528958448881,0.5876808442839849,0.045708112270111026,-0.1010680200258382,0.09170889147078844,-0.09777677207834115,-0.010340554243625476,0.006355618884972567,-0.2890242490532864
NU,2025-09-21,0.552479440235191,0.12551698241694895,0.051660379825817684,0.18055099575892625,0.5632955220665711,0.06708196775998744,0.08942851674838219,-0.01949626908458674,-0.1005229604316954,-0.01835032622183584,-0.03673586683974025,-0.2506688376976485
NU,2025-09-28,0.5886777519702047,0.16614656947701997,0.06399878693123094,0.06174539381871857,0.6107362016724321,0.04300401493760494,0.13057373585080428,-0.008611058869724235,-0.10201535024597905,-0.06579850953049421,-0.06225767492974127,-0.26930967545978973
NU,2025-10-05,0.5526689366221332,0.20850243064628263,0.12105838766475222,0.09891224747786093,0.60204266011133,0.07767118593786934,0.09088458432951842,0.009535881973432674,-0.12143752402546724,-0.13674292013065453,-0.021972828680085606,-0.2831858255765445
NU,2025-10-12,0.503172230722605,0.22691646754963865,0.18238142837377064,0.24492073519331847,0.6623972738671495,0.13521339230705148,0.17521460758836055,0.021866547589839795,-0.2024866630468927,-0.13729302654674472,-0.12419828850250232,-0.4748031061380061
NU,2025-10-19,0.4994571156490276,0.16095498965709645,0.18892250645942985,0.18989202992788723,0.5639877582999976,0.09740423388539202,0.04493490111001588,0.06897666306270021,-0.10769696373319056,-0.10758372117107244,-0.04433123298938493,-0.3641414108602085
NU,2025-10-26,0.5310553314867174,0.14200713286337877,0.027454596204120087,0.09641754317526978,0.5520915015647347,0.172592955043113,0.09750243173020168,0.027036182882611354,-0.032306178500125314,-0.06918499096458872,-0.03372668564130166,-0.2741235641918357
NU,2025-11-02,0.5969871671164976,0.3046510067457029,0.06353051883714629,-0.1619622121791741,0.6500966303353711,0.2024982752085957,0.24253047843579584,0.15914555641131967,0.051793311873483266,0.18391432528447368,0.05844384267930134,-0.24714824029823879
NU,2025-11-09,0.47821117978481065,0.20620317660303494,0.11335149719280474,0.12484291358184121,0.5406658155178253,0.20555163422444322,0.1990982428017965,0.05579996321591767,-0.08873804171811721,-0.031125014875817956,0.009919823941392252,-0.2899452815678489
NU,2025-11-16,0.5711936498035329,0.24267849646888295,-0.005457012173576275,0.2587041487377243,0.6348334314144343,0.08560657240036552,0.021728402013784273,-0.02315960376191411,-0.08936608468297885,0.07067715720556517,-0.08442925826311257,-0.2087057482106816
NU,2025-11-23,0.5809231664182546,0.2705287566313136,-0.24788125099959513,0.1395904706012084,0.6665132029622665,0.006904130083792272,0.13487976959539813,0.020127624735323087,-0.1661600584565565,-0.04978737663098316,-0.05206911401820457,-0.25955996053908115
NU,2025-11-30,0.5089129150963024,0.17380058097585188,0.13621221795222,0.16302510857074134,0.534606854950978,0.10520875884619,0.09472848661932975,0.11790655767181094,-0.1403409246599727,-0.001599190748643067,-0.00407964519126484,-0.187581721993859
NU,2025-12-07,0.44896119360450865,0.10926114586056862,0.20110127960425453,0.2860169954110872,0.5031642708661741,0.20369034989381216,0.05103846220986237,0.0692269182637063,-0.33358045293446476,-0.11279288876418245,-0.002682041690549851,-0.22105251047112617
NU,2025-12-14,0.5694525640574251,0.1648165706354009,0.0016348055280893112,0.14189537207194805,0.5932081747988261,0.005032177163301405,0.14167289517937598,0.07058087244806843,0.030256302848894738,-0.02261080953252313,-0.09133744235371442,-0.25722639312108786
NU,2025-12-21,0.5208981489858991,0.043813700272614574,0.003051518207166642,0.09864659897239257,0.48205734368988834,0.11532064865133826,0.17105073812159435,0.07920239840338934,-0.09787080454392501,0.04355422038540146,0.0948730205875554,-0.1523982385798943
NU,2025-12-28,0.5367415109642031,0.0790035778164887,0.10032351072615815,0.16086810243741206,0.5369450145361678,0.05761535048857859,0.08671121124397806,0.045682588703629734,-0.13107272796009603,-0.08710663743249056,-0.027710419764784257,-0.20662045766747342
NU,2026-01-04,0.43925381226018945,0.19864603268977232,0.19827062353078273,0.25089060648372735,0.5597467961305129,0.1819971664986406,0.2109245682921032,0.07811221984399332,-0.23104561402755258,-0.11748516662164925,-0.010393588145969536,-0.30740291105917633
NU,2026-01-11,0.48425568824710974,0.18778610631009685,0.17914901368144467,0.2085670559026518,0.5918565695195086,0.14712487864995344,0.157645699317673,0.060555079735912336,-0.2322166366808637,-0.09608568773263537,-0.051082108447082906,-0.3292048121753814
NU,2026-01-18,0.5383164248333987,0.2181216851391361,0.16146247733446983,0.1816104068301374,0.590037530477622,0.10860000216561692,0.14920416954221533,-0.01981150546373032,-0.1319306819797441,-0.01544675670489519,-0.02900457901398433,-0.26518118479207964
NU,2026-01-25,0.488473100052332,0.12934506555057534,0.14666671418810756,0.2054447205847596,0.5640364466011439,0.24802234536269047,0.1510567540047523,0.08568467220985376,-0.15933751355570233,-0.07570606778941251,0.028535017458051558,-0.28683488181782063
NU,2026-02-01,0.49904909618283677,0.2016073593508349,0.1828092727294259,0.19784914472087636,0.5929962780982917,0.11304163279891016,0.11975895808696409,0.0721571585675473,-0.14808389361081212,-0.0952756726065872,-0.09235183339747936,-0.33912313137073
NU,2026-02-08,0.5866989143698409,0.05422831837336875,0.10694816957401425,0.2139164957420408,0.6533643651702661,0.09969941112003519,0.10658283492690356,0.02198147156820568,-0.161957950773308,-0.08992122121193635,-0.03814554608673453,-0.3683427406279282
NU,2026-02-15,0.5010945744566657,0.22847349956174084,0.20309033671493085,0.23168673686658955,0.5467450345613993,0.11862746465458615,0.1980930295585997,0.11885456584716507,-0.13387571339998064,-0.06498292164467087,0.050809206804044924,-0.13693707212735978
NU,2026-02-22,0.5179602668594027,0.21768770605989715,0.13452821398003478,0.17711327888881168,0.579364074071418,0.10381015444246304,0.140479333076562,0.03455079374327115,-0.09846690139827623,-0.052381718195291284,-0.043590986556993165,-0.2857169959772657
NU,2026-03-01,0.4749567211904949,0.11471874596740099,0.21098433015287593,0.2458419947467859,0.6002747471604536,0.19839345518669396,0.18124119395272578,0.056717054822847175,-0.264159978967199,-0.12745103351502746,-0.06294917660977978,-0.3815640477573719
NU,2026-03-08,0.5729571297420988,0.29708913796740033,0.234537638004447,0.20618266159076418,0.7933857094019259,0.05279096957056478,0.30702079494270706,0.03379197286425434,-0.12211226512644487,-0.15400492062504187,-0.12464867130489986,-0.565392123093315
NU,2026-03-15,0.5605403588518834,0.24728364952937026,0.07167453469196614,0.19616809198223994,0.661127434095305,0.0325440822821682,0.14013253334074605,-0.0009297557352143121,-0.11773799876771641,-0.027873849055363532,-0.07093755740788106,-0.3906181238372239
NU,2026-03-22,0.48778678902736156,0.29412744463122015,0.1971143159294342,0.10390173742623751,0.5142473076758852,-0.025308755701650563,0.17384075502271382,-0.04756384451337129,-0.2624780896109499,0.10303490776537635,0.04750440226861873,-0.16787758559796767
NU,2026-03-29,0.4593755949098633,0.17850914002843316,0.07770039982230822,0.1578774691106301,0.49463976725150466,0.10173029185254623,0.04420705236159827,0.09401513456583961,-0.1544477358747529,-0.09442485128432988,0.012045174218888764,-0.2123791274420874
NU,2026-04-05,0.6242618545000979,0.25100077703858054,0.05786585370247775,0.029144547461098094,0.6666095291294283,0.08255641987240765,0.18712819518177926,0.11138692884533334,0.04675639574899342,0.062214924068023134,0.0045167365581315145,-0.34020543000043474
NU,2026-04-12,0.4847547870686113,0.17823063928213417,0.06825728332781504,0.16565966546904656,0.4933497382683622,0.11025417144887581,0.08398626053913838,0.05337214969720551,-0.2383913915220722,0.026865486135244372,0.026598210338737462,-0.18442557022530578
NU,2026-04-19,0.3665719724649178,0.146195671539689,0.15483534200345417,0.24367464729042795,0.42087174363152047,0.19180002922203876,0.04945975255753332,0.12617615665527168,-0.2494348504237457,-0.0963672695896961,0.0302067969934492,-0.20160617145311072
NU,2026-04-26,0.5534031289072294,0.1952368698275725,-0.024087991002213916,0.014143946505561784,0.5615180437516128,0.134081119751053,0.13850338681909066,0.10253232190220812,-0.08090173226220462,0.016045736704336268,-0.07744168261609757,-0.16700090933127534
NU,2026-05-03,0.5057030759950663,0.19316153159783528,0.1529766914058543,0.13969087445120845,0.550111857037032,0.18445595775146809,0.10874245705599313,0.0573235212678956,-0.13725970975512558,-0.018831721698022313,-0.0006432171274863456,-0.23643769356570873
NU,2026-05-10,0.5860255940622624,0.18382194550863576,0.14598993912847213,0.08336579270475711,0.6073715887140821,0.017737574541351327,0.17432652485033048,-0.030487601187739227,-0.19061948366096507,-0.06417839029740648,-0.07380151831226733,-0.30557958482122793
NU,2026-05-17,0.5624518275627879,0.15015904293854876,0.08363827168487972,0.1908078115223051,0.6970064174506028,0.0390855182419229,0.3232390531311355,0.04327356173546732,-0.07530754093152917,-0.19126432791672102,-0.13466934214038379,-0.5031291336883637
NU,2026-05-24,0.6445588728281515,0.25573638502779195,0.08696552866301702,-0.11368317799370062,0.6602001951485869,0.13680534113053439,-0.13777085739472755,-0.03488928945569394,-0.10387276472557123,-0.09120311244528562,-0.004807186475287714,-0.3374318188777544
NU,2026-05-31,0.5071950386317813,0.1958238764048928,0.21475774793641875,0.15212674257478304,0.5515784322297634,0.10197364975566064,0.17932784467571178,-0.003485218222583971,-0.20149941799821242,-0.06723410521435662,-0.05153754854736287,-0.3003232502546521
NU,2026-06-07,0.6491908560147772,0.27808817998400903,0.15185236122474746,-0.024558356534596277,0.7117494825219561,-0.11195767431801514,0.318538822540654,0.10717083456509983,-0.09857966830139657,-0.04205937221359459,-0.07723124712323083,-0.4408710788071972
NU,2026-06-14,0.5549346542496456,0.11111598170595921,0.12261243111359942,0.20273684002931894,0.5742080834847715,0.021037124036051368,-0.016800631823025408,0.07989016293586437,-0.03752057740874249,-0.07690488862029278,-0.06872392955864666,-0.3445086234146016
NU,2026-06-21,0.6163891475001959,0.3220030580698009,0.11606826918252466,0.09375144563616984,0.6905053693539097,-0.0013954399093277455,0.10103825118090667,-0.09168057120618488,-0.10695412502107529,0.001835638504624515,-0.10938513945380843,-0.39337661380287
NU,2026-06-28,0.47721895142223764,0.17275355859999558,0.13504350954268413,0.17923603691078857,0.4823355574210548,0.09745359707362095,0.004757601251177876,0.06024377330781006,-0.07119759411660323,-0.028274884515566402,-0.02499660136378801,-0.23318282999402384
NU,2026-07-05,0.4807490933826365,0.2085689832727268,0.22428781389617633,0.2000984312635545,0.5689292654547999,0.17146469993655286,0.19706787208381235,0.05057806952939473,-0.14424529251518822,-0.13866924765681668,-0.1275390620098631,-0.4220015442907714
NU,2026-07-12,0.5512329682483476,0.21838120729987068,0.1706280499623549,0.06190629494660808,0.5613499211934959,0.04021095195115091,0.06415217037611652,0.04934693121984427,-0.2039074816550492,0.021397524571657788,0.0036903689109431606,-0.21840603271297168
NU,2026-07-19,0.44965401874359434,0.20621038839189829,0.09922215147421957,0.1378889568657507,0.46533224575647464,0.12857885044893017,0.027069600610671905,0.15250157067215048,0.037502271332341554,-0.010669432822879259,-0.0034731866889851754,-0.18092780488527715
NU,2026-07-26,0.4812034402933007,0.18034986704665149,0.15080833510972824,0.20622490622156014,0.5105326689600103,0.09867869136876116,0.0824563428363977,0.08509377923320403,-0.10774460414972958,-0.06131322236741734,0.04733963847979475,-0.18409886527080577
NU,2026-08-02,0.5529243929352071,0.05807413859880354,0.12477719265104899,0.04585858561027696,0.5386618222070295,0.13072756470880145,0.10672000660657412,0.12202531205045479,-0.022601012739601252,-0.02569877960919396,-0.06762921776248937,-0.2633895541674059
OD,2023-08-13,0.48828432038230063,0.24009607244639192,0.12840455866508554,0.13877364627241087,0.5363630919986718,0.11533847797801275,0.21438345363847858,0.10602032765969363,-0.26862237021576085,0.007814921778579717,0.049853178865297755,-0.21033843953406267
OD,2023-08-20,0.3968631555889655,0.1919905326002791,-0.09818168163643956,0.12634827461868636,0.36972577653864597,0.33967621492780287,0.13063655926027481,0.04494351116288134,-0.09281182679881754,-0.033057630165646806,0.12494092532676113,-0.20302788014979878
OD,2023-08-27,0.4735970796949748,0.15476523835361883,0.12854282269486325,0.17517079268933144,0.506892657838575,0.2646069140890537,0.15326715134633312,0.1664963887758233,-0.1840521561816184,-0.08112782363048583,0.03709404947295294,-0.22751302368749224
OD,2023-09-03,0.46986754078339155,0.11410866427661251,0.13231126908861665,0.15542227753732113,0.4524087091691859,0.10438786089551384,-0.005819031335616927,0.11471956255753504,-0.0590682108940547,-0.034252195714665486,0.032888966592171096,-0.15941954015232948
OD,2023-09-10,0.48431276063863793,0.2311817421342552,0.021045048517229548,0.1375386410561099,0.5345889104761707,0.27126368529571177,0.16205795095077713,0.09007951526517723,-0.10265688684731668,0.01593923225579151,0.054156603112094144,-0.26238406756782334
OD,2023-09-17,0.624762418777169,0.0671718711376026,-0.07938808075746852,-0.009803163279241174,0.5669605862994856,0.12885029245941995,0.017427754466027522,0.02492862362190794,-0.132920677343955,0.009595717768659681,-0.08070987442605247,-0.19350476291686622
OD,2023-09-24,0.5604021044131742,0.05387526973035102,-0.036386256652832245,0.07599589777143473,0.5181002602949585,0.21348921908769355,0.041316703653428766,0.01607915161366359,-0.0977067727561828,-0.06205212692075487,0.020639026225880232,-0.29066371719376355
OD,2023-10-01,0.5731441957934971,0.2976366590527124,-0.09544661183349408,0.2745957138782085,0.574532602053913,0.07536722135409954,-0.06545826422342756,-0.21154029199282026,-0.07203820360284482,0.06690071533100747,-0.047182445894820804,-0.13184726331942462
OD,2023-10-08,0.5114974695410569,0.17738654725210568,0.028077629697499107,0.13311160512405187,0.5341700133414186,0.21018856672988734,0.11028159089034513,0.07439668144103821,-0.08510032439145367,-0.04791225098147664,-0.004587091251834533,-0.22010765819070555
OD,2023-10-15,0.5272287591542588,0.12749434425003328,0.08721969076436516,0.09436633282362249,0.5407208186382978,0.1611915708534541,0.11422158422318704,0.10104230996852688,-0.10012220219934849,-0.0602853868225851,-0.0056819446116145094,-0.2717672099383327
OD,2023-10-22,0.47532640246671437,0.11811771424829716,0.14613846900775146,0.24243805955316342,0.48816061285403706,0.1836709391665656,0.08282858699190578,0.2606772025041236,-0.20304521152309946,-0.09103339805973902,0.048416763792409556,-0.1562070769702309
OD,2023-10-29,0.4970927367666419,0.18179470708275064,0.12087074678900873,0.06709315068599124,0.5078228329881957,0.22731993765326597,0.16505957123693468,0.07799208049904799,-0.05182238424173912,0.02739052298267859,-0.029889927272186687,-0.13883211131133372
OD,2023-11-05,0.47632823732859775,0.18171737900082013,0.01545984617143283,0.06222508804583378,0.4884983643501595,0.30962245237657204,0.1417613850510183,0.026830641856527386,-0.043443540135604405,-0.012448488448885003,0.008044005198737972,-0.26443735723395745
OD,2023-11-12,0.5317448667843999,0.18227685093907017,0.06439842553519418,0.07577673098406715,0.5805869537425528,0.23980477706523284,0.11991518837142108,0.05830898960630199,-0.10298487002479605,-0.0038716231044870486,0.011043205375438058,-0.3215563775909297
OD,2023-11-19,0.47551976363239173,0.18002394745486286,-0.03045388839154674,-0.1115061068530469,0.47154313005456905,0.49468083269098195,0.19947586095083839,0.10680766305554036,0.12830802024436846,0.06947959764599602,0.09022419505616226,-0.2020129373144374
OD,2023-11-26,0.5756588260410204,0.2163388267957193,-0.21423212339973774,0.1275006685002372,0.6141807636985749,0.12724901535990651,0.03632208490527626,0.03766770205576024,-0.09071416472011964,0.04120590545115388,-0.03579533956158371,-0.27091035739889635
OD,2023-12-03,0.47525693128068847,0.08963047906817251,-0.012627621230544289,0.13906600767289098,0.46357417763749204,0.253155305923901,0.05803092738714963,0.09739765335298028,-0.1449333257157414,-0.0407181954860973,-0.004338978838752171,-0.22179643864365073
OD,2023-12-10,0.5197745619236821,0.020451986060463386,0.08321452351795418,0.13073048155507286,0.46666339591899525,0.1381709895324606,0.04228359263373103,0.08692146315360844,-0.17946104555634668,0.07212947436073767,0.09807008244856875,-0.20213751820066106
OD,2023-12-17,0.5109930931903586,0.1537294149199994,0.11614810215034004,0.1651538588723716,0.5633961078355731,0.15095451469227095,0.1318380934605256,0.022464841637540763,-0.17177232205365656,-0.0994431560800043,-0.03579332400911633,-0.3317209935665037
OD,2023-12-24,0.48271149158918886,0.16952770561291375,0.1392420253153542,0.1648471352257839,0.48932016729917666,0.1821111587075545,0.11951840712194155,0.01739428440501669,-0.1408403708864802,-0.032852037777550025,-0.046603103736346435,-0.27149367539029634
OD,2023-12-31,0.5310955747627109,0.22148830742331363,0.0859134772123252,0.15405834441102503,0.577199265655618,0.15293622745519841,0.11791512510332124,0.052659434888786986,-0.11693141717641345,-0.0364643344234654,0.008724832251791709,-0.23306022855254818
OD,2024-01-07,0.49952439940957305,0.14600125097863664,0.09929520321749037,0.15356238692627183,0.4812205296432422,0.13664093440794228,0.16821040736574042,0.047201841383352566,-0.08970360291812918,-0.041725577523541536,-0.04671336919866656,-0.12282232266998286
OD,2024-01-14,0.5927081543209752,-0.08810508975590331,0.08380558467870336,0.1248882521135153,0.5431284866138543,0.1022659071032948,0.12491576688122698,0.053183561717393205,-0.042628943653722495,-0.046600778596240504,-0.026202108751505984,-0.30707987977715984
OD,2024-01-21,0.47276415424982327,0.15717972580321227,0.10969008486505953,0.1860422362563677,0.4963404085160812,0.1648770371339539,0.1361923798412155,0.06103464985245382,-0.13727735804955116,-0.049305246578371716,-0.010907952575747108,-0.20755677459192684
OD,2024-01-28,0.47267301841083215,0.18844558831177596,-0.01895716043270895,0.18928753073208926,0.5053205225536688,0.1928776565861365,0.12051576190458538,0.09242141385828997,-0.15566056985395804,-0.01827512292752613,0.029026591594992646,-0.16739532287906383
OD,2024-02-04,0.5016522750482563,0.1653547744570976,0.10644428948024577,0.17481677066451928,0.5212773682222973,0.18081567476750013,0.14753346426687639,0.11023246916582585,-0.11417113640977673,-0.06539932425456463,0.01656409071408539,-0.25720123199135825
OD,2024-02-11,0.4842375074937233,0.13254122900690674,0.07152397920338795,0.1754117505591194,0.516497483016492,0.18161745413028813,0.11636851956716866,0.1007020949673699,-0.12656753459585474,-0.06290339351887318,0.006667218418751776,-0.26434600021939414
OD,2024-02-18,0.5730312800869746,0.14666075571368944,-0.007286716752293473,0.149744397642853,0.598935948043649,0.10136710393054839,0.047754444913484774,0.05204681339419526,-0.1552189549622861,-0.007334597718690964,-0.038313551342695026,-0.29531546633756134
OD,2024-02-25,0.45600114931515656,0.1714001342467979,-0.07576437597564246,0.1726435615476294,0.4581975332082643,0.2122985469154433,0.18150557309603316,0.12502161130879802,-0.10147815075319382,-0.031465061617081375,0.030409372975131976,-0.180738381173467
OD,2024-03-03,0.5343241983685322,0.1513812388107234,0.11770562635299416,0.13428702959202218,0.5493595712222187,0.11594469485059013,0.06977230271802405,0.052002326203505124,-0.14274235276893055,-0.053796707254788516,-0.026038121416270245,-0.331416487756451
OD,2024-03-10,0.529144408657724,0.041589135860773535,-0.030540773373462376,0.14961769536436306,0.47513645916412917,0.08542866179226448,0.0976218504641254,0.005462062412843331,-0.13959276471451412,0.008448126075339204,0.009319685798436263,-0.2551628973451424
OD,2024-03-17,0.6121933518739369,0.17987907572809414,-0.23970472939206075,0.10537664676621923,0.6385507547112951,0.2140831390078412,-0.2185988048810138,0.03042335722461939,-0.01963739196508994,0.08809807593844522,0.04932211537787986,-0.34796538131484406
OD,2024-03-24,0.5443136982705868,0.05946275972510968,-0.06591200699642263,0.1382306903246287,0.5230882131964335,0.12119620735315581,0.04987910376771241,0.062006840802083706,-0.15917723666191785,-0.0358104110858689,-0.05138191723043269,-0.21484837523641817
OD,2024-03-31,0.5252834266576526,0.11187074036679334,0.1332425456532347,0.19705972466562835,0.6096991252144315,0.1791305333515732,0.1520180775586437,0.06241442342071098,-0.1615051832454581,-0.09003511143470887,-0.02529122416577219,-0.37869877434771
OD,2024-04-07,0.5331560935767722,0.09776345149546907,0.038885375307077814,0.19161987239525718,0.5357115195946652,0.08523776228895168,0.1692817522456456,-0.05203747737258372,-0.1093593848671563,-0.04367188059281034,-0.05555849020737477,-0.24467063866475022
OD,2024-04-14,0.5558479376971539,0.1860728383036964,0.04162530349490452,0.1468782699962629,0.5503713537208774,0.10785474115370526,0.11913265339594155,0.07528338354588153,-0.08576057843772039,-0.03859236722216734,0.007752192550455,-0.2289996100642023
OD,2024-04-21,0.4952690029851199,0.1094478071494907,0.04779738135343527,0.13131095145331498,0.48720821081589455,0.2199817531569303,0.1177382088857774,-0.007107082008235728,-0.09300548223847643,0.03696783216023416,0.014513647846440391,-0.22131645406522915
OD,2024-04-28,0.5532449306886026,-0.019996935577101225,-0.04038865953032155,0.07829706611267967,0.4760283761735946,0.16265025507899084,0.007374441901340694,0.021787190506562054,-0.0911871678347175,-0.007244975841116013,0.04164252061004368,-0.24850019866798465
OD,2024-05-05,0.5298326463224841,0.053790659054191794,0.08682343223659253,0.20776474659898783,0.49481383160946774,0.11355252124803664,0.010658352031725228,0.013532887977772712,-0.14722802306105565,-0.04359802916225908,-0.006167508602502994,-0.22411663759952644
OD,2024-05-12,0.5337146683578314,0.06742924143972047,-0.04757116872122164,0.2393161063003156,0.5328375321546286,0.10678213884236445,0.16014696693809308,-0.09985285158810248,-0.15476714819714044,-0.012679700478427116,-0.05704745713253415,-0.17925593289236327
OD,2024-05-19,0.5508852842194442,0.11274950807244774,-0.12020010395103642,0.10532632744295797,0.5540717854239408,0.14404756193276982,0.13019585331875433,0.054217713217523444,-0.12037748920453828,-0.044778628175425585,-0.039133578923864494,-0.21162764427312686
OD,2024-05-26,0.4830998706729321,0.16747788182411547,-0.052961047578845885,0.17067980364331342,0.4704034948940785,0.17286761237603868,0.07726317108460048,0.02896269265521531,-0.12444003444649694,-0.06179648885925612,0.048230798823665065,-0.17143086850164688
OD,2024-06-02,0.5217489438967345,0.04210061580523331,0.027536685140588973,0.12119033338180926,0.5078035563918191,0.1717862820444454,0.08259016418022684,0.0586904359412928,-0.18568090758855316,-0.08203595665554969,0.004936139032022354,-0.22692500939462426
OD,2024-06-09,0.5128480818654426,0.05659954621114814,0.08562290208884026,0.10726063022444297,0.48547216667645504,0.17502228768425382,0.06938767856539262,0.10103758928710568,-0.11639199141029519,-0.04076911059359909,-0.0315255115467898,-0.195296475915989
OD,2024-06-16,0.5819366003831963,0.22931336506566985,-0.008769981963831198,0.09975669467862835,0.5989499692242142,0.17054976795076504,0.03595500447401829,-0.010356388697078524,-0.012762280477475692,0.03851741172401698,-0.0025143384123766685,-0.28656625234442074
OD,2024-06-23,0.4967785626127541,0.08677306980192127,-0.056038229263170654,0.08411201797830456,0.46078600300082206,0.2353939675450527,0.11600441938463356,0.013196454429657481,-0.08117364036855024,-0.017879116385270684,0.03488920123391696,-0.24183493545683463
OD,2024-06-30,0.49415719937578195,0.16182824053141068,0.03591048636818553,0.14416932503282393,0.4990701445823094,0.18962394051507997,0.06500753499963843,0.04338446200737886,-0.1061673761268095,-0.016433546885904468,0.014753888394663562,-0.22692235472667208
OD,2024-07-07,0.4781473468393618,0.12837007331701517,0.05988621158525603,0.20719175587362804,0.5147357586565147,0.19191715528934486,0.052078020756472714,0.048896076474841725,-0.16598222112342242,-0.07026292009090485,-0.010462120807408331,-0.2675377226564323
OD,2024-07-14,0.522195080164597,-0.04261940911939914,0.0007752833720433592,0.05296118525814861,0.4281962296072725,0.2164515663885374,0.005921294073695921,0.012401312474649795,-0.11498031195023861,-0.08698234925688063,0.06408486690967906,-0.15560226659140183
OD,2024-07-21,0.5492009368137174,0.06390162240313187,-0.13084804136255804,0.012125802591173638,0.5086903093384633,0.1933462990106189,0.03109822006166923,0.03305261468104752,-0.17561273761171828,-0.04413971381358366,-0.03820101709304714,-0.1805702407228718
OD,2024-07-28,0.5829807583850348,0.10177263100635803,0.0616564164584996,0.1155656630322689,0.5912488102447746,0.11291441285662372,0.06122226796994474,0.03694115393863639,-0.11300463267602338,-0.04757131151388266,-0.0723163285009042,-0.2831573081525058
OD,2024-08-04,0.5105943038218173,0.08122925466350675,0.02012508502344663,0.11177478736862577,0.47398174824364353,0.1971009159165092,0.10072565251535517,0.12577626855590862,-0.14517294643075004,-0.028407302378417876,0.035598936485589545,-0.13697925225287375
OD,2024-08-11,0.5101534195211895,0.12371378989986746,-0.02882993815990633,0.1566496670095789,0.5304664997322132,0.1647658925090953,0.09966381425881501,0.10273609716527099,-0.13079442612590741,-0.046390557768629534,-0.007800696924848596,-0.23093657702220546
OD,2024-08-18,0.5140836030881939,0.22071292084444571,-0.07872047372856056,0.19360154854642192,0.5403930988321286,0.08024299217908,0.06820248406815138,-0.0032848477673933533,-0.10336205825202877,-0.05672809230531187,-0.005670380193110535,-0.23071693880132052
OD,2024-08-25,0.493828771595251,0.15370835429812535,-0.012655971705058625,0.14524681649385884,0.5157101952197659,0.21078594584217047,0.10475397521373317,0.08392946118062018,-0.12147244311663111,-0.04873344007464548,0.02002190064974048,-0.22638221605594774
OD,2024-09-01,0.56091493574564,0.21804662747060538,-0.006571897588727361,0.09518881477464707,0.6103635163028851,0.18092196123349213,0.0918734343068235,0.02777405639771277,-0.055436114162592046,-0.06292268802306294,0.03702163269732028,-0.3337986408746898
OD,2024-09-08,0.5786016505405019,0.1249337135026357,-0.01221426038019518,0.08664600453094971,0.5809737365343448,0.1362575831443829,0.06535415103037162,0.05789937969239232,-0.08726435448180143,-0.07377950808453748,-0.020859389492161862,-0.25816149095283086
OD,2024-09-15,0.5120709683750214,0.17290217253550194,0.0317056445259364,0.18928101285628712,0.5670861844303021,0.15310848997658555,0.07945219442784036,0.041636760661915705,-0.15347233820112552,-0.04830002233016737,-0.013962770910302036,-0.2825185164497297
OD,2024-09-22,0.5562484536872814,0.22603403297386124,-0.1788202421773293,0.21542963806567547,0.5933583356560717,0.08826696523044285,0.06717406472310104,-0.022896537588814415,-0.15450983904682833,-0.07233870573029987,-0.008612773148127504,-0.19217648558883152
OD,2024-09-29,0.5854653071977146,0.18587665321247804,-0.1814704295147675,0.12328054597541163,0.6172966660907507,0.09802261060809521,0.08462779854651892,0.05006602863175833,-0.10652290393552444,0.023614155689990413,-0.05705600962180182,-0.2678279042057455
OD,2024-10-06,0.48880356776127165,0.19113244054716721,0.06822614171954518,0.19363019524081787,0.5441804888855543,0.15364843690485916,0.08711897891463379,0.08649578730291312,-0.17053610112511502,-0.03672234228268793,-0.004360880557986276,-0.24153640510072494
OD,2024-10-13,0.5410587084146249,0.15886566334100405,0.07046096422512954,0.02940206450716265,0.5372002290317466,0.18137958836087503,0.07321170139844088,-0.0070729297419868924,-0.11915283919762593,-0.032923124266715544,-0.06860254052999358,-0.2612961732935947
OD,2024-10-20,0.6139645209893793,0.12454099599785262,-0.05824278510321192,0.1275744618293561,0.6548893064400882,0.08085869813120722,0.10003402946454655,0.03197014919590596,-0.08632977187834692,-0.08846187483600876,-0.08683762106976242,-0.34006914679456596
OD,2024-10-27,0.5469214172689636,0.22727451537203455,0.06199741187641336,0.15590262038740618,0.5713490914036775,0.17320455982410166,-0.026361047424604774,0.11436732256951991,-0.044986513703763185,-0.005483091825740329,0.011606135344748464,-0.2704392867603508
OD,2024-11-03,0.49777745319613226,0.193113875070111,0.013721117944211643,0.13169471144511455,0.5101502636909252,0.18456747398575699,0.09158458545190211,-0.03382555753616363,0.017841830943439937,0.04458709285704456,0.03887045939391331,-0.22710323805928914
OD,2024-11-10,0.5519688465861602,0.23868117544547152,-0.17392950349059155,0.2034796986021922,0.6156239464630149,0.14775501184381976,0.09235702817227825,0.0590411916076091,-0.09822370087351621,-0.015000348906773384,-0.04005447454416783,-0.26104963993647406
OD,2024-11-17,0.570493155246546,0.2572990257186622,-0.2677693731666109,0.034730114129778715,0.5760528958695522,0.22189637374891333,0.02941171392600601,0.05891500538431742,-0.014048631543935658,0.07729418135582845,0.022839433413707245,-0.17009829626656206
OD,2024-11-24,0.5191837307301125,0.15638622716619419,0.03574748923523964,0.0705401005563467,0.5321063558632972,0.2573443250998635,0.11710563398367933,0.06338596962339522,-0.13938956892455742,-0.00978006971506502,-0.018811472520594254,-0.21109125633482181
OD,2024-12-01,0.49299007231554937,0.1224236148675273,-0.005957106390441865,0.18178763813995086,0.505802168493508,0.20840310190581748,0.1035490652357742,0.01281229027335316,-0.15659862978255526,-0.05247307299020677,-0.028513960604625486,-0.2486380204108254
OD,2024-12-08,0.5518596016781929,0.1358011279455042,0.006738068259859779,0.1127396835386118,0.5231575282035744,0.09552177514848155,0.03235830627141853,0.012594998771434007,-0.04283935123047169,0.01262701466933591,-0.03812448062231317,-0.20615765555189383
OD,2024-12-15,0.5268956201702167,0.12096133465964266,-0.10308338242321001,0.1322693936500276,0.5202494777398305,0.1148100942388607,0.06463554200047858,0.07064164833827012,-0.12877753646316573,-0.028601780544089288,-0.04629472145976287,-0.18819224259193726
OD,2024-12-22,0.5238351456573813,0.15777180535978877,-0.13661441373388572,-0.16919743425538028,0.44505794677470323,0.44771052433380126,0.039174019929983254,-0.04151660757615609,0.10915556501213011,0.07836850093197167,0.1184624225805532,-0.16141244111331182
OD,2024-12-29,0.5235884057151171,0.1289804527162951,-0.0623407534407038,0.15230645161150988,0.5571846094369061,0.129952391818437,0.11434690080079632,0.0666141334173561,-0.15794801167387987,-0.07542138883638645,-0.05569398461494727,-0.23853769108234607
OD,2025-01-05,0.5776218404387391,0.3516829264785798,-0.584603762790221,0.2888921430376951,0.7266700502425152,0.09186776902259403,0.1589051696795588,0.07231971805298872,-0.14788121592251544,-0.042726125556163265,-0.01477732040131955,-0.19613601317464177
OD,2025-01-12,0.5178707887156483,0.19805685745330406,0.061484170055427924,0.17336774737168076,0.5613013827370906,0.1446539899856032,0.12411277241201685,0.075551027991639,-0.10665045303566698,-0.021775018166122626,0.0022633169537835617,-0.2184839152154494
OD,2025-01-19,0.492952102018352,0.09830962942438488,0.06554627448998561,0.10184436113968841,0.47403002017289303,0.1835881809529304,0.08137084508624129,0.1502889280068238,-0.10504502161961114,-0.024443795445243083,-0.02684046091451063,-0.1405713002300085
OD,2025-01-26,0.5829115050691638,0.37248234946577674,-0.3514889349824996,0.23047398396427268,0.7069970486771192,0.16159573390143697,0.14220009285387328,-0.007068835715649653,0.009292801740125282,0.07440611116943097,-0.03744002343240199,-0.312514709208428
OD,2025-02-02,0.5351807671699412,0.33225392429743356,-0.6255289171318715,0.26858648981004996,0.6053403935207398,0.056412490747069576,0.04827027532771193,0.03844526537443473,-0.07607196685597319,0.0011454366938898164,-0.008829668257734031,-0.18608215840041925
OD,2025-02-09,0.45703363321197127,0.12351409108814256,0.052928967217506485,0.2296630060599466,0.4779746055877096,0.20416859634709644,0.0514407914311934,0.048008292703448203,-0.18926913597100098,-0.03474884773405023,-0.001146412549878747,-0.20416791786021704
OD,2025-02-16,0.5360949548401278,0.11268037148637079,-0.018443331726897712,0.16484071085856056,0.5385599276882324,0.1691486851048235,0.05012383957019487,0.08648495665088707,-0.14039443527564774,-0.01712899479761847,-0.020754407947694804,-0.2510709900361458
OD,2025-02-23,0.48341097664117655,0.13938744040954376,0.007216963730099295,0.15808789901932763,0.5115312015860606,0.24525654208965908,0.08392033772424849,0.08413894357739077,-0.17402478730419493,-0.04731053535644655,0.05575337675064319,-0.19575754164833564
OD,2025-03-02,0.5616460230913292,0.2597190205611747,-0.5553346164622702,0.21285194850165998,0.6121333382187922,0.03954016192062249,0.13751140207143617,0.06109849515449867,-0.12776319679780862,-0.0007693464627784742,-0.040305140210098706,-0.19530664224875338
OD,2025-03-09,0.46318080138439355,0.14577251324762672,-0.018241426546477237,0.16689793658966995,0.4824071660209643,0.2416144538845898,0.09850733707909254,0.08315249214023188,-0.16063065365549747,-0.042589333621454374,0.06710334897536657,-0.21127830651728896
OD,2025-03-16,0.4974758435883202,0.20281012768777706,-0.12925183096573287,0.18433358887212115,0.5268390329972336,0.15495608564289085,0.04810753903399684,0.048395884826335764,-0.10343486196695154,-0.0184180298460793,0.024868127758428324,-0.22401340920491525
OD,2025-03-23,0.5395354025650045,0.20449813908085646,0.07676398542939535,0.15141351194258446,0.6059705174934057,0.16938478203310114,0.12432095390603931,0.008097736589094186,-0.10194863864419129,-0.1101689993393845,0.007405676104390239,-0.35660472130657883
OD,2025-03-30,0.5442293377296525,0.36115499787842054,-0.09077834175465394,0.3504389952597536,0.6526139190024848,0.06756373592381032,0.19610105279803416,-0.23491764080212327,-0.10216967772544852,0.01514979384651368,-0.14205092270605996,-0.20283969647974875
OD,2025-04-06,0.5401754088806223,0.26555531335242033,-0.21850188220022793,0.3026364798618862,0.6731910570059669,0.10085482147994976,0.11034392863788083,0.02535009102581867,-0.13964033603580675,-0.04399226525772416,-0.026307262843299605,-0.31613253852784373
OD,2025-04-13,0.5596114299247453,0.5038743534772784,-0.9710111963387278,0.4659561815295176,0.7343466287047195,-0.01344946394770016,0.17808155024665204,-0.08253409639395351,-0.08603694272147984,0.07258505524794899,-0.04528403294872964,-0.12422162464400585
OD,2025-04-20,0.4946695710691153,0.21997494191561062,0.008256983780287554,0.21421109233090097,0.5397691335974256,0.1756753630474923,0.15204615180009073,-0.045125989359438665,-0.14060830742980415,0.0022399263563077326,-0.012006102687916844,-0.18395038373471778
OD,2025-04-27,0.5299680782649162,0.23621214915427452,-0.1436272515587308,0.2318414871964834,0.5858458278747913,0.09273253047983587,0.1425285321101053,-0.04535018447153754,-0.1519196494508037,-0.02592052493198113,-0.06897154137074477,-0.20031007852542562
OD,2025-05-04,0.48235445930846615,0.2967885648948588,-0.1991138317395549,0.20464401103132845,0.5372486398991156,0.21779218744648357,0.154352996607568,0.086897813359765,-0.07350032724107898,-0.00019582795810904472,0.020566684424654407,-0.18723643934268677
OD,2025-05-11,0.5000340841978561,0.11725752365244968,-0.037793412816280264,0.15901296868887105,0.4984816479849618,0.13452193727024675,0.08207517903808674,0.04494372417531568,-0.12879566098609063,-0.013652465747971557,0.018537291575224726,-0.22294095338866596
OD,2025-05-18,0.5127884594019713,0.24622938495374502,-0.1489662316132915,0.1980630735294372,0.5406181004090642,0.12099117487371829,0.09531020283219639,-0.11249417996566426,-0.13697435184311943,-0.0024191997172624,-0.02694547365530135,-0.13556729580733778
OD,2025-05-25,0.46616457252139887,0.16450621186236855,0.053064822493038656,0.20197676825921163,0.48413404044792935,0.17075502303724902,0.09817701411103225,0.11120660597643377,-0.16513593725565512,-0.025849842422186173,0.0661552420807614,-0.1340113083293588
OD,2025-06-01,0.4774510740368373,0.14559557199750955,0.09788721076911684,0.13484839558016648,0.46132374207633536,0.21622442976907175,0.05573286438832861,0.37966168500724723,-0.05062334158749031,-0.058205800739527004,0.060137218363647334,-0.04158077496909124
OD,2025-06-08,0.4741150060491299,0.12682977123846406,0.060600645895626915,0.11003034500052387,0.4418671192305978,0.20100326297237897,0.04025380470274983,0.1370013264355974,-0.055511246431061485,0.04322091360154606,0.13073496958244996,-0.11369784664068193
OD,2025-07-06,0.4694641638780266,0.19569782226227578,0.1658193757333055,0.22907536012046684,0.5222643217677858,0.1741237840203193,0.10909812745561397,0.13237079275806216,-0.1682391210917779,-0.0505146011191285,0.09969301486440485,-0.19046039884109686
OD,2025-07-13,0.48382043710134515,0.19551530671390885,0.0601507499179153,0.1897176906441179,0.522418469315888,0.13020462983664657,0.05904586256686813,0.04788654373504981,-0.165799652876177,-0.014892336430337305,0.027210333721529287,-0.1813241858895073
OD,2025-07-20,0.49366847542369247,0.12560647583265705,-0.016484904591278018,0.1695426416732525,0.49074449708123874,0.13795981304459495,0.05181786426501067,0.023218842920728445,-0.14299459107622206,-0.03231546607646651,0.02519730125209104,-0.1772880850039377
OD,2025-07-27,0.43515631319761794,0.13341345892152282,0.03752355885747106,0.19334252157335263,0.4436523586994122,0.20835785786880848,0.08027481829475713,0.09384653327858515,-0.14495007899705398,-0.010970094622703203,0.09567029564871214,-0.14766195430973234
OD,2025-08-03,0.4982835138391894,0.19791746536453952,0.07946423913191147,0.177108678082177,0.5408951464934203,0.13125994947230613,0.14959668083564803,0.12172690987819852,-0.0784476018357954,-0.06450280220939637,0.00025509138804433114,-0.2536394044459311
OD,2025-08-10,0.5663691656657447,0.3608474447699864,-0.7911092578378013,0.15410420417562568,0.6133750790439316,0.18857948765942142,0.13401903627292613,-0.04526441896122115,-0.0289813760687372,-0.04978395148680826,0.12593862092404534,-0.11655738702423055
OD,2025-08-17,0.5048797552916549,0.21036738639522748,-0.052341241030533225,0.19882628199226823,0.5397970493315686,0.13643762388496966,0.0735090095250524,0.08906995684714435,-0.10828796877003255,-0.03302287836949102,0.009553938009388011,-0.21491178268388494
OD,2025-08-24,0.46532488283017953,0.19657074055851328,-0.011896530789916005,0.13737697852494637,0.4933117899056393,0.1984703191857484,0.08750629845597946,0.09244359830244579,-0.12237425163876801,-0.018798034131495344,0.06757587934808293,-0.19526114022651594
OD,2025-08-31,0.4849932528702133,0.14612096562585047,0.036120838874050064,0.1418291573062572,0.48363391908747566,0.18203447596745256,0.13683612200546394,0.05377713920896501,-0.13660032269843514,-0.06380265567296313,0.0011913894002536897,-0.20734026082141488
OD,2025-09-07,0.5377400713378646,0.25093126990563097,0.11186873994432363,0.17672560295252035,0.5963906047791103,0.09502676843813632,-0.015402956800590445,0.06711504536341323,-0.009034870401000556,-0.03436366202653996,0.01958660792385516,-0.31176953831426674
OD,2025-09-14,0.4705051066535568,0.25303638652770155,-0.17735884740688287,0.20274349723657184,0.4725380545801629,0.12858030615240498,0.07809678548284199,0.05550523650768946,-0.13306512925969316,0.004972215448237791,0.050764224744820695,-0.10478762846124105
OD,2025-09-21,0.5301798170703257,0.2242257511149058,-0.1732337786700774,0.1479846382286775,0.5593362816620747,0.1485934980179286,0.10056246052832854,0.03550142095933404,-0.14086501949435545,-0.0515936524593706,0.06774249931400728,-0.18061861488673953
OD,2025-09-28,0.5614115177320156,0.16989797667475093,0.0432503578610058,0.12118734355761226,0.5804424853790207,0.11219966921593336,0.03575168224846595,0.003241027396259217,-0.15614129525179934,0.01793484045691377,-0.016258937043104958,-0.2541860166299482
OD,2025-10-05,0.4938362091499788,0.26184672043940704,0.08391291571355809,0.2089287330202047,0.5709257297870788,0.14803551505986723,0.1443874447510483,0.07844178935922283,-0.11661886961193255,-0.035024485793203754,0.00019796123476034113,-0.25900320376602226
OD,2025-10-12,0.3855100460661225,0.1661593515525494,0.13003788066839483,0.20622290249149997,0.41801284683322665,0.22223695491822407,0.18057556696410137,0.24782852388963228,-0.19725509414240405,-0.08623751105292696,0.11489529371747724,-0.15261438736846308
OD,2025-10-19,0.5726487572520016,0.18707901281438785,0.07966585006211432,0.10016683904280753,0.6037407234040416,0.1347659518004868,0.11157353458570578,0.03693983120370272,-0.05215607132255219,-0.02280148335043761,-0.00032646442524021695,-0.2964018091285437
OD,2025-10-26,0.5096441134317273,0.14225222250622443,0.027610258976025686,0.1395873470925905,0.5061440570903768,0.1511752773870114,0.10135707312104955,0.06491408991338327,-0.14281530415308785,-0.01786190077894234,-0.009927945046075633,-0.185872206082691
OD,2025-11-02,0.555891397162048,0.05877581291011971,0.02905200142750295,0.07912037155873203,0.4216960931772539,0.1936642143170503,-0.0673973577758288,-0.05007062504754289,-0.05144731985739297,-0.022517898282971127,0.04672465513812057,-0.1548772157931472
OD,2025-11-09,0.5310928843739039,0.13330541387078038,0.04552275949131919,0.09875819222031401,0.5254239238916809,0.17877157842101932,0.10242302021832736,0.03311636596816006,-0.1143468755079329,-0.01277825038083235,0.035587686614237855,-0.22154230129706645
OD,2025-11-16,0.5568190446591068,0.24865048332305645,-0.17879695864301784,0.18207926654680764,0.636038931371248,0.09570536693805284,0.16596076264503196,0.061747413370757606,-0.10068345769937254,-0.0362510837036026,-0.06195908465599325,-0.2842456946941453
OD,2025-11-23,0.5809884014657628,0.316694690973482,-0.2769098607707918,0.16606635205430817,0.6698631930864275,0.07285033016597771,0.046574941886025095,0.06350733646589725,-0.04244129555263394,0.017598438859546112,-0.05915022547521558,-0.33410516754639347
OD,2025-11-30,0.5446370446013096,0.2979371683252861,0.07715947641077367,0.10002318939744044,0.5751485735404163,0.10924829563039959,-0.06867807440075883,0.10966320334370139,0.06677235993890776,0.0814099997301006,0.07144037547365283,-0.273087791633739
OD,2025-12-07,0.4966913746409643,0.14741614821401303,0.02341688683250207,0.12765433614412422,0.5050407932498667,0.20557761231676303,0.13359456412669585,0.11312008587528627,-0.10523086513786746,-0.03633862185299635,0.00872819300759293,-0.2348418770857881
OD,2025-12-14,0.44672756956281273,0.2494901861471646,0.05044247376708203,0.12182175790911638,0.508604258438689,0.25118963859511617,0.23880267351349255,0.1618439811275079,-0.09085428695536223,-0.0231308058586425,0.06196002090570751,-0.25983211178509147
OD,2025-12-21,0.4818636826292129,0.18511089688643606,0.04190808490371207,0.2142007028434433,0.5087487797711097,0.15140612474193693,0.06149693926589257,0.08080926121447912,-0.10871677976711437,-0.037409769887729476,0.029396617650664814,-0.21853009637596893
OD,2025-12-28,0.43985460614557875,0.14494843679451896,0.10018799013308209,0.2568090958786663,0.5035270006870375,0.20858606698146243,0.10961358494471783,0.055426170371324204,-0.2708421246448078,-0.1023575545196218,-0.02065238224464982,-0.248068783998742
OD,2026-01-04,0.48922117869906806,0.19457389681544193,0.0935585047252925,0.1737762605738561,0.5139930245371219,0.19842858132731697,0.16459018006327053,0.03485674438149265,-0.08007636315973779,-0.013338986696376648,0.024125518702030543,-0.18204623947928517
OD,2026-01-11,0.4786337172915061,0.14266261878313344,0.08141392641002163,0.19254698572055198,0.4959883849892968,0.15349644321098505,0.08862627784722169,0.06942278049264339,-0.16544452665544732,-0.01585607041388445,0.03056520684302479,-0.1559487361174193
OD,2026-01-18,0.48280266724565113,0.2031685795333639,0.0343243650925643,0.15612648235198992,0.5156888477162932,0.27385529217038657,0.12940505027515534,0.02999132435860842,-0.13250155719509837,-0.04226279495361867,0.04558036584197042,-0.24587531928613823
OD,2026-01-25,0.4743678560652228,0.19335932593317132,0.04263318269477068,0.12651996204322244,0.49252743486000294,0.22014341699322756,0.14107576939286695,0.10151119387866481,-0.17429465546246947,-0.010099616411052755,0.06141000662713166,-0.15175781016978043
OD,2026-02-01,0.5398994838429152,0.13724086173624903,-0.10698384169705927,0.11893254823585925,0.4928385405868591,0.20880539643502408,0.056656764486953934,0.008006290800368542,-0.03345306155154714,0.014595622377774207,0.06294522781045861,-0.188439047331482
OD,2026-02-08,0.5113331366299311,0.14828154766626409,0.004575120791638894,0.17679273144404864,0.5073607646860221,0.17157021922093296,0.04501409253048694,0.0809973196691126,-0.17002610410446292,-0.025765873584207198,0.08483638840048298,-0.14791497349562788
OD,2026-02-15,0.48915677894587967,0.10738686806188708,0.08512996088871581,0.23835572663232812,0.5345437267059969,0.18267095799810373,0.05827507206066691,0.07922210455847153,-0.24962493867868044,-0.07196938777331444,-0.018580680284454858,-0.23279715125876688
OD,2026-02-22,0.47328171159077925,0.1596592137486801,0.07417525004443477,0.16357183878008363,0.49140786888358434,0.1555498500971097,0.05218886518863555,0.06318426247737167,-0.14334240391746925,-0.003193127792626359,0.0420462210301812,-0.19897681355108193
OD,2026-03-01,0.4915028492686279,0.15399162840917086,-0.015156971619018944,0.23565052039907478,0.5152348658309353,0.2134890480675959,0.10343080109978459,0.0794730118596755,-0.1801834032588453,-0.022481275462101793,0.047607441888653255,-0.15433624980836064
OD,2026-03-08,0.4788936888179654,0.18406416072837523,0.031540441845145734,0.11676973722867304,0.4980799672840324,0.25472833872879835,0.12262815032112104,0.12734342225479525,-0.042065104503557875,-0.009077807055440673,0.02978469727834698,-0.23710056031493315
OD,2026-03-15,0.5111294538501364,0.221913703834624,0.12965830392856284,0.191020604413417,0.5958546967305903,0.1545215839563688,0.1539581879906774,0.12030240946202267,-0.12118851061334626,-0.06163263489077856,-0.03666118754322238,-0.2783390550588407
OD,2026-03-22,0.5037915869891987,0.13391658675673893,0.11426470226402555,0.1690147629517766,0.5223533584325936,0.17263744236025683,-0.011498640666498963,0.0967211991906266,-0.09167615348932233,-0.06676887530181454,-0.01745387293315252,-0.2616356526320826
OD,2026-03-29,0.5382781606248085,0.23281935490712358,-0.032676098250966706,0.11566769299553634,0.6097252070838464,0.14470379541566317,0.19102400781962492,0.07809906325967521,-0.11969943751528675,-0.0411614347483418,-0.006829645185091064,-0.26859805788792174
OD,2026-04-05,0.6279775965825299,-0.0625860930041942,0.03780775689202974,0.11041680802478963,0.6017948035450693,0.06575035980304396,0.10178857753184059,0.032641905216426015,-0.2940711821688122,0.008380187884142902,0.02952863564338624,-0.16865810667547038
OD,2026-04-12,0.4936139552267127,0.1450698752774151,0.00834889287491908,0.1406543368647636,0.5012106081021362,0.16636023538454328,0.05168846726974236,0.05900173445479877,-0.1510969445813335,-0.04024866472411501,0.07137960181713066,-0.1710995762327112
OD,2026-04-19,0.5615020596531031,0.11120131619125438,0.09161655795391563,0.1803951045839836,0.5888979282082272,0.14477111761289282,-0.05021165453610229,0.06289369464713225,-0.12393638043023897,-0.01673065559340376,0.006132866457517857,-0.2987257526439619
OD,2026-04-26,0.5544885558030557,0.10559488267350092,-0.07038853146924773,0.07102053329964458,0.524486772133694,0.18322862443366975,0.07069492121444448,0.02563117732067712,-0.11137161902925732,-0.10650144378745986,0.04149972010867722,-0.17493870315410928
OD,2026-05-03,0.48314192737819267,0.047163319474671714,0.12039906077536812,0.11769163390878266,0.4586276398495627,0.12402293193545683,0.14470835236966664,0.08057528183367761,-0.11125529050475143,-0.07002373438770088,-0.07638034937462691,-0.20645814153247266
OD,2026-05-10,0.4544565910594635,0.13496612629081187,0.03480171752156783,0.13625275925558686,0.4776168595594334,0.23164107664496955,0.1403929482389445,0.09438820476686786,-0.1659591806834599,-0.01564161661096602,-0.007352961646364008,-0.20033006175067747
OD,2026-05-17,0.5222060141059832,0.403566904887866,-1.4521475792519076,0.47852672336090835,0.59084061113073,-0.12624062319866783,0.18505098079800153,-0.00737558223489034,-0.1292873328491669,-0.04952086204817612,-0.14279120918025826,-0.10011800745295268
OD,2026-05-24,0.5340072741307319,0.38265306641390684,-1.1227731943568986,0.4154634618444229,0.6392817473718695,-0.06722260394337401,0.22679149174448524,0.04501790589533123,-0.1176708315645968,-0.03530515598206434,-0.13519106683915547,-0.15279041579844604
OD,2026-05-31,0.5194207735129259,0.29345793374130796,-0.7958270818874482,0.34180051983376936,0.5758236077356693,-0.018215469778095673,0.13979683362016262,0.033024271768829445,-0.1603952062460029,-0.053120485593547345,-0.09359919657855759,-0.13738578793284462
OD,2026-06-07,0.5903080233767749,0.25148478227518756,-0.443687614752173,0.31346361664697575,0.6839640761376126,0.02261963373674525,0.07909133754006116,0.06630852480833477,-0.09057967975659975,-0.04525235824350759,-0.07810460323689132,-0.2517163148629732
OD,2026-06-14,0.5480848920681465,0.23169336352142889,-0.3410283333549942,0.10516989006042342,0.5590082976805103,0.08825045469811474,0.08200253534765362,0.07799146983611904,-0.1129350847941897,-0.03989356032623115,-0.07151463457144738,-0.1769987127684758
OD,2026-06-21,0.5508115797053695,0.20040065569884488,-0.12692166894048462,0.1859632000666271,0.6176645014917084,0.11274144803452445,0.08475329668032333,0.100785270129741,-0.0480885870031072,-0.06152139703563776,-0.0522108674839406,-0.32659304399876926
OD,2026-06-28,0.5126134083866436,0.15552807269924726,-0.06095547512904643,0.23055744618743293,0.5247756162955589,0.10638208363341503,-0.00042658464491159454,-0.013036262972204253,-0.18454118311134016,-0.010373410309254802,-0.03353283483031772,-0.20195010584408352
OD,2026-07-05,0.513100402020751,0.03361010896780178,0.026140698826826025,0.1580852050456695,0.5132834529727419,0.17745046574543694,0.10878277362221883,0.14402428476709264,-0.1377301955669638,0.0017111699099456635,0.022777928425020695,-0.1471832531165922
OD,2026-07-12,0.5154182796007674,0.07673727305073025,-0.009096701301934726,0.1363946869813767,0.4777289711583471,0.13811745310637158,0.009940684491745804,0.09105031606573916,-0.12230527219965238,-0.04273790237885082,0.024369557373652928,-0.18282028724247007
OD,2026-07-19,0.561125656714874,0.12748863633385948,-7.259259749634397e-05,0.08455079674440566,0.5618818459470508,0.1575336931443097,0.05604347303081822,0.060459109169422626,-0.14627977996825095,-0.062171584169809,-0.06359752994376641,-0.22867282607964548
OD,2026-07-26,0.6156999024196808,0.32116008606833785,0.2330111804108681,-0.01711899155713739,0.7306807002315407,0.008349633287457697,0.27152786477458035,0.08969797213746346,-0.15851600696514578,-0.0784526278220561,-0.06523505054050413,-0.45437533907214656
OD,2026-08-02,0.5368841014781762,0.09247044013993869,-0.25864181921175683,0.17681382780655464,0.5085460917413802,0.010212291393242687,0.03659046063589909,0.08541226288793943,-0.11819437926094056,-0.03010950712467475,-0.10046812815836323,-0.18306511528001326
PE,2023-08-13,0.5904916375706395,0.1604263783520559,0.0658307203502239,0.059389327025948645,0.5944857504779752,-0.002939048345208092,0.16012735252799276,0.07653716782434974,-0.04591437945236435,-0.008870818685249526,-0.0915790602230594,-0.2217786273120517
PE,2023-08-20,0.6327062937217688,0.1532550979477454,-0.08177475475367908,0.10358271659103901,0.6498788821000837,0.04515317460311752,0.06624556684167557,0.06281463672262802,-0.02798778680328721,-0.00013285853228644742,-0.041531402105497904,-0.2765612140165231
PE,2023-08-27,0.6598143508526526,0.2149765105438037,0.01812317773108167,0.02383986535225308,0.6478643668616678,-0.07243282455225729,0.1517635792304568,-0.04985193395578513,-0.031062047829281812,0.000273915748016906,-0.12221300690788388,-0.24500046371611753
PE,2023-09-03,0.6466267614954041,0.18900925219484596,0.07677931794386088,0.008569217406986658,0.6364225207958084,-0.041817810800035854,0.186225079724652,0.004922618877994282,0.042373561753130416,-0.04368438585780588,-0.08040812357618488,-0.3141995105643793
PE,2023-09-10,0.6557212879836002,0.18379417305910867,0.06526931471629824,-0.01953559311332657,0.6865846758645727,-0.014807839366031809,0.15483978260879094,0.076173219671264,-0.13835954857549768,0.016041747158937764,-0.049078302989686046,-0.268750990760628
PE,2023-09-17,0.5654391028683914,0.22120932210533556,0.0953552593226288,0.03886462345646454,0.6105666456812993,0.11732611924880403,0.18051125627533374,0.13529425615387702,0.01499472434824085,-0.0038930706377482867,-0.02262430880777984,-0.31188934167772703
PE,2023-09-24,0.5815724493813589,0.17586297526335415,0.08509322744801032,0.07547640486399076,0.575879749277446,0.06674565620861926,0.14504813405866718,0.1626744125021799,-0.07973488082444591,-0.03930064575548861,-0.030840100393677714,-0.22592765645646173
PE,2023-10-01,0.6125920056652658,0.15999271269114404,0.0697831102546435,0.06242724410038832,0.5925356473986881,0.048950606787054145,0.09286781267052273,0.051463695675578174,0.014338639536516647,-0.010340908656416233,-0.04988200063169129,-0.22561279329293402
PE,2023-10-08,0.6286199331356944,0.185175450619385,0.10428989834262008,0.060615358515282804,0.6595745767615102,0.003749409945518791,0.1315220293002791,0.05476956273890592,-0.024650511633832996,0.0038282959152482142,-0.06000588931651008,-0.30779864095542303
PE,2023-10-15,0.5673641199750554,0.19421946103205764,0.044823669154859525,0.11192577490360031,0.5895101472380536,0.08195275588031686,0.17001285638890007,0.08043660042866992,-0.07394728765791372,-0.01728910269194928,-0.0014822411361951448,-0.2414790475302415
PE,2023-10-22,0.6437049966743775,0.3128361133503019,-0.20037437765813573,0.17130743062729697,0.675582827512521,-0.0877138508726057,0.17998134604206537,0.05244119734947056,-0.001203671833920658,-0.032418722801345015,-0.0769962607799557,-0.2643374305720987
PE,2023-10-29,0.6516167756372959,0.06112072499026904,0.04545442006243077,-0.01012108767748057,0.6320817916031771,0.06513742731520214,0.07420909540033616,0.05374998577184922,-0.07478175045569393,-0.02760849818172563,-0.14736116151477271,-0.297912778842558
PE,2023-11-05,0.6391680481976576,0.054730750066294166,0.012014937271087208,0.01994468332672609,0.5991792925654483,-0.02715352390411248,0.10313738797054944,0.03857420125084754,-0.07638733939604099,-0.017075334453881423,-0.07959040152072236,-0.284499848305381
PE,2023-11-12,0.6727736640350694,0.22554367029043298,0.0058765921891368676,0.14479807501877012,0.7201988434460636,-0.06526704318086775,0.01216611617867944,0.04277928314172486,0.01190585199932529,-0.02393150745285423,-0.06801942068942239,-0.36701770691704344
PE,2023-11-19,0.6087413096875247,0.18530661226865935,0.04891855859125569,0.0867182186475282,0.6432188147252315,-0.01872662914006056,0.09822425828410473,0.049935851202455986,-0.11091432692558091,0.009148046981075119,-0.0851140945213925,-0.3064413490163682
PE,2023-11-26,0.5493966811898192,0.16559567776836775,-0.029465101250800155,0.08629716974169793,0.5542816823729707,0.04948705997876595,0.11346467652078199,0.05875955688745676,-0.07772475662340692,-0.06368823579716265,-0.03934708794315342,-0.21430857855903973
PE,2023-12-03,0.6163911728354924,0.19708116936255773,-0.02484223762332404,0.010952337063615541,0.6188743902369397,0.07143140106641215,0.14619225464069396,0.06446716060616453,0.02613566831881596,0.035197809642747026,-0.05791835562000679,-0.2436454580472297
PE,2023-12-10,0.5592965993612398,0.20077479566042467,0.09390074004800847,0.06357829919377254,0.6089350294849195,0.08645860866425568,0.1723753838707657,0.06766224997738807,-0.06009378858995502,0.0016000499732381416,-0.0002497046358942726,-0.3054549937625962
PE,2023-12-17,0.6754144310046172,0.04843489074700838,0.12025292912999729,0.010986147931160957,0.6850034083498485,0.016599756197002106,0.19834583685351911,0.04943742875944066,0.01638502157108345,-0.118711208306118,-0.1535738334658349,-0.3884087832298635
PE,2023-12-24,0.6310966838514901,0.23806618671052038,0.007232554392245005,0.08575965741445371,0.6461204516101862,0.05355690049148606,0.12014546533856608,-0.037865594530965614,-0.014165102816684066,0.02133653712099351,-0.04421425856340698,-0.2167556493681637
PE,2023-12-31,0.6353581430602524,0.18615000333725748,0.07036133834727905,0.013172813566237649,0.6432648334426782,-0.03707956939443875,0.11554217866634435,0.07788264373005181,-0.02946378259697805,-0.014603265582946539,-0.09176347525279119,-0.30971961398619574
PE,2024-01-07,0.6425888907401027,0.07850959195441945,0.08394609777565516,0.029525536665527992,0.6035909981913754,0.007704118166300723,0.11734035644377827,0.003326325732586398,0.02896159049438145,-0.025558943791439966,-0.12050727752504521,-0.2715237519827096
PE,2024-01-14,0.5606035014257276,0.12628906762066205,-0.01315449534844191,0.10239749980362631,0.5648643894567922,0.05857669734555637,0.10144498901595123,0.10903261947917822,-0.07097193729152604,-0.008033756008861116,-0.033696254809396135,-0.22634475559507897
PE,2024-01-21,0.609109056187079,0.1884788336534432,0.05451680463628586,0.06926849470051352,0.653436844588942,0.033127161726634026,0.19426385191299658,0.06231085376835173,-0.030579634253772015,-0.05471754272275635,-0.09807697166390314,-0.317543427370956
PE,2024-01-28,0.6111530592811321,-0.0928936010850346,-0.027313990981989274,0.062441940927019254,0.5010538994626655,-0.03892945997229614,0.13818878891121886,0.04860045423138033,-0.017656456163009242,0.059766955376635005,-0.10697476957869696,-0.11774259516619694
PE,2024-02-04,0.6000856725688167,0.06907611724006951,0.03496802517877656,0.09182772539419806,0.5434180385476847,0.026965888929976266,0.11637432570029259,0.021447093596386264,-0.04593576079538217,-0.032048200437112644,-0.04992645832651875,-0.20501086883731912
PE,2024-02-11,0.6411351395580451,0.034361971665105545,-0.027372383338570196,-0.019456381128705777,0.5909952602262523,0.012015911404452925,0.16655330612960273,0.009907785419672578,0.009217770711142784,-0.009034601157087752,-0.0906933935782458,-0.22975010474512858
PE,2024-02-18,0.6714648197975919,0.05948905562228917,0.01961469231031828,0.03995289456549223,0.6451563475101693,-0.06581921594817546,0.16378759401889298,0.0251741497918774,-0.02174432715474512,-0.026521029638540427,-0.13606184067572838,-0.26958276313310486
PE,2024-02-25,0.6772437533942477,-0.02608040401418465,0.03286415716737744,-0.06099341020480675,0.5727707116490927,-0.04395077385268257,0.048071407607941055,0.05631949677170244,-0.04278543694729524,0.06461398964117733,-0.1134097848192447,-0.18874982137444657
PE,2024-03-03,0.6763776177728223,-0.0049301147694672115,0.011505500735521099,0.013787112916007042,0.6005543526513392,-0.03330049263469549,0.2112294416428464,0.050864379505451356,0.08144988061645282,0.004076208345482475,-0.14767298205732107,-0.1675371337203726
PE,2024-03-10,0.5907529014705333,0.17039048163966908,0.0039976847669468026,0.1381617299559317,0.5749025641011456,0.03173864882112594,0.05771185888849798,0.12213633601670562,0.0011652374789412193,-0.0038001846281368453,-0.0680648407499519,-0.18911957024272405
PE,2024-03-17,0.6267468378513831,0.22311780570578185,0.09402954379992244,0.14939196401330324,0.6332511988444002,0.030157324809358937,-0.02524554395585616,-0.12332213507217604,0.001122941457648304,0.035114475004097596,-0.08932485634341514,-0.2823741457779771
PE,2024-03-24,0.620161564798721,0.0898967403717438,0.03309448961072616,0.08681038722707153,0.589361257533235,-0.027711632575605324,0.12115571022100918,0.0923171586182205,-0.022343135244477074,0.00250780080932452,-0.09068491534978108,-0.1818769536170796
PE,2024-03-31,0.5796116043752984,0.253398950857448,0.1679703154950521,0.17045390431985497,0.5672118227727129,0.0032047639344882427,0.1644910780068616,0.024333805779822904,-0.01969619293672353,-0.029192028649285665,-0.010827692151629717,-0.17347252091400397
PE,2024-04-07,0.5423050022123485,0.09582294141069936,0.09167565150008072,0.13345483331547048,0.5418527780288966,0.04128692539717346,0.19057511243309455,0.08798779361365988,-0.07906703051896916,-0.047894629883841404,-0.046287545003818896,-0.2103862403687627
PE,2024-04-14,0.5802024039896935,0.10350023937457652,0.004220279927137977,0.18666918997773269,0.6134839437983928,0.03286550383329322,0.16726063822797976,-0.006151600866546837,-0.14005882839132447,-0.0758503723646171,-0.0786109014608853,-0.2575922391712886
PE,2024-04-21,0.6216026559351275,0.0868327334826639,0.08284132644097125,0.07500056725648739,0.6048667111669178,-0.01095893681353845,0.14143785123685104,0.0736497177235769,-0.05261584716092969,-0.012106502029845716,-0.08649468475094972,-0.21956672159533314
PE,2024-04-28,0.656039714934555,0.207877868448074,0.07152731652735196,0.11621411610693483,0.7004282255326556,-0.08275932855405789,0.12666958657748845,0.054874767331885364,0.0654837223703344,-0.014660434393464036,-0.0853943980036961,-0.3373940653563895
PE,2024-05-05,0.6618843181445795,0.09464542814503261,-0.00849478908544531,0.028417247676578324,0.6094795962677048,-0.089655166057429,0.09307267388039617,0.06061476161818772,-0.042826572562711954,0.020853980184758796,-0.06466073347580521,-0.19918491774620653
PE,2024-05-12,0.6493935177058897,0.1201687613130875,0.09294989870965065,-0.007978615728963027,0.5968470608236683,-0.007845891246168078,0.15375603987037628,-0.01951546295096881,0.023199597180250636,0.03576832585784771,-0.08219252056565968,-0.18897314828386538
PE,2024-05-19,0.6361807058216673,0.06650683862393673,0.05723156778369111,0.08369264508965206,0.6174364074752718,0.00036068812245488034,0.024488808935948358,0.044071344523463535,-0.011608346376784422,-0.02436123951237884,-0.13147055135313765,-0.3418759530439229
PE,2024-05-26,0.6368508642052633,0.16573749770473353,0.015065768538448612,-0.10033352271683431,0.6375199374242133,0.056168148619413834,0.1705690849122833,0.12710837570817646,-0.11197956081617526,0.1825644979625186,-0.05660762814310366,-0.21388038991424493
PE,2024-06-02,0.6620917915215658,0.04737867153195222,0.05040581070984002,0.010781833102622202,0.5998629954972489,-0.02380367393604551,0.13220010970744428,0.06696149136710092,0.0327568853309545,0.013707654459865316,-0.11007201147134006,-0.1713621158176147
PE,2024-06-09,0.5497632084463244,0.1040150725275811,0.06310460440008302,0.11253047572021466,0.5387113763738652,0.08311539065216639,0.12867641484655873,0.11001613243199096,-0.07390248608541598,-0.02076849495225731,0.0015956081928980787,-0.15658491547442246
PE,2024-06-16,0.621204237940243,0.04799826533034527,0.010492498831579962,0.038070054855433744,0.5851943706560888,0.019359075132778958,0.15565205903263324,0.015612502993760154,0.02957259574824891,-0.029606577036846195,-0.09180159295560113,-0.23531026403799515
PE,2024-06-23,0.6211836317359442,0.09770300137458213,-0.3193783627547855,0.12755100906186115,0.584724746073232,-0.01632610418366267,0.21682138271481502,0.07172970239575416,0.026299989247392498,-0.010917461892782325,-0.080425752888767,-0.0991595826924366
PE,2024-06-30,0.6430836804005373,0.05847941112206614,0.02252287891925392,0.04187102651539643,0.6049720182841781,-0.036916883336147156,0.16403315821860126,0.061400099282250147,0.04203283708517976,-0.02675449690170914,-0.15228061776571822,-0.19327222127818883
PE,2024-07-07,0.649893014004469,0.1196809177943588,-0.07181206335918436,-0.01744696652008976,0.6182730281099159,-0.059099106078258044,0.18585253149635478,0.03929391443135428,-0.02105972429182836,0.0930435112611275,-0.08211789962072163,-0.17110397409609113
PE,2024-07-14,0.6351978134137836,0.0436912020471855,-0.09359360221001166,0.07926153267727273,0.6020946465835332,-0.045216330233669805,0.15960646887696311,0.06769799187728741,-0.03392353043949609,0.03533548186900314,-0.10946910292922216,-0.17037212951940098
PE,2024-07-21,0.6530747238109244,0.015257428316946979,0.034033843087760064,0.01781569958604947,0.5868367406717957,-0.01567937806380829,0.17529300595057257,0.04024981329554756,-0.012750174265208187,0.009100608235854762,-0.10779755053157283,-0.1732118731887651
PE,2024-07-28,0.6535832815323317,-0.029618533509178483,0.01829771288262105,0.11135893160034611,0.6319564080426255,-0.04776216716180217,0.2059665701934172,0.08016491410546574,0.012499669361854237,-0.011815741480832729,-0.15449858927777455,-0.22222018848662015
PE,2024-08-04,0.6357261159104699,0.17264127465126752,-0.09766174943521784,0.02162093686885476,0.6448848312692814,-0.02269357162055231,0.16815990441626125,0.061769899804124805,-0.05805845460437101,0.017943033580489206,-0.13863022086843,-0.24768611871238191
PE,2024-08-11,0.5958652834089708,0.13047848772598133,0.11756642082922591,0.08228927769166379,0.6271382086644941,-0.004653919352383334,0.20410445893786724,0.08216282532140723,-0.050938314596472106,-0.07971595088824343,-0.15414742854536614,-0.3427632011225055
PE,2024-08-18,0.6367761552804734,0.1524379454336345,-0.11907599909376324,0.0536965486152754,0.6185386982487309,-0.020211128219151532,0.08281927266341339,0.047250130443153314,-0.007092034894464517,0.012423460884178837,-0.09441966976015144,-0.2398512989334092
PE,2024-08-25,0.6912586303818982,-0.08947790554755103,0.012091505012283418,0.02822607342045055,0.5829492011576597,-0.07877746850980794,0.13925381624043737,0.06153151753030916,0.04105790577084183,-0.014710682524274047,-0.14866354738100163,-0.11294596124931139
PE,2024-09-01,0.6352722211868647,-0.006103378859096459,-0.10169906327697269,0.09771385095708941,0.5752003647421826,-0.06444520420658635,0.20095645301159787,0.09106143820134703,0.010241360887079923,-0.006647761862850133,-0.15204834439219722,-0.10473575598601802
PE,2024-09-08,0.6328909608432953,0.14219429343425483,-0.042308567848002875,0.1154143140376785,0.6114598228672782,-0.02814020256396673,0.12371998475180511,-0.041952395667097145,-0.013479135865315052,0.006762331826808587,-0.1070217861995313,-0.16368680092298585
PE,2024-09-15,0.6156793018785663,0.008262965720230655,0.06478109761735154,0.1220068796455274,0.5805063591394463,-0.017093915170820883,0.1699617780940328,0.10255085952085684,-0.06044567152818427,-0.04302662543548816,-0.0836373815346569,-0.1722472477125458
PE,2024-09-22,0.6298741530207252,0.15530318286922531,0.050015350765671734,-0.0009340167219089425,0.6020699431546223,-0.015401215888931431,0.043360019087225685,0.05033398324440673,-0.03607736749048689,0.02300299841140943,-0.07250092424194694,-0.25868723709874436
PE,2024-09-29,0.6443416492865126,0.10363555062798774,0.14391976156085415,0.07290048213653436,0.6566697906925535,-0.024643347757129886,0.2039662879911831,-0.02431752487866745,-0.021551742428177863,-0.10474127029228521,-0.10988959881436257,-0.3894159897883152
PE,2024-10-06,0.6507196838061311,0.3577673224991614,0.19185927308744857,0.18747421295197386,0.7876790803568402,-0.06592940172251824,-0.0008499254631952289,-0.11676530400924498,0.12203357963688519,-0.0032247759393758155,-0.15973975313733854,-0.5962454960203948
PE,2024-10-13,0.621208332446742,0.023401996535032037,0.08429145027992616,0.08353143329397542,0.5906735448237583,-0.005867739478922245,0.16523067327753999,0.054573372403510186,-0.02919629251272483,-0.0074678627061042025,-0.06939938418465759,-0.2568057020386253
PE,2024-10-20,0.570581428107876,0.10360575963107536,0.0036193293053056242,0.08016962634758716,0.5318538015319556,0.0038169548784173905,0.11500600673801042,0.09277220741897367,-0.054658662814251066,-0.00021752870899585186,-0.03079458056551042,-0.13812773102760717
PE,2024-10-27,0.6241507348261731,0.11466357988716593,0.07585378516882757,0.08793397132451074,0.6154351179934269,-0.005185981155463786,0.11618317394753463,0.034830358506774135,-0.05856401008120474,0.010462300602288224,-0.11155687111344521,-0.24818242647830002
PE,2024-11-03,0.6584584821967235,0.13815808214612504,0.02433290185458169,0.05002573011270157,0.6182741838439889,-0.07642978039352583,0.1258392653368781,0.045481357989957345,-0.009246738511360564,0.04632651330842789,-0.06086181541459223,-0.2033001289832208
PE,2024-11-10,0.5406966723956586,0.08440748172237855,0.0688995757052755,-0.05187979864346781,0.510321994697076,0.18990290182787037,0.18562199371566732,0.05081897891515849,0.1510980892776654,0.024742486761677576,-0.11856599719447751,-0.2262849040630456
PE,2024-11-17,0.6137808908845132,0.11777724438649577,0.19726461704508427,0.09802394291621226,0.7613641469198814,0.07057435461573079,0.22639417935078185,0.030033041268688124,-0.19417830207233702,-0.15611019087751127,-0.2277334838084064,-0.5829670423970108
PE,2024-11-24,0.5637106360259247,0.24806225236720736,-0.15339802272937372,0.123540785902499,0.6321226111746147,0.020109056850547567,0.18868294461178275,0.06841123751039178,-0.08980348803376816,-0.038147317471713425,-0.10983512167979156,-0.3064619078582587
PE,2024-12-01,0.5518565664440979,0.2856962029108117,-0.7254873102996879,0.2598019406826169,0.5820381064356661,-0.07320025090639755,0.18225914577638944,0.02594209925807201,-0.11281590147120228,-0.01910704557165138,-0.11745220024760719,-0.1711081236206576
PE,2024-12-08,0.5491872889856828,0.1481943130397915,0.08060998575634809,0.13134569374380822,0.5573180099781672,0.03643204895145059,0.08711426370808596,0.016217075997846202,-0.08271518180405049,-0.040935920278017,-0.08819726367271766,-0.23154670425170465
PE,2024-12-15,0.6024349111545431,-0.1301409679079181,0.05544285315006309,0.09594467769876082,0.5289699134218631,0.02648683305415481,0.1273573432074387,0.02791307563297964,-0.10714094662834583,-0.13570866397936251,-0.09106175738783388,-0.2969582280724638
PE,2024-12-22,0.6954787832853925,0.1288620942383895,0.06220707374479422,-0.06600582470527393,0.6653614223829731,-0.08200156973936064,0.10354197221980106,0.029596717558795182,-0.059087696714364035,-0.012314697942340216,-0.12762030262454652,-0.3023717017873223
PE,2024-12-29,0.5793698804686838,0.20241354671409834,0.03520189290741969,0.00020778075523840563,0.6155371299728,0.15573976013681923,0.19049349674521812,0.10952371304324118,-0.02395637110631065,0.024552162379493363,-0.040977747793173924,-0.24732318338951317
PE,2025-01-05,0.5656002839034833,0.18414439416209746,-0.016608889886725917,0.1176990960805755,0.5648003167184589,0.0863920386255775,0.1032283835969663,0.09258260880314581,-0.0630648618737196,-0.0004343776889778174,0.040938635156860616,-0.1795105311559232
PE,2025-01-12,0.5945514228117149,0.2343843082155627,0.12114623670424055,0.11067460585240901,0.6454060441110455,0.015650286391779632,0.17265886374116177,0.09257493732094751,-0.04732067775536014,-0.0510338128753749,-0.05312637055665983,-0.3216850245710605
PE,2025-01-19,0.725653242191716,0.2999723578700557,-0.1387269484356025,-0.055981569040036275,0.7640244343234762,-0.14832304277524178,0.2421657902273687,0.08886795112561566,-0.1193921617231687,0.14535714676513897,-0.07843269369615052,-0.19509439564766254
PE,2025-01-26,0.5003869372702205,0.20486806121359522,0.1817432943249447,0.1778362906423755,0.5949497949292266,0.13520725705091582,0.2127858940246275,0.03805240763628076,-0.1301832697828387,-0.07852055340069497,-0.024925282896338913,-0.33236872735942885
PE,2025-02-02,0.6296120757433727,0.094829593062442,0.025521840089493427,0.06580689793790775,0.5757619633679718,-0.04194090643778684,0.11187715884683455,0.04743946601432767,-0.028786154705301072,-0.009938975477024294,-0.10149543699704432,-0.1588947289180407
PE,2025-02-09,0.5072496942082664,0.08945978190325642,0.1217654955319913,0.21144248708108845,0.5118972165724771,0.12991470180045034,0.09141189927045024,0.07465524131510162,-0.18781707162357897,-0.04469878328663188,0.0169719434127494,-0.20765926681314187
PE,2025-02-16,0.5814424105770901,0.2969927675143669,-0.04755649591897515,0.22249347230258698,0.6331715175690446,-0.014695806514256955,0.23146867162685295,0.1294305789107679,0.006741764887882166,-0.011608556240618543,-0.006700068092472142,-0.20470716453725965
PE,2025-02-23,0.6122746432081012,0.20340842146408555,0.14664865784233522,0.15632488793168203,0.5880092441568252,-0.00479917379905535,0.2349904278970056,0.054181257501474976,0.038023025291971595,0.047315437374913456,-0.07974453419631831,-0.10526715656611284
PE,2025-03-02,0.6333833497555585,0.17472610443620026,0.06673292870129881,0.12078012019333308,0.6032969208612713,-0.005775549083814076,0.15562324080253476,0.07471242260182913,0.04864056003266261,0.05083108809757798,-0.05165130810765354,-0.11676422653996064
PE,2025-03-09,0.6898729249161283,0.17344916819873027,0.1345035328346145,0.09483491856972154,0.7156014576214801,-0.07890554755171501,0.12548063669446935,0.09464485847146277,0.061437016186822443,-0.02650769526026434,-0.10804541405604765,-0.34474638513907946
PE,2025-03-16,0.5942831705576546,0.09757203594902233,0.10953751684196239,0.02555572767385224,0.5720649624194944,-0.043947370241684845,0.29768408600822754,0.09773834324911229,0.05555438175629237,-0.060597778264511425,-0.18993764420445766,-0.1281594540949575
PE,2025-03-23,0.6224185739806454,0.06199088822998546,-0.03211286166435208,0.044387499134110775,0.5774167382743728,-0.02506802847057102,0.1319403128642842,0.041005143068723195,-0.011978000298605037,0.018300035004416255,-0.12077005908735092,-0.16143603580151467
PE,2025-03-30,0.6509010530139767,0.11101488220451916,0.09868426952077312,0.029099764841595262,0.5731199707925781,-0.0975346786909026,0.19906562283830948,-0.009876567990969205,0.037471053950336015,-0.20431171318210528,0.011284058426447169,-0.16648120799052774
PE,2025-04-06,0.5759753599521781,0.01743504621484516,0.038868720962721856,0.06535558150239061,0.5125666717423476,0.04500710832470889,0.1374695906140484,0.05350983321878971,-0.019285927595952122,-0.0390118729160879,-0.05584040091750253,-0.15742357997996265
PE,2025-04-13,0.528253012383107,0.22932828016250023,-0.21340469226287426,0.1778137279303836,0.5664070754991295,0.057001309348301485,0.1446601192710519,0.06569352115094693,-0.17118245793714265,-0.07595303170143765,-0.11245034498158409,-0.1995530401109995
PE,2025-04-20,0.5906637261782527,0.12223599305045246,0.08351841282230524,0.0943530864820546,0.5652809402336088,0.006338536701924528,0.11347498287904534,0.094766190574149,-0.032243824655124445,-0.024676595320740183,-0.05849715047661045,-0.2261082995326162
PE,2025-04-27,0.555313030135965,0.26779548178892787,0.14890651389052428,0.20584142668670447,0.5490043196500266,0.10751106604446008,0.07609390897031706,-0.31614944508337645,-0.07215634176758938,0.09710039890156523,-0.15125842269459772,-0.0771877019115652
PE,2025-05-04,0.6047912375761698,0.17480863251847994,0.13690469660404067,0.04689272860373241,0.5742041474678548,-0.03671765763785866,0.1590800571325488,0.05437082447027669,0.028886870980197165,0.00043554028583431053,-0.08669568772966825,-0.19218685935694385
PE,2025-05-11,0.5069687594668197,0.32419806568510867,0.22247056059433012,0.26510123416828923,0.5081835901539228,0.1561036449905575,0.15715847751166973,-0.41350582090087407,-0.0797564283122338,0.07325865947137475,-0.13204467417508228,-0.05630241288973459
PE,2025-05-18,0.5392022782966444,0.33698095757567825,0.2596610287804887,0.2766887866952367,0.6012960118654846,0.08978458253576209,0.17580013053711274,-0.4345344008906358,-0.08669382673970594,0.06188608263346914,-0.1959665777336267,-0.14246077988427067
PE,2025-05-25,0.5450773510328095,0.32072978771137856,0.25455370954327855,0.29055374129599393,0.5925453954778103,0.11294248554148317,0.11541519490821285,-0.34279617243890564,-0.10388205568744585,0.05072311365843287,-0.12526714129736619,-0.13731793129897654
PE,2025-06-01,0.61494290988251,0.1419019305392628,0.06634946467190458,0.09374133133554527,0.6154948380101313,0.011439409097615056,0.11654228205504998,0.05235357184618514,-0.009006815990350156,-0.03242781499426753,-0.07765317058275692,-0.24303846245240215
PE,2025-06-08,0.5726842745033761,0.1640166578795558,0.06780436621089382,0.11979074696235698,0.5560360855616355,0.034383082792099125,0.09935341442501754,0.04274990596111507,-0.058433827188132566,-0.014491651133123108,-0.05696289516136929,-0.19507168174541178
PE,2025-07-06,0.6208316646249366,0.0814719968215295,0.10598476568186854,0.0492948453674515,0.5853530194850642,-0.006054381170458389,0.11276550946208713,-0.037585102468078245,-0.12096800228325014,-0.03333391135851836,-0.11148753696445515,-0.19528478228948634
PE,2025-07-13,0.7443864745743793,0.11732519872131686,0.11984492166952507,-0.1283803057767236,0.7705537892541257,0.018672628958639276,0.2501385097691453,0.01572450434342081,0.030607101974477004,0.0049195091427576085,-0.14519680051971628,-0.360559977803867
PE,2025-07-20,0.5830659958439526,0.18595056426044254,0.04240622588632231,0.031726597608981166,0.5795746916551121,0.04263102820449154,0.15109482724644413,0.05637030057088475,-0.04557465271512227,-0.018988537904309166,-0.036179692014171774,-0.22988552098422535
PE,2025-07-27,0.6271355864890316,0.044570873320965626,0.043509711797261666,0.07840790124484531,0.567284593035165,-0.03568551319134003,0.14053485458083487,0.03890742240818641,0.027030661372946012,-0.030857444627472256,-0.12213915895548119,-0.17605049285285207
PE,2025-08-03,0.5739338182602358,0.1678573505116378,0.0909586255742475,0.06706664583217034,0.5593445871953984,0.06109074937974536,0.06545903920632183,0.22725342190589304,-0.04244780349129302,0.011661104803144856,0.012644764973502462,-0.165773700503226
PE,2025-08-10,0.56281243109321,0.06379834995014674,0.09077704074650755,0.060125612461016185,0.5501406532456944,0.02075060243609112,0.12742548947630752,0.06719695211998047,-0.061588869008511,-0.05955112950539531,-0.06586770330657536,-0.26769786678281643
PE,2025-08-17,0.6115028776196827,0.29077505766419803,0.12195967253771095,0.13225971141884413,0.6164577110800689,0.14326457919818064,0.1492889901369722,-0.3093879907261011,0.013684391703307661,0.05315382308893164,-0.09205136744780788,-0.1753979297488935
PE,2025-08-24,0.6165407782434584,0.2632478088732974,0.030115139974747386,0.05056003357570534,0.6556099210103077,-0.06165543042086906,0.19965597723981762,0.04560597288467291,-0.054228226349523005,-0.003511244558916948,-0.08435582579933686,-0.31874829567439283
PE,2025-08-31,0.6159435899460795,0.17905762898388586,0.030833946324781956,-0.020187388276162715,0.6150996056770321,0.01524551989420151,0.07485164397447244,0.09173539203007575,-0.07386213239894111,0.06248674493766058,-0.03849552729327351,-0.22683652941736474
PE,2025-09-07,0.5422826063183901,0.18704573529579288,0.09729233526807561,0.04990584029109433,0.5512455735812091,0.1003700063599705,0.24770358052174876,0.20166100389479993,-0.036723215331266996,-0.09677985314351262,-0.08199073954477977,-0.24340515952514777
PE,2025-09-14,0.6092586210796856,0.33577281481447474,0.20275734695137598,0.19021868295334476,0.7060320085977074,-0.024136332305407977,0.20286707309365196,-0.15882816969100083,0.04249051257184949,-0.033929887104105994,-0.17018500175804005,-0.3911619037267491
PE,2025-09-21,0.5528883902524581,0.18975599929897327,0.020187321795169518,0.11382178835339142,0.5644091670397797,0.08830688349741153,0.12248710280457374,0.039217037817461185,-0.08535202125592041,-0.009555356193859625,-0.02164543091697346,-0.22625329786142914
PE,2025-09-28,0.5623300601024577,0.1750821446970599,0.038858008332045335,0.07786717337588911,0.540679040913785,0.04380552742094625,0.06725300164655157,0.04110767801329325,-0.12383236453755954,-0.03206084525175453,-0.028215974238321537,-0.15834115547683425
PE,2025-10-05,0.5492009368793168,0.10790566887547223,0.04428695738367619,0.07175707379099476,0.5224430232464652,0.09893257106670078,0.11831665303334522,0.04248123287778955,-0.0365330203180247,-0.045934787494629384,-0.04378469360404494,-0.1916623508643544
PE,2025-10-12,0.5656260902410707,0.2062723714998433,0.14158090548806201,0.13940151281896723,0.5909515908364337,0.06952807403187061,0.16678510274733957,0.05446482598919189,-0.042596277295641374,-0.04134512218473639,-0.06366389233078266,-0.22845532103533353
PE,2025-10-19,0.5982818759271017,0.16201002895225958,0.04185923347392895,0.0867563996658865,0.6155295998974245,0.02325432501746791,0.11923585205208105,0.01624475926480469,-0.07114828346217988,-0.086250615489638,-0.05485418073968244,-0.27987120196636595
PE,2025-10-26,0.6008352244330376,0.026620501811034623,0.08660911107415793,0.1342619974254119,0.5668303981333473,0.05849654776999414,0.09287096165094691,0.06907460337082803,-0.05741710434429895,0.01681941560221835,-0.010762198829033523,-0.2725264977057184
PE,2025-11-02,0.5806652733890914,0.20942051403721865,0.07449443468758622,0.10018484057248614,0.6109525546672382,0.030966296092063143,0.1546861322586241,0.09145468144475616,-0.03595372966571553,-0.03291596924063638,-0.05740683387332904,-0.2651787237687551
PE,2025-11-09,0.6280015727924542,0.09098385940181254,0.06392770120305115,0.03838961460925657,0.6072729276863816,0.02139085910380694,0.2065723887945028,0.04191110075280984,0.006145245961975793,-0.08565020415628914,-0.10597484579920052,-0.25333210089270464
PE,2025-11-16,0.5429225937466665,0.23823024433621778,0.1215712664909202,-0.004523280550716032,0.5864257301859777,0.06553865522830574,0.22355835238752367,0.07948864226580507,-0.1248294701869874,-0.016676278274025715,-0.03370297663298126,-0.2914393280167216
PE,2025-11-23,0.5707988770183994,0.04771856217173548,0.025333404604495978,0.042497921032708205,0.49958820025431017,-0.05306339107399531,0.15125344381502598,0.035902082806175746,-0.05761236623982149,-0.009955497580420018,-0.1453399423679177,-0.19912995734433603
PE,2025-11-30,0.6586605215834683,0.07319317335554398,0.011749717707302633,0.05879329121957595,0.6443137335934409,-0.041313141263331375,0.24445651398786225,0.049694927265414156,0.02918999159350479,-0.08315743792930741,-0.149781705256834,-0.25723854044842476
PE,2025-12-07,0.6693553076576922,0.051868237122681314,0.0019099217221877367,0.021614186386728965,0.628260955624684,0.010153666735988056,0.09689136578300485,0.06469347889562958,-0.036477202875916395,0.008448194739100115,-0.16246891077931824,-0.22500456882400033
PE,2025-12-14,0.5247878251734756,0.12616350114889285,0.15954859179018757,0.17766733803644325,0.5415069522974567,0.06248452964410536,0.16609326307859584,0.037206403321468004,-0.14125871253536307,-0.06935521337260106,-0.09634686192948115,-0.22391680812108075
PE,2025-12-21,0.5879896091370046,0.06515569977386527,0.07355630756863883,0.049409354309680936,0.5282014291375194,0.0038423512743327075,0.05670219564752919,0.05195464314729539,-0.02411586827194752,0.03336536499554359,-0.09500204586073395,-0.10123786785020261
PE,2025-12-28,0.6120028604775865,-0.06243939930964771,-0.012653732773338991,0.027686573936512016,0.49072753784647843,0.09503449800298129,0.1212934433687525,-0.04875038158029741,0.0606301278448831,0.09055592125078886,0.05591038372955471,-0.18617957344812155
PE,2026-01-04,0.5531353794877382,0.196396852695394,0.11559358357865411,0.13744560403752398,0.6334316171900976,0.06375729443729881,0.2144681548651478,0.06011599796451935,-0.08474825985517526,-0.09604021714002174,-0.09223772600978768,-0.33429656955124976
PE,2026-01-11,0.5267998981713178,0.14465769232583556,0.18266725935975545,0.16610617567105035,0.5920118708438369,0.07626029554778602,0.16091642801909362,0.06046380344281265,-0.16226124904200454,-0.11388714504569505,-0.09313066221041397,-0.33719954650676914
PE,2026-01-18,0.6090748212428398,0.13968886104179687,0.07982402677012285,-0.006766197342493101,0.5904826304786663,-0.006853941460717951,0.1955398047973738,0.03527218894165396,-0.020823231061181908,-0.04675168687260445,-0.07975749316764572,-0.2291376100786834
PE,2026-01-25,0.6549975515154703,0.1267465223640976,0.16234115108068212,0.004190642484776453,0.6280610324512385,-0.16876116940694824,0.3015781007689064,0.04662485378393671,0.0794957997122349,-0.12201465289811773,-0.10526983736221243,-0.3203927157660784
PE,2026-02-01,0.6010678271504454,0.17541305033351426,0.07269044982485165,0.10133476692401881,0.6015506723287829,-0.03869916099101321,0.13002387322381742,0.03839687615489409,-0.014438053201999484,-0.006405313014589579,-0.10466429010686268,-0.21500776061334242
PE,2026-02-08,0.6187730121982057,0.13567044294712224,0.11743563585491514,0.07499218993065308,0.6167748362050068,-0.011215473793990656,0.1077949393936836,-0.02513477214471232,-0.06574227643206644,-0.004587449286918203,-0.14737673603340304,-0.24676189151370992
PE,2026-02-15,0.6689006898064903,0.17851191913329173,-0.2812900778130585,0.15302703832168274,0.6875004922075506,-0.10045827384360038,0.2089242367072074,0.041092388354312656,0.054360276901586006,-0.03874630907102863,-0.1351089051767678,-0.24048672996246284
PE,2026-02-22,0.6409848234232001,0.12013852461863221,0.06961661292529155,0.03198327317815872,0.6063312136488587,-0.06229668257260894,0.11876456899284259,0.08121496437316089,0.04043731996520603,-0.021242690053170393,-0.10361236917669014,-0.2220755753640537
PE,2026-03-01,0.6187157245906157,0.10218433050729056,0.12181177262448761,0.07582136603002138,0.5739657864602098,-0.025610313360531788,0.14674481490261665,-0.04298976955307627,-0.01182110475694451,-0.04751444875173952,-0.08166011859137569,-0.1547802003341396
PE,2026-03-08,0.6014543645958241,0.19341497767824606,0.08137138794789087,0.10381608001299437,0.6462600841259347,0.07024000500274087,0.1322354658279792,0.05361063591597687,0.00861747146133478,-0.03473210180206058,-0.055441733656306585,-0.3370496666148657
PE,2026-03-15,0.6127322157096315,0.09428343380084506,0.06999314021070853,0.07552895122008661,0.5667136339403755,0.032223120883614356,0.14661696002181188,0.028676942476020924,0.06113059142978404,-0.010232374279203432,-0.12188786676536849,-0.176086229388987
PE,2026-03-22,0.6493336117052002,0.20227287769640326,0.14173099678911302,0.03810055997627202,0.7012067620259885,-0.052090694598745914,0.124801099713235,0.06152165093026119,-0.014171602380478623,-0.0789763576945876,-0.13414215529979248,-0.42352831707758326
PE,2026-03-29,0.6527106920102055,0.04274393090547226,-0.008738154474023397,0.00994182462208881,0.5677459565116232,-0.016933084292708338,0.15739084616205493,0.049505029154774664,0.04168802106184078,-0.009501829371244587,-0.08708359627837232,-0.13951300336890304
PE,2026-04-05,0.6185237094600673,0.12228671535047811,0.06302384878051841,0.10844312454115465,0.6103579639714602,0.014924899570790524,0.11192065606836529,0.03753781995244867,-0.00964573766070863,-0.02521356086215858,-0.054737278841707954,-0.2733141797908743
PE,2026-04-12,0.7127073598608813,0.33246237557023206,0.19643559904857055,-0.06950053602029016,0.732463139248975,-0.2140175774316496,0.21273374369366974,0.11698328697397972,-0.0916043312818667,0.1573277268039959,-0.010224049276208305,-0.2092044778899195
PE,2026-04-19,0.6204948369474793,0.03728846974104507,0.04035848503629933,0.13132384020172763,0.577529376776603,-0.015172356585895538,0.09185002070524148,0.08772017666883576,-0.01429630190198367,-0.03859457628723702,-0.12410164100819875,-0.1744097247074812
PE,2026-04-26,0.6228878032906874,0.15512312590992147,-0.04130250821002214,-0.07028179581176713,0.6131140443454973,0.06915320685455044,0.12747884085271546,0.092967088483357,-0.06916695195095719,0.04143233473226638,-0.08740445526165735,-0.1596601049985584
PE,2026-05-03,0.6091771742316401,0.17734977245138367,0.09657896772567579,0.07860947510345076,0.6078721404837055,0.029404485060338305,0.09636715095686893,0.08173582613839685,0.02520103563049666,-0.004841305557017477,-0.060619665630142094,-0.2733246966122721
PE,2026-05-10,0.6963985951481767,0.06941517265012895,0.13793965077997614,-0.09616549879835577,0.6321975112798693,-0.14714086591388686,0.2773741753944751,0.008882342567116955,0.1517473520619711,-0.186514360247587,-0.30102860807528237,-0.10162819094181352
PE,2026-05-17,0.6349902213335342,0.14387935442266628,0.12042812777802742,-0.00970139633779147,0.6405132924554268,0.01769721938452103,0.16009516545552985,-0.14586400074289918,-0.14190029775425733,-0.021103859336584672,-0.10378171347916992,-0.30312479198672443
PE,2026-05-24,0.5891158078892861,0.10249122695629485,0.12627431723144916,0.09408567882737796,0.6220367109725646,0.08390901755549669,0.14371830933498297,0.03967015491811995,-0.05948257338538869,-0.05143980468466172,-0.09719060003360887,-0.3324862993783451
PE,2026-05-31,0.6818510174234471,0.2688736101446623,0.19452382909241975,-0.08121441033908598,0.7090915802961091,-0.11720833302906614,0.22779486406147864,0.014606938887223518,-0.009088390108942973,-0.15507427112456074,-0.06479736921825596,-0.4419908260693371
PE,2026-06-07,0.5486581152362274,0.18636463658531768,0.13917102237681725,0.1308221304991738,0.5631970475060485,0.12095569401495555,0.1455974601082634,-0.04841768196990001,-0.08069157788272222,0.02528819850120402,-0.027210443785335558,-0.22127624850896926
PE,2026-06-14,0.5478866896383927,0.05805516336459897,0.07696073240694262,0.11495458702061521,0.5252925279549142,0.04724559443449138,0.11412304372126414,0.06467559788539815,-0.04535784280401249,0.0029798439482875633,-0.026611762405926335,-0.1802467967440623
PE,2026-06-21,0.6611544132186686,0.11393005846006493,0.08318161407759324,0.01896456928593714,0.6292526376485159,-0.03555898465497398,0.1309297036586088,0.02620067582545258,-0.023688563755505293,0.03375740327620851,-0.08376065132233486,-0.26536748834515056
PE,2026-06-28,0.6244452849992315,-0.02270432228256697,0.03523030214298699,-0.017171481152635525,0.5200355364176513,0.08569499602784832,0.1261398608689185,0.05339173586841197,0.08568048460802638,0.022989747725729946,-0.06346955701218208,-0.17577515279788938
PE,2026-07-05,0.6295506193942844,0.09447752001873161,0.08595291825586014,0.03040392747409302,0.6140789737960742,0.001622200129930669,0.14342822926595894,0.022323737993647348,-0.04586466448210086,-0.02982105500279401,-0.12305272740651839,-0.2925449582024726
PE,2026-07-12,0.6662523859439812,0.09596526760499947,-0.009093955633140176,0.042843790742810375,0.6602753665011072,-0.008145090762155228,0.10519809629458657,0.019162208250732893,-0.0657074340815646,0.015558433077909021,-0.10082755945951875,-0.271337152369529
PE,2026-07-19,0.48083516165757384,0.2147531639385299,-0.04833350759827491,0.0018684989946676654,0.4875032929212434,0.34308451336428175,0.19949022726653953,0.062440680854683225,0.09912039868167521,0.1035711297938156,0.06623724033385492,-0.1503839258531879
PE,2026-07-26,0.6379261417969135,-0.00015283288954556738,0.08225484333584027,0.08202990274849455,0.6014100984124133,-0.006053969014123124,0.1116302827654261,0.012425582221421422,-0.04338782263605934,-0.060493228119380196,-0.1250619157794231,-0.33706820383708075
PE,2026-08-02,0.5010724719756849,0.20314789949294149,0.1428084885897965,0.08705882972415348,0.5579663493739183,0.15923147789446265,0.19298362251395898,0.1341518192145642,-0.09624383689775398,-0.011286104509078413,-0.01800504371751488,-0.24167010430246583
PK,2023-08-13,0.5206944584545388,0.16233849235820924,0.12740318894633038,0.17758180640418061,0.56869493018606,0.16785351934690218,0.15866675781644132,0.11040985755616138,-0.12052420141304516,-0.058914103314701705,-0.03339231182143393,-0.28958151533379545
PK,2023-08-20,0.5067738479574521,0.19957132353633794,0.07474590061949075,0.1858859860834192,0.5379607691396474,0.2057032547171392,0.14232181846441405,0.08846389916382855,-0.10378090197386357,-0.007258483304267082,0.041194044970438264,-0.18158510329574376
PK,2023-08-27,0.5376175671709281,0.11815714252573338,0.04758949026723451,0.17634255157816903,0.5415356249412329,0.15396810778151648,0.13673887767879503,0.03626010809598472,-0.09508845356545627,-0.013872940712349147,-0.008453124843321483,-0.23093479381599757
PK,2023-09-03,0.556551378730861,0.10602132725100573,0.06327920386887793,0.14680093229437044,0.5563198181341554,0.13440209326173308,0.0798065178929002,0.057249791054362814,-0.11167050684675703,-0.02399525759409772,-0.009554286083867764,-0.23728174007208436
PK,2023-09-10,0.5330839107892321,0.14275288074027223,0.05247484684465813,0.15733661771414023,0.5544561346822975,0.14995764780707685,0.15303241030590073,0.0722990229440519,-0.09712741922403899,-0.03398173623352452,-0.017608595143754083,-0.2429749745890529
PK,2023-09-17,0.5362651666727981,0.12723749202534027,0.10696306374141573,0.155144496056877,0.5443694930385482,0.16767495640499064,0.10874300397283959,0.06819659598190449,-0.10878777086328217,-0.020463356391493062,-0.020281517213254645,-0.23714543432598026
PK,2023-09-24,0.532682936378979,0.134581074920478,0.041827794723600806,0.18674418133729734,0.5590350707344455,0.14304698037605112,0.13743004314103233,0.06538445388703644,-0.1142907085819012,-0.04105342846321146,-0.03703311923307473,-0.26097327297796036
PK,2023-10-01,0.49348216968640923,0.15020109602934192,0.06726130399215167,0.18741134619975525,0.5190061353719473,0.1917726039985338,0.1451916817352895,0.09131799857123,-0.13339483964276422,-0.02281455660240897,0.007624872600170051,-0.2033705989159339
PK,2023-10-08,0.5036816793329064,0.1669119834300254,0.0022243518699059392,0.02259713206710535,0.5132713978399674,0.3497378901266267,0.1965230184155342,0.04991467134945385,0.020894257271514446,0.06037359804723123,0.04887331461979886,-0.2597789611925255
PK,2023-10-15,0.5249513554949781,0.13036203036285246,0.04968719474803133,0.07183195873540724,0.5245947521651112,0.2097371088662143,0.17293342207811035,0.07330705673417014,-0.0008674019577626732,-0.005369974089344179,-0.04081040600888309,-0.22597095004855222
PK,2023-10-22,0.5424370897665758,0.15151554445283044,0.0574164627541541,0.19054880530026808,0.5694498998669438,0.1284708885074567,0.10995084643044352,0.05302175347527647,-0.11210563519363456,-0.04650236316736317,-0.03632986951676205,-0.2560803854427274
PK,2023-10-29,0.4980584189517208,0.14258012573682546,0.09952789211160071,0.1998670490926348,0.5184008607385668,0.1890637298890612,0.11285168220428021,0.0678572862133404,-0.1449883115726505,-0.033421720832236816,-0.001793463978219983,-0.2270833402241054
PK,2023-11-05,0.5391163085862031,0.17723062017868518,0.0023378955621784067,0.15435404473263953,0.5701622912734421,0.16983827180784983,0.10836944709995355,0.072263026931595,-0.1016934567090743,-0.04713891672451457,0.0017193927202243944,-0.25280718254748485
PK,2023-11-12,0.5313272544489333,0.16108804131450608,0.06601527505900187,0.18221491660711217,0.5728516526900067,0.14418492174579423,0.1350229507239091,0.07618361296651838,-0.12265100045119576,-0.03976841601693781,-0.04164813489320763,-0.2710824952979208
PK,2023-11-19,0.5244894867186595,0.15989737668806236,0.03908328419887629,0.20412275447529238,0.5519409594380462,0.13906568054591642,0.10162075140925342,0.08078602508628338,-0.1254176273403058,-0.0314036818217095,-0.0016112244591957251,-0.21850897353776944
PK,2023-11-26,0.5127602041641249,0.19042760254591976,0.07668562964292008,0.18062538075357015,0.5611833589775354,0.1742718610843476,0.14624686074032345,0.10922327851694812,-0.13683562460838136,-0.03390450732318377,-0.010117952132759248,-0.23999709491081933
PK,2023-12-03,0.5476664357262572,0.17942861152862136,0.0037394830746384643,0.1200783602461931,0.5719740503861733,0.1760886064303898,0.12197495260506447,0.05670742050058538,-0.10317257994011264,0.00863213506770139,-0.04524189150613714,-0.24695141383681216
PK,2023-12-10,0.5226893547711245,0.15801020807808427,0.05907055104890301,0.19084504916648518,0.5513162197032222,0.15674100188015713,0.10211685379499993,0.0684365320866171,-0.16697280638166653,-0.027756007590939744,-0.010230173219809248,-0.22008128025453166
PK,2023-12-17,0.5383239083673769,0.16503338833196765,0.092605774896197,0.1594627415480147,0.5661067834838042,0.14988803342972748,0.0857372472068899,0.11195051179105106,-0.1102752006120222,-0.050020616643692124,0.005805981315911537,-0.263469311549963
PK,2023-12-24,0.5215276551339169,0.17679402777788647,0.07447236472789927,0.19785304139614304,0.550927883023768,0.1646508309970883,0.13696378996781264,0.04852169298182018,-0.13500441652771275,-0.01968687874010123,-0.014687690170442847,-0.21659739798284494
PK,2023-12-31,0.5154853279609325,0.1875637067281377,0.13112761814603482,0.16746469945714032,0.5790817912542401,0.1318256733949473,0.1667019467994122,0.09087528806388973,-0.1381055878232395,-0.06742801271348714,-0.023271479290461264,-0.30947903949578687
PK,2024-01-07,0.5421161153102344,0.15577482406403328,0.071722182652246,0.14607971284981197,0.5529054254499062,0.09602353544616314,0.07075841909494189,0.08626585677844034,-0.16493149220364264,0.005688974606765752,-0.02415359091743064,-0.21816850678797814
PK,2024-01-14,0.5039777257173386,0.15322957391243375,0.11703445949344643,0.18236304137390602,0.5172923819547879,0.17125245733746638,0.13663191912301131,0.113844214676969,-0.17828603179295882,-0.043611988986416224,0.011519305799323165,-0.18904173041413816
PK,2024-01-21,0.5486680122117736,0.1582528118755705,0.10529867658617162,0.16915403505028745,0.5858880876344477,0.15178999213296668,0.148724781654925,0.06010732540973872,-0.10685338214449529,-0.04032340691380086,-0.05884296406584312,-0.2799032432373516
PK,2024-01-28,0.5053137842131108,0.14533769344037484,0.10125680832790429,0.2067477037762201,0.5213501255497606,0.16130862772837926,0.09719429214921155,0.06941422576810029,-0.16054367988720308,-0.03933003459136162,-0.004456864310841005,-0.20027039113190023
PK,2024-02-04,0.517023828430871,0.16414026678994187,0.12829990613408807,0.19658373526943054,0.5522653035039405,0.16778241423653065,0.11322966366597328,0.09475334142184906,-0.14851398280575426,-0.046464192658580025,-0.01977343518755138,-0.2287421790601726
PK,2024-02-11,0.47252776465675467,0.12971239053304165,0.15634292703312724,0.25678054004365586,0.49314324631180206,0.2138506412434148,0.09491467808357758,0.04186712170339514,-0.2417531894583496,-0.06541799577642067,-0.018031671020701093,-0.19122688042666822
PK,2024-02-18,0.502766012363437,0.14013773205237445,0.13199983498443554,0.21226657109726674,0.5294073431098597,0.18153571648243425,0.09090657884727656,0.06977551525729035,-0.17479406219857688,-0.0573793324101762,-0.00552517086006551,-0.21601384384592656
PK,2024-02-25,0.529901731877821,0.11923826637598253,0.0818727147816133,0.20885907638858472,0.5441672226384758,0.12905260117919376,0.08993948608781202,0.055598226823532014,-0.13392250466966912,-0.047637520327669505,-0.03715547591125655,-0.21735340377828533
PK,2024-03-03,0.4819812562276991,0.13315756381732052,0.14162287545169072,0.2265681722737234,0.5285393760224767,0.21600475703103955,0.11507450020707587,0.0159017186884035,-0.19206240416716644,-0.0623804371227965,-0.04432611472259321,-0.2528833867297603
PK,2024-03-10,0.542542970875643,0.2192259167589012,0.1255945498703259,0.20375027240520083,0.5819652695054685,0.18650896507108564,0.16138065811443308,-0.08316763412786805,-0.10784217052188401,-0.022332855714045315,-0.07448479930924128,-0.231053164104027
PK,2024-03-17,0.5283642201896886,0.11335309781213211,0.12552676363553208,0.20381450257740905,0.539244521726504,0.1389941202903023,0.10765941470086363,0.05969115003999445,-0.15486358282460735,-0.03411922946713466,-0.042335220161793356,-0.2331325917720966
PK,2024-03-24,0.5461866626809564,0.15063866282711944,0.1045423550761085,0.17485933448413926,0.5987689365154824,0.1879185733959665,0.17748421822360091,0.03034610771548051,-0.11927719917555202,-0.04833835355210029,-0.077412407343787,-0.3087248533182713
PK,2024-03-31,0.5274778106822031,0.13557056341473478,0.09823845099785826,0.1721907594013302,0.5548162832714143,0.16845742638487046,0.11322501813955649,0.058297247726196356,-0.13886319805901373,-0.039696504821520505,-0.041648407356777814,-0.25466780457553406
PK,2024-04-07,0.5209265591939188,0.1544017116676179,0.09401801479138068,0.1861444334565638,0.5551650649314135,0.1679692459858935,0.14751497180215892,0.09167164847686679,-0.1411696982571231,-0.0553929393014738,-0.000577727559351765,-0.23100821199813562
PK,2024-04-14,0.5211312309891075,0.19382639207898075,0.058876449879665956,0.14773739141153522,0.5510352430169932,0.212559012172399,0.17866178083688614,0.08806571843896503,-0.07517051529327948,-0.0050527473566595715,0.013836917089319162,-0.21036502759041
PK,2024-04-21,0.5390023931081321,0.1456556478850732,0.08626847794589372,0.1598151282487575,0.5637207417082383,0.17377626337228713,0.11247314435388925,0.06402736363580126,-0.12748392003532233,-0.04008365924973483,-0.02477016863469714,-0.24215424068032085
PK,2024-04-28,0.5393444979254813,0.12537553017550013,0.040268270858500266,0.16424643458901045,0.5543486908998118,0.15233128391359582,0.11764010465892275,0.045918452540862194,-0.12174300960413593,-0.05077716591600133,-0.03877002752142947,-0.24851548115992333
PK,2024-05-05,0.5390940367972454,0.12525287812917818,0.10841693248372664,0.1779631232367357,0.5669273107882703,0.1488456648051296,0.06890072843730936,0.06561154723665845,-0.15635142633644863,-0.06292597392591051,-0.03618683857700311,-0.2642019943746116
PK,2024-05-12,0.5304545163822278,0.1329440490254065,0.06762858331881628,0.09808053753605077,0.5389704514264658,0.18741644862844442,0.11064245456690137,0.052970181582726324,-0.09747854078980175,-0.025765791573680495,0.005351581535484821,-0.258218055162747
PK,2024-05-19,0.5307909287629324,0.1537427613314102,0.0861729251688216,0.16252339481454683,0.5645352913101099,0.18343119669567481,0.10244567335833069,0.06486669948114725,-0.09575456508617489,-0.03202933451860967,-0.04097160512480279,-0.2807343331178872
PK,2024-05-26,0.5470434131747647,0.15513874004351505,0.0843282217861404,0.15343892393061545,0.5792243205842232,0.15840743945489788,0.14274237355552258,0.07985042140253458,-0.08661279308617717,-0.03391254400137358,-0.016579902891173916,-0.26483555185115526
PK,2024-06-02,0.5565945493852561,0.1365769764341152,0.03568043739105696,0.14279369939430536,0.5522488529369644,0.1162146560467363,0.0859294659918046,0.0808813127220208,-0.10344401232740474,-0.005647740441849989,-0.025477684831683268,-0.20940858205108115
PK,2024-06-09,0.5288967310686151,0.1383159103347432,0.06959071667429022,0.18863103575105736,0.5593668689032086,0.15005682888972366,0.12300375927483528,0.07067168865546451,-0.14774823900520667,-0.043835875510727956,-0.03060372813815977,-0.2503013317221712
PK,2024-06-16,0.5300319988730112,0.13439358447025587,0.09502113165114373,0.16285146745180437,0.5537900766652248,0.1624720835553692,0.13587312939717539,0.04959535559400438,-0.12748710198582006,-0.041262170047441954,-0.030883347818261464,-0.24953378175085275
PK,2024-06-23,0.48078125534633237,0.15308744423741016,0.08708132832098052,0.18535931140532763,0.5040475546403316,0.21557005489970488,0.1345401959338922,0.09997483923446444,-0.162578843157512,-0.030448435137199106,0.017160201318833626,-0.20220257385642432
PK,2024-06-30,0.5245752247765617,0.10457805961132777,0.09165466070329871,0.18747625266087964,0.5421654802008412,0.17383038709847323,0.08893825142177297,0.08402392748929828,-0.1374547339741693,-0.03580804241064384,-0.011502141972766783,-0.24606803684373763
PK,2024-07-07,0.5263843256637272,0.12794844658187074,0.06149746370828138,0.1515392130956346,0.5287176371242579,0.16134207495906122,0.10813616343951912,0.08324474948403862,-0.10392368985608744,-0.01989745118691292,-0.010264789299759335,-0.2098478146686553
PK,2024-07-14,0.5110606705736651,0.13625972976550146,0.057919642737935345,0.15437771030927563,0.5414474351405852,0.20246363691845848,0.12162286495350044,0.09862253553051256,-0.12789028052034226,0.0030632285758114795,0.009837872490692286,-0.20963459895790618
PK,2024-07-21,0.5133188033596843,0.1428366229826553,0.07594697585011743,0.2005600142263889,0.5409469206349313,0.19013844706545832,-0.004284206720121745,0.12240764063773364,-0.10458285166063863,-0.0028170698997461562,0.04665148743578532,-0.2552739329239476
PK,2024-07-28,0.5406692464679765,0.1238007698062911,0.004221249730342846,0.08193794290181769,0.5460498254826347,0.20362863846922888,0.09122319440496522,0.06723718491653644,-0.10707589796453003,0.03128390713966338,-0.005905981924730606,-0.2329110554114805
PK,2024-08-04,0.5050592474097975,0.1817213286705414,0.05157029117393655,0.16989935946822068,0.5499348687836583,0.20644322806463314,0.14109552710148096,0.08968917766868663,-0.08556313006187787,-0.011179825211694316,0.021791756404236258,-0.25751367738316583
PK,2024-08-11,0.5199723946497625,0.12491594427521058,0.09624367205287324,0.16785631645212143,0.5551258939376584,0.18403476244087308,0.12785835697595407,0.05673483275321845,-0.11574028708532576,-0.04614072488491906,-0.041435119818277126,-0.2897348451191031
PK,2024-08-18,0.5477603101496107,0.13902437681020138,0.007276133984855449,0.1389947111612467,0.5555483780753482,0.16299399663604686,0.06639737178633762,0.06706976459668171,-0.08517501194134752,-0.003841959562198648,-0.03980203946061379,-0.2297896197992295
PK,2024-08-25,0.5067788411424407,0.19340561701340586,0.043949026682223204,0.15071623145571797,0.5335811628943758,0.21810032422095887,0.1479237719298458,0.08069714790760767,-0.08021539438099652,0.014951637357663335,0.008462538642799236,-0.20067268498103932
PK,2024-09-01,0.5363060354717207,0.15167240574414195,0.04967339324008912,0.1756370398843799,0.5636193044780772,0.15108028017354327,0.11316683144267638,0.07191002813474433,-0.10490350783194932,-0.021121366783759653,-0.02785324869990401,-0.25305052598478656
PK,2024-09-08,0.5256873218522081,0.1539372672041244,0.07284744764234048,0.19806628069574805,0.5593080920707867,0.17070085981936972,0.09639854739645747,0.10116866053040384,-0.14969420199916914,-0.04216879380235617,-0.0021108762813059905,-0.23542752645087078
PK,2024-09-15,0.5377671436453875,0.11684550959963191,0.0931532206906366,0.18924918700040255,0.5447226646450914,0.14396937165931817,0.06921856074700018,0.054049136472864294,-0.13404865188547718,-0.036093965436045324,-0.05015499428836188,-0.22875761926091687
PK,2024-09-22,0.5161774212700178,0.15537802619182456,0.06811854893914893,0.18743892122099262,0.5507867757005624,0.15559470200362213,0.10455724926406441,0.10556584187425953,-0.14140887083103465,-0.03603698876386597,-0.011472500840078732,-0.24118921892168949
PK,2024-09-29,0.5196670677459292,0.11357886138918825,0.06535867464483719,0.17729648932715808,0.5401579239942337,0.1695639871783263,0.10390402015038228,0.07883812604188423,-0.15890340836109965,-0.03213581580367134,0.004117734920403003,-0.2390599112412803
PK,2024-10-06,0.4918468242110039,0.1676790226063157,0.08202919623964271,0.1700632977937743,0.5201636553769626,0.2179163078211228,0.125170553189677,0.12114253528841144,-0.12712205634414245,-0.028167990829261844,0.013080198145861241,-0.2038786991938118
PK,2024-10-13,0.5356040488494818,0.10690484429539376,0.06734093429807055,0.16402137289952123,0.5568159217835771,0.1437723530392388,0.12495166674785692,0.09173602984301804,-0.13407350820545852,-0.05118904493741767,-0.03666224454450107,-0.2547791224505552
PK,2024-10-20,0.5261434992491538,0.15996691720405862,0.06409462118260566,0.22246587733298248,0.5709729665731484,0.13472666893708826,0.10907303372437266,0.06687677823252755,-0.15513791189876394,-0.05705741634889017,-0.039251787221430724,-0.24968932995117502
PK,2024-10-27,0.5326979271545591,0.1626769961345244,0.08130711178979655,0.17554509515058986,0.5674274077806057,0.1447929646133126,0.1293414240342392,0.10087096352627245,-0.1406920602615737,-0.0408799893666715,-0.016510320082813883,-0.24567043805845623
PK,2024-11-03,0.5461530830956048,0.20029530104607804,0.08506699998828138,0.1795709219333639,0.5800671954379902,0.1562661690091363,0.118540466911684,0.010010927842691341,-0.11612831742188476,0.013318112473818434,-0.03626565074775548,-0.2463102234280113
PK,2024-11-10,0.5172257996448114,0.18094903341771684,0.03941292757207994,0.14647102038179197,0.5417552323673505,0.18749750912987076,0.11478275374845356,0.10153142253936705,-0.11054591570659734,-0.001721406657337871,-0.004610559102950063,-0.21840902161533657
PK,2024-11-17,0.546566248128387,0.10871622460150891,0.02496735175998068,0.13175519752668247,0.5447618848371065,0.15667277039451644,0.08051093795021394,0.05679930646503533,-0.13684600342257547,-0.021592376724979732,-0.016894404090795796,-0.22007428355173989
PK,2024-11-24,0.5071711184198117,0.17045471729544046,-0.018243568922857733,0.18855267375562393,0.5411953994617708,0.1920417214704502,0.09785468129383945,0.08351081891543222,-0.14581583014740931,-0.03428704416290864,0.0017790314190196618,-0.19521589270825992
PK,2024-12-01,0.5042219047518547,0.13514482006671236,0.057498470548496335,0.1633103308151381,0.5129084269263549,0.1754958478736521,0.10161267409961612,0.11526812212990327,-0.13219882102055575,-0.029553230990490068,-0.009481896469480824,-0.18949456851393864
PK,2024-12-08,0.5269630308995924,0.13808801012330688,0.04757054612460334,0.1532527540119355,0.5451595971130657,0.15203826791203082,0.0881269479347756,0.09241052114366559,-0.13089906116734043,-0.04375438488218187,-0.015004035890341154,-0.23171967487343884
PK,2024-12-15,0.5353956102212963,0.1606363946535542,0.022684269153488215,0.192706611524997,0.5567339435928975,0.15369077039885404,0.06148465484516856,0.09861875305966275,-0.12369234389835777,-0.013285367388867476,0.021087733499811176,-0.2089493224075114
PK,2024-12-22,0.5249087390116932,0.1530081353087523,0.07134850818638501,0.16056867818617576,0.540902646008162,0.14377858361751947,0.11270490085647648,0.10421488439616804,-0.13162501134739435,-0.02672477721657901,-0.004167514424957506,-0.20925793553886116
PK,2024-12-29,0.5308386476476497,0.1291167442580907,0.040498287050362125,0.16367350636118735,0.5489303810208305,0.15258847955006155,0.10230281453906026,0.10179931555655755,-0.11397090388252465,-0.027220693381674193,-0.016324449545084503,-0.23824281372602252
PK,2025-01-05,0.5423065871799296,0.12552577735408535,0.08130773570031859,0.1600516881510419,0.5614967016066068,0.14687145191691686,0.10550007489303563,0.09844225677943468,-0.12424654979688594,-0.024646775884037988,-0.01586528906928646,-0.24904642294174517
PK,2025-01-12,0.5423448527091782,0.13816451537280144,0.12721082692005778,0.18483487409897276,0.5735676621211363,0.14275379475147942,0.11260112635281258,0.017847861995866517,-0.12704020492469334,-0.038231792082026955,-0.0680797948360736,-0.287297911653094
PK,2025-01-19,0.5440415520968057,0.130629009043563,0.07517699116946033,0.1465588607991785,0.5545248782560487,0.1377104172330448,0.08083057970650935,0.10162093409273895,-0.10655969655267471,-0.021614359819299753,-0.01897725660017338,-0.251885265345899
PK,2025-01-26,0.5108365922561069,0.15065166175796832,0.08805976595189349,0.1636984995916729,0.5321191714518776,0.15415319794936055,0.09439908385210068,0.10043313637034336,-0.13979523980195294,-0.04257438801884174,-0.01158394981110778,-0.23013421666027892
PK,2025-02-02,0.5315750817071774,0.13399209333449333,0.0631392190941286,0.17281676015508068,0.5483754523946122,0.12153319448382029,0.11023250389355867,0.10545325411357408,-0.11557956239097197,-0.02782864986037701,-0.015168588008952537,-0.22003036816257485
PK,2025-02-09,0.5251798133989991,0.13266248662279775,0.07360794514932542,0.1710250540287997,0.5389975341577915,0.14617696262768187,0.11456332261336412,0.066144810829554,-0.1405279476459993,-0.03466956550935829,-0.021572453670311166,-0.22299221896759172
PK,2025-02-16,0.5359283347558065,0.13202582782390412,0.07937834322886371,0.15122434176514551,0.5476526122823907,0.15793202960869124,0.096698358355743,0.10400545541099049,-0.11993203430086734,-0.03194584933206665,-0.013024861029379541,-0.23249683379727268
PK,2025-02-23,0.5685469710824568,0.15849896108001835,0.053750464815825426,0.1525220806904829,0.6020620218853343,0.09654042840864113,0.14667705309085846,0.09793152004269527,-0.07191972109697511,-0.042483374962501944,-0.04954462639554134,-0.29702786018848915
PK,2025-03-02,0.52845433064829,0.14860969185153755,0.09310158059601134,0.1858346620096546,0.5436706236359798,0.11802463461874696,0.10640171295065723,0.04912938941589614,-0.11972639439382078,-0.02885206180105963,-0.012477390826613253,-0.2087530545741154
PK,2025-03-09,0.5319750427683875,0.16522886621317062,0.10724840932833243,0.16397435241355246,0.5641637659153741,0.12974223062458534,0.1446889291189406,0.08396643628661496,-0.12494706543557696,-0.02315624955703766,-0.008734398825488156,-0.25145236661376746
PK,2025-03-16,0.49499741792112606,0.17563113406828665,0.07601103637880058,0.1652997123504895,0.5308212861470119,0.19557244965952178,0.15737385755404393,0.11872513254896362,-0.13057982386619446,-0.024309032325199032,0.009373475585356528,-0.22447059228632626
PK,2025-03-23,0.522824557200288,0.13904008069427695,0.08100113500709694,0.18645802499909736,0.551898089121712,0.16525060924293894,0.13767109574064426,0.06016958756122815,-0.15340248320065947,-0.036281311279040426,-0.029677748053401024,-0.23545090980240174
PK,2025-03-30,0.5393158772049449,0.1596722862865917,0.05810876695522262,0.1652446713334014,0.5664512926383006,0.15726956629371905,0.12859895240898442,0.04109343464180786,-0.11835642687850859,-0.027134482388272034,-0.032907691803117436,-0.23406584919799595
PK,2025-04-06,0.5767628203915379,0.1257948950201425,0.050458297831893296,0.11906666661877358,0.5994686248026971,0.12600532102044595,0.08556272794666288,0.07320157187465778,-0.11227637560597595,-0.047083766229052505,-0.019404737509171106,-0.2496219864238637
PK,2025-04-13,0.5253948363219789,0.15828273565013393,0.06088701862427335,0.17219141405979252,0.5623377568843504,0.16020435450962556,0.12792834182458726,0.10489305457337589,-0.11802843865716721,-0.038679211186344195,-0.013155478090192326,-0.24079565870825295
PK,2025-04-20,0.5368231527175534,0.13266772010329503,0.08257650237214366,0.15504324157296515,0.5535197472416038,0.16299698039235655,0.09465359533689421,0.03778993978843751,-0.13115310411434375,-0.029251089504416315,-0.043963506620911454,-0.24147350720354768
PK,2025-04-27,0.4849327323974219,0.16900523897005276,0.09086420370515458,0.14619950478138105,0.5220902188293413,0.2362688437049587,0.18908810658426967,0.1312518059687005,-0.1387858815248042,-0.029843293984710886,0.020553723200281603,-0.20670907716649797
PK,2025-05-04,0.5136971295965852,0.16578612062527492,0.11988794879209218,0.12778414820162892,0.5618878696882113,0.207166672699146,0.19028335547701397,0.13529066584374183,-0.13343476859385658,-0.03583071439418112,-0.01591086813961193,-0.25812957501582695
PK,2025-05-11,0.47403922619112115,0.2011098434250347,0.15716116212912112,0.1849773512482602,0.528065050005897,0.21128239841140456,0.2257118692300092,0.11407631323936378,-0.14022047237830151,-0.04582703723851752,-0.018417098665174908,-0.23915045183182693
PK,2025-05-18,0.5132501742827207,0.13510513084635647,0.12702653810109227,0.17517921828222177,0.5485290767233902,0.17202655835791947,0.15572551329754752,0.11637440691869477,-0.13636172564782806,-0.04904610925331551,-0.018635230931728055,-0.266682120606085
PK,2025-05-25,0.5106348064198493,0.17269260915356416,0.08680887577407609,0.16703727669080268,0.5612146690375185,0.18936861510545355,0.1591603561588959,0.11135252511465052,-0.12286159952250977,-0.03235937667079136,-0.008330770596905452,-0.27826866464555094
PK,2025-06-01,0.501108274884932,0.14122516856828324,0.13192076158807292,0.1777338828736551,0.547754091671176,0.18605078327758115,0.15438332011642678,0.09287373215515425,-0.1706982817258703,-0.053138555961750676,-0.03067090938254517,-0.268717111818366
PK,2025-06-08,0.5367138824293712,0.16700846967225155,0.07506019607489842,0.1263122006576325,0.5813428503943614,0.14332468636985732,0.15241131069082156,0.08009033461446052,-0.1382521711354111,-0.05468517626872244,-0.03991867525733964,-0.28126373801995785
PK,2025-07-06,0.540295227942026,0.1925524275297038,0.11621839396880311,0.11582560201748737,0.5811892081355509,0.1891918325519934,0.18380894526751101,0.060243141278812556,-0.06096066509545088,-0.014732106485187683,-0.033235468450216396,-0.29721996434916603
PK,2025-07-13,0.5170188754460264,0.13911051498514163,0.09473203627846712,0.16630636068974397,0.5365266542292145,0.17293464342302148,0.11699397875691159,0.07664148438584135,-0.13758705747264455,-0.029279643441704466,-0.018691179573479443,-0.2281382863578092
PK,2025-07-20,0.5154045966089428,0.12609962065994518,0.0773639395248782,0.1078642708653099,0.5373270642091721,0.23533056773858507,0.12214610392569412,0.09455994791763794,-0.11265291672671611,-0.01797884117437126,0.00578258106533302,-0.25631836548042947
PK,2025-07-27,0.5162653762864604,0.15445232798204447,0.040877700371887614,0.13452604909650842,0.5367348957804668,0.19690869324923455,0.13082761174609767,0.09786478966304862,-0.09265646037514799,-0.012565826174688663,0.007962005716025877,-0.24124883332871497
PK,2025-08-03,0.5304170630092054,0.126677969098,0.08032627485994998,0.1333182588844505,0.5551278287115124,0.1851483575436581,0.16068715776763343,0.08564467465346513,-0.10337915165896346,-0.025706586267199096,-0.02409295085794875,-0.26396633880406023
PK,2025-08-10,0.5289954483555448,0.15863959988747633,0.1343107678421341,0.1583803825900798,0.5818946491460153,0.16048827600891816,0.16395372952513837,0.1285580325266727,-0.1407242361550542,-0.052153135874159116,-0.04593617597946109,-0.28497015056402414
PK,2025-08-17,0.5047843054868321,0.19281325036141547,-0.009572718471149723,-0.08976495972088859,0.5101034530035723,0.44944790082953073,0.17667713688524814,0.058820845270386245,0.10357734981038492,0.10830491208940031,0.08489516358383752,-0.25066108781350693
PK,2025-08-24,0.5197642809558466,0.13709890309878892,0.025631968026166928,0.12944777785132225,0.5322018529081637,0.19924224702691187,0.11017074532258354,0.07726447718592167,-0.08709008568067271,-0.0246899032536137,-0.01838308118573307,-0.2513178909932763
PK,2025-08-31,0.5557051615902071,0.17461640885430157,0.11484384743111684,0.0438607065016855,0.6377850906401817,0.23361076964907737,0.18391795783488954,0.05151097742396201,-0.05345025381894525,-0.058990191609061444,-0.08949802272404575,-0.41987881724371073
PK,2025-09-07,0.5299331640651709,0.1507153816287314,0.0688940331851099,0.044848515802530936,0.5255958945763275,0.2024182209220669,0.13391733662981606,0.08724764592855928,-0.06846552242481159,0.00527652905346127,-0.033974716295057654,-0.23847816071995942
PK,2025-09-14,0.5238246841735311,0.15704989736351543,0.08354662089109863,0.1299394039889492,0.5554298253668268,0.22259071008682238,0.14120778655698338,0.08121523133698906,-0.09590878602062243,-0.02231378608898274,-0.004277209532327427,-0.2573997518858824
PK,2025-09-21,0.5337840100028246,0.12074326679750298,0.10181050507604028,0.1547731857029377,0.5595712216784035,0.1423874950887695,0.1368731853547133,0.08083642828864897,-0.11939893186771319,-0.04153435269161544,-0.02884610036790494,-0.24969709656941663
PK,2025-09-28,0.528618469617352,0.20353810039430517,0.0653342484465668,0.1688440732671744,0.6026728514064975,0.14274240431356344,0.18066042132166987,0.084543893019989,-0.12314761029738386,-0.047036870427104784,-0.042626502394363656,-0.3184928217791993
PK,2025-10-05,0.5246758305690989,0.1700251614402413,0.12364145865283738,0.12944902510118034,0.5585817584901333,0.1661098645192962,0.15642755965682728,0.0814284665762973,-0.11613027838533645,-0.030325279498571507,-0.023574368738809113,-0.25564886763721517
PK,2025-10-12,0.5036205046961424,0.2415338081145684,0.14462437943561604,0.19849894226941467,0.6016634979398211,0.20874706612536365,0.2424235164246579,0.1564184811663302,-0.13499830404913296,-0.07241482295655448,0.011101044635671777,-0.33881172792951225
PK,2025-10-19,0.49515710382920963,0.1724668961113038,0.04408568466344549,0.12539179807469036,0.5461958853133756,0.18953124617623623,0.16714930181118032,0.09524705373170116,-0.14089340363913613,-0.03207732942605039,-0.034366987924797456,-0.2757148249817722
PK,2025-10-26,0.5094152081880265,0.1290622091671648,0.1427953583177627,0.1792987996567651,0.5902859394807101,0.152874130735434,0.19158368878212334,0.10591460994493176,-0.16086515159892908,-0.11177281431137391,-0.08173916408960635,-0.37367613495493496
PK,2025-11-02,0.5058869974538712,0.15452814399941672,0.10322996233954086,0.1777710218554832,0.5446310067676894,0.1720070772554175,0.13487064667582416,0.06778904899027233,-0.13313428225002671,-0.03373559147348014,-0.0262598395668215,-0.23731285945931205
PK,2025-11-09,0.5095565564724858,0.1364457791167015,0.10786105114654196,0.1694525557075953,0.5299823440230763,0.16106216770673862,0.11538466365521319,0.09879242515570151,-0.17208727342844973,-0.04624771753107794,-0.047355141049745905,-0.23044989199790344
PK,2025-11-16,0.5359212837913692,0.1688730920916161,0.0917977431596074,0.15906218018336754,0.5673461864903797,0.15202448927339546,0.12372797492870691,0.08390234084121358,-0.1000860915436966,-0.020558976131395536,-0.025199493113766694,-0.2547447862308531
PK,2025-11-23,0.5390406820216217,0.17378749684888914,0.11152007385820056,0.19865820168836779,0.5912191483043694,0.1248277135539665,0.14292929621597403,0.12539542678476204,-0.12380110421186126,-0.05975734001372398,-0.041247996511829046,-0.2718183435912129
PK,2025-11-30,0.5181212075366304,0.1324929615720069,0.052254757119173455,0.1251881266016752,0.5283754234929557,0.21972237911420217,0.11204963466638344,0.09987190526770416,-0.09397271672962025,0.00044730492503545187,0.016154493448768306,-0.21715338170319257
PK,2025-12-07,0.5243377374170011,0.16406069911653184,0.09567279317249427,0.1476888857209439,0.573813451774953,0.15924952624511732,0.1544777514549351,0.11126758771648168,-0.15176445581706607,-0.03097151669226267,-0.02924538235759888,-0.26716182808859873
PK,2025-12-14,0.5111416581825825,0.17504449751289863,0.06840142418832512,0.1949964449437471,0.5389806451656706,0.1450342939309682,0.13243979418133206,0.11157216278961943,-0.10605956621919797,-0.015620788136429196,0.006125998127619992,-0.22508067367593385
PK,2025-12-21,0.5053230038438268,0.1984765526611111,0.09736357648535475,0.1909854835288424,0.5387112471682384,0.1722825094385225,0.1313901255927268,0.07778387080204842,-0.10146088793334124,-0.014289868604472192,-0.0007179022945460351,-0.21857239160085473
PK,2025-12-28,0.5085168262780533,0.11276132640873344,0.09380146231125001,0.173131158112071,0.5345077243160926,0.17947626660923352,0.11974250589920685,0.07005520932334396,-0.15325638588334148,-0.05493938394838373,-0.0304007545915475,-0.25593222632908824
PK,2026-01-04,0.525335217740124,0.16602906857726027,0.08571908327267529,0.18218783576069322,0.5643142283380066,0.15122514936462184,0.11349406388105053,0.1064184880537192,-0.12209475669905179,-0.03981435037189356,-0.02529594860198709,-0.24489514216863364
PK,2026-01-11,0.5001588558430398,0.19263808378639757,0.10594714210960277,0.17713817797842202,0.530257063808989,0.17994829338046356,0.13183605067794027,0.09233582404962234,-0.1597551908102589,0.009315552580593573,0.034811591092028776,-0.18418864240190305
PK,2026-01-18,0.5321986452899714,0.18521719381632445,0.04572097215137505,0.1430706492048976,0.5872634050368724,0.20216105128838607,0.15380494596034802,0.09776476149816442,-0.06804813337068166,-0.01561708514977029,-0.022643690932815576,-0.2585967577917474
PK,2026-01-25,0.5218476702045327,0.16359074751129074,0.09710084597865162,0.1670589255122513,0.5505917827762496,0.15177373472564148,0.12639112253467305,0.09993061694662943,-0.09439293812192212,-0.007126689052571594,-0.007519504381293916,-0.23413322521638627
PK,2026-02-01,0.5096617595010712,0.1313707114376341,0.09419506186806875,0.16848112135495769,0.5296198889528754,0.17906228817310532,0.17989778394840442,0.10959011536766254,-0.12888104965374275,-0.022437703592163787,0.026019935424421946,-0.22017256370459656
PK,2026-02-08,0.49026764773950215,0.13311584004542926,0.11561765917727787,0.19477636051197716,0.520650329418872,0.2029603875424053,0.12587484582740657,0.06326997120073719,-0.1791354452685779,-0.03137079241097238,-0.027172110525974326,-0.21241367827306107
PK,2026-02-15,0.5165743200587544,0.17210742760215794,0.10938315526035276,0.20303266583808371,0.5669904101249319,0.1411192234162462,0.137152792611061,0.12052704228805854,-0.1657978167869525,-0.04417832113863328,-0.02671260008090864,-0.26671382418395295
PK,2026-02-22,0.4890927580904915,0.2194175847317869,0.15761416028669242,0.20420594583340915,0.5517157678890865,0.21508474158967408,0.21883634573194083,0.0741092658717896,-0.12223782959370882,-0.02765370675424968,-0.014491966901342957,-0.24545644654399992
PK,2026-03-01,0.48187476036388405,0.25762373025842994,0.09721974853187763,0.1807204589241323,0.5797355759069583,0.2733191854505343,0.24960132553163658,0.09161904758510016,-0.10291896185557982,0.00036787613577018904,0.01639029013479301,-0.26194897081279106
PK,2026-03-08,0.5167756750114343,0.1521507843216694,0.11400434535455796,0.1511001615659356,0.548422659754186,0.14813635543670675,0.112985156004542,0.12459898991851719,-0.08213393167679092,-0.04067010012621478,-0.04183872293847553,-0.27680641607440043
PK,2026-03-15,0.524274663497565,0.1320540878723968,0.11007872664781755,0.11412661809561297,0.5465165989404761,0.18813545158060105,0.20677511349199937,0.12190218132661737,-0.08109815873790695,-0.06540361211996992,-0.05498269242133844,-0.24978905226575854
PK,2026-03-22,0.5151823244806023,0.1826574785578283,0.13891273130831217,0.17351165542957875,0.5537896984285344,0.16677921815724842,0.14171791315937637,0.05414208433177804,-0.1212088101654498,-0.013848686061722322,-0.037706645231418916,-0.24411532280240758
PK,2026-03-29,0.4704450979302237,0.15850739050767487,0.13178131010271582,0.1792633208342375,0.5242440544076811,0.18559883826098938,0.2186600548010835,0.11856158815759252,-0.16003760288354058,-0.08581355116669355,-0.05627109835876987,-0.29054389432760735
PK,2026-04-05,0.5133648001470116,0.1505134513162832,0.1346094789615045,0.15429318045419058,0.563053528743657,0.18454086128880925,0.16229956946280896,0.0866771356017309,-0.11815829931039028,-0.03178799659204776,-0.03944070386765975,-0.25404376024079034
PK,2026-04-12,0.3783448081651209,0.11514357839824349,0.13193794044219337,0.18661308170796265,0.4263277418356166,0.17970544847764627,0.15070750689341494,0.13883275373378462,-0.2111120821510372,-0.08868895947123029,-0.04220777419195653,-0.1927035018503458
PK,2026-04-19,0.45013138548904313,0.09986937872997632,0.13871985400343592,0.13381996681755626,0.48778550396250425,0.15288853131245564,0.1731648848912216,0.14375098446677628,-0.1674166177245731,-0.08533834383784666,-0.0742221559422026,-0.23337421088298618
PK,2026-04-26,0.4503655808634997,0.13650405504746768,0.13843669116820292,0.16919812768755185,0.49535321322763526,0.17179288055682604,0.14860218701610325,0.10723451917403919,-0.16018851560311723,-0.06008951866037909,-0.04211848866844413,-0.23043717749124035
PK,2026-05-03,0.4691780479710022,0.1326931010441009,0.1420882025499216,0.14950786498968868,0.5130583178882078,0.16847449673117412,0.2056033963757336,0.13431754399681076,-0.1413834912112961,-0.08154038012004113,-0.05502695293785682,-0.23890604357364761
PK,2026-05-10,0.4659265938903639,0.18650988752089334,0.14354863442335972,0.12294632288610968,0.5109163591239668,0.20566007737410827,0.23968343504272765,0.16396699938445372,-0.12208194290846562,-0.05545542627019106,-0.02907430401583281,-0.2325934987038491
PK,2026-05-17,0.5315997990682755,0.15043145817496087,0.114201380374856,0.13394007225294366,0.5818153044158376,0.16433488180013672,0.15621823041598665,0.10705635710367113,-0.1396989540635232,-0.046542050907090425,-0.05145105373454248,-0.26428991532254487
PK,2026-05-24,0.4396600571920687,0.13796260422086284,0.14228120606988934,0.1770989389730161,0.49064838044652326,0.196319302187793,0.16649445089486356,0.13967341545308432,-0.17107839671846004,-0.0696514339776366,-0.040994534409226305,-0.2129569779351432
PK,2026-05-31,0.5121404631047459,0.09423323255429451,0.08479554181876166,0.1458074549505305,0.5155564188382573,0.17727440623787824,0.11529900867019571,0.10663652255576661,-0.11345296863001819,-0.03768313537319059,-0.0021390365511180323,-0.22070383090518797
PK,2026-06-07,0.4621020992150519,0.11354869381550235,0.10050476566177495,0.17477520392757062,0.48582738022058825,0.2226067372190889,0.19323086153456,0.10876350874980262,-0.1612037914753124,-0.04891125240375333,0.0009313081969763664,-0.22395166554601129
PK,2026-06-14,0.43765119094126803,0.13519347772988866,0.136431598122461,0.2029875804365079,0.49425094915267176,0.20153934014982333,0.17825866032447857,0.11978419117558396,-0.19213983420098754,-0.07926579217151745,-0.03560076511629586,-0.2443764847547334
PK,2026-06-21,0.4432033691898469,0.11148865610298551,0.16932447685719845,0.17814478736692146,0.5019484279104067,0.16371076109379196,0.14468339520290963,0.097620269938206,-0.21326109868282345,-0.09004276994293793,-0.07229847900557274,-0.2536336715397063
PK,2026-06-28,0.48759874682472065,0.16626305057070973,0.04453659770690809,0.15482847089021248,0.5151174191972956,0.2142763101469621,0.1804264217339872,0.09771915113408991,-0.11844947108451173,-0.014647014552000372,-0.0053902829243435224,-0.20450495548754402
PK,2026-07-05,0.4998328040088884,0.07073888553765591,0.0882474431571531,0.16871090694410507,0.4994059062024126,0.18378207259121188,0.11000734549758073,0.08485359597968738,-0.14799916675571073,-0.02286644256869625,0.010042806786408037,-0.21262916323360412
PK,2026-07-12,0.5130447746699464,0.17134229181372893,0.09434558204005511,0.1000069726789862,0.542356601417139,0.20180767316394344,0.1864921451399256,0.12848900965988022,-0.0961532912749872,-0.023304403167330588,-0.041460095389986205,-0.22381864022878903
PK,2026-07-19,0.5436792102600757,0.15669121253329213,0.11498384286528734,0.08898507480732677,0.5688600644241658,0.19852604107260807,0.1743332419504667,0.03261399802537457,-0.03837565764584836,-0.025672563929319287,-0.0549383783364136,-0.2969762937509001
PK,2026-07-26,0.5002907662560542,0.20070659121537962,0.0956504256933975,0.14600676299275928,0.5476490162214251,0.18174568497138202,0.19671066083859418,0.12948950989066949,-0.13297453963264888,-0.03872321604912175,0.0090947347933461,-0.23634599872261158
PK,2026-08-02,0.5250311072317364,0.17445521813829515,0.07843665440698915,0.027785936954334293,0.538946615915254,0.23666766186569352,0.1735245482263229,0.0713080188988355,-0.0646862716167259,-0.011506764804242366,9.904825457358276e-05,-0.22927805653848884
SO,2023-08-13,0.5489671781757528,0.25254014958657917,-0.09094385537290607,0.16864516284184397,0.6333269889686096,0.1313660665423442,0.21093559023977138,0.10749448844100562,-0.12094797143908695,-0.09412852159017118,-0.023954624526917476,-0.36451790454679833
SO,2023-08-20,0.5612628347243861,0.18813806431394714,-0.029739526028676085,0.14227320449057607,0.6136604863497404,0.09954802004447301,0.1487076931553234,0.052508403838166746,-0.11205152174321742,-0.04496595702959737,-0.056704955466416025,-0.32930672097056457
SO,2023-08-27,0.5042502831830021,0.22317434396824734,0.12369829410047116,0.16612801795397883,0.5896459830875205,0.17866206302106197,0.21293443107469293,0.10407139663136795,-0.1252071637764669,-0.08154173969397174,-0.012084218168449104,-0.370430428986412
SO,2023-09-03,0.6785004350786646,0.0037019420790015863,-0.10953894908839173,-0.44645140127401456,0.5356795717418459,0.2610155620191654,0.004342821046351301,-0.015157963914152252,-0.15638432755641993,0.0621353867808431,-0.09415546274541053,-0.10537729731475683
SO,2023-09-10,0.5427753641195853,0.28585849413659725,0.0893979849108761,0.170787697592412,0.657088707265455,0.16546647903229322,0.24147588989633928,0.09828401725617684,-0.07350893991370848,-0.07415386544268138,-0.024559583413905586,-0.41244675708407164
SO,2023-09-17,0.5838486324192579,0.2087591021212559,0.13303991157157227,0.12116325108275382,0.6099325495709561,0.09665864570182536,0.1367179166179646,0.09522443248575481,-0.037879838391253404,-0.041994942194082244,-0.08120761653130036,-0.3414172675856119
SO,2023-09-24,0.47695036215504055,0.1973077160299576,-0.1737068901245242,0.11127776904043903,0.5033421014921465,0.2682026450010361,0.17293471795253168,0.09330269861323945,-0.1217984806440423,0.008213768656953778,0.0496046260127611,-0.2267148739476528
SO,2023-10-01,0.5831830869668673,0.2591747062136745,0.10167157689625612,0.06268303741871484,0.6432664340960927,0.13046624932054146,0.23139806728408996,0.19248691208454807,-0.16558463309519797,-0.03205272421650165,0.004638292544950743,-0.27245734119911386
SO,2023-10-08,0.41732191239098676,0.18932066512652662,0.09622808758481755,0.09872275306518367,0.4188918579123446,0.2547153483784854,0.21796032045988192,0.04820635870218754,-0.10031872029809952,-0.03963884966595773,-0.009638725577949005,-0.255839325607501
SO,2023-10-15,0.5195077322844928,0.21842541422455936,0.1376556731324992,0.13118045679668605,0.5927296559100521,0.17702638084424208,0.19433484268276766,0.054693435466780904,-0.1288390343658541,-0.04949854234336283,-0.04015268740143778,-0.3377737003608957
SO,2023-10-22,0.46566037460298726,0.22486768487875888,0.11055123083336263,0.16269295737873166,0.5065720742743818,0.2448509220328959,0.18936471340987876,0.09877039077823838,-0.1544081141657877,-0.007267536147437499,0.014061723388397855,-0.24385308559428348
SO,2023-10-29,0.4992223429084261,0.1697192175177346,0.20089264959048156,0.24603372864418344,0.4954371297743322,0.13302547552620925,0.17330408087028895,0.04653360206989968,-0.14237474990521123,-0.06933462866709401,-0.010036074938119175,-0.1895901937235436
SO,2023-11-05,0.5649637978805349,0.17880924418252725,0.014574272025404253,-0.0056741407803381095,0.5490549895832808,0.221155199834536,0.06339559508655965,-0.02990209613062298,-0.04073590246287133,-0.051675740575543985,0.03485851440331143,-0.2540530940414397
SO,2023-11-12,0.4826404556081175,0.22568974599170355,0.024589362342828002,0.018145551289418,0.5018209465555042,0.35961194696327187,0.18264252785153073,0.09368076075592546,0.016449047010144296,0.06864762181601988,0.11120138890936133,-0.22651670005156935
SO,2023-11-19,0.5026898345445849,0.17466758271683752,0.032997084699746285,-0.029507826338053936,0.5060682124070419,0.362866470382818,0.1481505558482596,0.07908079714539659,0.055733681218675925,0.020587021626052904,0.03309441503394394,-0.2746607086749605
SO,2023-11-26,0.5119958754058447,0.21102855190812814,0.06822004003785571,0.011248119827465042,0.56743519312355,0.29333083511039904,0.2647716241829253,0.12430747033900909,-0.011528536069158551,-0.004853708279929254,0.02194811486183088,-0.326480285814764
SO,2023-12-03,0.5238443692248778,0.19585545813830024,0.018591050554777108,0.025805807065240598,0.547348168255564,0.2758778351075199,0.12461448854455816,0.0746981991246257,-0.007098443697343324,0.024048472653048675,0.032911751042378944,-0.27646086432690137
SO,2023-12-10,0.5179423092705844,0.2162011818256169,0.12598492384414728,0.13834933273556738,0.5980741059386631,0.15872166072156552,0.17281353514577835,0.0699121635965657,-0.11107403438704948,-0.048190264426615594,-0.04806314997465328,-0.3660108312431408
SO,2023-12-17,0.5435400398903505,0.23082977926997678,0.1354911679185295,0.10247575920735319,0.6469837075938135,0.14830210576936895,0.23271576525649126,0.10213531401846476,-0.11682595344680483,-0.1028077891243051,-0.05396312817093205,-0.42801847052353426
SO,2023-12-24,0.47620069962563805,0.21569966488981462,0.09625151613740182,0.18654361684757229,0.514790205137783,0.1345318928463729,0.06751851996591006,0.2300086568592325,-0.09991944906220573,-0.04376283478508623,0.09136793190968613,-0.16597097629250337
SO,2023-12-31,0.5258107397019487,0.211673721696769,0.13708040983578135,0.12498947760153253,0.6083729950806445,0.14442984415267354,0.2254352138495186,0.1025970889215634,-0.13215262110972922,-0.05662706857521068,-0.03921223694642104,-0.36075463457552337
SO,2024-01-07,0.5458600591756464,0.19895440512721918,0.17072742564920376,0.054240073252931925,0.6457960176901067,0.1643746618827383,0.20467593641219856,0.11387398409890423,-0.20196545549235687,-0.05020674261896068,-0.087170243314813,-0.38576119887457166
SO,2024-01-14,0.5524186588519805,0.2993649372431791,0.11239871039804747,-0.027622188048817487,0.6180334009772938,0.1414295421497512,0.2522964300949618,0.2597087673769523,-0.11975941138155534,0.06262502686752264,0.07201153660717755,-0.22387678672538158
SO,2024-01-21,0.5240685629535309,0.17092865002996496,0.12218207646927567,0.12949645836218265,0.6065246318290767,0.12253679979952872,0.13463008375889285,0.09742805269912716,-0.19534678031397318,-0.056637874553321504,-0.10697785769423136,-0.31304275350570837
SO,2024-01-28,0.5363502248991467,0.22151600962580795,0.14415130621747974,0.11960299027873507,0.6236420497043524,0.13528083017167938,0.1715536901190929,0.12640277144377202,-0.10413541871451962,-0.07898915395184025,-0.04090553684241063,-0.40140453657690156
SO,2024-02-04,0.43347576472906557,0.2546978456857239,0.21572939585038867,0.17363161561706292,0.5091224568830369,0.2236027948504997,0.3123668419070977,0.15411609803918183,-0.18604473358979423,-0.05578489605396068,-0.0219225565611335,-0.2481396256404314
SO,2024-02-11,0.49795233884596035,0.3091329329678489,0.11747916275609037,0.15824185115152,0.6205835184728263,0.2558781185111514,0.29505691161077147,0.2110751399112453,-0.043216755041664806,-0.01197283338564404,0.05512269370569829,-0.36301135203931717
SO,2024-02-18,0.5396104249690743,0.2462179650802353,0.0021941173076061174,0.16651532058065283,0.6466599314334283,0.14914695643964096,0.23116616919646582,0.07174142084358348,-0.10869258336807512,-0.09328855633782626,-0.08065854296271162,-0.39935989754257284
SO,2024-02-25,0.5382310431501528,0.15822268358600558,0.11576226241941695,0.10921885697538593,0.5967949068103147,0.1324018533321816,0.171048340806828,0.10356570158651734,-0.144795459684196,-0.08265182469197109,-0.047394536243673756,-0.34654049033133466
SO,2024-03-03,0.5520039254197925,0.2446787633336029,0.11815670660362443,0.1593962149769484,0.6654821687596643,0.15570514422815493,0.19552488997273682,0.09993879462856996,-0.125441754239755,-0.0736994428280589,-0.05736607904464738,-0.38212394268904415
SO,2024-03-10,0.5751928601578911,0.08077789996552256,0.07640942803948189,0.09463562400720606,0.5655271345801272,0.08326476291556868,0.09818331145876665,0.06983832103919967,-0.12221442686851378,-0.022257063920692134,-0.035419240451626616,-0.33617572587839695
SO,2024-03-17,0.5595612184681598,0.2838016869286982,0.17543250904139301,0.11506944736004207,0.681445576382147,0.13817663560032747,0.26241498636248417,0.17450299894160817,-0.08725720093188813,-0.07718866749689011,-0.06414759067139778,-0.4553045109701042
SO,2024-03-24,0.5017237821269582,0.24638791607607324,0.1188811877272163,0.16446359381743555,0.5878391973058852,0.17162108567699713,0.23885152084365807,0.1778989920303996,-0.11847416417317623,-0.06929231818589617,0.008278564231042713,-0.3332867741491615
SO,2024-03-31,0.5288199620086085,0.22936342215764047,-0.005938531090522642,0.22040304342081535,0.6023504288047459,0.105842475631565,0.16600537442832278,0.04523471342505462,-0.16444833102855622,-0.060965858554081515,-0.07480985027263981,-0.29213901206696585
SO,2024-04-07,0.5024178479606539,0.19043487297774536,0.05267087072728247,0.1388696413734603,0.5484034730227263,0.159926138342867,0.16546259096294136,0.05494069745382836,-0.1299764172665104,-0.091126015702766,-0.039451853677510126,-0.2852996486707905
SO,2024-04-14,0.5263627637240051,0.2632864168199432,0.24239562743137902,0.12327532201087406,0.6770060759627333,0.12414697009596427,0.3326437579163386,0.11947943662594004,-0.11104337834030475,-0.14647963994370478,-0.11747897740813734,-0.5293661292605075
SO,2024-04-21,0.5484414699917731,0.20839016221719503,0.07170732825803956,0.050412889199715157,0.6127175213069715,0.20238235809711133,0.17834894364724535,0.09031754715456605,-0.020457162599790715,-0.02954844936969631,-0.05663398232146787,-0.4081282939364654
SO,2024-04-28,0.6281699678341116,0.12907367259267363,-0.03728350992513372,-0.2477048440369782,0.5914165138569801,0.14271469389937375,0.018556637857623928,-0.06452830524864607,-0.21103230582783214,-0.20609644224315496,-0.012312475228786979,-0.23642487994221972
SO,2024-05-05,0.5486341583090096,0.21846014675683148,0.11950890585231937,0.1535615370278614,0.5924949134736236,0.17200529568097686,-0.014421806804177451,0.008148319548357989,-0.05176003464448801,0.017105314766585836,-0.021953765307138377,-0.3465310812634141
SO,2024-05-12,0.532364465357859,0.19030158323228952,0.027221418552163926,0.0916718160477952,0.5628649161070861,0.16954798833019366,0.07352538608929247,0.05642167097877728,-0.0989831282953135,-0.0037420180352190236,-0.007576244619211207,-0.27800479833666486
SO,2024-05-19,0.5633560076052704,0.24686872960711706,0.09127245978559852,0.13614245709406791,0.6910562242350524,0.1551587034808103,0.23438214808192714,0.08234467923495581,-0.08716492078253978,-0.0994423544521575,-0.06997277873287808,-0.4411400878731377
SO,2024-05-26,0.5463095960979666,0.18591471926388584,0.07919570350556736,0.0750331754548262,0.5717346426390378,0.18681963543273958,0.12796091675962945,0.05887712886755164,-0.1208978598368308,-0.013140212625827534,-0.028415774225334423,-0.2800052637783569
SO,2024-06-02,0.5609591421761368,0.16687748532233773,0.03585690053205311,0.16073470734658823,0.6048380350915382,0.11474356269672746,0.1215700919156211,0.09418623739909678,-0.10436142923985783,-0.0709480832256914,-0.019811816225207023,-0.28045533412397905
SO,2024-06-09,0.5174854970365392,0.19545954000544186,0.0876824796684785,0.1339145017425902,0.5351199762175693,0.17620419614620783,0.13809298022546082,0.1321356518302102,-0.12815690676627364,-0.006060163543548717,0.061464382089614245,-0.2076184391431224
SO,2024-06-16,0.5326908007404835,0.24405486795308548,0.20774849618779145,0.14624307996634933,0.6822484534988156,0.1529743731215255,0.30140834185900506,0.07250148455150959,-0.08159750943386349,-0.11831493644426705,-0.1408479134244404,-0.4788245356765095
SO,2024-06-23,0.5307401987815275,0.19398721948535422,0.08583304399025465,0.13893156401972467,0.5581867188895521,0.159482956414757,0.09681394288150486,0.06775988659476599,-0.08393936317978797,-0.0376723784507056,-0.016841140216390275,-0.31552677609504687
SO,2024-06-30,0.5676030938605864,0.2715274983991122,0.21871260782439986,0.18699282726553848,0.6861383536488899,0.14599202622518165,0.19145364219002595,0.16898122796009502,-0.11378062977970675,-0.08458978015672118,-0.061208790133430196,-0.4123959983647572
SO,2024-07-07,0.5269259347295783,0.20188066358163273,0.16115414479201148,0.17894022266653492,0.614889481280532,0.13540218702598963,0.15019296289151515,0.07836405831132691,-0.1731856021174682,-0.05265409437830603,-0.08055759669307926,-0.33978774649505505
SO,2024-07-14,0.5079849662196037,0.25818735415701294,0.12725401811632753,0.1294109513578231,0.5546923930950449,0.21250967162566817,0.15421561953819882,0.08767731687759604,-0.049549286548571776,-0.0005050564756133748,0.02296497510176276,-0.2720657717952839
SO,2024-07-21,0.5573429891070344,0.17861175857772052,0.14125302356478972,0.1490714943946374,0.6342506870650465,0.11895749605618185,0.1774221495582872,0.055496733937050596,-0.17925264789486717,-0.048852851137385155,-0.08376181917617072,-0.3348246862933572
SO,2024-07-28,0.5064803593034587,0.19240986818276726,0.12804683971259875,0.16608839053076624,0.5792814629850717,0.16432046337012823,0.17545833414022954,0.06697697779681748,-0.16114305743722973,-0.07132228176336779,-0.054659314540913946,-0.3474886631910603
SO,2024-08-04,0.4811654682291909,0.24158598158508743,0.07475702221486451,0.12198290760570953,0.5541153565106355,0.2724740973377343,0.2728128467865659,0.11910830965100377,-0.0647810556260077,-0.022670335640979217,0.027007396138983442,-0.32303492485578694
SO,2024-08-11,0.4726012882519172,0.21391822914382197,0.18894001625444468,0.14528194155387275,0.5525926299034717,0.1662045897096113,0.2575259515210042,0.19570894783636278,-0.17482536913713037,-0.10067797450745022,-0.03502820039597959,-0.33261392792140876
SO,2024-08-18,0.5459590063513748,0.1587352017048836,0.12166742853766088,0.16115844073859323,0.586219705871218,0.13675253056041528,0.18328988081990943,0.040971202719898424,-0.11434248822795734,-0.04093363735930018,-0.04310874180340524,-0.27377482028197697
SO,2024-08-25,0.49784216062097275,0.21599413793207106,0.11421786053227108,0.08815732708971609,0.5426894275200266,0.20640922688271868,0.16191891876083744,0.06316727238135529,-0.11635784100396669,0.011049037983145672,0.0195931055057921,-0.2787213116448204
SO,2024-09-01,0.5619364636814221,0.19005622871197297,0.06084686087303855,0.15220223351816264,0.6247694949035553,0.12248662434642806,0.1178159436723952,0.06634268898429345,-0.09535351341188437,-0.07784274708107476,-0.07136945870697682,-0.33243839858937724
SO,2024-09-08,0.5502725453398101,0.1949485615769718,0.09879014569843768,0.0547553863193334,0.595776760422459,0.13104435270705292,0.175379818849286,0.058208547326829806,-0.17414308939143683,-0.08951277528698094,-0.07388161149511865,-0.3601285210404757
SO,2024-09-15,0.5071542254494554,0.2175298707113748,0.11562002049184746,0.17842828369521505,0.5474438401563743,0.11161125349872915,0.1571785743602831,0.10196221856090075,-0.09222070245693023,-0.03331591135003315,-0.013935386719917297,-0.21908544258887544
SO,2024-09-22,0.5763267362933143,0.10474410226509896,-0.0022989999338083504,0.12003574095228495,0.587529943615098,0.08799002483834871,0.07305053845816682,0.08876520608946127,-0.16974671910306452,-0.04717734927205068,-0.00835973753779536,-0.24736212250110623
SO,2024-09-29,0.49965198499046265,0.200697806243946,0.09679934108174565,0.13877334388329574,0.5590776764635261,0.1867354891051129,0.19078092324593174,0.11446629942579545,-0.1676651739728225,-0.027162320437940937,-0.00034195392735245084,-0.24733333211301395
SO,2024-10-06,0.5663220801774244,0.27171987110179185,0.2140016543559116,0.11252648321719334,0.7305110745100548,0.11182206922454808,0.31246957247002016,0.1345580087847624,-0.041115700263865705,-0.1234391913513068,-0.08181863735901077,-0.5363811748780634
SO,2024-10-13,0.5051249434285352,0.1858338292758005,0.15010633166371237,0.11890230785459069,0.5434701243538784,0.17224212457163965,0.15419404900383205,0.12081213457332975,-0.1737923494415425,-0.007746893087565642,-0.0013775824210090824,-0.23684366010169708
SO,2024-10-20,0.5342751992330237,0.2028819588803542,0.09893266582121876,0.18166830066567285,0.615311921265933,0.1577778370409008,0.16942492646912113,0.09568141995032221,-0.11171772879543672,-0.08155957400047295,-0.04405795720340143,-0.3509581735632151
SO,2024-10-27,0.5357007264177464,0.2056072340261216,0.16633789000812368,0.16416998416492026,0.5969981642411939,0.11964764686387683,0.15095162454325353,0.009343233688424286,-0.14257245908272578,-0.06605926740062737,-0.11931211459555977,-0.3260791566790945
SO,2024-11-03,0.4908306264770529,0.3214222334301685,0.2835044118256547,0.3037225849671364,0.5351761320152668,0.13427435227517803,0.20519711205230137,-0.26260697779296377,-0.11967987412384067,-0.009354466355251298,-0.13411227991371666,-0.2313784077776483
SO,2024-11-10,0.5499586910178617,0.19603221590139672,0.1653197663251916,0.1230265557612384,0.6117951798818513,0.12019640584043707,0.1258943486670909,0.06960977496539486,-0.1465301754786297,-0.05839707581225587,-0.05972828700586858,-0.3652585632124953
SO,2024-11-17,0.5569036490138346,0.19614422964439457,0.13292701409766317,0.17268973601147328,0.5866504680691648,0.08927416825306522,0.05912535742637007,0.09642329559355196,-0.05450118880648043,-0.029383981871158225,-0.05491262774968171,-0.32987293716226285
SO,2024-11-24,0.551156533782043,0.24801043981639645,0.13147242205511867,0.0458054859922878,0.645504274389438,0.18112981774796347,0.2788683922435739,0.1246591249436631,-0.09868391694193496,-0.02731515007394225,-0.03474081893960204,-0.3752792311074949
SO,2024-12-01,0.5268963251033033,0.17031680322164547,0.13373803596785316,0.1269415745481251,0.6051054528449057,0.1557299152302016,0.17357118619766493,0.08821673640064646,-0.15878571620696824,-0.0901141182253815,-0.07253798560274706,-0.3785077365063163
SO,2024-12-08,0.5500853265693691,0.21555332724492043,0.14061515492470453,0.11131971881576329,0.5940005106939642,0.1368754090668084,0.16556246433697788,0.09054215240656993,-0.09673577016663039,-0.03805041951355041,-0.01836493025181394,-0.29227692742859784
SO,2024-12-15,0.5442150781916391,0.13937470584477113,0.11288650166748737,0.13781621377000722,0.6107778186906933,0.12525567610457633,0.14290661470054564,0.07401269138293547,-0.14286177818327375,-0.08093611333233684,-0.06517201113627999,-0.3983080586101035
SO,2024-12-22,0.522014759716665,0.1966812424260296,0.015080995270344191,0.20012736819108826,0.600333400222528,0.11304935442625068,0.14950596351086934,0.06686179288995378,-0.13999764687964744,-0.08844291596325848,-0.08162035118681982,-0.3273689151969405
SO,2024-12-29,0.5651584219665932,0.20801361053503586,0.10102470115312599,0.06411990004177777,0.6181772031569815,0.1462642712360239,0.07185586002349882,0.0747002258188513,-0.06294418812479585,0.004864737314455301,-0.029637430559230404,-0.3644856473641768
SO,2025-01-05,0.5191832324681634,0.1642318476978381,0.13979509882599878,0.12577648697019092,0.5538986092046896,0.16917175664552817,0.17308952419912826,0.12762256989956747,-0.15961523773588052,-0.03666063321821068,-0.012720548145077603,-0.27094162122598714
SO,2025-01-12,0.5544857177988751,0.19072197051285208,0.167695070886638,0.13137704411159215,0.6656093145438451,0.09677280969146998,0.1676426008872687,0.03798006159088035,-0.15817456038468988,-0.13187265915216767,-0.11327145948363525,-0.4391621949380915
SO,2025-01-19,0.5364990035092794,0.1665978477013871,0.1754937868529556,0.13819663542058716,0.6011527510559966,0.14634391764015578,0.17605034005206674,0.1294700604467087,-0.14078193662007898,-0.09065459819243205,-0.07728740646370931,-0.35753233855123634
SO,2025-01-26,0.5247017667355616,0.18204177221542767,0.023249884762931983,0.1746929623574049,0.5597545834086973,0.15425661013677794,0.11331191334762676,0.07488994891064922,-0.12313254655985956,-0.05483565963957419,-0.0042849350813987455,-0.23280641788476716
SO,2025-02-02,0.45464917621420825,0.23709969679742907,0.19904054816906608,0.24518243892236258,0.5323241054476122,0.24985296111675237,0.21669292884091818,-0.05228798505020961,-0.25925349291227145,-0.044322833524966146,-0.07898747370620933,-0.22456094266071783
SO,2025-02-09,0.5259384142759167,0.18723950194094027,0.09433142853186968,0.16835927087785874,0.5895689103433679,0.14432859521651512,0.14623266088350081,0.0752581043724915,-0.1737441223417366,-0.05736343812254735,-0.008936031602960137,-0.29977775973156806
SO,2025-02-16,0.5253846692074998,0.13952524391904725,0.12505779378439966,0.19213255346529895,0.5797550344455762,0.15552757359406433,0.16213942723888614,0.05299992598528101,-0.15526167642634667,-0.08947810122572888,-0.05509962950233405,-0.33236324153322655
SO,2025-02-23,0.5267392618873014,0.16738545381413975,0.07228982059120379,0.14325488952775758,0.5839794282880363,0.17363493037941224,0.1298136133565538,0.07833045215920961,-0.16654752225212321,-0.06361547413654597,-0.06191550595645555,-0.3283739042721192
SO,2025-03-02,0.5280733369154234,0.2043565277816037,0.0016399746495379666,0.18525719867012239,0.5691257341646176,0.12648494247469985,0.11507608101727398,0.03465467049213069,-0.11647632179130336,-0.06383434630771946,-0.0492317604731787,-0.3111013630704889
SO,2025-03-09,0.5045172913938171,0.16755117957779211,0.07876936013934735,0.09175646102210477,0.5054651850940463,0.20356015253101523,0.1232919616153244,0.014204825417700573,-0.08999697214487908,-0.0872575933952275,0.012930772370073172,-0.3092198672572994
SO,2025-03-16,0.5205600513112147,0.18888485176537484,0.11922436879626971,0.17485041842453578,0.6038257835890954,0.17125027552271918,0.16260461885780608,0.07249016277649557,-0.14575710146364634,-0.08543861875000272,-0.04063406682096334,-0.33278293520216085
SO,2025-03-23,0.508406954614844,0.26023132926264125,0.13080792643649622,0.13298995119356294,0.6098947590393448,0.22960371226994733,0.2510298755063858,0.13051647423096624,-0.09836953838818996,-0.044597175508775955,0.028547572710416153,-0.31957104017847426
SO,2025-03-30,0.5304975551688158,0.24087914573891123,0.18849933294605026,0.19301166207064804,0.6237542776329587,0.16275701027046974,0.19706514323333818,-0.04938118220082601,-0.14876424403721622,-0.024179841007861393,-0.061538955222302384,-0.32010188479904006
SO,2025-04-06,0.5005960083342568,0.18992017438216005,0.09551546017905242,0.12039164289715668,0.5226175984289831,0.1732401794700972,0.15010035716372486,0.10128127168484959,-0.13255471416178521,-0.03903215795050806,-0.03232859031980609,-0.2678029905905718
SO,2025-04-13,0.5249769268493573,0.16687751350133812,0.12883540494103446,0.11558111835806542,0.5686078048958223,0.16862092409168888,0.08838991073934158,0.104773455667037,-0.1038879370907714,-0.06050772872542654,-0.025107502605380472,-0.3214767170982798
SO,2025-04-20,0.5455826390279999,0.16266948892302782,0.05919313413388164,0.1530547786711157,0.597256092223626,0.14665961132492172,0.10369527094960057,0.05173822463255714,-0.13739548721206357,-0.061203622372373735,-0.02954623023466837,-0.3520131244882995
SO,2025-04-27,0.5007409534284248,0.19736685751972882,0.11556683398906038,0.19561297277774026,0.5879095886481921,0.13452923635368993,0.12014453458026386,0.06612043908440414,-0.14758024587629626,-0.105849524563719,-0.05207676331234315,-0.38704879685716503
SO,2025-05-04,0.5756533367288116,0.2881806046009817,-0.18939163362115,0.21101289765476278,0.6651899834521958,0.08889686264740042,0.15164673853867322,0.02426089907498139,-0.1325976119285304,-0.04482966431286197,-0.050709990230979135,-0.2778453933399705
SO,2025-05-11,0.4844837753531396,0.20289409091445615,-0.007957060293109665,0.09480636959357382,0.5063824834243029,0.2838909184973915,0.17163092633635513,0.029211004605299035,-0.02789699956917418,0.037019787280381224,0.06198135886469293,-0.2353104585521092
SO,2025-05-18,0.44457149074700236,0.26814387270759316,0.04999771063659652,0.1392515618217999,0.5029024906982502,0.25791703850356806,0.256014299613891,0.14430360688335764,-0.08473788099567958,-0.037184904937199385,0.047364487001911426,-0.31638876043540054
SO,2025-05-25,0.5546572098784601,0.3339388872491892,0.2776212311338825,0.2647981011092603,0.6148339020355647,0.12002227910549484,0.2020936379358335,-0.28553680805713283,-0.17002578511133207,0.07103523652136348,-0.12320724741881588,-0.1226985162909162
SO,2025-06-01,0.5517482135246344,0.1265134406606325,0.1560436651747843,0.13094538646462234,0.6007659000711376,0.13673964617228673,0.14049685932214673,0.035967588524631555,-0.1686777369678443,-0.08680649991810008,-0.05717240330907651,-0.3540008148612372
SO,2025-06-08,0.5058994514679639,0.17883124623905894,0.052385588110300044,0.15849145289529545,0.5669740789507989,0.14332270569728706,0.06259259096010601,0.046927522665685964,-0.20423566374844979,-0.07717331477439328,0.03439782325906737,-0.2438320073131191
SO,2025-07-06,0.6124355382270478,0.227408286187098,0.14086382217021398,-0.08782860403991101,0.687497126482169,0.17440611492940541,0.2765072003081294,0.16116675307707523,-0.1567786644951633,0.001459508810327257,-0.09287134068201608,-0.3394037389854943
SO,2025-07-13,0.4872891390092497,0.19624582427263923,-0.06939620979028369,0.23217028392125144,0.524239859445212,0.1564432005926083,0.08094566756108562,0.12946087237015033,-0.13337265666087791,-0.04938043996037991,0.031168193353590747,-0.20667911366425212
SO,2025-07-20,0.5144052684345884,0.25139224880374267,-0.4841422669585591,0.19920910372611117,0.5404233072688901,0.026952907583936994,0.1005345294801867,0.04051202644606856,-0.09228913534966277,-0.019748403600536618,-0.036580165835798484,-0.17713357568547103
SO,2025-07-27,0.4841500631464186,0.16735591164849228,0.031493209530705495,0.18422924825734233,0.5178700245794738,0.1609612576378736,0.16106996574666765,0.07900342847711012,-0.16256706927854575,-0.05380585793193041,-0.02913966898097417,-0.23943288506363483
SO,2025-08-03,0.5586314377693608,0.28898734079352567,0.09469566698149563,0.12225522335588213,0.6951711349425685,0.0899763563699249,0.28082642033671773,0.1131276049825861,-0.10743214613191186,-0.06539741823239466,-0.05043454743852411,-0.422953387583731
SO,2025-08-10,0.5026352523330327,0.21006431728173577,0.11701007010666735,0.2223536452683245,0.5878565676932695,0.15653391593599988,0.19450478962329323,0.06914358986493133,-0.1467245068672669,-0.09368207094809268,-0.06992772263650192,-0.3372841158166168
SO,2025-08-17,0.5243058908871844,0.14200688357970614,0.13858833573552828,0.12300098449898582,0.5637625647156695,0.10756456750878875,0.09819776734586118,0.12754809157481406,-0.1332342767473643,-0.08947247339870912,-0.05661938581905125,-0.3095350060815548
SO,2025-08-24,0.5062910138520862,0.2152123446317934,0.03562850974317075,0.13254666635482393,0.5559970932697054,0.16993846939935459,0.12899035879288662,0.06524831155424202,-0.1389615155599897,-0.02950468498841862,0.03313516925162762,-0.21921062355175694
SO,2025-08-31,0.49759807828924246,0.18575268170286618,0.139777686955558,0.17584927968886804,0.5343538774331696,0.18830592737843074,0.14186911008157527,0.06787263984235838,-0.1457456724236757,-0.08978372249369483,0.010175293508151181,-0.2453500519140259
SO,2025-09-07,0.5224243031195986,0.1780658671161478,0.09076706097032163,0.13027126443516204,0.5527028845293511,0.16216715221797845,0.1286252230269562,0.06685316187188756,-0.1558614775109283,-0.02468496615649198,-0.015786714199298783,-0.24812443412031987
SO,2025-09-14,0.5548364696820014,0.28316086968743204,0.11712089989282465,0.16196562703388692,0.6456180331029173,0.1123484872871731,0.1313606212319438,0.010182008640792939,-0.10553904054345373,-0.03073565286445348,-0.05254054235331348,-0.3471789394289777
SO,2025-09-21,0.5352924717213302,0.24272584142140627,-0.026380083664686332,0.15824591348707176,0.5919216108501617,0.1860757895934867,0.14508054573824697,0.0283807419151329,-0.12274948423853915,-0.05222633415032059,0.02293497455303152,-0.2698396012632759
SO,2025-09-28,0.477404893723569,0.22441381399415275,0.09429726741310551,0.11931766121415777,0.5243333497227137,0.16387749005391866,0.15564382131883198,0.22931231700905771,-0.05317650941647367,0.01055073753914782,0.056685995810769996,-0.12090416925986398
SO,2025-10-05,0.48803681843700264,0.20207049166224988,0.15441313731417672,0.16656837074590436,0.5743242469357971,0.19164749538298698,0.20707325671509952,0.052974944181446625,-0.14895453214588192,-0.08375558813929986,-0.048675018864221396,-0.370183667939679
SO,2025-10-12,0.4417902589512793,0.16014542828241948,0.14326757207105303,0.18903290520175817,0.4857596077078267,0.18633492850863984,0.2030546623637572,0.17904356328480622,-0.17237175306037708,-0.09596755938029383,0.01729437807120972,-0.22847941592463958
SO,2025-10-19,0.5162175298756857,0.21564810598164028,0.08785485277961123,0.13948774045898826,0.5920732878093349,0.18257489783309164,0.18424027069885532,0.06556274110234209,-0.10881579200392259,-0.034572516232082164,-0.005639628002743387,-0.31681261018612905
SO,2025-10-26,0.5322981316664012,0.21917012346320577,0.10739365053073918,0.15387148851665197,0.6119578692876554,0.12558597675411354,0.14915473348410743,0.10017157191803257,-0.1538737008297479,-0.11026047892114535,-0.031619388303985266,-0.33594746074468795
SO,2025-11-02,0.5024165926465982,0.1569366319340485,0.1463162619142041,0.17798618078530254,0.5525012243008153,0.146416037634901,0.13473643627210394,0.05886628707137567,-0.16523844879178762,-0.06306323469974325,-0.06000379341375989,-0.2733492749791096
SO,2025-11-09,0.5389161766542223,0.19651188250580653,0.18018792762668878,0.1998737938052324,0.6204335358762832,0.10802492262694537,0.11584809942472749,0.037873662149775396,-0.1627204083399378,-0.07567508848493164,-0.07568915993275226,-0.36382492992810783
SO,2025-11-16,0.5249163033333698,0.1889239989447148,-0.021864546140088058,0.20853404701679595,0.5614962951959422,0.1281019785324469,0.10431330347791541,0.0474985837546438,-0.1109523568459257,-0.040940851739878575,-0.013272651354421896,-0.21097357156518856
SO,2025-11-23,0.5197480220051139,0.21744014517460603,0.17046233371371788,0.19611565898182598,0.6632839691017284,0.11995116949553508,0.2077446520321918,0.05148967780728973,-0.1699094492393559,-0.13431738756280026,-0.0818616889982112,-0.44618968280365134
SO,2025-11-30,0.5010555608325948,0.17293514826139944,0.13568307059162638,0.1760323217604523,0.5468679306581251,0.13604904391344588,0.11213540437691415,0.08547211413729432,-0.1508754755974578,-0.05948536611939187,0.010209915947551919,-0.2466807311757647
SO,2025-12-07,0.5032696889372628,0.19711397183832255,0.16688017516568326,0.21434837856775737,0.6044092912183988,0.12262084795841184,0.15544679140828335,0.0635965399468271,-0.14901277329900417,-0.09713798332137864,-0.03551055731577218,-0.3705246820645947
SO,2025-12-14,0.48624502665107694,0.1906121572944583,0.1724783707025411,0.18331940684645173,0.544229700136912,0.12240498991076575,0.11891396570999237,0.05664404834358794,-0.13204215018227838,-0.0755338993241252,-0.01959325764171553,-0.2929364889994337
SO,2025-12-21,0.5259775200701092,0.18754634631455014,0.13439444686520416,0.1856889711032013,0.5711225267184964,0.13673369753877934,0.09177086715527843,0.08904460507337329,-0.09458929813637691,-0.029929889076706188,0.01036988600422317,-0.2778223073154007
SO,2025-12-28,0.4985645168109331,0.14702359364811943,0.17832630607830952,0.20621216408185716,0.5822706713000227,0.19637007973379955,0.1360146175016076,0.022079271322895066,-0.22377774151298002,-0.07367708760513451,-0.08108228257821126,-0.31524420266213377
SO,2026-01-04,0.481579545047387,0.18418535227999341,0.16282836695833428,0.22123967302307204,0.5747361357397031,0.17201200830063124,0.17271141598088502,0.0883576854057612,-0.17345763814049606,-0.08644114208683536,-0.023623740617010912,-0.2905721880054593
SO,2026-01-11,0.4662284684765626,0.16370331634490815,0.1515210895230407,0.20082260318690487,0.49015181143544245,0.15632580519969924,0.060504240531590626,0.09965592306770356,-0.11218785127143668,-0.05763486243547062,0.04746492295152684,-0.17928851350485836
SO,2026-01-18,0.458825716145522,0.17850238587086098,0.15296920112805523,0.1788496744932522,0.47938254509484185,0.17364828198912433,0.08195382804293712,0.17977813471474055,-0.11967846898475192,-0.06559730618760792,0.10183791706895688,-0.16792244107938606
SO,2026-01-25,0.5056001593891368,0.24916850042802288,-0.1307576435275936,0.22447091957384707,0.5681639022922628,0.11463633164079987,0.11416036139104445,0.06612743368274358,-0.10394336447064832,-0.021018460255007882,0.002148319311041672,-0.19013830205492027
SO,2026-02-01,0.4358772205126928,0.14877460041646234,0.14387013457220055,0.21966471760974657,0.44332631920301774,0.12559898016495707,0.05489823014988529,0.17617138946356395,-0.09113012947855582,-0.04344279008716468,0.049907881222874484,-0.06613106593089323
SO,2026-02-08,0.5089362111231213,0.21490055158952842,-0.19826192595421163,0.2198587323870154,0.567664494759714,0.11171061807889668,0.13984275551091152,0.08779005542629989,-0.12286836666613671,-0.07230230165452443,-0.04610669012511335,-0.22930056098248494
SO,2026-02-15,0.5238626921308166,0.13586683655991874,0.15365234465427316,0.15588312809721092,0.5760034231380395,0.17718357477932303,0.1560124278286362,0.07849700638138714,-0.16136925249521936,-0.0797341031982508,-0.05484158775490455,-0.29195371951033866
SO,2026-02-22,0.5342748334240554,0.1370214076771723,0.16808778073747907,0.16152232710247205,0.5918600995513252,0.14081629986096256,0.08098718393176521,0.05183443017533138,-0.1615003097846438,-0.05338567386651033,-0.04728082673943079,-0.3256000073827676
SO,2026-03-01,0.5543219443404077,0.2788883239472496,0.15624613393961118,0.15245469833661457,0.6393924006014153,0.09025816285433584,0.1481116518134153,0.045961810068343156,-0.14153321345484157,0.02354609715826309,0.005277218372913227,-0.26780646754272003
SO,2026-03-08,0.5150367795930502,0.15690696166148338,0.0585767946835929,0.09106681622030778,0.5444498854434531,0.17786975283885237,0.13785560142583497,0.08838544069202897,-0.15046387330601485,-0.030085827764646335,-0.028748376348801567,-0.25111337411392304
SO,2026-03-15,0.5066826525696146,0.195770671752955,0.14105043015380966,0.10539360939026027,0.5507844348148203,0.18952550832825235,0.22482077310888623,0.14510441002081936,-0.09396788446742714,-0.10345530126130674,-0.07843596003683027,-0.3081899620057264
SO,2026-03-22,0.4744432274713254,0.17589599070738984,0.1243227603518451,0.14996372990634083,0.5301983085914993,0.21107731787550196,0.06291099239342428,0.1592917676745808,-0.1146559810510691,-0.0653114488814176,0.008085086846109743,-0.21434077972698665
SO,2026-03-29,0.5016829847243203,0.15917918649079238,0.11570250140936124,0.22252950889697828,0.5752681561670425,0.13655099967416273,0.15993628667648552,0.10769135509160431,-0.18430393255304403,-0.07309890300426507,-0.010820792147805154,-0.26890984801426715
SO,2026-04-05,0.47843066763427106,0.23404152749702117,-0.34079923416383273,0.28710602525972645,0.5425245068113871,0.10889272466969165,0.15234932813915464,0.08242709554735621,-0.22159571621944113,-0.05705100672421979,0.01818255143138468,-0.14762102176334355
SO,2026-04-12,0.554911999731055,0.14246888609632063,0.13497580495315017,0.10757501825547339,0.5923276503859694,0.13151222680622,0.12156736254706618,0.13958863007371025,-0.14009606624956847,-0.0681057550445666,-0.03457925113151611,-0.2519385119588364
SO,2026-04-19,0.4729838318630931,0.1196018221478933,0.044063067097547544,0.19387322337652452,0.4751688166350308,0.16953896611022948,0.08218299107137286,0.035893710403944006,-0.19141532788887386,-0.10088667610747529,-0.020331786630266413,-0.18735787894517203
SO,2026-04-26,0.5419524182971367,0.18363645933846875,0.06747410922001586,0.09292159618432891,0.5875796033115108,0.14251117959129306,0.1359724338209746,0.07929302626297427,-0.15657684580685174,-0.08232977754376164,-0.029726758134686487,-0.2935761771700357
SO,2026-05-03,0.5003910921667664,0.1956359003008433,0.16517434843905562,0.1734561057538147,0.5560926467198424,0.12108298451089365,0.13931448039327587,0.0482219141945658,-0.10638916220288344,-0.04853015792490076,-0.0508921453294421,-0.292744897469932
SO,2026-05-10,0.5305943324069102,0.19965895820221086,0.1445195995491795,0.18397210459946356,0.5913793426395211,0.1419725385613987,0.12560379721335502,0.040988726755337844,-0.11643581495121606,-0.035352795008871445,-0.02557980806004972,-0.33109934337087743
SO,2026-05-17,0.5613363408836133,0.14319639652853763,0.11014100531651844,0.0897244893668525,0.6025674275146766,0.1357114383281908,0.22118413931630468,0.12738979852698049,-0.12043784820751115,-0.06935565358327349,-0.05987083705426114,-0.29727768618711015
SO,2026-05-24,0.49634586572148076,0.17623134418539224,0.1706197387738534,0.1983225713969271,0.5507100583914267,0.1664307472473975,0.14637704840621749,0.02900888028526508,-0.17491957869442687,-0.06712856358346009,-0.07135294639202802,-0.2758239639983282
SO,2026-05-31,0.5324609858173535,0.15797172798446518,0.1284353521903319,0.16198542577397235,0.5729484356361142,0.14613045995994464,0.1565453504630465,0.03204098347862446,-0.12307097111830152,-0.07481333747934704,-0.03413883603924678,-0.3012990659225492
SO,2026-06-07,0.47258986758806687,0.0681456948653777,0.11253823356492744,0.15361827520391952,0.475159890375185,0.20190275118420417,0.08924118351424626,0.09289054484509947,-0.17890342344459714,-0.054922315858452864,0.03075022002894194,-0.1816227682309261
SO,2026-06-14,0.5163331495639336,0.16624291072413513,0.13189731438322244,0.13400072096800203,0.5725485965248635,0.1666028417938441,0.117260969038914,0.06700582741468787,-0.13620322829739348,-0.06361062466885556,-0.0500887717681387,-0.32467681872118187
SO,2026-06-21,0.5630210943506336,0.007367718227328602,0.04276126880418101,0.022098405347935526,0.5161644262703153,0.2097275138044351,0.0842668754134152,0.0024168679202321353,-0.08971125346940885,0.0043255596564618325,0.015204278575621899,-0.24401956589517756
SO,2026-06-28,0.4939593791162998,0.19333420615677274,0.04977593501958515,0.1745086728044991,0.5335453661350053,0.20337650601946286,0.14285329818759637,0.14452786259975284,-0.10100991355558762,-9.93607599707469e-05,0.08420534589270719,-0.17794028856191552
SO,2026-07-05,0.5937040460695951,0.1295851693219493,0.1425119599730348,0.06627897041688356,0.6625477945996708,0.10295119163106074,0.2406352655275288,0.11673868289936763,-0.13588489375703147,-0.07433569831496,-0.12221413727273049,-0.4055434866032831
SO,2026-07-12,0.530604564849174,0.14337904371457708,0.11342630783547523,0.16833739713385468,0.5570472361154718,0.14008338237338586,0.0798590226811183,0.05833709573692201,-0.16474165530490154,-0.04414554829428536,-0.0247976692492586,-0.22431700609986113
SO,2026-07-19,0.5835365021219446,0.34497352690784455,0.20321506617998691,0.0011252491674119873,0.7198523753497602,0.26401114166952144,0.31695198732271523,-0.04657347350236959,0.13932461244421016,-0.022290108997575123,-0.08530570755106341,-0.5775062775484138
SO,2026-07-26,0.5242299086601543,0.16940511355100196,0.059993345281492944,0.148777028325298,0.5576994533505778,0.16151559465321844,0.10467210885896501,0.07288068498253075,-0.12385708413660032,-0.04889724400355986,-0.0032446351363527555,-0.2568606616631295
SO,2026-08-02,0.5525323993358252,0.1577048944762698,0.11872201224526527,0.10827869998219439,0.6007179273687923,0.12592358927332717,0.1706721991131441,0.07975422448938589,-0.14769575386675657,-0.06676677554981504,-0.07311137823234723,-0.3113838377867246
SU,2023-08-13,0.5046932407964211,0.19609044032909614,0.12631397379969492,0.1456397828232116,0.569686839688532,0.1457366649829891,0.21165111494916777,0.08359460997792274,-0.1233975084425033,-0.04436648768516642,-0.0009706259018758837,-0.330163262955558
SU,2023-08-20,0.46592245889995265,0.2332366962424769,-0.08812987333181185,0.17757935792198656,0.5121990127764733,0.225924620105935,0.17692022910405586,0.110735124263096,-0.13139026285788322,-0.05940983628142787,0.05579839703335389,-0.23878769514878595
SU,2023-08-27,0.4202383394055338,0.17976322242190676,-0.031350179064771035,0.17863618414492569,0.44556870838453266,0.15243073538097282,0.13129697211595412,0.10803793945136275,-0.13310126741955394,-0.06130655765426059,-0.011481113703887828,-0.1860286054815691
SU,2023-09-03,0.49075982209974783,0.2256444517500066,0.10618509465623376,0.1638018663168875,0.5839243161975309,0.19653868128866764,0.20231982526076758,0.09937785735364872,-0.09153074658406389,-0.04561605539163092,-0.009245572704449033,-0.3278504172805695
SU,2023-09-10,0.4295518479676011,0.2578079701307051,-0.05760171430194834,0.1336680239896699,0.4915396418359704,0.27451705957777583,0.20442224322025154,0.11863321933625785,-0.07187254287892716,0.024814648024396736,0.08222690859486555,-0.20883823218200334
SU,2023-09-17,0.5080500677353391,0.21816984796062527,0.10501620983768878,0.08098832600610095,0.5950388687917986,0.2055653477152548,0.22250109363924217,0.07462424920014185,-0.10563962071692473,-0.04678267457590655,-0.05027324883466933,-0.344974320960252
SU,2023-09-24,0.5324753900405057,0.158134953472224,0.13383014609545946,0.14349782030556807,0.5895438396447912,0.14342986650524264,0.15362029100927882,0.04450544884204319,-0.13838390241704815,-0.09512326535260303,-0.10262340525513279,-0.3378906960230809
SU,2023-10-01,0.5925405998157204,0.3485972896584681,0.09360838777393049,0.15825202511383515,0.756331239572563,0.11265441764773437,0.2975439099527335,0.04914818047302796,-0.010940405693975908,-0.09749315133065029,-0.01424638324251459,-0.4731841580253674
SU,2023-10-08,0.42646724227232685,0.15377395992882512,0.11651797854083208,0.14844736062094643,0.4447476750661664,0.24649859015091918,0.20496527843458565,0.052203592634255384,-0.13863754577737297,-0.03846280907293344,0.018530057801714305,-0.24627554102125543
SU,2023-10-15,0.4492980154125593,0.21921598353962862,0.0794342332587152,0.1823480591489623,0.5036111391222993,0.2520647991341283,0.20302366738065197,0.06744103268799871,-0.14742330707589948,-0.04041551766233,0.016744465033147783,-0.25858798715685544
SU,2023-10-22,0.5199710668806524,0.230646919453437,0.1270716743571792,0.15076609163136245,0.5612834434610806,0.11677765994112756,0.16718433463462293,0.06640980608324074,-0.1570833736864819,-0.02800739001110112,-0.01156160174529502,-0.25429133060277787
SU,2023-10-29,0.47431807739678383,0.1794088822272843,0.06455786312770061,0.23694556884456122,0.4978403961369506,0.16231582936853514,0.15936500846496082,-0.05342166802562474,-0.21864402353630955,-0.06161060797756587,-0.06009501873523208,-0.23262521133042638
SU,2023-11-05,0.527456486074972,0.08035462061633318,0.07792890091802326,0.11167254663475179,0.5567231807509804,0.274788238721727,0.18907698936827894,-0.0062049539143917065,-0.04835549925684781,0.0370018652036706,0.02338843414488816,-0.3455889831268206
SU,2023-11-12,0.4347993806624988,0.2567176694557584,0.000828084079143329,0.2132411221650683,0.4892967058691821,0.21685098099428557,0.19848785795472787,0.04323391416023575,-0.1656707924907502,-0.026169471307245055,0.0068420397778585496,-0.2231098778173864
SU,2023-11-19,0.5032065305335758,0.21025224140042925,-0.07048157157239594,0.23635820264151247,0.5593220397242149,0.14024067224972528,0.17490180139501826,0.0464733882941973,-0.1424828910230629,-0.011528608741509913,0.020332790369079763,-0.23361566570456108
SU,2023-11-26,0.5397365168960533,0.113625898986485,0.02666958225401866,0.13915255904621912,0.5522718589317667,0.13043132285857958,0.14526501407877332,0.0675871576455843,-0.16292367454814122,-0.03663476711505239,-0.07790980199784825,-0.23245402407905286
SU,2023-12-03,0.49222120841268,0.16462218458180897,0.07217384975674042,0.1493354975580062,0.5162007106797019,0.16979748321741062,0.15601827352150566,0.09674394774965513,-0.15666535411397922,-0.046944335464230866,-0.021727840890672884,-0.26774234672940905
SU,2023-12-10,0.4766918223254975,0.10005553202920833,0.03190979684816008,0.18767711180746946,0.4620829218774736,0.20271660296669727,0.13215718489968423,0.057192141391604445,-0.19676385719330175,-0.011389668821464216,0.062020915284194934,-0.19586690690809713
SU,2023-12-17,0.4719545871662706,0.19611204762845738,0.07775506332827278,0.13608863485027525,0.514625531450948,0.23774364065704334,0.18763124398346653,0.08386309716347119,-0.11585948928300357,-0.032207871516971014,0.030854899252629162,-0.28303876523501487
SU,2023-12-24,0.5181534557387475,0.22610542210963597,0.04430883348783042,0.11590850066293719,0.5683705598991576,0.14793602733998257,0.20060856986237288,0.06455330070298304,-0.07683374361224694,-0.077672086606683,-0.03919832335577791,-0.2982392859341946
SU,2023-12-31,0.5580651685077399,0.277644375502429,0.21655141942738532,0.11360232117879002,0.7272871888421375,0.08961009455469686,0.2703428090172567,0.0850217319564484,-0.09969828503088805,-0.10189746542561505,-0.10328559632675494,-0.5043581792368828
SU,2024-01-07,0.4966233896697965,0.20778228315020775,0.1565782672885982,0.15264982218687934,0.5491701180030416,0.18380720504881087,0.21179123628659607,0.09126085839602383,-0.09528300835660812,-0.06476486759405516,-0.0514124129352022,-0.2669704644453549
SU,2024-01-14,0.49512330095516444,0.2208749524689035,0.0619879666277539,0.18717689630811962,0.5550543671474267,0.1978688950821422,0.17953778053136177,0.09542921302988122,-0.14407180750252416,-0.041277800087326066,0.005036430805003865,-0.2649744905606227
SU,2024-01-21,0.5244977962832714,-0.014636595044326402,0.09808733615578648,0.20979193193641044,0.5582489927169662,0.16445507271378265,0.09639239238352512,0.037543596011937186,-0.24583071770523507,-0.08326671706674493,-0.06755563101302214,-0.29728731073276693
SU,2024-01-28,0.5454537519125611,0.24488318360842196,0.00019442102260881344,0.12855920109127925,0.5995858403766641,0.1292699281096908,0.13091739070085637,0.03555971929060536,-0.11711897006394172,-0.028500145166117735,-0.02742963143669099,-0.28684897017719346
SU,2024-02-04,0.47514368284566644,0.17580948576648567,0.04447552241373456,0.1587832999344331,0.500708058965291,0.18776758241303496,0.17860768246922723,0.03241974426659449,-0.1669176856780546,-0.05109944354570901,-0.0005194558962817164,-0.24384964418774516
SU,2024-02-11,0.5441358469651133,0.15693734431197637,0.030025500070610202,0.13876140985452448,0.5599722991433153,0.13434005204225763,0.1354956067468132,0.02483452171721008,-0.10887055499170187,-0.04951495029392359,0.022152633349555455,-0.2717761186295408
SU,2024-02-18,0.5444157831514799,0.24013990302319116,0.031063521107859024,0.11826130274462074,0.628295048130437,0.19899161047647448,0.14231098646426388,0.10911697155822037,-0.1520756591051072,0.016832239568540495,0.04908326455568734,-0.23299307941946001
SU,2024-02-25,0.5232422323296302,0.15795507715435098,0.03584339403104286,0.14554541549086566,0.5542036261239921,0.18569444186757847,0.14939338392204682,0.06870434949895793,-0.11094408516247689,-0.06457938232021175,-0.013592072485171188,-0.2893113165280309
SU,2024-03-03,0.4846207595450775,0.20229173198869388,0.12946233302902527,0.13861579822716072,0.5255114335935436,0.14261754569861748,0.19543570209353311,0.08316348410726124,-0.1407719319537374,-0.05906696017896066,-0.03856121593502446,-0.3011179080879385
SU,2024-03-10,0.5707251576519988,0.33407832253862557,0.20110997691380061,0.17037816484785967,0.6351990411953541,0.2639004154122533,0.2593313078666391,-0.34179531966160676,-0.08399464169479025,0.013644080133228424,-0.20699368888497982,-0.23520784527379887
SU,2024-03-17,0.5553108722442303,0.09229146475545602,0.09635976667206433,0.1461871028383814,0.5941334031900036,0.09641737485635082,0.09421608273803693,0.031105435046343978,-0.22843690887511323,-0.008232755540488008,-0.0217512574223495,-0.2964940904959789
SU,2024-03-24,0.519020400042154,0.19834971456207443,0.07064236657062042,0.12867863038289384,0.566815595042537,0.16227149887081727,0.1703014629505728,0.06540645948165558,-0.11672603374433928,-0.05174378951090707,-0.03204772829815945,-0.31788949509584374
SU,2024-03-31,0.5570573658698355,0.4035859577030158,-0.37306072710587557,0.36853413381186495,0.6506474327865758,0.04720386517338635,0.1920063853544776,-0.21524610222666565,-0.09115425163646045,0.038188722627466073,-0.11788177074221193,-0.11243763700218212
SU,2024-04-07,0.5074569532822657,0.23578176120563762,-0.028822361130525352,0.16490462310715717,0.5609145093004758,0.1562091375535452,0.1514518522086853,0.03334645177082684,-0.098839923447706,-0.024684084284200873,-0.013552472093232841,-0.2652440500496076
SU,2024-04-14,0.5243137012217178,0.22609932051460038,0.07898340965579485,0.15433760288352466,0.564479966799016,0.18839870736251763,0.15190132402666115,0.05626013311627719,-0.09118938161876791,-0.015807997210495497,0.02596988922712646,-0.26876073549004204
SU,2024-04-21,0.5252212383696984,0.23005324101807606,0.15703054292799448,0.1492366840728942,0.5543517290755583,0.14713943148173209,0.21985068747313444,-0.11017078842664679,-0.15380702728526643,-0.16617080395253253,-0.004406233948915363,-0.24102320026986296
SU,2024-04-28,0.48203020271503094,0.171323995327116,0.0230681624559731,0.147206413744493,0.5060237614255791,0.19359905430527594,0.1330656927787425,0.06429061642368071,-0.12525478696441394,-0.05778923657684306,0.03084671212588966,-0.24117902873437513
SU,2024-05-05,0.5175270559807398,-0.031471322180185654,0.058375970554279934,0.15903642418499042,0.47582442208253617,0.1977116695727362,0.1421055086549307,0.044373129971927695,-0.21361712436779207,-0.07456929864220947,0.012331830952426737,-0.1958214574477153
SU,2024-05-12,0.4750823589119036,0.23249812020186952,0.01201608970013297,0.17681830428590414,0.5166905962973869,0.1643939151504856,0.1674085897796864,0.07453851681415843,-0.09454106458769278,-0.018716500597552227,0.012789240625075374,-0.24222150163385645
SU,2024-05-19,0.5137819349038676,0.168902912714878,0.09852079666029939,0.1523569882941526,0.5350649828843036,0.1634763031854337,0.13215930137518017,0.08692159154767845,-0.09068454135415907,-0.03566853073861019,0.010092838455238892,-0.27356848590257665
SU,2024-05-26,0.4931389198099938,0.248308188272201,-0.14817690222685803,0.12822528321739957,0.5207872491919739,0.23788664820286792,0.14042361070805598,0.053255587188294935,-0.09426765960424643,-0.013477857664297448,0.06992714313567854,-0.19310597327295126
SU,2024-06-02,0.5264032785430146,0.19823262162389396,0.04994203971127108,0.13859066474315704,0.5628561223019853,0.13036236978216853,0.11424040495216028,0.032136510671529075,-0.11435980256209925,-0.06664935798012725,-0.01978240386895063,-0.24068852442102412
SU,2024-06-09,0.5379175077946022,0.24723402276949757,0.0634630318559912,0.1319573472295568,0.6098353002552441,0.1628518151135192,0.14420227172470454,0.0884891520807171,-0.08021782020652389,-0.04390449847100951,-0.002424623418079812,-0.276620922715253
SU,2024-06-16,0.4899231627059107,0.2865911665986234,0.17625061650388218,0.24596693614951803,0.4848164525461211,0.1910089493598261,0.2085181410028754,-0.38018738564043364,-0.1328195183874015,0.04043738365669977,-0.2039379940769182,-0.16880415663809162
SU,2024-06-23,0.4499607975632431,0.1842409396734244,-0.011522754565706683,0.1176087941931204,0.46008757049110843,0.25465106348629013,0.14551891195702504,0.052467389734858025,-0.08571403368271012,-0.012841119707352437,0.056075913161356704,-0.2087391648595822
SU,2024-06-30,0.4724237433232884,0.16283578114193595,0.028013558567474145,0.0627570358293168,0.4650478545298671,0.2539784960570147,0.15656411366783704,0.046439667202932335,-0.07142107722036353,-0.020132130173318982,0.08502817401221195,-0.20679280302086514
SU,2024-07-07,0.5161410215727059,0.1742524472026911,0.08807021980140405,0.14249464835084386,0.536454129454264,0.17045870671341629,0.06537596866854646,0.01494772147017476,-0.12296472390969936,-0.06921284021252007,0.017150894970332387,-0.2592726124025715
SU,2024-07-14,0.49644939463746784,0.16276054665306744,0.12861347756052308,0.18493086431974945,0.5176610962911369,0.19716460897070315,0.09233449061528824,0.022561136022901544,-0.1685656274461138,-0.06537929714376288,0.022910212904207666,-0.22492038301680714
SU,2024-07-21,0.5349662583415935,0.16265373400301553,0.07104885994817103,0.1085509880519996,0.541432450895573,0.16261030671308094,0.07662527888632258,0.055551505136814304,-0.17168048145261763,-0.02922696653761071,-0.028366661602867133,-0.2463872971247288
SU,2024-07-28,0.5228087703273688,0.1908522838814568,0.04521068384716028,0.138795565749229,0.5852290042779426,0.15923853640511687,0.19076056668020452,0.06862346338231633,-0.11345346768205573,-0.07605436524345015,-0.04672974679781754,-0.31917224431059776
SU,2024-08-04,0.5339463180312567,0.250844636455938,-0.21380507606576682,0.12386139718247398,0.5459388805282047,0.17139286452406535,0.09893979030911466,0.00994126490727033,-0.06041590425815553,-0.05618975377284497,0.07219274876361205,-0.20237776429963011
SU,2024-08-11,0.4766924750349476,0.1992405117285384,0.027959958898243206,0.08733417720398992,0.5098923747533083,0.2803909796827072,0.1799945077034418,0.039310280110242894,-0.05498957435450096,-0.008410912837067241,0.015898334916848434,-0.2653590996369044
SU,2024-08-18,0.46617752917346816,0.2712239520699817,-0.49401348943896767,0.2119506504891027,0.503967988491446,0.12178595098224985,0.2067016230425807,0.043020997431282335,-0.09447892141304313,-0.041143431909175306,-0.038354713812260306,-0.1828256287756085
SU,2024-08-25,0.47679793192449355,0.21066752374200653,0.10077470989544943,0.1393420999159387,0.5114246056742711,0.1611260710246203,0.20362477123913308,0.031888439659533786,-0.12609833696078457,-0.041368016904806765,-0.02912313256096535,-0.26793334032066457
SU,2024-09-01,0.4947567435655885,0.20213572832574697,0.01858856763047703,0.12228620055592807,0.532468109131241,0.24421656169821915,0.15715153415790004,0.06882414836709327,-0.06975590079503229,-0.022345642355518135,0.03429249183144975,-0.2529851113217815
SU,2024-09-08,0.5496769041371383,0.060115033442258964,-0.04468448725790908,0.1088677787652185,0.556960520481738,0.26181855014440686,0.12551515733234828,-0.02335510427601698,-0.09764150296886435,-0.12251799943076566,-0.01944184495432562,-0.4279737209662713
SU,2024-09-15,0.6211833321925853,0.3562574263891533,0.19870554795723558,-0.007829567186168795,0.7755444283806927,0.045401898019859124,0.3453188073059582,0.09888466114482779,0.027565599367900002,-0.0822565860770736,-0.11087711825630797,-0.5768392770754942
SU,2024-09-22,0.5031578457658198,0.21044057485545944,0.09018038879407184,0.11752296988910696,0.5474019107618453,0.1791317075889098,0.1511936107121254,0.09228541763605719,-0.20913857051646761,0.0019758432796778158,-0.007514245356315212,-0.22350189099041587
SU,2024-09-29,0.5214663626992023,0.2251230679826955,0.09201138157280386,0.1657018772523505,0.5739854572052754,0.13556208279104986,0.1426317520773167,0.09030821760002987,-0.11892335786128135,-0.02867337292357545,-0.024499214300342954,-0.2555468932368462
SU,2024-10-06,0.48904989501185203,0.24785108513377674,-0.14653918567487473,0.19385877026087187,0.5241344119295509,0.16731923344432936,0.13045395850468514,0.0622580189331265,-0.13100710851302033,-0.020265290414546566,-0.0016365515066819796,-0.21777054617305167
SU,2024-10-13,0.5292746813633903,0.26711669680365846,0.0226069080831237,0.11858897697979215,0.5924710482914255,0.2194676226518863,0.18392565475882838,0.07907859068521308,-0.048899506621516875,0.010731822122683568,0.032050234205145044,-0.2670891537694298
SU,2024-10-20,0.5230893143591184,0.22188756056473058,-0.12652054448661132,0.20227361542764283,0.5503346370519732,0.1422968634843406,0.13809834018782338,0.023728456926636585,-0.12582657946486145,-0.045167642665733275,-0.018918189535666326,-0.2183608126463715
SU,2024-10-27,0.44392227221045344,0.2646822164056457,-0.023024600662366373,0.1857491910701984,0.5000542853484726,0.25993327471292205,0.19496298068730564,0.07817801711881431,-0.13507385539982594,0.00330472240776515,0.07067548874868944,-0.19235455373937277
SU,2024-11-03,0.5125599636401063,0.23216455763088503,0.04821959784735641,0.16959391302542398,0.5441464609595016,0.2096391725222858,0.1816944388865234,0.03877806383561665,-0.057717730305480684,0.015536297740199127,0.04071780365840535,-0.21246622871105617
SU,2024-11-10,0.4954622590508539,0.14859156077138574,0.03202501447364035,0.14645635785322492,0.5169238141830885,0.183985760683764,0.17371837266383855,0.04503573955374158,-0.14209597378728134,-0.021785524266565028,-0.019286035719454295,-0.23975739389583256
SU,2024-11-17,0.4996377416296257,0.2263147172402649,-0.01582513812259919,0.13592359803579618,0.5374713255850959,0.17472393559872193,0.12837147894404566,0.09408334719516662,-0.1337332906083992,-0.02039089020907395,0.025649960832918504,-0.20925415782504178
SU,2024-11-24,0.5063744021854789,0.2030942537135935,0.05976431423231922,0.13701359479545272,0.5299189164975119,0.17101604602122025,0.13459353117977282,0.055896735763772694,-0.06589532154988342,-0.02791082501862206,0.003036916814486398,-0.2448786771102355
SU,2024-12-01,0.5099388154035729,0.13542619797194452,0.11445241916913065,0.15777186917742275,0.5264502721729711,0.17294685424332398,0.11486859302613164,0.023952588268611266,-0.14346300960054414,-0.06544959700903775,-0.028030131847798113,-0.2643216484696015
SU,2024-12-08,0.490647498192302,0.17624387151098858,0.09282135903710198,0.1642285905372886,0.533636097669492,0.19001201994729366,0.13094037718579596,0.05453790298657431,-0.22460961260281967,0.011466012422576204,0.044302631610719956,-0.22256402621213833
SU,2024-12-15,0.6121993425746967,0.3127868941214821,0.12562888400814212,0.1664980316721113,0.7029542188961303,0.06654252555728786,0.19279551477165252,-0.0856552896167383,-0.012470332188135492,-0.043984397613493056,-0.13973987889556325,-0.4390553915744418
SU,2024-12-22,0.4487614127538548,0.1783929537701634,0.0016944936405475055,-0.011536465218127219,0.41876137083687426,0.3130090555844063,0.04230676551629097,-0.004118701103185071,0.01542473268037867,0.026893856530751256,0.07671434470920525,-0.21703299428563175
SU,2024-12-29,0.5453265481758302,0.2293833522019948,-0.05758375548333062,0.1494670284947803,0.5905200703005551,0.12490244472433865,0.11979357370452777,0.02312945341075678,-0.1539864025453527,-0.10821243297977401,0.05439916585458134,-0.19376759964756762
SU,2025-01-05,0.5800503547318224,0.2588225137004411,-0.2183536549925695,-0.036127132631177075,0.6143847002852635,0.14407576287310866,0.141838858036822,0.0492411655064031,-0.18849655782027067,0.12999382847140567,-0.04342457523726046,-0.16141311348069298
SU,2025-01-12,0.4909295687344625,0.22667353361055784,0.09577180403169126,0.19171973189665864,0.5614641332743651,0.19223734082510252,0.1974667889032151,0.043925627813210646,-0.16734173445653375,-0.08138608509122541,-0.0357686215085891,-0.28813351350112204
SU,2025-01-19,0.5254062095004102,0.1732919251952835,-0.06207358961527223,0.14793769080362804,0.544613477903373,0.14467289862879418,0.07893103333546746,0.08516897666922417,-0.1395149980840137,-0.010639047639947668,-0.023229475355572293,-0.21486435859076425
SU,2025-01-26,0.5331904277409174,0.3064536573623922,-0.2727462669541838,0.24444920096023373,0.6332167662075499,0.20085871469743857,0.1249364726322586,0.07343435256149544,-0.06632416693051808,0.019314134404081414,0.009041518586104512,-0.2816724470314335
SU,2025-02-02,0.501267126537234,0.3010379209252886,-0.38911662661210045,0.24720509813526154,0.5734768888875411,0.11444609202932783,0.19977433612308712,0.05423779912097969,-0.10801315057130753,-0.020648302516989316,-0.01992150306731201,-0.20616115628700912
SU,2025-02-09,0.5079817922070539,0.17140589542793064,0.058349001849530346,0.18725316600577532,0.5410793272467271,0.18001482596973503,0.12190249528075929,0.06446477647679148,-0.1508192729734067,-0.049761664310610035,-0.011730428937188803,-0.2627018246677373
SU,2025-02-16,0.4926201794849702,0.21175694399404946,0.061795551856840596,0.21423493539625899,0.5710841436383337,0.18477627601626848,0.16220177135810268,0.048765259074669866,-0.17964141433075834,-0.06751368554575869,-0.036184034599041855,-0.29634474405235284
SU,2025-02-23,0.5040611968563171,0.2630847823203131,-0.10150245711165194,0.23320538041195818,0.6003867202457096,0.1361946305775889,0.17757483589123182,0.024709043748688143,-0.13184312465722742,-0.062447723781529574,-0.03740567529923339,-0.3114670322142955
SU,2025-03-02,0.5571700769527805,0.32199946650698275,-0.4087762473056105,0.29395096384139663,0.6401466151967645,0.05103744875399813,0.10637795944354617,0.0024341283910128252,-0.08735607803803624,-0.0006492072890294787,-0.048855862599908303,-0.2360202846932435
SU,2025-03-09,0.5104634943229347,0.24848168326854553,-0.2303036558985777,0.2531512271475605,0.568038326538059,0.13608848987071637,0.1041128610055751,0.022206234317152386,-0.12540750890259783,-0.023234372635121972,0.012318827844475777,-0.21875395432235922
SU,2025-03-16,0.5255840243578683,0.30107494893277326,-0.1257509790240038,0.2502246032991949,0.6227286248141051,0.13886120980154185,0.13524599031184859,-0.008322016478823089,-0.08083516561563218,0.005263960388028727,-0.0055982891593361625,-0.24975227686529003
SU,2025-03-23,0.49817565118531976,0.21038670439995052,0.010878448767149157,0.21649848952230374,0.5600779485669499,0.16376996879086536,0.14347383223678137,0.058813858796075535,-0.13659959340286157,-0.020173212007707268,0.029193265231297397,-0.27630003065597536
SU,2025-03-30,0.5171213871793121,0.27703513409620384,0.06053353841914477,0.2129703120489302,0.5749071332150787,0.11751790157973557,0.180022041447491,-0.04214405752643403,-0.12836231593755998,-0.016599257356708016,-0.07019052287676934,-0.23012053931745757
SU,2025-04-06,0.5108278138926601,0.2538625085441842,-0.07908953634235524,0.2510408122454093,0.6137696324333471,0.1253886125370712,0.1391788820523306,0.04808795546078448,-0.13084194045775932,-0.048258802919715224,-0.003474072398624062,-0.28769323021118487
SU,2025-04-13,0.5206587053727445,0.4120008001780553,-0.6658884042621869,0.3595684771766064,0.6500913780977082,0.08138146160251634,0.16815668479104925,-0.02913079520667891,-0.08089689506225416,0.054070212354017724,0.0017419320448923525,-0.15120528122440413
SU,2025-04-20,0.5258197516160356,0.2950333920357475,-0.2334209176722859,0.25435574940863787,0.5531451391957882,0.11190710259121435,0.11949927381188861,-0.12553917825077582,-0.07961154147840595,0.022346242462632497,-0.021937463442458182,-0.18069483013317808
SU,2025-04-27,0.5215372673970229,0.29595688213668675,-0.23225013351384977,0.30035341994224973,0.591736907032215,0.06400604099078896,0.1318534658194341,-0.07463115513746477,-0.12812236919920095,-0.010513105616806542,-0.0966647955530071,-0.20540607699844524
SU,2025-05-04,0.4645124900999224,0.1995724589604574,0.019967897666937812,0.10018969474417583,0.4808228494381913,0.2399707453792353,0.20435282428868673,0.12711311676598777,-0.10635036531496037,-0.05268250492515793,-0.013210923178616184,-0.20366941436110492
SU,2025-05-11,0.4705849143199274,0.2239328580091141,-0.018636621604612182,0.1536070514657422,0.5071124278013137,0.1922858415732413,0.14274319440366826,0.1050916060541138,-0.08274096137736638,-0.0152606102834466,0.0035302748624557656,-0.22623142190377027
SU,2025-05-18,0.5077998183425829,0.2131798138293181,-0.024441063979905895,0.14907945298831388,0.5315905322675936,0.17059172955310806,0.1644263884322357,0.007350690930091928,-0.11665109093017731,-0.035807892165918065,0.0006932049686012118,-0.22632704652670851
SU,2025-05-25,0.5625528635683645,0.22068266961449368,0.055954098014691825,0.13876593038932872,0.6124956585303788,0.09127470073364083,0.14987621682811283,0.15643101867878564,-0.17299070123071938,0.034658703564050444,0.030840621691795956,-0.20393214342558105
SU,2025-06-01,0.5227121101101891,0.11573017442087076,-0.01479570392150212,0.16415874177430054,0.526182137020078,0.19694527881707025,0.05866988650737163,0.01415048378474706,-0.12047635891068986,-0.026202076831295235,0.03518407263400008,-0.24790496545160765
SU,2025-06-08,0.5102947679433698,0.18122009338448045,0.05659838149517999,0.1411179765414095,0.5632947884127268,0.1402199739478957,0.05492452794008021,0.04981906154508407,-0.19454434670074197,-0.062268997849072,0.03557461707469326,-0.23656785135862982
SU,2025-07-06,0.5406884309717301,0.14554753336726384,0.08309539406454165,0.16980720945266906,0.5960513067675629,0.15263812195459067,0.10907508252391165,0.07356043080501581,-0.12398152219385221,-0.045004200135441194,-0.038516297822703265,-0.3173291107366077
SU,2025-07-13,0.46742037835870376,0.17644493944442677,0.06646920461710012,0.15747450564198268,0.4700879127345924,0.16726596378534675,0.10405502097404591,0.09560940432498155,-0.14812592635391897,-0.027793294784207553,0.05275674544140121,-0.1830775410450316
SU,2025-07-20,0.5217032469411637,0.15762526575531044,0.02154688646262134,0.12607597282296554,0.5478659785039678,0.1508731745509761,0.1450643135905716,0.06406486504429261,-0.11211106872721197,-0.058639386367351304,-0.019395106069780222,-0.24313185518558508
SU,2025-07-27,0.45741722371760424,0.17385283304268415,0.055478599958592084,0.17445480057002502,0.4984201616824054,0.2144736873653815,0.16786350716957493,0.04953421509546773,-0.1681889966245303,-0.05661976433027062,0.022021131020451806,-0.25509183070106933
SU,2025-08-03,0.5092056892812601,0.22575534546586531,-0.01977382102892568,0.1586923281816038,0.5494990167849934,0.15017400141607093,0.12924840500063137,0.07920185405056632,-0.09417374401423856,-0.05025649670042177,0.022429725554313412,-0.22676652984797363
SU,2025-08-10,0.5620377082944291,0.30444978461383454,-0.526866475510021,0.14274988614479725,0.5990021517657417,0.1649376714555801,0.13916120437048274,-0.0237084341065092,-0.05371221079549159,-0.05177504660943979,0.06833874553734591,-0.15795155873661454
SU,2025-08-17,0.48570284864581376,0.25021893749613006,0.049654875480128646,0.12979101468449078,0.5465462921350491,0.21074211153028094,0.18468041133769983,0.0627847849376682,-0.10335014274328866,-0.024120388681182135,0.037164459992293564,-0.28229149962865624
SU,2025-08-24,0.5177871975616499,0.27960678652947407,-0.011885160452441498,0.06382837291573483,0.572256238838564,0.2168816067510232,0.15731250276272207,-0.028829193209513135,-0.003023120045785214,-0.003788107634536964,0.04779656817602666,-0.3210185911527728
SU,2025-08-31,0.4970959320996213,0.23851339087159576,-0.04638620971928851,0.16571787103593338,0.511844400231944,0.1465072215343761,0.06739088283584871,0.0847034484365279,-0.10194076983992242,0.007246390580362828,0.04125280368093936,-0.2170625718212602
SU,2025-09-07,0.5475802297670004,0.2212993314599777,-0.01600821644979671,0.12353235008727625,0.5765362192591058,0.12527883235196705,0.13286602107400647,0.03175301383857792,-0.04556108571599941,-0.0568809098564976,-0.061325895197739407,-0.27715162469329113
SU,2025-09-14,0.5126786836231998,0.22380719947952496,0.014976990730453409,0.1902768290242525,0.5659538847526702,0.1371437651869031,0.16940440931593295,0.06691799393588523,-0.15347612272950623,-0.030872655836269913,-0.02007020038227976,-0.25358881523986243
SU,2025-09-21,0.500351139237821,0.2538650976846015,0.0027429262526910128,0.18404346693958124,0.5503157885197636,0.18340634985130222,0.16803099462644105,0.029268052068844794,-0.1349239387177768,-0.01179359999582782,0.00861475425870333,-0.20380240004835282
SU,2025-09-28,0.5351401639190512,0.23441955749503937,0.09747444272956965,0.1717264723079069,0.6115206646770583,0.13454468585612694,0.11392869916962517,0.05243368869041887,-0.12966018854385525,-0.032003385103835144,-0.03503651663540291,-0.3319704189175633
SU,2025-10-05,0.4986185075725325,0.21773245100606559,0.11553480166929092,0.13290764814647776,0.5330392843244849,0.16478771247323695,0.13544072238346663,0.03705088109331269,-0.10405274407014961,-0.004592019875842309,-0.020169298811433343,-0.26381414752817217
SU,2025-10-12,0.5266859676405696,0.19517590618775518,0.08634779938087006,0.1429773884901797,0.5848514866482386,0.1525158811974222,0.13861505724538106,0.039963509100718934,-0.10859233775290969,-0.03877465831888147,0.004976658743928795,-0.3087377370020732
SU,2025-10-19,0.5297095609334431,0.2184755569099798,0.11493338633959493,0.17791074537890939,0.5914778104428802,0.11838449709336725,0.14992201766926125,0.021139529929131998,-0.12238261497278505,-0.059598925914813174,-0.06303836856713964,-0.31158634388270495
SU,2025-10-26,0.47559622005875785,0.21496892690348046,0.10656837754884235,0.219909980977012,0.5464878409080711,0.19507644865744367,0.12011246945572165,0.17877311425386022,-0.1518026090101316,-0.04887186333442705,0.05365939619656817,-0.22585055902981863
SU,2025-11-02,0.5083479967095815,0.08904079605717723,0.08282443664171661,0.12065993842653286,0.49351022315585236,0.1819662765363652,0.0874221677174323,0.004097749733343776,-0.14938842725355034,-0.0415182569674797,-0.041164482640848266,-0.25116596876514957
SU,2025-11-09,0.5024765150800397,0.2651696541308985,0.07441014767523378,0.15037281906648556,0.5688427201030197,0.1763814123374591,0.1608797141204721,0.08740338942565953,-0.11970913436325765,-0.02399750914303626,0.055055412886175575,-0.2587954381996063
SU,2025-11-16,0.5317759726971248,0.2534598641281289,0.06264046877221906,0.14049445289163184,0.5750557521095541,0.15804942435582223,0.1372187397315583,-0.020751319119756036,-0.07886347932113952,0.012742858325423857,-0.023036321285386806,-0.25856457918830283
SU,2025-11-23,0.541072914404087,0.1917498672922796,0.10151352718173927,0.15706543048926838,0.6156730943677412,0.1300821575814484,0.10938289747309901,0.06619687286114607,-0.15510735579832133,-0.04130293640651499,-0.06541320358251887,-0.3478813050777548
SU,2025-11-30,0.49676619668012517,0.16988444539619627,0.1273672231135697,0.20461653930502727,0.5437972941664156,0.1692163537725058,0.14444968420906265,0.08066757880073473,-0.16756299472563427,-0.07845187360535531,-0.027188684484553097,-0.2702149247512528
SU,2025-12-07,0.47311075218479803,0.20940743795504835,0.06411970739294091,0.19622465067524483,0.5123152909481508,0.18385868808724576,0.13865481458614282,0.1373134956951716,-0.10576377371114914,-0.03859325925938615,0.04815148347076969,-0.21570763284456151
SU,2025-12-14,0.45860328453431665,0.24128141390221977,0.04599072571230846,0.1278699013401958,0.5110723547503871,0.23822833766539778,0.20891501469051021,0.14834704648294317,-0.0921244829734562,-0.007869826158619087,0.05648008026749255,-0.25671022091740914
SU,2025-12-21,0.5067582143077748,0.10871402903642459,0.05520852845971724,0.15078228124891926,0.503303586421909,0.19841957045930317,0.12386873377717711,0.04901626080890852,-0.046776014824747976,-0.001173766300272447,0.045729979911927045,-0.22545165689060562
SU,2025-12-28,0.4765179167478858,0.18350747548340474,0.10788828834777502,0.21452335023987093,0.5515526107452298,0.1925660762411748,0.144337002374267,0.048410801771677676,-0.21398322087824911,-0.07795317602230398,-0.04267157947393664,-0.2861492802983407
SU,2026-01-04,0.47937793522481614,0.1564915036031596,0.013611080421550336,0.17185180122628324,0.49531337185706426,0.1775748982077485,0.16505837789632796,0.10194359834513458,-0.11037704764754094,-0.050090624616833945,0.00018771757003465355,-0.22159536276909345
SU,2026-01-11,0.4912217669155823,0.16429368430855232,0.04062597175900196,0.17014655973547022,0.5225063273338916,0.18286018331306908,0.1241402427091376,0.06346097053610682,-0.13990794250921654,-0.0582321390812753,-0.003414407633533225,-0.2050081573391866
SU,2026-01-18,0.5028115002146802,0.2057183605933757,0.12707301064466275,0.13461775990612868,0.5419566603905025,0.24074342480790328,0.16297752799750675,-0.01163013885891589,-0.1929686284305958,-0.004699220725799781,-0.02690924990176264,-0.21212710355559417
SU,2026-01-25,0.46712235685398307,0.1948814515640958,0.07214837719045916,0.14484792618211684,0.4773092824502512,0.16134262736370578,0.1223305306961216,0.07197032352028203,-0.1088085476201026,-0.0027672715326116292,0.002720711343940369,-0.16564644431878903
SU,2026-02-01,0.5186628726919994,0.13328480009857774,0.0732621548160651,0.11089249557068774,0.537750044641443,0.20790398499936658,0.12672196511572317,0.08795353489515952,-0.09645345064667066,-0.039681024113995045,-0.02503407071583493,-0.2624244740528104
SU,2026-02-08,0.47969758174797517,0.17561955492857537,0.027784542060285366,0.18176618140678766,0.5026282177361381,0.2068313322914074,0.10619611862068584,0.010355307246595875,-0.13697748839673302,-0.02950888101755022,0.03167417520184647,-0.2323170320966684
SU,2026-02-15,0.43827217372929617,0.22220656713945,0.1278862438843765,0.17362325271101123,0.4904046674301992,0.2201478241948671,0.20349025871327536,0.051197404901819156,-0.15930021596284213,-0.03849742786837532,0.032224756669349076,-0.25645613414601387
SU,2026-02-22,0.4758600652879216,0.20967348623265875,0.10049105219707558,0.18049414750200674,0.5171046444997179,0.179816940192634,0.1413866909666965,0.07275040194618303,-0.13369844320669347,-0.05331125760921928,0.012737699626570752,-0.2239336070917599
SU,2026-03-01,0.539666034540559,0.2146680890211087,0.1500309432404739,0.16681767003819983,0.5952135304014243,0.10476408163858177,0.15267534576236214,0.07407705781792889,-0.127881711538645,-0.01699818875090743,-0.048902734218604936,-0.29585876447359816
SU,2026-03-08,0.4972527891517495,0.22540287733941916,0.048507503453348706,0.1326631616944169,0.5486553691918701,0.19286112189187046,0.15936318719202164,0.11638461603119597,-0.123801039525712,0.004789341530508848,0.004899232051250013,-0.23512378871244696
SU,2026-03-15,0.4928129200023724,0.2248265668339226,0.1506551869463403,0.1171011834815667,0.5380574412049604,0.186699163083397,0.22238889563929487,0.14734656330147933,-0.08760794860248189,-0.06648140652910467,-0.05019792807773857,-0.2811839784130455
SU,2026-03-22,0.5605595507210195,0.3229951644212277,-0.39080697892102534,0.2392270141560011,0.6484415476963917,0.18248427725282312,0.08070303337207878,0.0637919933921609,-0.04345672001717603,0.05630089083535386,0.07313555841058583,-0.2627949640269425
SU,2026-03-29,0.47886201462814354,0.24747057554029617,0.018905593796470062,0.12533190157589919,0.5298459511930693,0.1856033219804148,0.21034594909359225,0.07149444279272023,-0.11153978060008822,-0.030726297286101857,0.04239197796782915,-0.2580529235699636
SU,2026-04-05,0.46002165727035266,0.2351621911125463,-0.3272998209895722,0.2652588223813858,0.5030677728339215,0.13570179047319597,0.14054588342630933,0.07719120212904135,-0.16836546134857683,-0.01764631540644046,0.011006936832831434,-0.09549927316878906
SU,2026-04-12,0.4718914774451883,0.17388605073310506,0.06436094063905047,0.18588137752212394,0.5143496096189196,0.17115754894582402,0.12923550175159773,0.01650902047499977,-0.1648680164848765,-0.04344220925716032,-0.01911743136556938,-0.2237716683944881
SU,2026-04-19,0.47386529557862206,0.21980798140046542,0.14926176829032828,0.17054929650122222,0.5361687287848063,0.1784991757223062,0.1657636946030536,0.14520828720188783,-0.13675561421154994,-0.035021443496291445,0.028355259872208244,-0.19497327316494767
SU,2026-04-26,0.49887684350916195,0.14154877347914852,0.015321613513970815,0.1257348081014058,0.4635644574423355,0.19398532156852774,0.0725540783060436,0.0021289526361109113,-0.14069219421494072,-0.06494210589627634,0.03293544569845964,-0.17699774124666537
SU,2026-05-03,0.6014704075692737,0.30420348152097987,0.17234586759304352,0.01835879016616693,0.7764911097379722,0.11826887784340334,0.3035505384862707,0.0842970211681673,-0.04323682211057959,-0.03346471432958333,-0.08400143585925632,-0.5129306081130469
SU,2026-05-10,0.5731634303195631,0.31928112506567724,0.1956013730061443,0.2618453294637331,0.5995171188376989,0.06005315362042302,0.18976917341849203,0.17223606032579272,0.019418540788130996,0.034246741287747275,0.08055530589465382,-0.05967809992318781
SU,2026-05-17,0.4689220766632159,0.26396599884814853,-0.27330205760434345,0.2967832089531995,0.5108431129119878,0.1632642085136238,0.15260602677672214,0.14159999408891966,-0.18082996114890712,-0.03568551160816632,0.11626482283537574,-0.05053843358123082
SU,2026-05-24,0.5258528093418444,0.17283852098577124,-0.013202433707323158,0.15913275996327253,0.5568391017323467,0.10684856883605569,0.13062961996888767,-0.012289598343704852,-0.21749309265755207,-0.033711027916189865,-0.10940348128486684,-0.2517934231730639
SU,2026-05-31,0.510410217626937,0.18532887540655243,-0.26744937092409327,0.20424579406324514,0.521769445142508,0.05772860784508586,0.14626657278437827,0.0455202508429405,-0.15937156320133583,-0.045695742652872504,-0.07223062321011775,-0.1860329485254884
SU,2026-06-07,0.5370006758588864,0.1463441468405039,-0.11943739145133776,0.1734162667810311,0.535522158558497,0.11405816065474218,0.04496243441128356,0.049724372451760014,-0.11658930618645795,-0.05878386556160107,0.038131063417542965,-0.19829377151365413
SU,2026-06-14,0.4791835156380354,0.2451218069046012,0.005342399022928094,0.20946965362349088,0.5117441398000573,0.18568223263994457,0.11998670025107143,0.09915056922933851,-0.10742732944063739,-0.004963708784909133,0.07918151824726943,-0.16035783035369253
SU,2026-06-21,0.49553430782625174,0.04476291776207273,0.08677465844651554,0.14779248611242224,0.49607096111317067,0.23484445196317788,0.1439631439992681,0.06003681998159608,-0.1266244878063248,-0.016312286934754713,0.03140026016797063,-0.24231048777686717
SU,2026-06-28,0.4939858813668866,0.19762781024941733,-0.06857629678917704,0.18419622983730102,0.5222124184061381,0.14895894901587567,0.13750066619113702,0.09068992433681843,-0.09018764144476749,0.014220147462615561,0.026666346383557634,-0.19726585336359798
SU,2026-07-05,0.5157887739583338,0.22725981416617802,0.02486950018122817,0.20503156701027558,0.6142093259801545,0.16630760179555518,0.22357875533662333,0.08814550151614564,-0.11507700168884621,-0.08397379084319663,-0.04060446391710385,-0.37183732433509625
SU,2026-07-12,0.5208152972899314,0.18673350642783676,0.1342054838052328,0.1732005733148178,0.5945424112761137,0.1369036325057103,0.18520404579071365,-0.025472014461335225,-0.15564799372708535,-0.03608684611858494,-0.09600903234433815,-0.34352056623608884
SU,2026-07-19,0.5341218482673977,0.1694670237738708,0.15378265235236235,0.10960013383480098,0.5905803079120991,0.13683585016271485,0.11910746652769515,0.04148733688842364,-0.1601423261318605,-0.05808584010941243,-0.066503189991877,-0.3034201412024261
SU,2026-07-26,0.6010691768234213,0.3370986682530643,0.14715727981291205,0.038927988407813294,0.7247561547512674,-0.010157239488996446,0.3065457697778874,0.07852850687253068,-0.12463206229227157,-0.11159613681135427,-0.0842916423040646,-0.4720921631512249
SU,2026-08-02,0.535530891198781,0.1764885244905745,-0.00045306478222534476,0.10526877509584638,0.564317099889499,0.13393103692090724,0.16921338784447326,0.0779795024357134,-0.08654417771791666,-0.052413851930483604,-0.028498562921491253,-0.2613788624511304
TI,2023-08-13,0.4324853432403746,0.2845280291537393,0.14659815727273867,0.15456365732796057,0.5216371137812333,0.346523572718592,0.2724251363085868,-0.14007288902697754,-0.056583751019180346,0.07347316300373753,-0.047398201557334374,-0.2368944329646052
TI,2023-08-20,0.6424775317136404,0.05739063433978777,0.13378282444510875,0.12000491545745355,0.617775162558653,0.07280344768230246,-0.0009882174444311744,0.03154361484556254,-0.0021273053761691066,-0.038310300123843934,-0.1319049199517644,-0.42606458126861557
TI,2023-08-27,0.47589162390099077,0.17110981308665485,0.2174069483590131,0.18832244913315005,0.5620447090637997,0.15822357598188666,0.19127414774151935,0.056440008484256,-0.1617015711734085,-0.08825560875173204,-0.113515404345335,-0.2603542164222097
TI,2023-09-03,0.570992942204703,0.0369985455826982,0.1453718498794894,0.08764772225143966,0.5755157109320594,0.04073928624420774,0.2379049427167331,0.12349914172729692,0.03697486233582973,-0.14680495573593444,-0.19985226920236776,-0.35524794842264407
TI,2023-09-10,0.6377828259419711,0.078953562391795,0.16951337160370486,0.008836424233946311,0.6160407038147016,0.04044644717494253,0.09450683939847603,0.08835094137432958,-0.1474942872097516,-0.07672104290598454,-0.20778912867664742,-0.33526764031231004
TI,2023-09-17,0.4948716812274055,0.19745573146285855,0.2382538902082386,0.19621422258149548,0.6422482564535216,0.14248114033045142,0.26107001359313203,0.059068422067886,-0.1951151464080764,-0.1802178736475845,-0.15858708702202068,-0.5130555581345438
TI,2023-09-24,0.5329994913553776,0.22404774750209602,0.17910691187110286,0.1891014238086551,0.6216561968536437,0.17827298496441862,0.22166283204470577,0.09322700866633896,-0.13047516570632428,-0.08275721798415031,0.02882869719003159,-0.3168792063007088
TI,2023-10-01,0.6185193061100669,0.026678127245055805,0.13553153997036896,0.026743941511365693,0.6353963126922034,0.08546882942991117,0.17694619509950624,0.07459202320240338,-0.09697890704591662,-0.1501601509608489,-0.23746453311924748,-0.403415901070689
TI,2023-10-08,0.6538551235600456,0.1668937003826953,-0.09556458852703043,-0.2100569237910805,0.6354591689271857,0.1638440765700807,0.08168605786858427,0.03596855313932872,-0.08394969051662965,0.041144290434005054,-0.07930387800902612,-0.2763941210728291
TI,2023-10-15,0.5882436619983256,0.1269434530472622,0.2646953623014316,0.15440219393962118,0.7501582649588652,0.07723831082258835,0.3235978231106711,0.055656256072488385,-0.1199638838170479,-0.23300370363813283,-0.2433741867963798,-0.6583103855873117
TI,2023-10-22,0.6070999914271286,0.037346255045882404,0.17811889671059994,0.06842096199458142,0.6601788073282487,0.07578505414643594,0.24541857729802746,0.025168334276896666,-0.13452489538418488,-0.14622293146357102,-0.2138325603883398,-0.5678876930017901
TI,2023-10-29,0.694088049364146,0.04032222657301734,0.0877817507821486,0.13123225859000245,0.7804739108817508,0.0536611606063907,0.22118404834935662,0.017322041111661156,-0.045450684943138635,-0.13841521304610094,-0.18798586523322167,-0.555946217153994
TI,2023-11-05,0.5893610149436562,0.15527448997602836,0.17715998961583046,-0.04847386111594517,0.6088682057491726,0.10512312449762087,0.166629811183762,-0.0006252156033701003,-0.24684296110789453,-0.017617650826601387,-0.196437262362664,-0.3668166407865118
TI,2023-11-12,0.5506238441339668,0.00047485083853010323,0.15355085111622233,0.16276562350629292,0.5445273027944948,0.11871262527131374,0.10077957938645171,0.08909443315064779,-0.06643665630017115,-0.05753527735068513,-0.09243644502549983,-0.2894979640194332
TI,2023-11-19,0.5716278581727073,0.26185015000939044,0.16094065629722726,0.11310828100575432,0.6519705397071042,0.08134628889073532,0.08291027710960179,0.044793469585431886,-0.05784567109608641,-0.0801645272773003,-0.09765819870929955,-0.40231322044525586
TI,2023-11-26,0.49119316149841663,0.15617647809859508,0.18567682415799724,0.09514968523287656,0.5036802928134925,0.051514970739268875,0.14510069959969216,0.11490535853555511,0.06162506577324487,-0.052687506980093175,-0.11311344515653585,-0.20798012242540487
TI,2023-12-03,0.5477987039100841,0.2141543063698376,0.09210650390763626,0.12125721449417404,0.6171620021692645,0.12680417166934085,0.16065878192373717,-0.05761464352783911,-0.08266932446949238,-0.05270620129198935,-0.14605768407705755,-0.44364124076757466
TI,2023-12-10,0.5498423360511839,0.1710441813003602,0.0501357686254299,0.0009707012381034568,0.5568560720329864,0.2301656450445026,0.15169345003643117,0.0862376887762564,-0.03244344879409981,0.07142286300527498,0.0017447457012750274,-0.26583313683984533
TI,2023-12-17,0.5344983305588957,0.22799665306575595,0.22386920111572844,0.10375859133337176,0.6231158794111199,0.1358205894987322,0.22210893352747485,-0.011120583606225629,-0.02847069680662209,-0.0790382332271253,-0.09685494721973904,-0.4999548865629069
TI,2023-12-24,0.5800351572384876,0.2521982418946493,0.2033432936144059,0.12749323188849598,0.6981264380943655,0.0948847767327444,0.3069781319875711,0.050226071985979046,-0.08630323265764221,-0.10977598480481927,-0.04843127045495931,-0.44410109084772253
TI,2023-12-31,0.5075801641726025,0.2817967466574971,0.2146411133017055,0.15031528058299293,0.6510639208868303,0.17420822044005932,0.3361332300205756,0.08362370764216519,-0.07815716355353833,-0.1150412412781029,-0.01813268280928261,-0.4567230953929767
TI,2024-01-07,0.5142303203777009,0.2378285162745223,0.16346934851772998,0.1282569735934647,0.6196126784263809,0.23903723191012707,0.28216200008835746,0.03747910733187045,-0.07036481151772926,-0.041129508938814355,-0.043467931056462385,-0.40106128328705254
TI,2024-01-14,0.5913906087442146,0.29533580899806305,0.22263003387156682,0.08778889236303673,0.6922689011766371,0.14534498033436632,0.28480701761235006,0.0005323939956268741,-0.006934236503261067,-0.07736737796582714,-0.11795339938797872,-0.4606697450278342
TI,2024-01-21,0.6259123270135748,0.2821101091277838,0.1755716210925545,0.05822036062087253,0.8059749766738777,0.15908302718209605,0.36036604335507066,0.13412292428027603,0.007001685822516647,-0.1657968243497309,-0.1914815938167868,-0.6236889967184505
TI,2024-01-28,0.5276523360089076,0.28745543242742805,0.09946626058755964,0.20315241789495744,0.6132710438504777,0.2574706880480394,0.21920488329268556,-0.21209656909587205,-0.007983130861182802,0.0793094561408784,-0.11434357066923029,-0.22690448269773789
TI,2024-02-04,0.5286625223837238,0.10357187567908996,0.14219185873987916,0.22278121124182748,0.5763882495446425,0.20441581227782435,0.13079762019703906,0.025583348073767186,-0.19618308053750247,-0.06766394673669626,-0.01010069191502073,-0.3229166349351774
TI,2024-02-11,0.5886209201753947,0.20942546771018855,0.18727683043829213,-0.056934639538262874,0.6470621348690393,0.08747770998341982,0.19264281730685873,-0.05815555042735804,-0.22243286392378922,0.03688655266202181,-0.21163409443099138,-0.400296743818096
TI,2024-02-18,0.6208771295353185,0.1692745874616512,0.1257637493795939,0.09820819835883875,0.7206186684612825,0.12442448745922616,0.12478021986025235,0.04972996498761815,-0.0392821475375864,-0.09748387112265655,-0.19444812126570618,-0.57194686559649
TI,2024-02-25,0.6201535949424302,-0.06005176830254906,0.21275172317651983,0.1833335730460586,0.6049778236786282,0.011846676294217812,0.34134495054256636,-0.15077174015769276,-0.01042962405551429,-0.07160597259670338,-0.07562040436465593,-0.5942665590408712
TI,2024-03-03,0.49903565187541354,0.1597854529185913,0.14101577696982753,0.026954378655430145,0.5162782228928375,0.14583700712431405,0.12919526860661157,0.05039105205408834,-0.1718246363181281,0.005505460298377097,-0.12110071159124645,-0.2854356826219758
TI,2024-03-10,0.6284703007333386,0.11548823989190839,-0.13380178142305016,0.15381397757975704,0.673030310568569,0.04432912276750041,0.20003190326948422,-0.015352223569725909,-0.14088581581696752,-0.11236769170238442,-0.20308158394183515,-0.3994544120664665
TI,2024-03-17,0.5721437970285692,0.27845216585746163,0.05660236051925403,0.22313900484970478,0.6343112072148339,0.14499010896791004,-0.23414348188826697,0.13798196609573649,-0.026584570531881783,0.06138120825091049,0.09099963969996291,-0.3311403661421832
TI,2024-03-24,0.5352366020964208,0.3259019386863241,0.16996826618407773,0.13194749721015414,0.745654332032186,0.29147341954895944,0.421362067153047,0.058329586348687304,-0.039960519595519634,-0.09565619365075864,-0.08399096851783269,-0.5945277060817251
TI,2024-03-31,0.5470789145904249,0.305982695088519,0.23994651481178877,0.15575280113790183,0.7044769816703699,0.2145171656264389,0.33229142105551096,-0.018320070793272823,-0.10595346014922492,-0.06584500063935116,-0.13491726406768922,-0.49915645525101854
TI,2024-04-07,0.5614139320380037,0.1951403037649455,0.14190715383724772,0.13449597960647197,0.652320347538609,0.16237294575073397,0.04740799097351479,0.11894919350502164,-0.0677599895180557,-0.008521743238008788,-0.003344823943093869,-0.42422422191613196
TI,2024-04-14,0.542596616333151,0.17797757131711495,0.23206540421466296,0.1798611962010201,0.6541128082456142,0.16661099658618353,0.3144573645953238,0.035668221073839164,-0.11293372114205572,-0.12544633697742782,-0.1571710542352645,-0.4435538007865846
TI,2024-04-21,0.5989280832396882,0.23651992100681474,0.20076206911118621,0.13653788014273732,0.7091867805964255,0.11681831562514029,0.2543308639212713,-0.01742331427490461,-0.09655706528345866,-0.1075574098024498,-0.16244738433284087,-0.5015687929860994
TI,2024-04-28,0.5484264497561097,0.13356418916703616,0.19992368469510996,0.1534521054063072,0.6540682456400702,0.15552315688005092,0.25257439090251393,0.02580649477826952,-0.12948840151344834,-0.1338731356970616,-0.18994556493923664,-0.4886783409739981
TI,2024-05-05,0.643839253610183,0.06109970475384636,0.146089447061889,0.06862428430805842,0.6726351416401288,0.02930753562991285,0.12415477406420491,-0.004552665907867119,-0.11737737827016811,-0.14206709745221058,-0.13478058979500343,-0.4282753674875387
TI,2024-05-12,0.5916598580944586,0.15197039336376805,0.15904035730821142,0.15437377224970864,0.6202889318156938,0.04637289222528116,0.17371846689261355,0.03435108929801079,-0.0760538846666523,-0.04808819260995438,-0.12295705084339195,-0.2676229917157897
TI,2024-05-19,0.587837057688698,0.010446076198274607,0.1858506628372012,0.08348272251819608,0.6283556546126062,0.01863510832683779,0.3355620414587664,0.05001793190787524,0.011434810013590885,-0.12690271541639686,-0.24911171347731487,-0.546971175709005
TI,2024-05-26,0.5701541361108601,0.1382524235471116,0.1136795305144529,0.0859991753223298,0.6115149689128435,0.14841385306641944,0.1165029265656041,0.03399456463254745,-0.052162378254734514,-0.0521580736365143,-0.13211230954006242,-0.3676896332091511
TI,2024-06-02,0.5284865501456059,0.13960777193934149,-0.1226093134874307,-0.10636032783874229,0.4911729892828189,0.3348056306324365,0.16426277471286502,0.02494573802921041,0.06294635871073687,0.12136446746853159,0.049065304605214265,-0.18215583162712684
TI,2024-06-09,0.6030618848101378,0.13396998101683932,0.11459461035438002,0.06872533726265685,0.558701236535521,0.040113830213872,-0.049599816668310905,0.08393099396284684,0.014761691938139256,-0.040908985159740806,-0.09091937382304745,-0.34291309955028604
TI,2024-06-16,0.47563572379658026,0.20722227899749418,0.1832902260812161,0.16539957472724326,0.5873896413029892,0.20491134865939586,0.22576046870381655,0.07909985006275405,-0.16444286048823675,-0.11132885436519944,-0.05546995386746723,-0.37794384482003873
TI,2024-06-23,0.5420750466887648,0.17017620920852414,0.22057443515298666,0.17446923084522595,0.6067855574639317,0.13468134858830083,0.14550449307057295,-0.025196614541144073,-0.15402977920352995,-0.12343162152865292,-0.1680478450135688,-0.4121335883524994
TI,2024-06-30,0.6038111487334606,0.1896767491702804,0.20255028330388647,0.1707484420729554,0.7969516490824866,0.063502679708641,0.26037446017791277,0.04926436324408442,-0.15222881249331283,-0.2182750142663217,-0.25127511309433304,-0.6749096761436443
TI,2024-07-07,0.5339204991264573,0.12864944258212918,0.20094960071129173,0.14168769378861765,0.6548100674903142,0.12221705962595072,0.24395215630466222,0.07043312718312594,-0.1451318585872875,-0.1841353158359533,-0.17819018425657593,-0.5337528684168293
TI,2024-07-14,0.5849906793657528,0.09728057348604024,0.14894250151206834,0.05567487596364639,0.6442152704086975,0.11803549189516208,0.21726849265211245,0.011327717333234975,-0.12814137789428348,-0.021045562160058838,-0.09021640311990331,-0.4378786227886183
TI,2024-07-21,0.4998564796931513,0.12175643841538734,0.15541846265904563,0.07981124265524744,0.5247770960708447,0.17730130721939794,0.19902840915547537,0.1167151657156097,-0.19742434797766495,-0.08025049151742684,-0.05491001524594618,-0.32209493622913077
TI,2024-07-28,0.5488871208740139,0.11219001535233358,0.15191100038556785,0.16791856368102656,0.6242417417118112,0.09655491503296736,0.19218641454152147,0.0642434151350191,-0.17362035306859264,-0.14830224111840531,-0.14605022984033172,-0.4111041413210406
TI,2024-08-04,0.5328704409003284,-0.02083929991846388,0.08705502090381569,0.18570448345926996,0.49035832755361175,0.1573758131849711,0.05164361562740331,-0.07023817462421159,-0.20900376749545385,0.005829830254854015,-0.09022795106746646,-0.1497139536859094
TI,2024-08-11,0.5533564843071624,0.15101791452886618,0.20193760920907017,0.1108044795642002,0.6128174450074413,0.10219340455179113,0.2723448079324311,0.11612530903871825,-0.006757811575422339,-0.12655080114151954,-0.14663702639729564,-0.32993209804509765
TI,2024-08-18,0.5585812609741156,0.1704770158785112,0.14526441350186603,0.10127450457314273,0.5625481712147674,0.07090331383160224,0.052923661787467206,0.0888409335398342,-0.05867441513891809,-0.08575153509941037,-0.0488500017685896,-0.30903259095772395
TI,2024-08-25,0.4924779985747565,0.0894931944179668,0.15111193200618295,0.1947014753799488,0.5030377907980675,0.19483835098091312,0.09856741946957273,0.0660775976922351,-0.12093435901362076,-0.031759270115051516,-0.03740114270099862,-0.2688823857228258
TI,2024-09-01,0.611682102376405,0.26379177486847466,0.19347606934393433,0.1810408783961621,0.7595149115116453,0.11059069853107087,0.06212727737339836,0.0926572019605232,-0.037034396632669726,-0.03949013057000592,-0.07983212207227695,-0.5617860762177845
TI,2024-09-08,0.5490061628791834,0.2037362064701697,0.21863212812407096,0.1342548361177602,0.6729886491826055,0.09260955054583331,0.2541959177692617,0.08703598468402284,-0.1801051713152635,-0.11575010412714379,-0.1075719949936276,-0.49022859078550596
TI,2024-09-15,0.5923574421137464,0.08565773249340844,0.20358166939499595,0.11006635566344371,0.639820629084622,0.06120203449970529,0.2172689936646415,0.0004838527147597794,-0.06904319942403045,-0.11632492273141967,-0.16193479952124848,-0.424821932206893
TI,2024-09-22,0.4336946261073083,0.21912048191404532,0.07941431744059213,0.07142861069221607,0.47266350030390475,0.29535400458382205,0.260896824910059,0.1922132522797999,-0.059200457358669245,-0.008290046533483765,0.09133585379133735,-0.23128197114949922
TI,2024-09-29,0.598043388284137,0.11600950480377276,-0.05462624235610555,0.08354986828480192,0.7007962149993608,0.15865360191776431,0.19091266606670929,0.03207077389962048,-0.013452453897350392,-0.04883699241688456,-0.1448007419793365,-0.5294666123263618
TI,2024-10-06,0.5446356454981823,0.1374563090340138,0.19177581041098357,0.16382415521242527,0.6064248375882978,0.17749119380007325,0.15084260146514478,0.10268569676483776,-0.1251166164063607,-0.08707923504134235,-0.09832191914762901,-0.35346618126551665
TI,2024-10-13,0.48582814563031423,0.14104194911617798,0.12037585325606961,0.18884168998764203,0.5853462521393124,0.22862361243978951,0.1944882890654797,0.0934125507673426,-0.19306256446073333,-0.08713185068676824,-0.04255048594177668,-0.35248310811466355
TI,2024-10-20,0.5962606236402725,0.2317047880060916,0.22649802148907622,0.1255433137394793,0.7591858326663696,0.10725433520868083,0.3046918991403343,0.03063557726980481,-0.08249113413224197,-0.16558970686591398,-0.21214917323010649,-0.6076645041754354
TI,2024-10-27,0.467862451853781,0.13183519089159382,0.10029308777568569,0.08267278608337429,0.45799904565802346,0.27446894255687176,0.14212822474458006,0.0074120470114847565,-0.12618640855486105,-0.02809478313337378,-0.03169702739298713,-0.2643391477400855
TI,2024-11-03,0.5215466968027829,0.22751292638116208,0.21196646366181152,0.14482911540524182,0.5825015038397544,0.09373615786546864,0.21626681919486754,0.014148551994794888,-0.10693772196287402,-0.08058041467671692,-0.07912540168550738,-0.39116163128229614
TI,2024-11-10,0.5519701639417663,0.17981248448794432,0.1415810742583326,0.10983102734548096,0.5657731067875045,0.1294258503658276,0.11970845370295051,-0.07004710655747506,0.02098655932718271,-0.017727742741062223,-0.1697766259617331,-0.36780052026142923
TI,2024-11-17,0.6300741809474445,0.14185586232640604,0.05680613678425236,-0.13644180399160957,0.6491175070516344,0.17384612777385128,0.13307750713700764,0.026326202328163933,-0.024649224910249266,-0.03204983835708278,-0.13540418627728082,-0.3944012662845462
TI,2024-11-24,0.5158281030425285,0.15109045596457327,0.2248033041434154,0.1811176328652822,0.5964373189819206,0.14925967731727222,0.209027442448458,0.1311801814844649,-0.09918822810701722,-0.1429828502310785,-0.10750913369927478,-0.42384369552768286
TI,2024-12-01,0.5483809637591205,0.07927191200938132,0.18669390610597275,0.11956854985395228,0.6033499174665302,0.12905177769547965,0.18201763960152872,0.11813498763970516,-0.14377921847935163,-0.10129659121862508,-0.14642797300917354,-0.37566612295546514
TI,2024-12-08,0.5913205513626986,0.028787399742664137,0.028495817124671023,0.04293604569051248,0.5467117091027319,0.15959874548163244,0.11037105739886026,-0.004391819607014727,-0.1177441251892905,-0.024576120850361226,-0.15191426307085654,-0.23140730217917627
TI,2024-12-15,0.6259449165207603,0.13926540118525985,-0.020561173681957656,0.10006263650390086,0.6707741758859694,0.053159607596229216,0.2801913528464489,-0.018934375406389026,-0.020644792760290034,-0.11894298449073491,-0.23298986938740865,-0.5351200190045935
TI,2024-12-22,0.48459346547013243,0.10872760036264649,0.17189363753164327,0.1707400900976695,0.5470747209610978,0.1714218160487457,0.1227022682139662,0.0682579756766914,-0.1659053778993837,-0.10172906028205866,-0.09953792040590802,-0.3940361474729193
TI,2024-12-29,0.5281766471572582,0.0531757678364897,0.16906396922159825,0.12322004509473608,0.5555072081070493,0.20963721804162147,0.1784421044131687,0.05980658809224429,-0.16042438675203247,-0.07486981483600225,-0.13592235513400228,-0.36014134093337347
TI,2025-01-05,0.4567337770422814,0.2353980992763529,0.11100300842555509,0.08851300416168241,0.5084428400099406,0.33147842495863555,0.2510215418777498,0.15893960810342034,-0.017716241596411487,0.006701114937571047,0.04222001985029534,-0.24103353027010474
TI,2025-01-12,0.5912124043472141,0.15132502505181247,0.21287425669251045,0.1445265304200392,0.6529719054198626,0.14579180392337301,0.11699677023610641,0.050727326517598564,-0.20134033861268322,-0.03591020085308804,-0.17024668691645473,-0.3701026972337744
TI,2025-01-19,0.6160398308624535,0.08757276768217802,0.19238358655315307,0.05275500862444251,0.6502466204463333,0.04369602940160455,0.13074785538789263,0.07901468164631308,-0.13403401338783044,-0.1223924320113779,-0.2559645786441796,-0.4331768602849099
TI,2025-01-26,0.5259700929965772,0.18155728490103618,0.1333492099035888,0.19227989147881408,0.5755310802527461,0.11602572508604743,0.09575277106932018,-0.008890123528731092,-0.15752045610569373,-0.03276013549122667,-0.1269635530647295,-0.32276860983021527
TI,2025-02-02,0.5613088698113239,0.09299032063411815,0.17964338483599976,0.12373933700457868,0.582516072544365,0.1208223420756856,0.09112407605186829,-0.029525223713340872,-0.12247032964218693,-0.12865898258875158,-0.16645757639393388,-0.2882087589555661
TI,2025-02-09,0.579852670417421,0.13745338556505296,0.20788903166408515,0.14640740328469315,0.6194375101616186,0.047923872828245555,0.09916521709724262,0.016423254907179264,-0.00787231561115684,-0.05975207032512315,-0.11449132054514574,-0.4269376305893022
TI,2025-02-16,0.4774575898027705,0.06348883965958406,0.15626283223097284,0.1840578931766081,0.42829415221388145,0.21672422067865763,0.11379912268264981,-0.03270155221634872,-0.14056887275130553,-0.008554442832543285,-0.10858596389553651,-0.1803259158185698
TI,2025-02-23,0.5459123822571278,0.19254766730302622,0.1761346726202495,0.09925381991086642,0.5967321022987808,0.14539127282988473,0.21918607378412533,0.004434681582989137,-0.1776677172547234,-0.11601485379275796,-0.0284050300803343,-0.3283921318567282
TI,2025-03-02,0.5553737951958214,0.09527222999784386,0.14472061240099157,0.13445644697909573,0.5645325235802662,0.1614925589217815,0.10313549756460814,0.020389189932062565,-0.15546332229148704,-0.09552514059414839,-0.16537013980186113,-0.2922175798771536
TI,2025-03-09,0.5596748095561289,0.10747206178852745,0.20288389831732873,0.16214675924874086,0.6254332607183725,0.12110312923785303,0.22172112075664085,0.0066577219741879,-0.10879783119245438,-0.14207297476054667,-0.15532084045750094,-0.42740500407295884
TI,2025-03-16,0.6022225170614625,0.16719161777920927,0.2066715694530914,0.07910249621783838,0.6725296955619036,0.06283590051438043,0.10277241753185513,0.05612422361825028,-0.15341977561159684,-0.06808795598400731,-0.19329184422409132,-0.4860556431705621
TI,2025-03-23,0.653920120119842,-0.0034339883858550318,0.18369960341319994,0.08342102235066738,0.6976430466260497,0.07818423310652281,0.30271315434594603,-0.08312733430650758,-0.03068900283655099,-0.18863366656449215,-0.16922644476929466,-0.5980380648697089
TI,2025-03-30,0.5906265860363097,0.4992354729209458,-0.31828470683919313,0.4668017810394046,0.7264906925106448,-0.04658951599370261,0.27887719724703336,-0.5154558219568571,-0.06219113342677751,0.09058180133679147,-0.2746409318772832,-0.1213814905471122
TI,2025-04-06,0.626525914590754,0.11271407161248255,0.11140958075374519,-0.0814376174428946,0.6610724570313561,0.17007292802472965,0.20358558479004796,0.03835893824304716,-0.07477966358226007,-0.13252312618620904,-0.12872200820065285,-0.35531927184645845
TI,2025-04-13,0.5209195149896616,0.1935644269709984,-0.05040453996053943,-0.2384005305590206,0.5005775831295147,0.48263519412796574,0.2922720106019758,-0.009654651625720488,0.28367642296767726,0.14540477810558658,0.0009571202649727243,-0.3387585235003557
TI,2025-04-20,0.5528420369957506,0.1086349091291445,0.04837633887602596,-0.10479605354250857,0.5072388444923,0.31665636645149314,0.17283286626057695,0.03403407547549081,0.07448777447683165,0.04033700298549033,-0.0303528308202067,-0.31508512800249666
TI,2025-04-27,0.571711512694322,0.10456116296947784,0.11554021950815598,0.021400900412759247,0.5776250028310621,0.09659959923055775,0.1362365827211868,0.014909933723570645,-0.07966578508509067,-0.11207033558053905,-0.12846923585976275,-0.3968563652163848
TI,2025-05-04,0.6368627024359784,0.04208847999600619,0.05869658473191089,0.05827020845740689,0.6401354759982714,0.04453974649159544,0.17862782587668113,0.08523800371212821,0.01056481373792789,-0.038629174457261675,-0.22081369818051425,-0.3946161748535787
TI,2025-05-11,0.5557180501045788,0.14051366315723,0.15330361159467282,0.10359057681406356,0.5666266360829467,0.1156901428963753,0.020315871526303857,0.10277125280462122,-0.05482997408351512,-0.059678480585757816,-0.12481031659856362,-0.35295660489389885
TI,2025-05-18,0.5403810513030216,0.15623935359293173,0.13400960029870806,0.05847563778422274,0.5833001539793492,0.2314526701513934,0.15614960940518918,-0.005316950478434134,-0.13221307011347533,0.006811617162882407,-0.08872607696176436,-0.3106003767389854
TI,2025-05-25,0.5169873337364983,0.18522703074731597,0.22521507756188108,0.18114356884613694,0.6629130190228215,0.1537026182086998,0.22323984612707695,0.08012890855992899,-0.1361451899531658,-0.17355417232901674,-0.21919030573571058,-0.5560162152128324
TI,2025-06-01,0.6134589512998933,0.0832824203647338,0.057021338853964834,-0.07154514675071628,0.6072230408658977,0.16967897226200154,-0.033387580318337,0.06584360556014689,-0.1010320160064508,-0.0032490777903306134,-0.13726472203144205,-0.34674069441625627
TI,2025-06-08,0.5734154398945507,0.2829780293483856,0.26593923740439107,0.08869820826180347,0.6914537261113365,0.07707307472182127,0.2686110320689349,0.10264009521906381,-0.19683246998507686,-0.04433638914051049,-0.18194774577515127,-0.4391653997769769
TI,2025-07-06,0.611347680882486,-0.008094947902787902,0.21543248467123108,0.17462228521969986,0.6811205548414283,0.04337842124096876,0.16716025994590022,0.04833340891014537,-0.10936108147475464,-0.15408197524447315,-0.20224822922700111,-0.4874151947292162
TI,2025-07-13,0.5575536688350112,0.10847797724385326,0.16893069659936918,0.14890140790701922,0.6145393673545733,0.08794553296732678,0.21898550649599566,0.09336692728538953,-0.07688722532407084,-0.09225896883801431,-0.1402617759271021,-0.41333464933568376
TI,2025-07-20,0.5949451799900847,0.14653679510956266,0.10725291958189748,-0.1791228457391483,0.6319651517744317,0.2035057190367032,0.23427178322722947,-0.016770220747409675,0.01877781077275034,-0.06326564070498769,-0.1761659371856272,-0.4993202822365658
TI,2025-07-27,0.5916759243946709,0.11345667884909615,0.19027431520154317,0.07483872399663885,0.6442322210381008,0.07412511096650713,0.21337339679212997,0.05562605607342675,-0.15208202303134777,-0.17963269505557036,-0.12822719214204606,-0.35414743491189693
TI,2025-08-03,0.5814524279173597,-0.07956763817736015,0.08621617441891254,-0.012761631994639203,0.5320448916025526,0.1338978891672818,0.0993144757245376,0.012158332211405755,-0.009024699619388246,-0.00716483533356268,-0.08345557837036195,-0.3774030707825285
TI,2025-08-10,0.5823932302325322,0.10889041004332678,0.19217847421026707,0.10525912332201479,0.6330243983058216,0.07177593942265115,0.17397559441186736,0.04946787669930347,-0.04737808670853731,-0.12386294758726951,-0.1958343102580496,-0.44743166250391847
TI,2025-08-17,0.5419572852881879,0.17011660287898794,0.23225818217904992,0.12138180169683528,0.6388453801661045,0.11425480893046527,0.27248028899200377,0.0072606584470017825,-0.04523235989343677,-0.16718298590521855,-0.23203410781042527,-0.5973911929554848
TI,2025-08-24,0.5317102190756987,0.16886566794504115,0.005853956867565846,0.12424430040070188,0.5273939092984853,0.11848054189206852,0.1723300823760955,0.17150619849322454,-0.1277407754592605,0.022352940912868647,-0.0009901243709972344,-0.15007576843967774
TI,2025-08-31,0.5683194827517848,0.2342378366869914,0.2912093009201736,0.20246894401138127,0.8085466973942678,0.09723823114975157,0.26076270001518276,0.07179163843674487,-0.1545030658428238,-0.22995003055087995,-0.25242573272966473,-0.7095553035687316
TI,2025-09-07,0.5922247984705344,-0.11071577553295253,0.05737316679963214,0.08116805514762014,0.5112921192223542,0.08711471651606775,0.05914145422785235,0.00796533652789262,-0.11722971749079751,-0.06813496175211672,-0.08305671397743512,-0.30900420768417364
TI,2025-09-14,0.6293380064710906,-0.008187460548329499,0.18569822980903558,0.12583008812822047,0.6529256914743918,0.10746463026598269,0.2066396368948625,0.0056311181688865,-0.13137997905828924,-0.13981403121373412,-0.18405975897744262,-0.388580275345374
TI,2025-09-21,0.5841916069913865,0.22115811315762435,0.2687563815098116,0.15489509197336546,0.7119773867625042,0.039881785434065,0.2665400297420811,0.03400492152465554,-0.04641959607308792,-0.18716512039023112,-0.20481900177512724,-0.5829215939667587
TI,2025-09-28,0.6929126249839728,0.14022661036949477,0.13889990986408401,-0.2646618664790794,0.678639105930145,-0.06580217432729721,0.11019972218975208,0.0423608380766377,-0.29192852903308925,0.05037092329193472,-0.21886815683286576,-0.42764835759359093
TI,2025-10-05,0.6659724983271131,0.027496086603195725,0.23481206080308606,0.10768722945495571,0.7621089775829781,0.026477440127846023,0.26287116727421717,-0.035875583241116414,-0.18781712725852034,-0.06136322502826329,-0.24027306907683577,-0.5952650735260784
TI,2025-10-12,0.5800245613237385,0.12006619584564547,0.21730406294894355,0.18736364325217314,0.7130482990258417,0.08070233994772187,0.23396780930873676,-0.005337178573347993,-0.14501168935835,-0.1282400137584874,-0.17259164716640343,-0.5510066856724398
TI,2025-10-19,0.5604392963260988,0.0707802638595252,0.11318107563483056,0.07872361489149252,0.5883144060430644,0.068104705235949,0.23622814636068806,0.08794723918024412,-0.08438687072127611,-0.08223816141355615,-0.19687000786326303,-0.48475958348702614
TI,2025-10-26,0.5737825981724816,0.16140821430202335,0.1950082038253254,0.11681446868065307,0.6713263905235433,0.11329824550433339,0.23401347227945568,0.006026346464704553,-0.16426794566174652,-0.010632831023596866,-0.07195092752545375,-0.4347162142928027
TI,2025-11-02,0.5325716382806035,0.2380660146111302,0.10623582149214504,0.09558168803862975,0.6222430078541087,0.1671621401359653,0.191112493430991,0.04291733764959845,-0.04709393382716688,-0.08941388730446272,-0.10729643248922266,-0.463317752941876
TI,2025-11-09,0.5681731393070693,0.07262691764721588,0.12373891021746782,0.0972693876659835,0.5904792467423948,0.11439616711161434,0.12037958762079563,0.05977449417273861,-0.14604709086876363,-0.11118535648172272,-0.17191843523092648,-0.3530958422692871
TI,2025-11-16,0.5829648921640599,0.039173227430375684,0.174082610617662,0.1324633571788915,0.6674875004677077,0.13724469413735044,0.1379252334335228,0.07046185844712746,-0.19544363107768306,-0.1283126375550723,-0.1800291746682594,-0.4465335640009541
TI,2025-11-23,0.604771539436432,0.1892821916985618,0.29918236307098267,0.15013018735270758,0.8146248882329856,0.05831302124686304,0.3273321361013671,0.03024628156187534,-0.1164609951625434,-0.3001007330593728,-0.3093777611482287,-0.8071663377118258
TI,2025-11-30,0.6035829285824414,0.22884927874822064,0.23900683750088478,0.08631519733106477,0.7677654829392033,0.12100940749294894,0.30276816795707007,0.051014487041479574,-0.07122084168971679,-0.17972154831064507,-0.19031848615535643,-0.6875949379649977
TI,2025-12-07,0.5227542348488823,0.18434405850542587,0.16982127116709386,0.08578966666854505,0.607163944893492,0.14354086952052983,0.2099001474902198,0.12480571201160774,-0.10605923180940247,-0.11162641022338093,-0.10784479485194454,-0.4148379117337186
TI,2025-12-14,0.5254124137995516,0.10520376937785982,0.21715975170472596,0.19843448991548532,0.6246770600578747,0.1708474999178951,0.12467346449445477,0.08871720765869608,-0.2023787924872609,-0.15768176579183968,-0.14268768761554634,-0.47328834543342263
TI,2025-12-21,0.689364884670901,0.04776417072836091,-0.12523959629724876,-0.22354482552369312,0.6480956022250135,0.13622185458232494,0.10659778432504755,-0.028398266359564255,-0.07390671070141627,-0.06777802535764477,-0.13014605781624972,-0.27578653863425906
TI,2025-12-28,0.5426318588356117,0.1599358618471918,-0.012195539762143581,0.12288069826768865,0.5927031908354666,0.14722632921692777,0.15500557351071068,0.0060411959449613315,-0.10671408318374,-0.07084035523608546,-0.06453510118309953,-0.3392245303765243
TI,2026-01-04,0.6175544863133458,0.20780890201516788,0.17433205553944348,0.12008977124807316,0.780092585060606,0.05560959109367377,0.31573862982229994,0.08811785323911371,-0.0282088939082247,-0.20128289478875963,-0.19735930220173478,-0.6052444850629448
TI,2026-01-11,0.6400614158725904,0.028705844787258277,0.18490928887263208,0.05341249090294088,0.7025047721049864,0.05903103405661759,0.2915957770108061,0.08795616239647998,-0.03391916027044146,-0.11168334870964479,-0.22059098803452037,-0.4338565196056909
TI,2026-01-18,0.4971404489601004,-0.004527907690174457,0.0825356157392574,0.0458934260284403,0.4403283764841797,0.26333852252004647,0.2149149801685524,0.02880270454878746,-0.05042763207617832,-0.0019525587280565246,-0.04285590257389487,-0.28486172668050963
TI,2026-01-25,0.6198345727096369,0.1598090602820632,-0.03057835800687081,-0.09061910131299729,0.6208881855140769,0.1629072891019912,0.10936466783182362,-0.018283923306002196,-0.05612053532449268,-0.14315412663995314,-0.011058789560174974,-0.26163762058147416
TI,2026-02-01,0.4779922152045118,0.08182031768653494,0.1350490579978037,0.12633876804580985,0.4732334478170883,0.21466714973427226,0.28178002900855104,0.05676396685009303,-0.1485345151904656,-0.10125787332911526,-0.08008057637638878,-0.31231128120898055
TI,2026-02-08,0.5677663210003149,0.06991449490866718,-0.02489998263300696,0.11392258889453503,0.598436970181995,0.10468028569453162,0.12168601729652542,0.044382576807958714,-0.16604406261104568,-0.06958675848571376,-0.09454293023077359,-0.324479786008347
TI,2026-02-15,0.6580342568601291,0.160352696586964,0.16291060262315252,0.09108451247278083,0.7922535968585008,0.06390346575780055,0.14995104916528126,0.07214906063283424,-0.1469364696531643,-0.03606684608090215,-0.16825978270430042,-0.5664902860998284
TI,2026-02-22,0.6819916630271895,0.21610190658442394,0.11774730143172833,-0.13409524656697228,0.7667436759848981,0.05931775155981517,0.21976219429800797,0.043667227613799924,-0.13320168604494376,0.03416588326572278,-0.17903360678674252,-0.470161589069995
TI,2026-03-01,0.5863802011169962,0.28146767034852016,0.22176466029329478,0.08487099524166496,0.7634266013688186,0.1705164815182312,0.31240679477202166,0.045861222324101905,0.042599256357088555,-0.11904583396000369,-0.16271316748574627,-0.6778859172109236
TI,2026-03-08,0.5570278944330218,0.08272344426289463,0.024979477163254285,0.049484176955059196,0.5385122479317933,0.1521344093387589,0.08276959032124735,0.08635069375471614,0.007668612900116416,-0.04697520603998252,-0.13585151825860137,-0.23973496279802897
TI,2026-03-15,0.4794499696876551,0.041344213957311665,0.17922693258975414,0.25402311848379244,0.5259343038343447,0.2559731735347873,0.07812434924096051,0.08104322453988298,-0.2931297173068898,-0.14994324135817785,-0.05638808866224037,-0.258451605937018
TI,2026-03-22,0.7553323337437736,-0.10354186665225752,0.11795518133966092,0.0402657024561483,0.7560539145720728,-0.08897278340279946,0.2947424386476662,-0.02470429837691978,-0.06562408261369557,0.009371551850736442,-0.15807992952762337,-0.5564373561507174
TI,2026-03-29,0.6733370874992074,0.17912338296804367,0.30528287443060054,0.15723907999199083,0.7209865606489307,-0.019863110136081313,0.23440484859898586,-0.07274399334092578,0.049420423737965076,-0.19030937700711298,-0.30650410714964105,-0.599842661819402
TI,2026-04-05,0.6331793877507368,-0.033033337677710675,0.22376504931357413,0.20092176341721898,0.6610134348694571,0.09786542905252184,0.16722485839455978,-0.05636050611075834,-0.14641494178393236,-0.17199983051668208,-0.25758774114136096,-0.4701371974271713
TI,2026-04-12,0.5552942737498971,0.24618026134943538,0.17457455064472746,0.15004459751825003,0.6771054604109514,0.07344681631327225,0.24284233403182187,-0.010942188225341687,-0.10841372513862989,-0.06990339211895863,-0.1295559720657863,-0.45329926655834335
TI,2026-04-19,0.6456346165907912,0.08776131070431042,0.0895487445935521,-0.05289282386622,0.6054372853261359,0.05225309821868388,-0.17219531306315156,0.033082582307275725,0.01543897802860478,-0.11471946251506925,-0.12195832750260903,-0.4041341684714638
TI,2026-04-26,0.6439689997694151,0.08876830761493582,0.08742761808642438,-0.004179898436578812,0.655034706971026,0.05713787152723594,0.18123775697434036,0.022025550350434093,-0.060327056143004244,-0.14243338380231257,-0.18034962749413036,-0.4843386582088785
TI,2026-05-03,0.695727097733228,-0.1484973607460193,0.04729474732209111,-0.28992935458703134,0.4991529754009314,-0.032663451188422406,-0.05079796614102587,0.1404649664543019,-0.18451630372018654,0.12902964219703483,-0.3778939413101992,-0.10000300075002516
TI,2026-05-10,0.504871189676238,0.2057537867476514,0.2707933675054648,0.21219844053219727,0.7076410957382091,0.1398785046014167,0.2702115142153946,0.09853069769435921,-0.21038258813648456,-0.22412802864461306,-0.1851535038237466,-0.6223512471160355
TI,2026-05-17,0.5963583083699232,0.1942335748609743,0.16859430293688576,0.12727173901692249,0.7135786811888305,0.072113648759928,0.16190777075247298,0.13601713842927998,-0.08601058513430798,-0.07238646204080552,-0.0999867988307717,-0.43106518795323207
TI,2026-05-24,0.6354423185685423,0.032221339561990574,-0.09506227715831762,0.07533869776132242,0.6262239919461388,-0.04260788647211148,0.05360652734674825,0.06378341733944547,-0.16997335080372183,-0.013330434970605686,-0.026157326588233106,-0.32692183939110403
TI,2026-05-31,0.6718383637244479,0.2139338546452691,0.1617653007939403,-0.10185729384434171,0.8000544401734369,0.1236466726424884,0.20561405747207276,0.058578550973798146,-0.05973894717561112,-0.13162128393954795,-0.3147402808668796,-0.5855432220950596
TI,2026-06-07,0.5906374272736958,0.205953352172766,0.23038617109437273,0.1911780431277974,0.7802741786360521,0.037534745645279345,0.27094636983095927,0.11539700122540296,-0.08645691068924512,-0.19613314037088594,-0.24183544073181906,-0.5783159450279579
TI,2026-06-14,0.5960008482671022,0.25901637917669323,-0.06598080475098528,0.19469469344215118,0.7317774942344935,0.08978193787229556,0.1976276505379083,0.0779429665488893,-0.15223506678499713,-0.06891539711315862,-0.14453104641013814,-0.4233110727679706
TI,2026-06-21,0.6219795396025588,0.29363820010551184,0.06580991140620017,0.17657615051949382,0.7866463954451997,0.07423285991735094,0.16209121210470517,-0.01019918343157269,-0.09559227746936166,-0.05219551390725227,-0.12183434043637827,-0.574066637436733
TI,2026-06-28,0.600993905881582,0.11471719205406085,-0.005044880923404568,0.08738669221596526,0.6146200825055766,0.11720521033444294,0.03439451877910512,0.0794361262356939,-0.024608921768827795,-0.08179240285933538,-0.2020703448460103,-0.44877285791476124
TI,2026-07-05,0.4604112295776124,0.19706235452895626,0.18776117510076334,0.1776318824908494,0.5334383801011504,0.21013275298008008,0.2009139278920011,0.10150795832709332,-0.17802368305019656,-0.08376984979271718,-0.0733047748358292,-0.3135520541408026
TI,2026-07-12,0.4960894409962301,0.23634454581173384,0.244762844611134,0.16984531738386102,0.6611464770895374,0.19633884480871458,0.3579929497610209,0.10417923001498135,-0.12894675790677912,-0.17409836088106537,-0.10274259626880297,-0.5606083551671501
TI,2026-07-19,0.5412522329342017,0.11735701265402758,0.07404519399403009,-0.09213616574507304,0.4984118302534425,0.2434961243348121,0.10151119504212751,0.13625254942230572,-0.017586970380341654,-0.06951006357189128,-0.16423023074293702,-0.26781610021609387
TI,2026-07-26,0.49437033252629436,0.2611587623166819,0.2941820490300993,0.21587966497670302,0.6634591570554124,0.11316735407391709,0.36250176431969705,-0.0003958649346247165,-0.116810488846012,-0.22820142255077738,-0.22892941011900886,-0.6206595627985471
TI,2026-08-02,0.6422993473114786,0.14209787871818655,0.19466988001381513,0.029315192435884072,0.739990995700477,0.07188934321794428,0.15758635798972742,0.07607590129623533,-0.160647840910636,-0.11950245074780587,-0.17575177303410622,-0.48536339441460585
UZ,2023-08-13,0.6344672404767369,0.13713881413352969,0.022973809655185255,0.10051538734773961,0.6880949552708477,0.07976048839472809,0.1852226488635288,0.0351484217569038,-0.07301936605100058,-0.1319131015526714,-0.15289398815444724,-0.41135614272243537
UZ,2023-08-20,0.6074241810931863,0.11212078255959944,0.11410816301314486,0.12336708393562121,0.6757125731425805,0.047881359609449,0.17528422051297254,0.05042796690500985,-0.08160871120321558,-0.11582825251896936,-0.1886442740416852,-0.4830968811809004
UZ,2023-08-27,0.557140119123653,0.17037841499483733,0.20192592331202142,0.13115918062357576,0.6156734010772056,0.10370934296265127,0.15478234374110464,0.04980590747485433,-0.08602940578596374,-0.10233137242761961,-0.12342861766273822,-0.35196888187505476
UZ,2023-09-03,0.5925574599076618,0.23880573258474722,0.26162393392357675,0.19345730821412627,0.7335427701652861,0.08687682251509092,0.25207104299312527,-0.03374323982499903,-0.09216137920424616,-0.13502357116233268,-0.2160184943762798,-0.5646375907607196
UZ,2023-09-10,0.6533764524647457,0.06969442729891176,0.12636650968943874,0.04824903436940235,0.6386563311866003,0.013052337015552301,0.021862492983524856,0.06677589440944373,-0.11213832104362312,-0.07660858101877766,-0.19317989492251902,-0.36985534936928594
UZ,2023-09-17,0.5296005131431226,0.176122688213597,0.24094927135051317,0.18894474418830512,0.672930276273818,0.11192973714900924,0.2624090573284767,0.05273135731726912,-0.18065776237368794,-0.1954871516936859,-0.1819212600212799,-0.5486940086968284
UZ,2023-09-24,0.6562903671121038,0.09968970262882075,-0.014554053230487002,0.09370552046469134,0.7178889249962939,0.01670042520487974,0.22040843036566393,0.05001908366949653,-0.04100372598613575,-0.18876390846268293,-0.3222287046041213,-0.5551921432512064
UZ,2023-10-01,0.5766130152171999,0.1370908961977452,0.13952282047085648,0.03694923680786816,0.5974406599869478,0.08111209487006615,0.12666757518938984,0.07528326138308973,-0.12751205484487024,-0.195387494542609,-0.09216022940057597,-0.33119250833031644
UZ,2023-10-08,0.6335607787414983,0.10373649553484181,0.0027495953792147595,-0.010339130537734659,0.6632994749974694,0.05645598049167873,0.2789512667085398,0.05455760718878916,-0.03046468813754618,-0.08010023054942765,-0.24551369157154626,-0.44161948305914717
UZ,2023-10-15,0.5697620014522892,0.16546891669585473,0.26830139918932894,0.17225240463975486,0.7268240935916859,0.09164322282108857,0.3248750182867962,0.07292555256525055,-0.12132016850398243,-0.22942217899323958,-0.22386375601711603,-0.6197252577691844
UZ,2023-10-22,0.5812759981380086,-0.037795934313840124,0.021637885019467572,-0.03119957592590099,0.48932462089005746,-0.006889821639384217,-0.040245417054521095,0.10288252460425205,-0.18950991667876713,-0.10034740431831078,-0.31197206282648915,-0.270890620925848
UZ,2023-10-29,0.6109528054888325,0.105519317659753,0.1759773852503455,0.0978593027564786,0.6673997214781812,0.10163084902067203,0.2001429235085949,0.03616272807364752,-0.06639494193678518,-0.12293094539118662,-0.1550972020229508,-0.432305722151341
UZ,2023-11-05,0.6008924141050227,0.09736470562688954,0.1696699139753113,0.009296161851040636,0.6129463491851732,0.07881771011518832,0.11270474309743506,0.03595720751000479,-0.1495424169102151,-0.1259997653629292,-0.22722881971676304,-0.3950257201932181
UZ,2023-11-12,0.598020051498325,0.11564256378700273,0.212618453207434,0.11148500092171229,0.6261163702655739,0.012123782438714372,0.23192109148149176,0.06648987735863554,0.03680762702991083,-0.13589011949896043,-0.2898511255926384,-0.41930867583111764
UZ,2023-11-19,0.620402566263751,0.06976543573107981,0.008661511664690352,0.05429778690361255,0.5819191582607907,0.05020932685963204,0.12580890583177962,0.09440640952372521,-0.061912111417951554,-0.03687218157375193,-0.047649510522639285,-0.23500911522820112
UZ,2023-11-26,0.5996199263234383,0.1052914940350866,0.16414858661210907,0.03628613515042,0.6000613517688521,0.07375239436353592,0.15195237211554605,0.046575422019384735,-0.09737268450722177,-0.11308578484854401,-0.22204608196262837,-0.36152794443120845
UZ,2023-12-03,0.6215079531280184,0.12475533768646914,0.15611479939974632,0.04350904931855463,0.691458144745289,0.08148937196671545,0.21205916984729078,0.02353071954968099,-0.06799927165452976,-0.11096105846597581,-0.21707422521378608,-0.5263522376245096
UZ,2023-12-10,0.6266589622452728,0.23390390364631064,0.02596197965612692,0.08098451900316146,0.7146039081561245,0.03631038318488908,0.09292519013210765,0.03784552653164825,-0.054793713229610214,-0.06960294315238573,-0.1629425039844617,-0.5174485250294468
UZ,2023-12-17,0.5663759126165743,0.19059178008811728,0.09596634091677791,0.1467918657125821,0.6281055648151804,0.09433042264145455,0.14441441888322926,0.10892968023267947,0.013008716737785087,-0.08944119187688669,-0.10134386350039432,-0.41417323675983747
UZ,2023-12-24,0.619093484974064,0.20108205222497877,0.03466259823478729,0.1139520521498356,0.7133910314818293,0.050762387891505306,0.21698460934326239,0.015610807251164467,-0.08869074981795329,-0.0809412199514131,-0.1382236556950766,-0.41995431307101455
UZ,2023-12-31,0.5868099311430621,0.13550921812521757,0.16714747710131675,0.06436505648502329,0.6477370693605538,0.11012232538222456,0.2593794235252115,0.019206691906182325,-0.10938673105036947,-0.100801659527076,-0.16327136441752588,-0.5061696096450115
UZ,2024-01-07,0.6141094286387352,0.06441268997412208,0.07981575061174927,0.0025241072189246213,0.605307590032783,0.06995434747197453,0.17194081407585052,0.052637630245579874,-0.04410965509526384,-0.006079731529796174,-0.1455199215903423,-0.36103776033451906
UZ,2024-01-14,0.6178900564499262,0.21366396011246253,0.046577515104866,0.09802032081694115,0.6920330353506879,0.06906980128538477,0.13744817637560944,0.045435357738222305,-0.026707012416480325,-0.10091522288765505,-0.15380397761369705,-0.4626646265989468
UZ,2024-01-21,0.6262153690327108,0.2903242520193555,0.17987366705064586,0.047442795383323015,0.8038928556165912,0.15251985303885965,0.3652058964490155,0.16486375767985695,0.02860338073074199,-0.1711687233363776,-0.19032892544905028,-0.6137237974266457
UZ,2024-01-28,0.5945645825923163,0.03859003228778565,0.1448218994125471,0.09638316927699564,0.5741884934565713,0.011396342684237813,0.14403748628506666,0.04304786647959678,-0.09746295185777987,-0.08508275848461666,-0.11735447755002648,-0.2931709872195932
UZ,2024-02-04,0.5734972027856021,0.13128446924887116,0.1717303960721395,0.10310341674925072,0.6088681274220917,0.14412411718377163,0.1787944847022104,0.059777475932580086,-0.05584270981593933,-0.08328109520055198,-0.16790763837216557,-0.3567565056750439
UZ,2024-02-11,0.6139820714647581,0.16808825751520337,0.15514742215280322,-0.03740199312267099,0.6666098378141805,0.09663146229196344,0.11449066598652978,0.024679245038871516,-0.17337289837454334,-0.03646978913077295,-0.17077781310419404,-0.450610243354218
UZ,2024-02-18,0.6459748576745703,0.06127706518961709,0.148321648824727,0.02723898440106517,0.660472480652284,0.04438023239860902,0.15095418936529167,-0.017377396507285054,-0.14168152987755409,-0.1345824837895365,-0.1632870739467504,-0.42120338579169025
UZ,2024-02-25,0.5242640860357543,0.09794123874449026,0.204393910735139,0.17175283509818956,0.5571888639125477,0.09893890365580787,0.24663019309223413,0.054729276857263184,-0.0900988593393144,-0.11663118815136385,-0.09568485354809225,-0.417121916198965
UZ,2024-03-03,0.7079297355235652,0.15383137514073997,0.04162362159474151,-0.3859535572086712,0.6727528071476383,0.14982086340722137,0.10351763974215238,-0.03953555649761046,-0.1255916526755861,-0.06135242548936866,-0.06852821234094912,-0.2862210296025406
UZ,2024-03-10,0.5950934847840542,0.1939547341739819,-0.08064003767103083,0.1713927891219812,0.714680249556983,0.10225634533410385,0.23184970067590832,0.06986236110677009,-0.08152513026937508,-0.12266593361411185,-0.17684070412897623,-0.4819260447223584
UZ,2024-03-17,0.6198841152530227,0.2243327529705062,0.07562686602193228,0.16212416640262986,0.6641495561048864,0.0716667310186368,-0.03529101533227738,0.07855801436442854,-0.034195613408988274,-0.03524142951299653,-0.05577860585796191,-0.369644003345595
UZ,2024-03-24,0.5299470437978034,0.23572259154627698,0.18640182046840445,0.12861418933571012,0.6483576447653752,0.2532584175367181,0.33239284400589886,0.07836911929247757,-0.054998966135067426,-0.06055340269455784,-0.03863388226889677,-0.4523757402438233
UZ,2024-03-31,0.5723324640786541,0.18877429790321226,0.1710770134646888,0.13572811895074147,0.6270353753875186,0.11535182958181936,0.23116062447548383,0.022941436828443885,-0.07239292008151153,-0.08850650416361051,-0.189338177823738,-0.4204439685856578
UZ,2024-04-07,0.5778126954175381,0.15556195459573421,0.1233530204887877,0.10200551339543032,0.5763867276227496,0.0873004824740775,0.034362574299374185,0.013826151358409389,-0.10629237395137024,-0.018233340147347413,-0.05944149990263358,-0.29454146037897205
UZ,2024-04-14,0.6206960437526987,0.16583758476292287,-0.03517034899890436,0.13417263315367162,0.67833065352069,0.06115591177162332,0.18603449861331386,0.05867141601422357,-0.034798225421770454,-0.09855997539190307,-0.15227868001150432,-0.4140755136308179
UZ,2024-04-21,0.5609373702005442,0.2587204917142147,0.24310162699992197,0.23758836361909844,0.6723036713322657,0.15240179017528827,0.20003027765920708,-0.10334309176859151,-0.1398134832439459,-0.06624491052719077,-0.15903321277204224,-0.35701121122996365
UZ,2024-04-28,0.6613167143796022,0.01194573853129415,0.09822784067412293,0.023347957859242586,0.6297779571677,0.05544515535914472,0.0033034053261474256,0.04045705676445963,-0.06035067609872166,-0.10339416712184007,-0.1475047758181543,-0.3873387399273856
UZ,2024-05-05,0.6020173254190793,0.0347724845835712,0.16421712873531716,0.1337494125177395,0.6114868855242265,0.12266162564697757,0.13874009737077891,0.09823257664072191,-0.16198123326132435,-0.09176161291791457,-0.1191840044263985,-0.3303026243750872
UZ,2024-05-12,0.6153971104670332,0.081144794571889,0.16449103439504562,0.06953442319399941,0.6211602007010357,0.05765387563721688,0.15105229194849734,0.006288743906545655,-0.09655960563004783,-0.16290110190210857,-0.16189796483480584,-0.3655772839418479
UZ,2024-05-19,0.5877027232857878,-0.05164772682283962,0.08546283066270895,0.1557081855265284,0.5469936890313208,0.0008755203672764098,0.22063636458734467,0.01413351086575672,-0.018960072812240873,-0.02484107105619485,-0.1723079174557981,-0.28728807432295783
UZ,2024-05-26,0.5748371023403833,0.2522664798716574,0.24322744389369072,0.16477576362432406,0.7681205580877275,0.058057410384107055,0.3136383868957791,0.05816584360859006,-0.08045340475279993,-0.21877596920495695,-0.22614124519228457,-0.665369153495339
UZ,2024-06-02,0.5891278119967349,0.025267292830792994,0.14444058201371526,0.07577483728553372,0.5815567913628467,0.12500164060271948,0.142213335022156,0.0011598789607790022,-0.060498457038331115,-0.0647015122967064,-0.1849405176653583,-0.3254902442195513
UZ,2024-06-09,0.4880017966267092,0.1977769220750188,0.1529130686739193,0.16663829135221228,0.5433136198528595,0.2077502350254068,0.11439167199867468,0.14200224088087188,-0.1067142903471947,-0.08176156024363944,0.01756456623545158,-0.23852748484758482
UZ,2024-06-16,0.5925665302956215,0.1257022358169204,0.14335000961179725,0.12111448122569636,0.6801379123702028,0.06761584206834287,0.2580903071189328,0.03760438838436187,-0.08641529375911657,-0.1801027249064842,-0.1727910529267506,-0.5265682014274723
UZ,2024-06-23,0.6019496295822844,0.09444930405568332,0.13242682558904142,0.12263693986225477,0.6574609851560863,0.02783379023501094,0.20758379765758347,0.041526831845308705,-0.06706179874248915,-0.14678135667596318,-0.1926731638336045,-0.5127071532819129
UZ,2024-06-30,0.631509652541869,0.11224727385499166,0.2213561104120762,0.11030531267978001,0.7235696502121208,0.08259880851192962,0.2554486429113123,0.03502400158547806,-0.06627649690641835,-0.18080885729749627,-0.26273541535355127,-0.5427209480670258
UZ,2024-07-07,0.600398277930171,0.15735370086117745,0.233178088249795,0.1277935777692162,0.7564269020006146,0.07820081605359522,0.293089395498554,0.056336790114006136,-0.12254632774788003,-0.20347590004355004,-0.2765510363217531,-0.6266486158146064
UZ,2024-07-14,0.5993290272592697,0.10565794519468465,0.22113503139900312,0.147657924134304,0.6913472156344433,0.06994139086548713,0.21900626356048267,0.08629391415168043,-0.12395349640829458,-0.1523456791850221,-0.2071527682313929,-0.4899908031724917
UZ,2024-07-21,0.6035991214128699,0.08793455918175998,0.15886069188400012,0.17935506690792824,0.6569098462683209,0.08651594116363802,0.13412977697588976,0.04306405549666984,-0.1078226298215461,-0.05927398043091047,-0.0838451813422356,-0.4098286628638638
UZ,2024-07-28,0.5781013772167876,0.0594743486035603,-0.010064784809721077,0.18381878884570363,0.5959489071089229,0.024407129507522978,0.1304179557243206,0.09300702086051159,-0.10117579457560523,-0.07637174391202184,-0.1055797193248935,-0.32185694734483855
UZ,2024-08-04,0.6987180394867396,0.1138952153218352,0.08953324605937889,0.015675986341482432,0.6981005492707238,-0.06396508150839046,0.19160886920316125,0.038173585391467674,0.015284423610393302,-0.21988571070333907,-0.1775724359518034,-0.34167583764619147
UZ,2024-08-11,0.7179901277058267,0.07001761553086136,0.08422315207401916,-0.028249719127252194,0.7214225564079153,-0.0694324006047238,0.1686072004126697,0.05630987166038504,0.021242340184878493,-0.13764497419233757,-0.27478342952331847,-0.32562314047963103
UZ,2024-08-18,0.6109609777129194,0.0782809447643711,0.08131016745393485,0.1596923679658274,0.6426067436655497,0.04889504444239649,0.07439934356462448,0.05260453133564043,-0.13362049918091087,-0.11908409432371551,-0.14230330283686382,-0.38926095211416656
UZ,2024-08-25,0.5765826432961685,0.08956738109463955,0.14835458883328623,0.15652800384352528,0.6224544317505512,0.09124706154751802,0.1743909646405273,0.07032245380568249,-0.1099638677352951,-0.11451337924394278,-0.1548069201439095,-0.38862003481068547
UZ,2024-09-01,0.597510734453019,0.060345996051355176,0.19195568010484995,0.14669253393785062,0.6486593694059182,0.047071866253841216,0.1120589893201974,0.05343535093153744,-0.12720760408605308,-0.11954254760881916,-0.1769306712246999,-0.46983475846186723
UZ,2024-09-08,0.589156028236277,0.051860407910355934,0.22678730056733623,0.16201881591746284,0.6205649200248269,0.04701326315768865,0.21702709706475565,-0.017524773752552642,-0.11379110421132278,-0.11641945896580785,-0.1697936071875576,-0.4522667524560048
UZ,2024-09-15,0.5810065493325492,0.10579629706337842,0.2034652298364573,0.11094709955337456,0.634459374860209,0.03182510504464803,0.12120705332980979,0.03666737130558809,-0.03890163262825355,-0.1621092661156157,-0.17971052192853648,-0.491304512642458
UZ,2024-09-22,0.6299339666389068,0.2117354106438347,0.11061754431864251,0.07201550839566126,0.716495205615799,0.07154279051903117,0.14063270319594268,0.04534541049721546,-0.05760004092743325,-0.10486038218571739,-0.17090848775147588,-0.4593710787260406
UZ,2024-09-29,0.5754361445875479,0.15164875184606683,0.13598009599742347,0.17387093114769753,0.6419074262311324,0.06708376697400183,0.1799923787056932,0.06219623577350357,-0.10673916064897544,-0.10531330982093827,-0.16847286748392964,-0.4033793935628238
UZ,2024-10-06,0.530721805068334,0.11719180274662189,0.19055504522473768,0.18373742538561358,0.577082881408587,0.18361169639126412,0.16282655557576647,0.10207777299107051,-0.18620390806341225,-0.0955318066837316,-0.09420964477181716,-0.3315499589322619
UZ,2024-10-13,0.5093834861264538,0.11545807351590666,0.12201136448081552,0.17909319412846117,0.5926269615587035,0.19156986921061403,0.17901546551069986,0.09149233325041291,-0.18063500386646836,-0.0944181862780681,-0.06816329006878895,-0.3489692030485093
UZ,2024-10-20,0.6317612752944253,0.1983416488692557,0.1235348158179866,0.16310764922655796,0.7598755713222786,0.05765872274807582,0.17495161918509325,0.05069255974262186,-0.02418785573390926,-0.13767010549578573,-0.1794804348282371,-0.6036844979640235
UZ,2024-10-27,0.5981624277155481,0.14640332075416806,0.19104691379879601,0.15446232066814913,0.6598870471259206,0.04385125718933496,0.17696821235965443,0.056280890750980805,-0.11261684368421011,-0.12750948636375373,-0.13925802325316086,-0.40713761661253517
UZ,2024-11-03,0.6529868680875535,0.04326668264023179,0.16472639829324945,0.08433829304096271,0.7016059509885496,0.016525175371572092,0.18180966754630193,-0.0101454750649081,-0.07908313688877565,-0.13988852440506075,-0.27488617793241027,-0.5560385984823362
UZ,2024-11-10,0.5993440893028309,0.12729688512043083,0.1558792616998729,0.08576017481342099,0.6436249561236784,0.1075900208817659,0.1751082873667959,-0.01492474885881821,-0.057437267276528974,-0.08234186494600722,-0.16177660540749167,-0.4150718335013849
UZ,2024-11-17,0.7204718643321859,0.26362266334741125,0.2628763384488541,0.12022573680561716,0.7985385504099293,-0.11459262732790504,0.2808379359687431,0.03514028415400114,0.13534476886412283,-0.13367385809431018,-0.16539161474508207,-0.527129718191284
UZ,2024-11-24,0.6030212880765483,0.23359944733030483,0.14765399039727475,0.11396858674739233,0.6997849465248411,0.11217249159816614,0.1717175600366541,0.06297568533561701,-0.08753012723155133,-0.004777074760387393,-0.029529780648513807,-0.31184505999851425
UZ,2024-12-01,0.6096147648082476,0.08706822300861133,0.18340069179152155,0.12554497711558735,0.6620882575359217,0.06706092633477526,0.20973697343669745,0.025818786560815533,-0.09706605693526614,-0.1242311555815326,-0.21158355227619188,-0.47173332222386466
UZ,2024-12-08,0.6305479721714929,0.05953683842597284,0.16114014077941935,0.06331495500566506,0.6150716635617036,0.05306484109860837,0.10981139793021827,-0.025064373094416042,-0.07503262692645796,-0.0187129080247214,-0.18465021011423288,-0.35683545522333077
UZ,2024-12-15,0.57897692112404,0.1730762048597974,0.11563363147514444,0.09832885525248261,0.6201552380208858,0.10755791275379327,0.21735012227030492,0.045294371926080115,-0.04450668329128521,-0.08546233229025839,-0.14622477529775255,-0.37325941629374937
UZ,2024-12-22,0.5668692300952085,0.12157952812203951,0.11530619568916783,0.1030078889601532,0.613762832763167,0.07771412175643752,0.11208879779476824,0.07362125666384933,-0.1071328462252452,-0.1027418732546526,-0.16534020653631265,-0.43116661958623004
UZ,2024-12-29,0.5787870421943703,0.06873579696316326,0.21519104469743627,0.10722396494989449,0.6101998640043534,0.08329354684981242,0.2241521777996736,0.09243700582521404,-0.10802277495598801,-0.14927443040802774,-0.2654925435120232,-0.41685973925786307
UZ,2025-01-05,0.5909655241269808,0.12558663999190386,0.18933366416221087,0.13477148702397598,0.6537240834100613,0.12834524966436095,0.20263741811212208,0.15191346395913624,-0.06299853967334557,-0.12104821718671599,-0.09911360794674587,-0.4104049780473227
UZ,2025-01-12,0.5852861009278899,0.14706126580932088,0.19045156589737527,0.1278225181679668,0.6544647117966323,0.10419564333806233,0.21100965340510194,0.021964007822706234,-0.09166628246270449,-0.1227760311148638,-0.16715671585687328,-0.4533291464277429
UZ,2025-01-19,0.6614471873506388,0.03365189879788933,0.199142054792525,0.07561876188146649,0.6975451155907544,0.030212829868485853,0.20648643886805,0.07070916364947244,-0.11462346703366139,-0.10783770912294643,-0.2071684428789978,-0.5264535705902895
UZ,2025-01-26,0.625178347192377,0.21008338252582048,0.19836991501948573,0.1799435678608771,0.7081579484963071,0.02944239678260363,0.09139266110847713,0.014996487301011345,-0.039017553198385256,-0.09920452219206069,-0.1605839164314921,-0.5149557781593627
UZ,2025-02-02,0.6859677092945692,0.1412189739726898,0.12245940643769156,-0.23839366534898898,0.6758355981847953,0.032795024095550906,0.14635078696118992,0.033125067145435866,-0.20020314880701995,-0.05228508493267136,-0.13211092114478068,-0.34545507571079936
UZ,2025-02-09,0.6102318883052225,-0.03584428878274972,0.14529157388790329,0.13495376570756976,0.5860111002258359,0.0344740178234885,0.19478941386947873,0.04305734680011183,-0.0006963487002576641,-0.05795620038765463,-0.11901203507684298,-0.428267190007369
UZ,2025-02-16,0.5646273583569901,-0.014020682188517866,0.11714466328366163,0.10755138878999895,0.5298593870826417,0.11080959353772318,0.06657571827668826,0.0294445313989912,-0.15170894393869433,-0.050876283575037276,-0.10299039858765952,-0.2837801339934555
UZ,2025-02-23,0.5964488267823542,0.10647522022040583,0.11822242478344687,0.15127482604083053,0.6361311377459941,0.06914806424603052,0.13231482622132776,0.05879174073842042,-0.09170310789858495,-0.05872286611162277,-0.12620515779370292,-0.3735656542154701
UZ,2025-03-02,0.6532384075201098,-0.1028835453123439,0.06934862016427683,0.16127221043828324,0.6444773413216547,0.020703392224828067,0.1660118603854547,0.03946466031984493,-0.0785087362882316,-0.1402285263669094,-0.2110071627124684,-0.41771044397892715
UZ,2025-03-09,0.5542187046671306,0.16167007549208318,0.17519181230820974,0.13298563842807526,0.6120827373699427,0.08434865713087901,0.24636048219106524,0.04842166825503572,-0.0937354885604422,-0.053631580875630275,-0.12791844205883895,-0.3541420506327581
UZ,2025-03-16,0.6281236177470225,0.21436025922161145,0.22594073426617098,0.0753522927020496,0.7244280735552897,-0.010445793769032223,0.12455368671688159,0.07325775646619467,-0.09101066740231321,-0.1578515395410398,-0.1503101948651616,-0.5300008225204793
UZ,2025-03-23,0.6017421683140476,0.029989253929265505,0.11325950924202945,0.038868547038617175,0.5904221696627778,0.02865373658934188,0.07582560134099159,0.0436557052394644,-0.12357493735593959,-0.13679619535388526,-0.25760017042148564,-0.37124385097377804
UZ,2025-03-30,0.5564419280038845,0.23787947614689725,0.2517629924110993,0.20802743263426132,0.700694249787833,0.09318292810205883,0.2917052258459674,-0.03703494674945575,-0.07713072092208588,-0.1556452043128499,-0.23449440027949836,-0.5093966606461913
UZ,2025-04-06,0.5986554993591151,0.13402454767206412,0.2142603302986517,0.1409194014645853,0.6938699463450038,0.08693068175856834,0.1757436372841315,0.02741441021433854,-0.15119070421459405,-0.11078128733360051,-0.18458483449016388,-0.4836854455054524
UZ,2025-04-13,0.6054758956792744,0.09238425672866925,0.07245686938149301,0.09820363928776327,0.6199056903965396,0.039389663135683935,0.1252430741615016,0.08998061393362604,-0.048545844701699856,-0.1310506848956737,-0.2257400409398821,-0.41336211028806613
UZ,2025-04-20,0.6125112228770156,0.11087367895430296,0.19439147977761576,0.06820209259785152,0.6363614103175982,0.07014083422554188,0.1930904844951948,0.09171391933317077,-0.08588098838983144,-0.07277967565822287,-0.16396980787738302,-0.3961526263193616
UZ,2025-04-27,0.6147015612895923,0.0701848367682097,0.15745027843601012,0.07306392297197187,0.6428974203558777,0.05593250918815633,0.19657026733460733,0.05922398464426577,-0.12115079011016942,-0.13060621761377067,-0.16915652893853175,-0.4458632536773445
UZ,2025-05-04,0.5889751181257569,0.2367409141335509,0.08625962263229074,0.17113611886561916,0.7066045581731053,0.0722569728084921,0.22743794859548816,0.009958694582132553,-0.046080513886451444,-0.13768582065256638,-0.19991131357040332,-0.4828143244242336
UZ,2025-05-11,0.5478378319061792,0.15091261677112214,0.16509844352433994,0.15021467846755135,0.6253151161493795,0.17075435330514832,0.2114618650693316,0.09426036064546195,-0.12003170269389833,-0.0933289105046839,-0.13933728737575707,-0.3835803958989319
UZ,2025-05-18,0.6041377090023419,0.04446496434870527,0.14954837411968722,0.10257250752887956,0.6362766676187819,0.03730321019449822,0.1770311989584642,0.06987039719747129,-0.047528318796842,-0.15473756552269552,-0.21712934040344517,-0.4658097209328106
UZ,2025-05-25,0.581922757924091,0.1493868328247829,0.16864676291511074,0.12290833010643742,0.6296291815543257,0.07601173145085044,0.11775328191310029,0.0689239984946913,-0.04829840263596147,-0.12348629159477752,-0.20954313134270353,-0.41809947718673734
UZ,2025-06-01,0.5730017884023257,0.12311589788105076,0.17929955607470693,0.09578531985542507,0.6186275753934632,0.10944965172606519,0.16949956941724056,0.08787727228050755,-0.06578291165659633,-0.10758911620242287,-0.17391900010859604,-0.412835631122199
UZ,2025-06-08,0.6410859615612245,0.04370673481728763,0.17654599199309431,0.1231656872985494,0.7348916671436385,0.07257320432325483,0.1883794284056249,0.0746395074098688,-0.10728240775507468,-0.11777456811576861,-0.1878954417350263,-0.5377064524782003
UZ,2025-07-06,0.5679188598134992,0.09933124661079488,0.12423562728832545,0.16816441176386457,0.6065595318035675,0.06011880392088269,0.09797212245817982,0.0795804142766375,-0.13056529058072888,-0.07040667483119624,-0.140714702451476,-0.339126975807461
UZ,2025-07-13,0.5432132373633249,0.12508402534569438,0.13850053712795676,0.1629916699843627,0.6020936753219859,0.13308780611873672,0.12862467928616952,0.05370968136502293,-0.1360030595058884,-0.10241571280997636,-0.15632154143127666,-0.34846039626689346
UZ,2025-07-20,0.5712972211635181,0.12091941004499765,0.1464358274765644,0.039162369988524126,0.6334732058125803,0.12535722576027525,0.16830030659782116,0.09988185613982845,-0.08135207407179991,-0.14487448254306365,-0.180338207921769,-0.43050515261326444
UZ,2025-07-27,0.6040253680656953,-0.004605407713336981,0.1525684993185732,0.16408970045689888,0.6040454952494955,0.108326539334603,0.09368593588939854,0.03568035337199844,-0.12352908143513683,-0.10675151653931422,-0.14556265828181433,-0.31286919461717116
UZ,2025-08-03,0.6259610838277345,0.057978750301642276,0.13629422604161445,0.06683789425705254,0.5892709620846482,0.001613697080855247,-0.035196939998999935,0.12348666052546249,-0.009968518481772359,-0.10395362677632135,-0.17264001147933614,-0.3934769331308946
UZ,2025-08-10,0.5914502162738577,0.20093301203725286,0.2827764644150157,0.17984860980863668,0.7895695611749346,0.05703110029398446,0.3634731700098243,0.08999406198471593,-0.06768505932821219,-0.22861723846619345,-0.2699601264130912,-0.6522919021152169
UZ,2025-08-17,0.7477059089281604,0.22640598672089357,0.04253221930801259,-0.27608984368766976,0.8254095627628552,0.12195036009498726,0.16316689361761866,0.018815609229763098,-0.13106622899849193,-0.016708350354651295,-0.21900851936689628,-0.4098645976473784
UZ,2025-08-24,0.5740438976866126,0.19432882990184588,0.20706469209445733,0.17953987093098417,0.7103651903910797,0.06357858860328766,0.25234384893399503,0.09110332334867324,-0.12856388818633352,-0.16360780370217254,-0.18367667470109103,-0.5124472240217524
UZ,2025-08-31,0.5881987011863069,0.23618789174499866,0.2940186585230551,0.19299744172078773,0.8245550365137957,0.07256331407473315,0.26713230097329865,0.0680170803093003,-0.13277494044713328,-0.23928067559208194,-0.2660365719985683,-0.7275058683574291
UZ,2025-09-07,0.624073441517464,0.09917914249300445,0.09144996524496944,0.01789264908831955,0.6302569210447869,0.0957730091613717,0.09714168773688746,0.06900429048809155,-0.10762373005556382,-0.0264094818108827,-0.12559653831249992,-0.32711386417152183
UZ,2025-09-14,0.6291825806434488,0.062161730137007605,0.1904331072999912,0.11029110040916923,0.6582559280267444,0.009751071408543453,0.27831953689688577,0.01740275264259133,0.006581446844857861,-0.10623200050012925,-0.2070036965277944,-0.429658726955801
UZ,2025-09-21,0.6107771758060989,0.18833839013866877,0.23010602695225343,0.13800016933157228,0.7159847688074833,0.012976062683130493,0.23977406376968755,0.034775763814358894,-0.11831543278442612,-0.14294049190903818,-0.15218697355022878,-0.5148919067908497
UZ,2025-09-28,0.6587674285368027,0.17121084288346583,0.09853014603158629,0.08969649775662986,0.7516823431533496,0.01707061541933734,0.13533293475456212,0.07249595544559397,-0.06262087702527476,-0.1050027889094979,-0.22919012678555994,-0.5379921852098715
UZ,2025-10-05,0.6681583718350939,0.1928018908070002,-0.02341268653519363,0.11328005483119705,0.7781056497053866,0.01531712453632899,0.2785785679388108,0.03208878499580126,-0.0030200885666461694,-0.0831462887436452,-0.20962032894381663,-0.47732344655074765
UZ,2025-10-12,0.649596321168429,0.09716911815421804,0.12408012851299559,0.1376349830209413,0.697993433459048,0.036744760332681946,0.11828024581445212,0.07183393909740846,-0.04870656265126812,-0.10450740222004719,-0.18820050620887993,-0.45939423180163524
UZ,2025-10-19,0.5776244053763794,0.055942052797094896,0.13722356898596408,0.07201866632004943,0.5860912077102564,0.054929933440209994,0.2243109186488036,0.09330876486944326,-0.08264263101944146,-0.06321279275478553,-0.19768247134680203,-0.3369822981002325
UZ,2025-10-26,0.5994544652543317,0.08702192281123758,0.05809056890311119,0.0816280380677925,0.6507885480859367,0.10347846335593178,0.12121923979576531,0.0551983412274299,-0.1388542984285503,-0.05976647135975181,-0.11061725975727567,-0.4089294834442473
UZ,2025-11-02,0.6336289195031455,-0.06882437189106533,0.04773256895099751,0.05715737120356742,0.6289273976148161,0.08486569975504234,0.17248869404160416,0.04213437245423266,-0.09342833526147988,-0.04980704110961858,-0.1324483027076895,-0.4858246814597892
UZ,2025-11-09,0.6067324921901298,0.12745318440474618,0.18513884209354148,0.16443868520570679,0.6637511201388226,0.06596830273148076,0.15128727240477563,0.03738929972088517,-0.109740708359948,-0.14127580895080505,-0.18516261782269197,-0.4338868650745648
UZ,2025-11-16,0.5899057988308437,0.08245603971574948,0.20021267397972195,0.1227181787206532,0.6885407678488069,0.10159216445903393,0.1831496452426256,0.08375298087384139,-0.1605142274398281,-0.14245950945874145,-0.20528244181606745,-0.4974266963647017
UZ,2025-11-23,0.5983828978241373,0.1380466222566995,0.23510851908313993,0.11558754653566483,0.7242922324990361,0.0730573964390341,0.23376866361064141,0.02914973185663984,-0.1612556171281362,-0.17935784076475797,-0.23994687577245616,-0.5983273070841079
UZ,2025-11-30,0.6409725528577791,0.12988032605788588,0.10022237035909566,-0.21013384199779236,0.585075824365512,-0.17698191583090075,0.16236107387483917,0.10149662119329593,-0.26497262395833515,0.09742079660099524,-0.04852343812859714,-0.2610664298663575
UZ,2025-12-07,0.5760967160780978,0.0639563252551959,0.11574345596655712,0.06153503721963286,0.5758916399802851,0.1012352496585322,0.05718046101790354,0.07999806353277118,-0.1362467879200735,-0.03163415535313619,-0.14197618529509806,-0.32972505252449225
UZ,2025-12-14,0.6001018108984935,0.16452556698246829,0.19259769149034212,0.09098631241621846,0.6556790613093605,0.034659361021197106,0.11589595779698847,0.022999856284321496,-0.07653152273713718,-0.10893595070713549,-0.14253217018606595,-0.5206916323600966
UZ,2025-12-21,0.6553689582018981,0.11142800131436208,-0.01601134428696526,-0.07750866742374014,0.6872899444019551,0.04943645514807824,0.09146942362472435,0.0172962040017785,-0.14444891302213483,-0.09452517700610107,-0.1079161783841999,-0.35714984581798603
UZ,2025-12-28,0.5915520013713839,0.1515922257520869,0.026578648712401932,0.16724604272987587,0.653499861448051,0.03528288392738409,0.12000447904188302,0.03710152920724083,-0.09650758098548386,-0.07014334020791484,-0.18076621288904113,-0.4260896341097959
UZ,2026-01-04,0.5963169425899048,0.14382217818210646,0.2222348758061904,0.136923742455406,0.7269984684906887,0.047445026002898606,0.27404118520933235,0.1225109210535494,-0.045967443110645316,-0.1930279264758726,-0.2265695850894678,-0.5742834815884003
UZ,2026-01-11,0.6181145254174926,0.056696563083256254,0.0972412904882653,0.08213702952635511,0.6279729577365759,0.03979028169501662,0.16786707450484678,0.04136786282284716,-0.08375865186501179,-0.07106885592070879,-0.14797687425500544,-0.3510345941387739
UZ,2026-01-18,0.6145041682339585,0.05155445746879202,0.20596346983222505,0.03441504089170169,0.6496301927465983,0.03468602239282376,0.19394201643655395,0.06534369214364373,-0.12515484576951516,-0.14580943344777478,-0.29823330371963735,-0.555986754856359
UZ,2026-01-25,0.5936329214460814,0.16622427475469984,0.15173525136965152,0.100927100131832,0.6914608937166293,0.07029780662089345,0.2206481487777635,0.05850051998679488,-0.0921578049725746,-0.13528976959780273,-0.10765184538610365,-0.446843184633377
UZ,2026-02-01,0.5580987227131109,-0.009601859920598067,0.14748363531491596,0.10870143531381211,0.5193025085850898,0.1113664427459281,0.21317765758245863,0.05245048675836326,-0.12918970357459592,-0.04506429843625755,-0.08492263160089981,-0.30834720112425806
UZ,2026-02-08,0.5961977790225305,0.18294223512682206,0.1249361533231465,0.12200356694758592,0.6676768259582913,0.08974903429167996,-0.00432489191970837,0.09295922302490811,0.007886214399192928,-0.010876925156408621,-0.09594522441737688,-0.4631723530309111
UZ,2026-02-15,0.5964822410704631,0.10770832930074076,0.10318702895989781,0.10917367731812894,0.641306956612279,0.08263862194739732,0.17076494114146837,0.013966271229972477,-0.14007320581363492,-0.06228801534993321,-0.16175280205691447,-0.37189961359599316
UZ,2026-02-22,0.40715427177300634,0.051269155467775794,0.17231369602883437,0.21232049589831456,0.44543875288598295,0.12103797823981417,0.055294774112408136,0.12252745184108416,-0.1962179580877689,-0.07782523819608561,-0.08318116091409852,-0.19917160783365143
UZ,2026-03-01,0.5975096284477828,0.2012956621856106,0.19904839768449717,0.1316386055798826,0.6677480890094865,0.05320090215210331,0.18198084038131515,0.08192991162022151,-0.055271048864377,-0.11931918128618757,-0.1978307298691219,-0.46037732666818376
UZ,2026-03-08,0.6668413919649402,-0.01582685384415762,0.17837282635411664,0.0956708620696283,0.6525487554409267,-0.004719952529648799,0.21163220461295323,0.03582922287441246,0.011648232182304501,-0.10553711467222072,-0.21887491964959213,-0.43491959944740327
UZ,2026-03-15,0.4723975608858783,0.04348837387099341,0.19788310416486982,0.30065011915546025,0.5194485392809882,0.2355889740729977,0.05583503946196986,0.058483521802738525,-0.32491790853148667,-0.1387800516373312,-0.023901706608148377,-0.26972567388149843
UZ,2026-03-22,0.6576173875467257,-0.1319765873310853,-0.05218205062734778,0.16961651972012182,0.5894337052825831,-0.015190642166181637,0.12449757530279056,0.01919156207863704,-0.02902211801666156,-0.04956516314323389,-0.1008915533771428,-0.321212983293743
UZ,2026-03-29,0.6292395437602795,-0.01360656584550288,0.16430904310017141,0.13907408804365923,0.6374323133725158,0.023980818531507915,0.13289982685053964,0.04912861093050973,-0.03838891120782061,-0.1271681477273026,-0.21296228249688254,-0.42355061272737127
UZ,2026-04-05,0.6457306660305469,0.024466986998367413,0.05708275466179773,0.16710297551901723,0.6493077053436039,0.06819733975890822,0.10527391788390217,0.014742077055802546,-0.08981176781870619,-0.09954261033086577,-0.1647347330550984,-0.35424394750475885
UZ,2026-04-12,0.6018220920551288,0.13683098261732402,0.07653609527301751,0.030043454764962885,0.5893855780028732,-0.017075083494623465,0.15710858132030317,0.139365307706058,-0.07939657450307877,-0.019491331174056797,-0.1374683433586846,-0.2897744244479873
UZ,2026-04-19,0.5481265536890152,0.12280081562322452,0.23962249992159024,0.14105308710043704,0.6080692149525928,0.08008490013677055,0.160238399718237,0.010609961467479195,-0.14174470571516223,-0.1613443824526027,-0.219527102978506,-0.4884205817156209
UZ,2026-04-26,0.5798776728152627,0.11477424202547087,0.1949895438856002,0.05143746583746301,0.5908957103911876,0.0036774496709261824,0.22549892509949898,0.1543509610046854,-0.03438484383294954,-0.05284136432511681,-0.17071105528618238,-0.3353533947499035
UZ,2026-05-03,0.6605788987104378,-0.09233413207604102,0.0740063489151435,-0.060925555108042186,0.5857281882474785,0.03146531681437755,0.1070815628021099,0.05156260522333119,-0.1147033042623909,-0.03828572988980947,-0.2876468347844213,-0.3550928047653398
UZ,2026-05-10,0.5967861439496798,0.1937671521594508,0.21278475846386335,0.0987743622689425,0.7593511289484997,0.0740587842104531,0.29019695023354414,0.06316080326051818,-0.14449725828367835,-0.15798200794800005,-0.22431990141920896,-0.6103699476253196
UZ,2026-05-17,0.6212608827854147,0.0031730914259847525,0.1598261408221501,0.08410744978411883,0.6385547896374316,0.061798819041638524,0.1678211033141747,0.04427858443229293,-0.05457900483731205,-0.11924602770717577,-0.1730250955707247,-0.4265838743935264
UZ,2026-05-24,0.5869110235073914,0.14704172350138275,-0.11957314966459655,0.14048864173026435,0.6106307903289133,0.056327129142388396,0.1333534054196619,0.10305148695232937,-0.05079417371877421,-0.07281162344782419,-0.13084045036434327,-0.2998989313677696
UZ,2026-05-31,0.6542971019393713,0.09063521210372816,0.09537200832847541,0.014714967828352138,0.6574816841396315,-0.014321620546629466,0.0633387752884799,0.07504098422154813,-0.05720415796526177,-0.07455755547866644,-0.19470694987602458,-0.43722590500189296
UZ,2026-06-07,0.6439906164326568,0.04832285111675784,0.191408116191286,0.08245525722046003,0.6978905475107579,0.03330462764616228,0.14515497114763184,0.08152012005565462,-0.12425177001445986,-0.13817311674995292,-0.22661547658859799,-0.4764739721223549
UZ,2026-06-14,0.5942257383572261,0.14006675602675184,0.2016305673895827,0.017753499620211843,0.7004369417385966,0.010570048933589002,0.18255069719298608,0.07846310310028756,-0.18918128516341118,-0.052735951286926215,-0.20085897488966328,-0.5598074379658161
UZ,2026-06-21,0.6589763037969013,-0.011033595407585712,0.10477301545973706,0.09436201790512184,0.6510585156804906,-0.013528443519015772,0.17575548881226136,0.08592960457477848,0.00356476021021561,-0.11119285758999016,-0.25045148965613173,-0.3700870036300023
UZ,2026-06-28,0.6185500542114838,0.1860314075098389,0.04229611568426612,0.07912703072308072,0.6814388017636888,0.05979609972325885,0.21432315525791393,0.08165930308374093,-0.01885542981055436,-0.08216791340420877,-0.18238812636699542,-0.43077249910509885
UZ,2026-07-05,0.5434086550029471,0.16536446073154934,0.20321078027863365,0.11871118750501257,0.6042098221714844,0.06932304847920642,0.26433267356671325,0.0788893723263754,-0.08051526666122777,-0.12744225716032218,-0.16393426981120177,-0.38998637925690566
UZ,2026-07-12,0.6079669670097658,0.15018213730367996,-0.042628563088427204,0.15399440289723018,0.664653486745132,0.04823853392442811,0.19447093377240784,0.07995523600868149,-0.049595818183213465,-0.09226431198005798,-0.18237265657827267,-0.3840792156254336
UZ,2026-07-19,0.6419598316194842,0.13750274106759353,0.09313187884012476,0.07818289295869056,0.6648581104592145,-0.02614446379820649,0.13282317474433175,0.1378018746067761,0.15166503116073216,-0.09514399433248943,-0.3125201138447505,-0.36643328228783734
UZ,2026-07-26,0.6207175512907339,0.1395499604924191,0.20342695664852606,0.14256646921268304,0.7302502681746574,0.02900260753633921,0.2181305345194333,0.034329414127504725,-0.0455335615384737,-0.13336169225527292,-0.21213888078444065,-0.5604576755634555
UZ,2026-08-02,0.5729974778797694,0.01395582764497086,0.070862991715074,0.06717313950633297,0.5128940800868685,0.028155559320127952,0.08824509734557115,0.11374810662579964,-0.07908662359322785,-0.06734959510052452,-0.1660012039595281,-0.2590938304478117
VE,2023-08-13,0.47230512696522436,0.1585152928288547,0.0856392311256225,0.1389997779756101,0.4773916242442411,0.12053636314405347,0.06906154645813231,0.08158416658196076,-0.06962251776215159,-0.020713186927247194,-0.011877040169944458,-0.18151924895179494
VE,2023-08-20,0.545537949574984,0.10582279576549904,0.016706617255503164,0.101327511177759,0.5474077920701981,0.14276403183394873,0.0967689493885003,0.0554201302199448,-0.06510201219022305,-0.03644032015772477,0.016158519965430777,-0.27941732362703814
VE,2023-08-27,0.5364256391497896,0.12503382010300682,0.05033814918277994,0.10363728349707416,0.5470804000516478,0.1593620180120453,0.09847477542427824,0.059500731680757334,-0.014955305217583561,-0.028522910810359507,-0.016484477319866204,-0.2490312726663739
VE,2023-09-03,0.5382912191147377,0.16206167984691042,0.05922454435263046,0.11583129446666271,0.5455617310787667,0.14796935029758074,0.10004569729489551,0.06531378255602727,-0.025292549670496014,0.00043033258239245714,0.030471711472339076,-0.24023249398035051
VE,2023-09-10,0.5940450196782785,0.24630328620432143,0.11132474872386458,0.055879947830162556,0.6749974159820995,0.05655560522616138,0.16375591249268404,0.08930969823246498,-0.09634621775240776,0.012804792872248186,-0.06126970863925813,-0.33796192544535936
VE,2023-09-17,0.5666758468403208,0.16595748000059152,0.10981225335019641,0.16869715920721592,0.5989393822552055,0.05001553079237058,0.12630453145459114,0.06695786971812279,-0.08811021206087886,-0.06707485037118083,-0.06496971498043912,-0.2990812755103082
VE,2023-09-24,0.5122760759673955,0.19754954381852663,0.12778195262705888,0.14908915693975608,0.5882265718773717,0.15276352326385786,0.1465709299724547,0.08182788535865552,-0.10373210114072791,-0.05801790658956871,-0.02036094782842655,-0.3334946389561913
VE,2023-10-01,0.5735524825535274,0.15378107528677373,0.08994682414825365,0.07281274880868129,0.5820531419506615,0.13271945447802863,0.11988182168020083,0.09576258940756534,0.006486389226401757,-0.039158109682776165,-0.04068240855350553,-0.28686756380361933
VE,2023-10-08,0.5113475760773293,0.1939021054583651,0.1350747232264964,0.13844567510205064,0.5480091221517189,0.13975016579106014,0.15337958881743274,0.06594026369823643,-0.11606518687722711,-0.05918379744766251,-0.019132639778451362,-0.2779461058547286
VE,2023-10-15,0.5392694542956689,0.23753314177349916,0.05030544166542368,0.07093286109934495,0.5784946306806806,0.1571292213422821,0.028768382180938974,0.039425282986016566,-0.06832070024849184,0.03388076113783483,0.021439376839612945,-0.2703594604418335
VE,2023-10-22,0.48817514912897336,0.2169798391370535,0.20961510577706408,0.17333317518337021,0.5818779748587323,0.1349555117485333,0.2161894341303737,0.06570023046596839,-0.09559148363557535,-0.10689133552471983,-0.030046042725302043,-0.3737098145295489
VE,2023-10-29,0.548639044850366,0.15469452584125165,0.11943673786581786,0.1368960512065012,0.5765878073536118,0.08748202522751689,0.1265300612163584,0.05842135264355662,-0.09025320013908492,-0.048985501790111206,-0.034989554811824065,-0.3138474184343371
VE,2023-11-05,0.5245455343167343,0.1395745144987838,0.07165085754738058,0.15831081200122354,0.524227504113803,0.11406443098984241,0.05378465490228231,0.03482812433466702,-0.10541352907873647,-0.026819234451136945,0.00019595481270917383,-0.22938924100412925
VE,2023-11-12,0.5767267042198382,0.27316033291454106,0.18474045461596755,0.14141310226273815,0.7064484933500029,0.0737865287692435,0.220463903400607,0.036345485910269704,-0.013951413732049122,-0.11819284932794132,-0.09235789220639033,-0.5070641093720561
VE,2023-11-19,0.5227024813849005,0.19543213202663007,-0.058448986619655564,0.20781151976643628,0.5606483438869421,0.10124114821970856,0.07884529415847862,0.0990628985590753,-0.024615648585090404,-0.0008089630015622638,0.0771880681980558,-0.19666264211787937
VE,2023-11-26,0.5063302650970589,0.14288230410027947,0.10973630764225743,0.15615470614997956,0.5415700583306667,0.11579364921206585,0.12117868145496746,0.07940945562387663,-0.1533479166901557,-0.06299248908036441,-0.0325845885098565,-0.24603441895159048
VE,2023-12-03,0.4894152554148607,0.15615655101297335,0.11411571277424475,0.14453940435743293,0.5547036498525623,0.20346167239609575,0.17743728559486896,0.047789036579071895,-0.13437245112492854,-0.07716371341314449,-0.037954286592135345,-0.2998601109770956
VE,2023-12-10,0.4776911068786631,0.12361233980659862,0.18329232572868556,0.21165863215139644,0.5660834288734655,0.14931119489641193,0.14533411081976802,0.06344977543148764,-0.1970149201508249,-0.11854848576323425,-0.04392990314079265,-0.3420753023956793
VE,2023-12-17,0.5349774970325779,0.11747087510468904,0.14997141067891484,0.12808776656693147,0.5801224965483123,0.15474049545031654,0.1651834532411102,0.07978683861354859,-0.10006538417341128,-0.08754899993475816,-0.05584139088804672,-0.33252415248358647
VE,2023-12-24,0.5013199914942734,0.1979056077784427,0.16582284238768633,0.1849029481206889,0.5617720564945082,0.1447311644938973,0.1949544531424029,0.10682213603002616,-0.13091910490385836,-0.07129196305914809,-0.01610707594252769,-0.2749779365664663
VE,2023-12-31,0.5046359813359218,0.17694089293391715,0.1542284925339211,0.09469950298720654,0.5639875572785248,0.19611503354507145,0.21883132505661884,0.12382881001804062,-0.13980586816486884,-0.05188463465604767,-0.0007344587208444347,-0.27384496097862016
VE,2024-01-07,0.4690801768439754,0.1638455469289916,0.10481342329467565,0.14967407210550887,0.4708863934184036,0.13647709617849818,0.009476903896592231,0.08993244399621544,-0.04265551965395091,-0.02816683374455099,0.07950994605469543,-0.17372605194059362
VE,2024-01-14,0.5625915356628814,0.11718665046299213,-0.009611563335582503,0.12312098784862682,0.542590956804651,0.06985466940127633,0.05257510754857106,0.045657119932164286,-0.07154758469077244,0.010472246140013785,-0.013502752405575455,-0.21677633822485615
VE,2024-01-21,0.5106155552834688,0.16705508136123634,0.13129537720773862,0.13366921325349115,0.540111457704654,0.07543815353553796,0.1453849911175206,0.07371472044314653,-0.08751163984881657,-0.06095683654749856,-0.06908351764399366,-0.286058729584292
VE,2024-01-28,0.47256619797061156,0.09682369118924093,0.1391172562741604,0.2316803235036278,0.5407715105920045,0.151621894502622,0.08369624376297022,0.06857679747677914,-0.2314153102938246,-0.09499642381435384,-0.027660900929500343,-0.3172262375455974
VE,2024-02-04,0.5447712373240018,0.11134429556488368,0.10594223425291717,0.1499347434717867,0.5285810016982534,0.12855092531234877,0.08737238758700641,0.06251036829704186,-0.11394428846603828,0.006815972483507063,0.027895181046990878,-0.20691752788953008
VE,2024-02-11,0.48736956211417193,0.15524134013156735,0.07813394230989834,0.1361261028743348,0.5067501226916644,0.1568786126559086,0.123268731745514,0.13087676657866157,-0.10739997167508374,-0.02871371833792514,0.020119053902854015,-0.203096795583276
VE,2024-02-18,0.5667747407625949,0.15801496087577446,0.04183948607702579,0.13484756673117468,0.5748426847131001,0.0828231640313749,0.09963586781068946,0.08491044213909427,-0.05277032184642425,-0.03348600351243369,-0.046372104976142255,-0.2320396891492485
VE,2024-02-25,0.5382259060656382,0.2640750244803938,0.012421547974279256,0.19780792151877882,0.6040548710927828,0.109126427745834,-0.008475230951086111,0.13513413994970289,-0.020595423923195518,0.04602442453030206,0.07375176305383811,-0.2205198940813226
VE,2024-03-03,0.48535442976480225,0.18864591045302814,0.12383919748554888,0.13833355657428095,0.5287113867892063,0.124248320779859,0.06657369713452742,0.12740061068233938,-0.09823745234725653,-0.03445920448124156,0.0308760331277359,-0.1971183971903565
VE,2024-03-10,0.45946507680373777,0.19331543223211672,0.1036720071700195,0.2771838829098866,0.5125462691496018,0.16296837533161287,0.0938837444956666,0.08502271321200505,-0.21195434183736564,-0.0874088271655561,0.0014275743256360416,-0.20895813825706372
VE,2024-03-17,0.5336731047248537,0.18907135546299653,0.1971006604752809,0.1788161669747666,0.623861555714915,0.08745484863440858,0.15281252551709001,0.06167322998328267,-0.1276493503119724,-0.10878368815423793,-0.08701936284998256,-0.37018716358940035
VE,2024-03-24,0.5040094432213373,0.21151396974669723,0.12930413570834826,0.22013731454870458,0.5352895024650031,0.12212389712982286,0.10187305204698972,0.09090767067786133,-0.10562149331066889,-0.044067697565644506,0.041586017435674257,-0.20535376298540775
VE,2024-03-31,0.49396227149959354,0.1060935646152477,0.15265487189375546,0.1698760818250269,0.4950542775222706,0.034335572556549836,0.019182376904074934,0.13314767544305253,0.030071867857351556,-0.0625442598952838,-0.04591965681461461,-0.2051245072737741
VE,2024-04-07,0.4603243078229845,0.20500552004278355,0.07527827795792297,0.1700278340550116,0.49651119546819966,0.07787202385614568,0.13863778911069538,0.10205337561287267,-0.05660005505344597,-0.025250016877028887,0.027176512974435747,-0.15974130433994607
VE,2024-04-14,0.49198045734157025,0.15203299599111417,0.12624718205270394,0.1776957180496068,0.5510379002054278,0.18258352836414493,0.11549747637074105,0.08980673488812868,-0.1313989979923937,-0.048562114762314784,0.04371985241462987,-0.24080265985659363
VE,2024-04-21,0.599096271047025,0.18166735263774886,-0.025174135514722248,0.19879172692243602,0.6600547094087126,0.029927455689448768,0.13323671432660003,0.06977349519299819,-0.0442257398687495,-0.04534564112727211,-0.07811484763504843,-0.3188002304922514
VE,2024-04-28,0.5928885180934561,0.18927606311846965,0.14921784643073374,0.13806228151081273,0.6195741808734092,0.011898292335865916,0.056604054669295675,0.08125309610258563,0.006218767579010963,-0.07959805239342092,-0.03566807335246788,-0.3130761955769485
VE,2024-05-05,0.5942939505462124,0.16499794203870485,0.16865143917439032,0.14045294731667055,0.6035888934668118,0.0003866698932545611,0.11860803580613609,0.07324545530519634,-0.02662084996838208,-0.09046826599360357,-0.06153270793463322,-0.27438566489592064
VE,2024-05-12,0.5611832872618447,0.17948139287752568,0.012641652735590468,0.12077648875983121,0.56950205704101,0.08615831025268872,0.05670410489282145,0.04171987795546099,-0.06232343033570611,0.008378582734161668,-0.04643898084612428,-0.2590073128634966
VE,2024-05-19,0.5471401877681022,0.1997468116599899,0.07918563597371737,0.17509248767305022,0.5999691624861473,0.06461750982902166,0.09771304825120791,0.07705636942296094,-0.07439726307984963,-0.047510302497268515,-0.055091189593272895,-0.3106816787503072
VE,2024-05-26,0.5554542755482739,0.15915584018027806,0.12595257866199555,0.12852303219712674,0.5995080114401773,0.08696593874633379,0.1286920640963018,0.07238807923985156,-0.07479294385488981,-0.0614817968984274,-0.04977119547470482,-0.3257367391891612
VE,2024-06-02,0.543623726687916,0.22310964976491998,0.08732615186320632,0.16113778399664763,0.6227793014888271,0.06485570864725114,0.11625345309108975,0.06479131408199777,-0.17558375329587722,0.0040423337326868135,-0.030739790135609076,-0.2628834031346856
VE,2024-06-09,0.5050911143958219,0.21154434376884995,0.09786383235265904,0.141972572958575,0.5486205687616023,0.15651085863584716,0.13047915578176159,0.1203752781069082,-0.11102970594990297,-0.03955446443267981,0.04394135445223576,-0.21298189696798234
VE,2024-06-16,0.5408507400115675,0.15111117999649823,0.12455584525167313,0.1300993649680878,0.5892649371965073,0.11265911579425349,0.16237027483639183,0.07381283991499381,-0.08731552251597172,-0.03863005964303398,-0.037323215427114725,-0.305435723206553
VE,2024-06-23,0.5221706798933516,0.2076004782849876,-0.035199549613712855,0.1453542692599286,0.5654237868855101,0.1343668827679438,0.14266501195298947,0.05313366882796337,-0.08115863168675023,-0.031915371822606294,-0.018101262321839257,-0.2529021994754832
VE,2024-06-30,0.46483265540682245,0.1415237977852599,0.13413351964522435,0.1688037411459515,0.49453056042680266,0.1857222055753662,0.11205275889791019,0.05620409318834905,-0.20800763724291543,-0.05661666784488194,0.023546290934363525,-0.22008406760914842
VE,2024-07-07,0.49832350368603817,0.20766669310832064,-0.10375625731588801,-0.35236491754704125,0.4503263796934822,0.6936094546540402,0.20028944405144622,0.02437378406200801,0.3392671007282655,0.2262331301226482,0.11567774813299338,-0.20444559769514778
VE,2024-07-14,0.4768463078154723,0.11420419377294862,0.14362015504562559,0.21007504536913213,0.48827765074699403,0.19558967896537283,0.0824984483370749,0.05981317709956478,-0.21758519641028504,-0.0649723733032833,0.005721257240565929,-0.19579622324672613
VE,2024-07-21,0.5535689626912452,0.10026268543762372,0.10233059254923348,0.18477630981605234,0.5842073343202852,0.10516354426325385,0.14000944597631285,0.04844834446867709,-0.12715846182351082,-0.08207024270753621,-0.06385567415397321,-0.2878056636097417
VE,2024-07-28,0.5259743338304169,0.04566551488057227,0.1841040575740321,0.24020385520342707,0.6008079832840793,0.16732228000937902,0.13104329258209177,0.04328856502162034,-0.235162845308866,-0.1041240013123591,-0.06392864722544568,-0.3586488121228993
VE,2024-08-04,0.49492447593499744,0.16557423925711928,0.16085178743902717,0.18447700549490736,0.5708020736618116,0.18433394426246819,0.13119079459809382,0.05850774822185785,-0.20615940441574337,-0.05932547714396666,-0.003320408164414655,-0.27483020690193627
VE,2024-08-11,0.4592264527557093,0.19263641541756282,0.05831329747731591,0.1108728886602559,0.49971707764273204,0.25981450082642876,0.14147585286980097,0.12214882617230675,-0.0553986535290172,0.03534591749454595,0.06620553633380145,-0.18384460588498483
VE,2024-08-18,0.5222772070650215,0.21180554205255034,0.22365475592369766,0.2355648639034255,0.6612742635796555,0.13631320341529096,0.21647514759934683,0.04035964587868624,-0.20528588812960835,-0.12259959717629233,-0.08609014724390344,-0.4169112492779393
VE,2024-08-25,0.5330012518285346,0.21462050996669113,0.18651358415969302,0.19440368087746798,0.6698697236821963,0.1382031269848151,0.25179260910784174,0.03876370620696615,-0.11142960548301077,-0.10210695601025742,-0.05122935278658131,-0.43399690055173334
VE,2024-09-01,0.4787806669822493,0.1427481268032963,0.08100889145833534,0.17198895339437004,0.509638804761782,0.1735117654822379,0.12758059051583173,0.09950899850009853,-0.12786193121668313,-0.03135995127777968,0.031330843221416334,-0.20342066072620732
VE,2024-09-08,0.4981561654260987,0.2292469823027153,0.20076684415165072,0.22789583609923544,0.6097852669167929,0.1502526721554392,0.17550364028323834,0.010348315564402846,-0.136233394478937,-0.0793384511868049,-0.002254033548125584,-0.34787465618769514
VE,2024-09-15,0.5123776054524161,0.23642756917099156,0.23686081433326694,0.20887529620200904,0.6392701487739403,0.10158525372283579,0.23814500182942258,0.08045077694559273,-0.11818832996414207,-0.10737027755166602,-0.03815785048674167,-0.3902591068434383
VE,2024-09-22,0.4920470574912703,0.14361159444049104,0.14679446024017548,0.1704913214721471,0.5196773644499156,0.12349375677940953,0.09108790743413638,0.08999624885077508,-0.166939154351278,-0.060866741507227415,-0.0054448457395715475,-0.2341117814284516
VE,2024-09-29,0.46901658205623264,0.19907389331710257,0.15109098671698276,0.2096974255643972,0.5378284337075583,0.16158540830357085,0.12311884610064168,0.09500076234146265,-0.15263889065079825,-0.07475344919605618,0.008361206960160754,-0.2764072956841148
VE,2024-10-06,0.5448745795092492,0.20946051732658516,0.003569030351700937,0.18333033127733178,0.5827063223954553,0.03769923478914316,0.1544272111347029,0.05180234365183963,-0.08603581302612903,-0.05461631655920407,-0.05859237263980509,-0.25081869220339686
VE,2024-10-13,0.44594451045737554,0.16896038272857808,0.12720848617883793,0.247375582504478,0.518800674848248,0.132465934271963,0.15835851431716821,0.039038359179870745,-0.20696220209259178,-0.08230566049098953,-0.010357519722249346,-0.24918360945170526
VE,2024-10-20,0.5057064525476331,0.13552022746972356,0.02088525900096085,-0.019206033306751597,0.5028321774298213,0.2731603668192713,0.12828347420501954,0.08919852743443114,0.009428760496578668,0.04710993634488584,-0.025269095557355018,-0.18715590729643944
VE,2024-10-27,0.6558534226847387,0.33559134824784315,0.2216882252805014,0.16769895198296536,0.794460809706706,-0.021906759967080438,-0.005124834133842648,0.03395269392928199,0.06463307803188244,-0.046732324303656966,-0.11529555278111055,-0.6000182530920865
VE,2024-11-03,0.5415408058990105,0.27112423304077615,0.04855137721436955,-0.08049344709308716,0.5869535441791516,0.40250407637376084,0.23196194392813207,0.007319213839028541,0.1627782603396815,0.08356331726386823,0.07784645066666741,-0.32497071659520893
VE,2024-11-10,0.5052790806824553,0.18631259920085344,0.09070682057786349,0.03490051304557111,0.5350396854416052,0.3238184076844585,0.1607736873230675,0.026760178300869256,-0.024554737966068777,0.01994828583261732,0.05218291432146569,-0.27185889481077136
VE,2024-11-17,0.5613018734293515,0.19256524273454767,0.13962720234960174,0.17676778365961535,0.6029086786525877,0.06858563041811519,0.10500422523911278,0.047461155208271294,-0.063908911670708,-0.06834878517156324,-0.06295334624015614,-0.33523915746733224
VE,2024-11-24,0.47316956085251377,0.14868775651017221,0.0964052671431611,0.12364754171506769,0.49137852594294845,0.16158742411954186,0.07912815608893914,0.09030825229922215,-0.1280212374605809,0.004635763573127633,0.0419280362061268,-0.19682407415353476
VE,2024-12-01,0.5340518754364383,0.11822055448164649,0.08717633702702421,0.09230441088177016,0.535838660440755,0.19178982182437507,0.11204334380748025,0.04972391778436197,-0.040345335254986514,-0.013262967342825425,0.010701194917931575,-0.2297533528407544
VE,2024-12-08,0.5680662824329078,0.10325470429705,0.12210384805398236,0.16015401610697097,0.5688188365926481,0.0784327516826512,0.06845134981451016,0.018216632510946962,-0.08114256852010913,-0.04027062720866975,-0.04764953556631352,-0.2428080136399896
VE,2024-12-15,0.48021590779394674,-0.008282489028540122,0.12940688672609235,0.2356549766689649,0.46551232592348535,0.12020095545231459,0.03669892139377605,0.09444512967365487,-0.16940396313099146,-0.034585054535278166,-0.041225037594251106,-0.17983964284779322
VE,2024-12-22,0.5560882542072648,0.16511319638704144,0.09322802551359702,0.05484706591123977,0.5729317614839095,0.13875857012206852,0.13526053633777377,0.05388635677388995,-0.042424824587313864,-0.05704580999042109,-0.0376879379229356,-0.30197341712150494
VE,2024-12-29,0.5398522032559495,0.1375425610126699,0.04061062649921284,-0.004085358016121252,0.5317993907603861,0.18448065812117184,0.1240543105658675,0.05601506466187455,-0.07876477736504447,0.01917282549125871,-0.01955817792197754,-0.22483170890274645
VE,2025-01-05,0.5030254763658353,0.19573258772158042,0.13275261855154985,0.0789326975323401,0.5241082677723969,0.17499442229437068,0.0915200955318669,0.024474219869335224,-0.2150810295483666,0.03976703307604092,0.0005616804283119675,-0.16079622635362162
VE,2025-01-12,0.49287320695128695,0.15083795217177595,0.11605340750152561,0.16150481417836007,0.5308938699081367,0.14259192378222024,0.09682719016092682,0.0529825471927209,-0.1436678850183709,-0.0633930226668594,-0.009150046150827337,-0.2592668590857432
VE,2025-01-19,0.43133574676297287,0.12439366916613186,0.0006960643803599788,0.1961490027717385,0.4497452211753034,0.1881827901235494,0.1174605997014658,0.09410750623695499,-0.15569401980644376,-0.03993701739313708,0.02526990911731131,-0.1904501586459649
VE,2025-01-26,0.44666695029620707,0.15743747240203837,0.16916219380352643,0.20403746324505917,0.5049127837117189,0.1590157827072579,0.1285147599909272,0.05177581814501244,-0.1557623935915922,-0.0756171338938144,0.015460052255265418,-0.2486320548737798
VE,2025-02-02,0.4712227010386209,0.061392719900572046,0.14849421762386122,0.20271023486558504,0.502741690935722,0.1392016979132213,0.07173348548071581,0.07280373555557831,-0.15520905132630927,-0.09908795934465439,0.014270446159462687,-0.2574371982126719
VE,2025-02-09,0.5264733958032586,0.15677254586402953,0.12348152725504803,0.17691532528301102,0.5700094453289877,0.10137392895171925,0.11099204221418164,0.12762578730340182,-0.08923991367180092,-0.05347527614074785,-0.006779715754274175,-0.2536959462319819
VE,2025-02-16,0.5641932657923947,0.12802705740786902,0.13062024983553708,0.1541022027160089,0.6031718572132955,0.06288203081952186,0.07315001830557186,0.07101110133853841,-0.10459392496792332,-0.04819416105734296,-0.0555340822729352,-0.29923480439530425
VE,2025-02-23,0.5282161116268891,0.24045263316509272,0.14307906609635143,0.14027004616846442,0.6013796745072763,0.10203729817504814,0.15321521806569718,0.09628308077336568,-0.051417831533308804,-0.06373929012182483,0.0003970525851069288,-0.3281830704984122
VE,2025-03-02,0.4700251532035577,0.17310091996116295,0.17581556825106512,0.19868269668707514,0.5126703856620541,0.126278769062194,0.12323676354773482,0.08251561322856865,-0.13587511346548656,-0.07291442264131087,0.02070932874838575,-0.20757660091262056
VE,2025-03-09,0.5692878760167879,0.2569814921021155,-0.07197262481836465,0.18455556215555172,0.6212994857058612,0.06008850252448194,0.1452194003794056,-0.031770271806981915,-0.07438563237281565,0.03164313288660194,-0.02218161377568145,-0.2467460461501168
VE,2025-03-16,0.3995213858839159,0.19068079246005146,0.1900556567809997,0.23956143612641617,0.48937427495097086,0.15903716774374113,0.1496548599247213,0.08214170006973152,-0.20525664376756567,-0.0990529259399929,0.01961259472109395,-0.24637684350593175
VE,2025-03-23,0.45164190335433296,0.1233327020169463,0.16040376607247342,0.20662911020604374,0.48354922069406675,0.1411785601199628,0.09184529862043274,0.10740606402272725,-0.16638108338635976,-0.07196542283478709,0.02374934058059422,-0.20171325872249957
VE,2025-03-30,0.5409172152425693,-0.07034717146181375,0.13479895032419537,0.2159112415148194,0.5609827860595316,0.11852093883365451,0.10519335974040936,0.060920506293914406,-0.19820968272176168,-0.10204469905822264,-0.03861076482032784,-0.2811304068225327
VE,2025-04-06,0.5148327025320456,0.11106728197139018,0.07943825406597955,0.20739327536344038,0.5629064406549407,0.11537734979843496,0.1428748415291645,0.05915696869281519,-0.15172500489797044,-0.0671076874565199,-0.011281222989998955,-0.2773219569461554
VE,2025-04-13,0.4567641455523874,0.19195625205365394,0.15136697722524056,0.1962233316938255,0.4777276826029341,0.10545971657421845,0.14437647378120583,0.1285778147119444,-0.06392308413773365,-0.03283803484027027,0.03415883717386538,-0.12752556236684154
VE,2025-04-20,0.4563127533835325,0.1688327486638249,0.19683881366526373,0.22706138711806292,0.5443932096004379,0.1513764313111005,0.14392951065891604,0.07290939416774939,-0.18518353810531699,-0.08432522101798853,-0.005291299073013512,-0.30706057222925454
VE,2025-04-27,0.48669618665844017,0.19512816285010123,0.09043358162146199,0.2240265545186203,0.5586523961309465,0.12383756711652211,0.14592763000460568,0.028860031785683592,-0.1196240170074702,-0.052410842766799436,-0.013140911196690768,-0.24618352752364894
VE,2025-05-04,0.5325730411127794,0.2211871750710862,0.16991381786636814,0.14197030512845338,0.5534384712533504,0.020301963164367328,0.07437328012760218,0.08006957437268741,-0.14792270063652918,0.010419709767259191,0.021144752959574388,-0.21439308591691733
VE,2025-05-11,0.5205976249939851,0.1657633578969382,0.17423586730148752,0.18877074565626173,0.5503099092571214,0.08979279940015927,0.06892166464722839,0.091392150730533,-0.1315627398081749,-0.051229737099980924,-0.022103292813722808,-0.24543636562202212
VE,2025-05-18,0.5393265779456178,0.20139968059555832,0.16059413780246512,0.15082330458118426,0.6059053410198576,0.10597031880300728,0.15970447884051542,0.0852069507440947,-0.09189952459320855,-0.0653584504314221,-0.055776113679458825,-0.31361974335866005
VE,2025-05-25,0.4601148687701588,0.13765901299663674,0.18013206613176005,0.23207143076680864,0.5212344327718895,0.1701669149066534,0.12074205837373354,0.055443349384798696,-0.21917711490984598,-0.0966415597671315,-0.007269038881979648,-0.2789172135056541
VE,2025-06-01,0.49547068153678836,0.16310501833858293,0.11533633313635765,0.13796992734898242,0.5125381138928936,0.1519226689492896,0.12247381504933476,0.24541100173026067,-0.09054998146998146,-0.04168178406075449,0.03656531497208711,-0.1238351369274337
VE,2025-06-08,0.4639970341410334,0.14982922808126034,0.09956575309611855,0.15201640351093623,0.48352830889604503,0.1464599446012327,0.06624240235085287,0.1244876564252947,-0.18893254566101886,-0.056112733631752634,0.030139720835092105,-0.1564990702761821
VE,2025-07-06,0.6008831994522688,0.2238380473388607,0.03510586364937095,0.15052262562686233,0.6498725042741053,-0.029983745843806694,0.1396182982879635,-0.001999004363239199,-0.0419576328228415,-0.07379587885618434,-0.10602445150354314,-0.3904889245525948
VE,2025-07-13,0.4835627389982892,0.20990555555094792,0.03831080667092512,0.10404854327233763,0.4946011230443624,0.1313437991045787,0.09287116564520385,0.0810675283612735,-0.10624878381986323,0.009260360708872727,0.04340633837579974,-0.14792082091300138
VE,2025-07-20,0.49949277763442734,0.14969001793093503,0.09465158989944882,0.18806403340078412,0.5182577688325505,0.09993239720158342,0.07685454390183528,0.06796070337270206,-0.10395883146255916,-0.060019194293643115,0.005439883817478409,-0.238296573520333
VE,2025-07-27,0.4834870642567729,0.19942793632484582,0.15913155199619747,0.1790218861894729,0.5700412086941348,0.09607551608777001,0.1907782956104018,0.05221984291510739,-0.10985137450640903,-0.07709768064644999,-0.05303878511785881,-0.31073572599110494
VE,2025-08-03,0.5421401764592683,0.15102441434057026,0.17289775516603856,0.17274039996546176,0.6058726069761383,0.09573607033202387,0.17394481865699588,0.084868789480203,-0.11457637558482218,-0.11552003669466537,-0.0955670838822025,-0.34724342682812254
VE,2025-08-10,0.5287144220855158,0.16643730657363542,0.09048873424213963,0.1527952468105872,0.5508624979451338,0.10889248552705183,0.059598589289561854,0.08680680714770594,-0.09889222781817784,-0.03346850813287781,-0.0034071335981972796,-0.239527638723906
VE,2025-08-17,0.6342253450928294,0.1356832455274373,0.10458755402499592,0.009854016443767119,0.6245855501164214,-0.020446772213781293,0.15057206864506575,0.021248850549314045,-0.10261246594077555,-0.16779325063439882,0.014953649765543786,-0.21756142758104197
VE,2025-08-24,0.567144773220053,0.20707700087640848,0.11949282730204758,0.19336868855728964,0.5748772079078801,0.08538776727630366,0.07166262552028983,0.09487601892810836,-0.08415582083210149,-0.05468206164417335,0.009959105421046275,-0.20186654360829048
VE,2025-08-31,0.5237977002755891,0.15400327613505185,0.09187376660184861,0.18931702676041187,0.5681668286398522,0.1074398094557331,0.08293882286857229,0.08572335621377772,-0.1269584960032788,-0.04686695144608486,0.011591866354874978,-0.2582583335806587
VE,2025-09-07,0.4606669943232617,0.16631359391905956,0.12178999639844036,0.19874274127540548,0.532520838683432,0.13166145197881848,0.16042329913371134,0.08633238987640045,-0.16783950708874215,-0.08341382428799053,-0.02415010960177332,-0.2648891508830756
VE,2025-09-14,0.5432383397215887,0.25949145067626306,-0.02001389934341281,0.10723895009047656,0.6101895976953657,0.0056834257984865084,0.17578555198400306,0.15001771088000754,-0.09953372879124534,-0.044736199212122955,-0.02869302626061004,-0.2784604977987517
VE,2025-09-21,0.510559318378508,0.22448151930992266,0.1674862567568616,0.1780371699544164,0.5851218878275977,0.06570249054932384,0.12980299760491845,0.08833631382636707,-0.06911075872627317,-0.09756147165072425,-0.038222328482123,-0.33082998078075343
VE,2025-09-28,0.48710178093857337,0.21778493966645518,-0.08621392130256444,-0.03287567516027159,0.49701137755238667,0.3643723946245318,0.16665147954969825,0.06772728667147623,0.0916905381909297,0.11149826080339756,0.0848623838533755,-0.2143365922815522
VE,2025-10-05,0.4921013149843923,0.15124638062133702,0.11073108750114802,0.15487591091885752,0.5204360160657916,0.10342693460676074,0.13679262000355943,0.12239848440752886,-0.09729068915245927,-0.05359524164177382,-0.0022714121900912145,-0.21517261521714168
VE,2025-10-12,0.48453603901061726,0.21548764974607076,0.16239749816120977,0.20428612375703242,0.5896483988344571,0.13281167842716987,0.15115539786339605,0.06468143114089975,-0.11159749875017022,-0.09010186543997319,-0.03644385602203164,-0.35244408905147
VE,2025-10-19,0.4859736611623732,0.23200259578159949,0.08956286485196398,0.2146126230141623,0.5716355728212416,0.12822510320723018,0.18241263049405176,0.042370230177207896,-0.12094565992407244,-0.06132979194795559,-0.02053414506566755,-0.2829713340194827
VE,2025-10-26,0.4311902785334671,0.15103002639736898,0.123262087533936,0.18231241586850572,0.5048610547682044,0.19972035109795414,0.2050223308606824,0.14762717567806322,-0.2083647971213119,-0.09640742376892387,-0.0056962717806511975,-0.27476163665147046
VE,2025-11-02,0.49824444821031844,0.18250547292852934,0.11637207385801224,0.14524636564954008,0.5707526182035558,0.14760730981727457,0.1979785094577632,0.08382577042135644,-0.17654901409578558,-0.06679608138406933,-0.04690420482541757,-0.2831577036020663
VE,2025-11-09,0.538003718506486,0.1962199812365004,0.1598664760884372,0.1575331012281598,0.5954897280845699,0.08102647113537764,0.15661396963805208,0.11982515412025281,-0.07572163615456577,-0.0621031434711139,-0.04454198577441283,-0.29565310176909115
VE,2025-11-16,0.5055349262544723,0.2133283926625421,0.1384347823836061,0.12478496381483326,0.5846524637803528,0.10899391577986671,0.19181140014013323,0.149392644299844,-0.14820831210738783,-0.05988495880955668,-0.04551945416467057,-0.2692372748609938
VE,2025-11-23,0.47384550406999015,0.13374405998690883,0.1308714986991687,0.17282701166740908,0.5249533292606298,0.15778167182380493,0.1434656953537068,0.11724737114540372,-0.1567782783915201,-0.08437509167424093,-0.027444367106826496,-0.2538226177875196
VE,2025-11-30,0.46870174458874675,0.16575152352613706,0.14674864845724864,0.21707326223050685,0.5749716006673251,0.1416870395543111,0.16948127958315426,0.08936865774738481,-0.20171656124123852,-0.11290736459910133,-0.04429007050538328,-0.3392310398371865
VE,2025-12-07,0.4660366030171303,0.16915037387437792,0.14497449834859796,0.20021942699545153,0.5484392187145091,0.14389489569691644,0.15454698111511964,0.10681157029456247,-0.18818414778918802,-0.08892726680440442,-0.014695759161551171,-0.2907385394532054
VE,2025-12-14,0.5056678471666468,0.17205063999142103,0.18097051694347518,0.17575784000569183,0.5821644994855844,0.11703948227428605,0.19615617255354395,0.11715524006562501,-0.12810870150203452,-0.1060887312900445,-0.06290791244803595,-0.3358059443927847
VE,2025-12-21,0.5029306762962575,0.1326989384244103,0.1410300962035502,0.08420319587114569,0.5490162483567282,0.1414864158086462,0.22203023628729296,0.17375647770105868,-0.1540253128709822,-0.07886768936906514,-0.05756195565064308,-0.2448671211673174
VE,2025-12-28,0.5275561331113575,0.056557943286914686,0.08913117421992237,0.15800283286710518,0.5415667794605762,0.15673736604405944,0.15332557068070246,0.04326375588027406,-0.1094863515899016,-0.02831486342072702,-0.0243549249306086,-0.2517152549716984
VE,2026-01-04,0.4720052332188863,0.16682806363393274,0.1930607202318142,0.23047541017565834,0.5776401292957022,0.15150570979841932,0.187729693206775,0.08168094932001638,-0.2004340266819732,-0.10851797271826759,-0.05806094611953144,-0.30998761280923315
VE,2026-01-11,0.49341132160576534,0.12647983611085117,0.17299224678315644,0.20127002450823359,0.5709400021555866,0.14233412617065846,0.14527891292876235,0.07917478286351835,-0.1689337057543719,-0.08230179331273778,-0.04278526455099718,-0.31263020758995735
VE,2026-01-18,0.5066178508374449,0.12709032145534419,0.1286648115132186,0.18712309201857028,0.5557841877234332,0.13251927196899105,0.11955012771156309,0.08619342970998697,-0.16754054216359476,-0.056509400036109686,-0.028186452658464315,-0.26706753820010376
VE,2026-01-25,0.4909684352711059,0.10931752668044166,0.12577748450107706,0.1870063429591813,0.5334872070749463,0.14830726552461546,0.1269070373651064,0.09539563311700892,-0.11853904624059597,-0.05307482049366904,-0.006149979910732038,-0.2358615344607088
VE,2026-02-01,0.5209222488344092,0.09811989910030028,0.1664019682451405,0.18360884457699164,0.5867129792343296,0.12595473207885022,0.20468930904576732,0.08602482890639145,-0.17162767131387147,-0.08306470849079933,-0.06013064679973396,-0.3038033299527006
VE,2026-02-08,0.4984088267558378,0.10117392994842445,0.1414377444370037,0.19811425736228294,0.5479356052366975,0.10625156390219836,0.13656851163507097,0.08145065257904631,-0.11965887674498775,-0.06953396322969849,-0.048543150620917554,-0.2687085105983694
VE,2026-02-15,0.5190644354809233,0.12402390260275667,0.15066052511126063,0.1388041311822267,0.5770408240500806,0.11616011374951826,0.17980920279010842,0.11530750704513942,-0.17455259555264982,-0.06030184247058912,-0.06976771313830556,-0.27405204735239475
VE,2026-02-22,0.4945792245162017,0.17393727759023314,0.12796745416123947,0.17816711467265922,0.5177955626637494,0.12159554083317094,0.12989696282049398,0.07865485604223638,-0.09337394404686955,-0.048067029788893455,-0.004777669886046801,-0.22902662674466207
VE,2026-03-01,0.4700533921362205,0.17825012535554818,0.15879919655545383,0.19795627892807371,0.5618041773233051,0.22752220204066947,0.2078217101670802,0.06811626026679032,-0.18008058823380146,-0.05591475081746526,-0.02798633512899387,-0.2872126685772516
VE,2026-03-08,0.533685149555152,0.16874612485404838,0.18380116048146344,0.16768245043896296,0.6322287412722635,0.13976308474069554,0.23403652285379714,0.08656844928716127,-0.14054056039930896,-0.1049792842548292,-0.08402659428167303,-0.3584761221692729
VE,2026-03-15,0.5248277121911875,0.17160918774677136,0.13071675255747672,0.1888599539796066,0.6054445228003053,0.1257478646530966,0.19595360384162508,0.07684774162401403,-0.12093498379386175,-0.08750396811530961,-0.06820225162007362,-0.3250187614140702
VE,2026-03-22,0.5144526792828714,0.1476904127159435,0.06265078390008799,0.11559305840895696,0.5447956416813826,0.16305746177273228,0.11863175908644137,0.09069522543015329,-0.03570530283306008,-0.052873743655479165,-0.054138312764541584,-0.29929728180849924
VE,2026-03-29,0.509209785856086,0.15783239714421166,0.14447813743178764,0.1478836961276833,0.5600029068639336,0.1506178387110451,0.17565478061007317,0.12062093137027341,-0.11813772748568185,-0.0756062689285701,-0.03516668137927504,-0.2894180364601184
VE,2026-04-05,0.5296605598670229,0.1585495151043735,0.1540796527270966,0.1515753229510933,0.5678775953984497,0.11823411488228219,0.1788858710519177,0.08016849673870968,-0.10776843247483275,-0.0552976769670802,-0.07001192849843979,-0.24930978622547
VE,2026-04-12,0.45359453609544415,0.13743580964645494,0.15635357364687433,0.20211112941306844,0.506844643231058,0.15349402225185174,0.1767970701544322,0.10983475039932089,-0.16461747260350343,-0.0836574336557727,-0.0301341393632333,-0.24222710655739002
VE,2026-04-19,0.5314588591046772,0.10823310420977589,0.13075650044115986,0.15986874847796423,0.57321817027253,0.14194941981985723,0.1522463423551221,0.07341135287205272,-0.14356910295854464,-0.06209428929811175,-0.05075894475117216,-0.29389213045466606
VE,2026-04-26,0.514546893894718,0.1522131240458441,0.08685440992901215,0.1218007127123264,0.550203396191107,0.12689897592868363,0.21295073935073303,0.12191798483384754,-0.07441807765183893,-0.04767969349462652,-0.030465399281834872,-0.23750713567538792
VE,2026-05-03,0.5208799690963862,0.097884057857585,0.13262951731820707,0.1452794447005099,0.5430473768276475,0.1130298023785309,0.16248234457712565,0.11646594767442943,-0.12332688582919195,-0.09851911725716637,-0.08433687195147245,-0.2692401064293797
VE,2026-05-10,0.5530265055417283,0.16736603463475835,0.05072555767752561,0.12097979548097795,0.6019721603627032,0.07742692944609349,0.22899767602290974,0.11578350964357643,-0.09672971251211426,-0.0923809770558871,-0.11846481751417884,-0.3304345206057464
VE,2026-05-17,0.5062737708543287,0.13293942997158253,0.1470380683571232,0.16680474918124422,0.5760795193115167,0.13227986552199186,0.2005356001666426,0.12995090707327175,-0.18205835805833873,-0.08434951555337164,-0.04289024897929694,-0.26695170632121695
VE,2026-05-24,0.5267298284922747,0.16453697824579985,0.1470562398496716,0.18448441751196804,0.6069661824476636,0.12043182270479114,0.18218483280765108,0.06505513770151207,-0.15687133529207675,-0.06878478272398406,-0.05314010988289737,-0.3245234622505541
VE,2026-05-31,0.4554434217621842,0.17725893108956675,0.1580983211112489,0.21043149595160812,0.4892236726502139,0.15142819711561314,0.12269993307964845,0.07171108885077922,-0.21093979045395791,-0.05292131638658822,0.006782574730989889,-0.1940576927934469
VE,2026-06-07,0.5344116736954149,0.12320364006104974,0.1157406768068063,0.15299530412760406,0.5639235245260991,0.11110459562084142,0.12669069882316003,0.08358105341424549,-0.09710516731350105,-0.046808180836464076,-0.05347282386230113,-0.26795163166740743
VE,2026-06-14,0.5130650798344393,0.13318471601100884,0.15053287375316712,0.17994249917727068,0.5647942879702726,0.12584510344719482,0.16244653798964936,0.09589563385079644,-0.11302543893004773,-0.0660420937497786,-0.04653501560891847,-0.25809164477526136
VE,2026-06-21,0.5518176496012998,0.11426740848740558,0.09510521473617481,0.1370294960069093,0.575917279122854,0.08927222705319862,0.16838383595063192,0.06076062686372924,-0.10507285595017962,-0.09527877190234482,-0.08447602370898163,-0.2837098737594559
VE,2026-06-28,0.5124601757179011,0.2538865410775326,-0.11396736220564296,-0.1002521875151913,0.5354945292260227,0.4805226028767221,0.2016315808595004,0.03958204803085799,0.17637427751324808,0.17415978488473718,0.13192908111677593,-0.25339268938287063
VE,2026-07-05,0.47391713533370905,0.21220842495611342,0.054904162842209336,0.10085239938598363,0.5412187097021153,0.3152559930791558,0.18872092518280917,0.06840054625379036,-0.045992002847573286,0.036464896306865474,0.040554221596028096,-0.24372778450420884
VE,2026-07-12,0.512220861730634,0.13132495366168398,0.01798070471858315,0.0734088359837876,0.5265412034354066,0.27512185768767616,0.1560046253534276,0.06308787570519818,-0.01841764317249744,0.04115408736086711,0.05597054041510664,-0.251497503335296
VE,2026-07-19,0.5029344366182297,0.1822949841005663,0.08204336087019572,0.10154192779992283,0.5454052609825114,0.2842964398520473,0.17008358119892378,0.07501719707325483,-0.0657216483847725,0.025898686584710125,0.04490162151625086,-0.22858295430482697
VE,2026-07-26,0.4956688620483152,0.21664332675290338,0.02055486122413999,-0.13753736515615644,0.5251916429103539,0.41939517223585543,0.23327582762194748,0.02619567910774579,0.1261553589037665,0.15137559013266075,0.07350222461294537,-0.32688253099660236
VE,2026-08-02,0.5238266592939551,0.12548458346662253,0.09395722104586128,0.0775892609364292,0.5408309958714677,0.14918720458994156,0.13462466365944623,0.10951140883427071,-0.08920958313367566,-0.016436029279123156,-0.02088661617275547,-0.2545876331866233
